finding,found_on,found_by,link_id,retiring_code,what_looked_wrong,error_class,root_cause,response,rows_affected,value_cad_affected,control_added
1,2026-08-11,analyst,imports:3004.90.99.40:1989-12,3004.90.99.40,An anti-infective was given an antineoplastic as its successor at 0.8667 while an exact-wording match sat unused,different substance proposed,"Two causes at once. The similarity measure scores shared boilerplate, and the residual rule treated ""nes"" as excluding the goods it names when it is where they go.",rule corrected and a flagging rule added,5,118352487,yes
2,2026-08-11,analyst,imports:3004.90.10.90:1997-12,3004.90.10.90,Identical wording plus the residual marker was removed while a narrower code was proposed,residual misread as complement,"The rule fired only when two descriptions were identical once the marker was stripped, which is the signature of a succession rather than a complement.",marker list split into exclusionary and catch-all,5,118352487,yes
3,2026-08-11,analyst,exports:3004.20.20:1988-12,3004.20.20,Veterinary antibiotics mapped to a use-neutral code while a veterinary option seemed to exist,no defect,"Exports lost the human and veterinary split at the 1989 restructure and never regained it, while imports kept it. The merge was correct.",none; documented as a structural difference between the flows,0,0,no
4,2026-08-11,analyst,imports:3004.41.00.00:2026-05,3004.41.00.00,A code still trading in 2026 was listed as retired,retirement asserted at the data boundary,The test was span_end < delivery_end with no tolerance. At the edge of the data a retirement and a quiet month are the same observation.,spans stopping within twelve months of the delivery end are held,9,336293520,yes
5,2026-08-11,analyst,imports:3004.40.90.20:1997-07,3004.40.90.20,Quinidine sulphate was given Vincristine as its successor,different substance proposed,Both are alkaloids so they share a subheading and all their boilerplate; only the substance word differs and it carries no weight in a character comparison.,substance tracking added as evidence,13,740536655,yes
6,2026-08-11,analyst,imports:3004.32.90.12:1997-06,3004.32.90.12,Betamethasone reappeared under a new code with identical wording and was not proposed,same goods renumbered after a gap,"Structural narrowing and the continuity veto each hid it separately. The gap was 40 months, beyond the grace window.",same-wording search across the whole chapter added as evidence,5,86500000,yes
7,2026-08-11,analyst,imports:3004.20.00.52:1996-11,3004.20.00.52,Polymyxins was given Vancomycin; both antibiotics with different purposes,different substance proposed,As finding 5. Polymyxins is named once in thirty-eight years and never returns.,substance tracking reports that the substance never returns,13,740536655,yes
8,2026-08-11,analyst,imports:3004.20.00.64:1991-12,3004.20.00.64,Lincomycin was given Vancomycin,different substance proposed,As finding 5.,already covered by the flagging rule,13,740536655,yes
9,2026-08-11,analyst,imports:3004.40.90.60:1997-11,3004.40.90.60,Cocaine was given Morphine; same alkaloid class different purpose,different substance proposed,"HS groups by class at the subheading, so every sibling shares the class and differs only in substance.",already covered; recommendation withheld,28,3266715782,yes
10,2026-08-11,analyst,imports:3004.20.00.66:1997-12,3004.20.00.66,Spectinomycin was given Erythromycin,different substance proposed,As finding 9.,already covered; recommendation withheld,28,3266715782,yes
11,2026-08-11,analyst,imports:3004.90.99.93:1991-06,3004.90.99.93,Tranquilizers were given Anaesthetic,different substance proposed,As finding 9.,already covered; recommendation withheld,28,3266715782,yes
12,2026-08-11,analyst,imports:3004.40.90.11:1997-12,3004.40.90.11,Codeine phosphate was given Quinidine sulphate,different substance proposed,As finding 9. The proposal is itself a retirement.,already covered; chain resolution added,61,0,yes
13,2026-08-11,analyst,imports:3002.10.29.20:1991-04,3002.10.29.20,A code reading for use in animals was given the for use in humans variant,rule blind to a corpus wording,"The veterinary markers were vet and veterinary. The corpus also writes for use in animals, and 36 other descriptions say animal blood or of animal origin which is a material and must not count.",purpose wordings added for the animal side as they were for the human side,398,0,yes
14,2026-08-11,analyst,imports:3006.80.90.42:2006-04,3006.80.90.42,The proposed successor stopped trading in the same year,co-casualty proposed as successor,Two codes ended in the same restructure and neither received the other's trade. The pipeline handed over the next domino instead of the destination.,chain resolution to the terminus added with a cycle guard,61,0,yes
15,2026-08-11,analyst,imports:3006.80.90.30:2005-01,3006.80.90.30,As finding 14; the whole waste pharmaceuticals block collapsed together,co-casualty proposed as successor,As finding 14. Six codes point at each other across four hops before reaching 3006.92.00.00.,chain resolution to the terminus added,61,0,yes
16,2026-08-11,analyst,,,Rows with no closest removed candidate,not a defect,All 87 blanks were rows where nothing had been removed. Verified independently against the ranked file with zero disagreements.,"none; but it exposed that structural narrowing hid candidates invisibly, which was addressed",220,64109610073,yes
17,2026-08-11,"automated review, verified by hand, 2026-08-11",,,Decisions were joined to the queue on row number,join key not stable,Row order is presentation. Changing what the suggestion column recommends moved 214 of 238 row numbers onto different retirements.,link_id built from flow and code and last-traded month,238,0,yes
18,2026-08-11,"automated review, verified by hand, 2026-08-11",,,A concordance naming the successor was never consulted,official record skipped,The lookup keyed on the month trade stopped rather than the year the record calls the code obsolete. Money stops before a classification does.,matched on the obsolete year,8,167730730,yes
19,2026-08-11,"automated review, verified by hand, 2026-08-11",exports:3002.90.10:1988-12,3002.90.10,Two codes that retired in the same month were proposed as each other's successor,reused number read as one life,"code_lifespans collapsed every record into one earliest and latest, so a later reuse made a retired span look alive.",candidate selection and the artefact dates made span-aware,2,8148678,yes
20,2026-08-11,"automated review, verified by hand, 2026-08-11",,,A check was rewriting the file holding judgement,control endangering its artefact,The reordering control planted decisions in the live answer sheet and restored in a finally block. With the file locked the restore failed and orphaned a backup.,the control stands down whenever the sheet holds real work,0,0,yes
21,2026-08-12,analyst,,,Asked whether the waste pharmaceutical codes were part of the patterns,pattern coverage question,"They were in the register as co-casualties but not in the substance pattern, correctly: the term they swap is a heading reference rather than a substance. Checking exposed two rows still recommended while pointing at a code that was itself about to retire.",the co-casualty rule now withholds the recommendation and names the chain terminus,13,157279964,yes
22,2026-08-12,"automated review, verified by hand, 2026-08-12",,,Co-casualty months were computed with the wrong date parser,two date formats confused,"months_gap takes raw YYYYMM and was handed the printed YYYY-MM, so int(""2005-01""[4:]) is int(""-01""). It returned a plausible 23 where the answer was 24 and 0 where it was 9.","a separate months_between for the printed form, and a control exercising both with both forms",13,0,yes
23,2026-08-12,analyst,imports:3004.20.00.42:1990-07,3004.20.00.42,"Kanamycins was given Gentamycins; the same aminoglycoside class, different potency and use",different substance proposed,"Kanamycins is named once in the whole delivery and never returns. Its own class leftover line, Aminoglycoside antibiotics nes, survived every gate and ranked seventeenth of twenty-four at 0.6591 while Gentamycins ranked first at 0.9275.","the parent's leftover lines are now listed on the row, all of them, each with its score",19,0,yes
24,2026-08-12,analyst,imports:3006.80.90.20:2005-10,3006.80.90.20,Two waste rows are connected to each other: one proposes the code the other is retiring,co-casualty proposed as successor,"The chain runs 3006.80.90.10 to .20 to .50 to 3006.92.00.00, each dying within months of the last. Already caught by the co-casualty rule made the same day, before the finding arrived.",none needed; both rows say none and name the terminus,13,157279964,yes
25,2026-08-12,analyst,imports:3004.32.00.82:2001-11,3004.32.00.82,"The same description reappearing years later under a different code, as in finding 6",same goods renumbered after a gap,"Swept every retirement: 122 of 319 have their description reappear later under another code, but 107 of those are immediate renumberings of a month or less. Only 3 carry a gap over a year, and all 3 were already disclosed. The sweep did find 5 rows where the exact twin is not what was proposed, and 3 of those were recommended, one at 0.6923 with the twin starting the month after.",no recommendation is offered where an identical wording sits on a code other than the proposal,5,85361351,yes
26,2026-08-12,analyst,,,The workbook had grown too wide to navigate,artefact usability,"45 columns to fill in five. Everything the pipeline knows belongs somewhere, but not necessarily in the file a person reads to reach a judgement.",the sheet trimmed to 33 columns; the queue keeps all 54 and a control proves nothing was lost,230,0,yes
27,2026-08-12,analyst,,,"The fixes were invisible in the sheet, so the same rows were being flagged twice",correction not visible to the reader,"Every fix withdrew a recommendation and added evidence. None changed the proposed_successor column, which is what a reader scans, so Quinidine still showed Vincristine. The reason text also read identically on five rows.","a verdict column at the front, reasons naming the row's own terms, and WHAT_CHANGED.md on every build",230,0,yes
28,2026-08-12,analyst,,,Similar patterns further down the sheet were still recommended,different substance proposed,swapped_term needs three shared content words and goes quiet where descriptions differ most. Coccidiostats against Antacids shares one. Sharing NO distinctive word flags 56 of the 125 stated successions on its own; requiring neither side be a catch-all brings that to 6.,a nothing-in-common rule that withholds the recommendation and never removes,4,12346077,yes
29,2026-08-12,analyst,,,The sheet had become too wide and too explanatory to adjudicate from,artefact usability,"33 columns, several of them narrating rather than informing. Row 1 showed a decided_against_successor that simply repeated the proposal, and a why_not_recommended on a row already decided, with nothing saying the two were in conflict.",18 columns; alternatives consolidated into one; a check_this_again column that speaks only when a rule now disagrees with a decision already entered,230,0,yes
30,2026-08-12,"automated review, verified by hand, 2026-08-12",,,Seven columns reached the workbook empty while the queue held their values,hand-maintained copy went stale,"The sheet was assembled from a dict literal listing each column by name, and columns added later were never added to it. verdict, the swapped terms and the class residual all arrived blank.","the sheet row is derived from the queue row, so a new column cannot be forgotten",230,0,yes
31,2026-08-12,"automated review, verified by hand, 2026-08-12",,,swapped_term reported plurals and abbreviations as substituted terms,rule too literal,"It flagged use against uses, and formltd hormone against formulated hormones. Three of the eight rows it disagreed with the analyst about were this, not chemistry.","a shallow plural strip inside the rule, and formltd added to the shorthand table",3,0,yes
32,2026-08-12,analyst,,,"The alternative was one unreadable prose column, and calling it best was wrong",artefact usability,"A single string mixing a code, a description, a score and a justification. And if it were the best candidate it would have been proposed, so the name asserted something untrue.","renamed second_alternative and split into the same four columns the proposal has, filled only where the verdict is ANALYST",42,0,yes
33,2026-08-12,analyst,,,Waste pharmaceuticals were offered a second alternative that had died in the same years,rule applied in one place and not another,"passes_every_rule guarded the replacement candidate and nothing else, so the fallback alternatives were unchecked. Every waste row was handed another co-casualty while chain_ends_at already held 3006.92.00.00, where the block actually went.","every alternative is rule-checked, the chain terminus is offered, and a new check audits rule coverage at all three places a code is shown",31,0,yes
34,2026-08-12,"automated review, verified by hand, 2026-08-12",,,The co-casualty rule counted a code still trading at the end of the delivery as having died,rule definition wrong at the data boundary,"3003.49.00 runs to 2026-06, which is where the file ends, not where the code stopped. Two rows were recommended while their proposal was called a co-casualty.","a still_running test, applied in the pipeline and in the audit",2,0,yes
35,2026-08-12,analyst,imports:3002.90.10.10:1996-12,3002.90.10.10,The identical-wording rule withheld a row whose twin was not a rival,"rule right in principle, wrong on one case","The rule assumes the twin and the proposal compete for the same link. Here they are two links in one chain: 3002.90.10.10 goes to 3002.90.00.19, which the record then sends to 3002.90.00.10, the twin. Tested across all five rows the rule fires on, exactly one is downstream and four are genuine forks.",the rule stands down when the twin is reachable by following successions from the proposal,1,17090674,yes
36,2026-08-12,analyst,imports:3004.10.00.14:1997-12,3004.10.00.14,The rule blocked the antibiotic leftover line from being offered,rule applied where it does not belong,"swapped_term asks whether two SPECIFIC descriptions name different things. A leftover line is not specific: it describes a broader class in different words, which reads as a substitution and is an absorption. Amoxycillin against Penicillins or their derivs nes fired, and an amoxycillin is a penicillin. A catch-all that is also an exclusion, such as vaccines o/t against influenza nes, must still fire and does.",swapped_term exempts a catch-all destination that carries no exclusion,6,0,yes
37,2026-08-12,analyst,imports:3004.90.99.93:1991-06,3004.90.99.93,"Asked whether the family constraints had reached Tranquilizers and Anaesthetic, and what else had been missed",coverage gap in a new layer,"Both were covered, and covered badly. Each derived into 'Medicaments nes, for veterinary use', the leftover of a whole subheading, so the pair read as SAME FAMILY when one sedates and the other abolishes sensation. A family that names no class is not a family. Eighteen further codes in withheld rows had no entry at all, mostly aggregate lines and the waste pharmaceuticals block.","therapeutic classes asserted where the derived family is only a subheading leftover, 19 aggregate entries added, and a control forbidding a queue commodity to rest on a generic family with no class",41,0,yes
38,2026-08-12,analyst,,,The family layer was not visible in the file being adjudicated from,"added upstream, not surfaced where it is read","The three family columns went into the queue and never into the sheet. Third time a column has been added in one file and left out of the other. Surfacing it then exposed a worse fault: the provenance was read off the entry as a whole, so Tranquilizers against Anaesthetic was labelled as coming from the tariff when the family was derived and the class that separated them was asserted.","one column in the sheet carrying the finding and the provenance of the fact actually used, with controls that the sheet shows it and that every class verdict reads as asserted",230,0,yes
39,2026-08-12,analyst,,,The relationship described the pair but did not say what to do with it,evidence without guidance,"The sheet said 'different class' and left the reader to work out whether that argued for accept, reject or second. Adding the guidance exposed three faults: it fired on 31 CONFIRM rows and told the reader to reject rows the evidence supports; the family line led the disclosed residual list but not the rule-passing pick, so Polymyxins was offered Antibiotics nes rather than its own Polypeptide line; and an asserted family name did not match the derived string for the same class, so Adrenal cortical against corticosteroid read as different families.","a what_this_points_to column, only on rows that are the analyst's to decide, naming one of the two codes already shown",41,0,yes
40,2026-08-12,analyst,,,The advice named a second alternative but nothing was said about how that code related to the retiring one. The analyst asked whether relationships had been computed for the second alternatives.,evidence given for one code and not the other,"how_they_relate was computed between the retiring code and the proposal alone. The second alternative was named, dated and scored, but never characterised, so a reader told to prefer it was given less evidence for it than for the code it displaces.","Added how_the_second_relates, asking the same question of the other code on the row.",36,,every second alternative offered is also described
41,2026-08-12,"automated review, verified by hand, 2026-08-12",,,"Thirty of forty-one second alternatives reported unknown, including the ones the family layer exists to find.",the strongest fact reported as an absence,"The leftover line is recorded as a POINTER on each member entry and 37 of the 41 lines have no entry of their own, so asking family_of() about one returns nothing. The single most useful relationship the table can express, that the candidate IS the line this code's trade falls into, was reported as unknown.","leads_to_own_line() recognises it, and relationship() reports it ahead of family and class.",10,,the leftover line is recognised by its number and by its wording
42,2026-08-12,"automated review, verified by hand, 2026-08-12",,3004.32.90.12,"Row 13 was advised to take the second alternative because it is the leftover line, while the new column said it was merely the same class.","one rule written twice, in two forms","The advice matched the leftover line on its wording, the new column matched it on its number, and they disagreed because the line keeps its wording across HS revisions but not its number. Betamethasone's recorded family code was one revision's, 3004.32.00.89 another's. Two forms of one question in two files drift apart the moment either is edited.","Both forms moved into leads_to_own_line(), which matches on either. The pipeline's own text comparison was deleted rather than left beside it.",1,,advice to take the second agrees with what the second is said to be
43,2026-08-12,analyst,imports:3004.32.00.90:2001-12,3004.32.00.90,Row 5 was advised to REJECT while the relationship column on the same row said the two are the same kind of medicine. The analyst read it as an accept and asked why it was rejected.,advice contradicting the evidence on its own row,"The branch asking whether any OTHER candidate qualifies was tested before the branch asking what the proposal IS. Whether something else qualifies cannot bear on whether the proposal is right, so an empty alternative overruled a recorded sameness. Adrenal cortical hormones and corticosteroid hormones are one class under two names.",The relationship is tested first. Absence of an alternative now only speaks once the proposal itself is judged different.,2,,no row is advised to reject a proposal the table calls the same
44,2026-08-12,"automated review, verified by hand, 2026-08-12",,,The accept advice ended 'though they are different substances' on every row it fired on.,advice asserting what the table cannot know,"A blanket clause in a template. It was false on five of fourteen: rows 41 and 127 carry wording identical to their proposal, and row 5's two terms are synonyms. The family table records a class, never whether two names denote one substance.",Identical wording is now called identical. A swapped term is named and the reader is asked to confirm the two words mean the same goods rather than told that they do not.,14,,the advice never asserts the two are different substances
45,2026-08-12,"automated review, verified by hand, 2026-08-12",,,WHAT_CHANGED.md said nothing changed on the build that carried fourteen rewritten advice sentences into the workbook.,a change report measuring the wrong file,"Two faults compounding. The snapshot advanced on every build, including builds that skipped a workbook locked open in Excel, so the difference was consumed against a file the reader never saw. And the report was fed the queue rows while the reader reads the sheet, so what_this_points_to, second_alternative and how_the_second_relates, the three columns a decision most turns on, were invisible to it in principle. The watched list still named suggested_decision and why_not_recommended, dropped when the sheet was narrowed.","The snapshot advances only when the workbook was written, and holds the difference otherwise, saying so in the file. The report now reads the sheet rows. The watched set is the columns a reader acts on, is stored alongside the snapshot, and rebaselines rather than flagging all 230 rows when it is widened.",230,,a change is held until the reader's file has actually been written
46,2026-08-12,analyst,imports:3004.40.90.11:1996-12,3004.40.90.11,"Row 24 offered Narcotic veg alkaloids nes as the second alternative for Codeine phosphate, which is that code's own leftover line, while the sheet said neither code offered was its family line.",the tariff nests its leftovers and one column held only one level,"Codeine phosphate's recorded family line is the inner leftover of its own block, Codeine or its derivs nes. That line retires too, twelve months later, so the co-casualty rule removes it and the trade goes to the leftover one level out. The table had no way to say so. A second cause sat beside it: family_name was carrying two kinds of value, the leftover line's own wording for derived entries and asserted prose names such as Narcotic vegetable alkaloids for others, three entries in one block written three ways, so an exact string match answered no for all of them.","enclosing_family_name records the second level with its own source, and names are compared on content words rather than as whole strings. Eleven rows changed and no verdict moved.",11,,an enclosing leftover line is recognised as the code's own
47,2026-08-12,"automated review, verified by hand, 2026-08-12",,,"Rows 41 and 127, whose proposal carries wording identical to the retiring code, were sent to the second alternative.",a weaker test placed ahead of a stronger one,The leftover-line test ran before the identical-wording test. An identical wording is evidence rather than a judgement and must outrank every family test.,Identical wording is tested first.,2,,identical wording outranks the leftover-line rule
48,2026-08-12,"automated review, verified by hand, 2026-08-12",,,The builder reported that 230 rows kept their highlighting on a workbook holding three marks.,a reassuring count that measured the wrong thing,"The count was of rows carrying a style id. Excel writes an explicit style on every cell of the used range when it saves, so after the analyst edited the sheet every row qualified.",coloured_rows resolves each style to its fill and ignores the two Excel reserves for no-fill and grey125. The count is now of rows carrying a colour.,230,,"the marks counted are rows carrying a fill, not rows carrying a style"
49,2026-08-12,"automated review, verified by hand, 2026-08-12",,,Two human-to-veterinary crossings among the second alternatives looked like the use rule failing to reach them.,"WRONG, superseded by finding 58","Tested against the CBSA concordances before changing anything. Two of the 172 official successions with both descriptions known cross human to veterinary, 3004390010 to 3004390090 and 3004500020 to 3004500090, and they are exactly rows 69 and 127. Making the use rule exclusionary would have removed candidates Canada's own record endorses.","Superseded. The concordance rows quoted do endorse a human-to-veterinary succession, but 3004390010 splits three ways in that record, to .11, .19 and .90, and the vet line receives only the vet share. Reading a one-to-many split as a warrant for calling a vet residual a human code's own family line was my error. See finding 58.",2,,none; the ground-truth test is the control
50,2026-08-12,analyst,imports:3004.32.00.82:2001-11,3004.32.00.82,Rows 13 and 31 are the same substance with the same proposal four years apart and were given different advice. The analyst asked whether the family line had been terminated in the later case.,"the tariff nests its leftovers, second occurrence","Correct diagnosis by the analyst. Betamethasone's leftover line 3004.32.00.89 outlives the 1997 retirement by 54 months and the 2001 retirement by one, so the co-casualty rule removes it in the second case and the row falls through to 3004.32.00.19, recorded as Hydrocortisone's family rather than Betamethasone's. 3004.32.00.19 IS the enclosing leftover: .89 ends 2001-12 and .19 begins 2002-01 in the same subheading.",Second level recorded on the four adrenal cortical entries. Rows 13 and 31 now agree.,1,,a leftover line that dies with its member records where the trade went next
51,2026-08-12,"automated review, verified by hand, 2026-08-12",,,"The control written for finding 50 fired on 32 rows, not on the one that prompted it.","a known gap, enumerated rather than guessed","32 codes have a leftover line that retires within the co-casualty window and record no second level. The obvious inference, that the single residual starting the month the line ends is its heir, picks Medicaments cont more than 23% of abs ethyl alc by vol as the successor to Medicaments nes, for human use on nine rows. That is an alcohol-content line, not an enclosing leftover, so auto-filling would turn withheld rows into confident wrong answers.","Not auto-filled. decisions/leftover_line_gaps.csv lists all 32 with the evidence for each, 12 of them a plain renumbering where the same wording restarts under a new number and 20 genuinely open. Three controls hold it closed: no unlisted stranding, no stale entry, and every open gap reports unknown rather than guessing.",32,,no leftover-line gap appears that has not been written down
52,2026-08-12,analyst,exports:3003.41.00:2020-09,3003.41.00,Rows 37 and 38 failed to relate ephedrine to pseudoephedrine in either direction. The analyst asked whether the CONFIRM verdict was the cause.,"coverage gap, one flow filled and the other never revisited","Not the verdict: 33 of the 159 CONFIRM rows carry a relationship, and only the ADVICE is scoped to ANALYST rows. The table was filled one flow at a time. The ephedra group has 11 codes across both flows and 3 were recorded, all under exports, so 3003.41 was absent everywhere and both imports codes were absent.","17 entries added. 12 are the identical description under the other flow, carried across with the original's provenance rather than a new one. 5 complete the ephedra group. 10 relationships became known, including rows 37 and 38.",10,,no code is covered under one flow and absent under the other
53,2026-08-12,"automated review, verified by hand, 2026-08-12",,,"Saxitoxin and malaria test kits were advised to REJECT a residual that plausibly covers them, on the ground that it is a different kind of medicine.",a container read as a kind of medicine,"relationship() compared classes without asking whether the candidate was a catch-all. A residual is a container and the table cannot say it is a different kind of medicine. swapped_term already stands down in exactly this case, so the rule existed and had not reached here.","A catch-all candidate now reports as one, and the advice says accepting it aggregates rather than matches instead of telling the reader to reject it.",3,,a catch-all candidate is never called a different kind of medicine
54,2026-08-12,"automated review, verified by hand, 2026-08-12",,,"Checking the above, 20 rows newly claimed the proposal was the code's own leftover line and 4 of them were false.",a match loosened until it caught the wrong thing,"Comparing family names on content words let a recorded family of Medicaments nes, for human use reduce to two common words, which matched Medicaments affecting electrolytic, caloric/water balance, a specific named line. A leftover line is a residual by definition and the candidate was never required to be one.","The wording path now requires the candidate to be a catch-all. A recorded NUMBER still needs no such guard. Rows 118, 160 and 183 stopped claiming it.",4,,a leftover line matched on wording must be a residual
55,2026-08-12,"automated review, verified by hand, 2026-08-12",,,Two provenance controls failed after the entries were copied across flows.,a fourth provenance invented to describe a procedure,"The copies were labelled copied from the other flow, which sounds procedural and hides whether the underlying fact was derived or asserted. Two of them also claimed a tariff derivation while pointing at no leftover line in their own flow.","A copy now carries the original's provenance. Where no leftover line with that wording exists under the copy's flow, the grouping is an analogy and is labelled asserted.",12,,none new; the two existing provenance controls caught it
56,2026-08-12,analyst,imports:3004.50.99.21:1989-12,3004.50.99.21,Row 48 read different family while its proposal matched the retiring description character for character.,"a classification decided by punctuation, and by a fact that cannot outrank observation","Two causes. One family_name carried a trailing comma and the names were compared as raw strings, so Vitamins-iron preparation was a different family from Vitamins-iron preparation. The deeper cause is that the same commodity can sit in two tariff blocks with two different leftover lines, so the recorded families genuinely differ while the goods are identical. That was true of nine further rows and none was a data error.",Names are compared on their words. Identical descriptions now report as the same commodity under a new number and outrank everything the table holds. 120 of the 230 rows carry identical descriptions and all of them say so.,10,,identical descriptions are never called a different family or class
57,2026-08-12,"automated review, verified by hand, 2026-08-12",,,"The new relation reported 94 rows as the same commodity, asserted, no source.",an observation borrowing a provenance it does not need,"The provenance suffix was applied to every relation, and two of them rest on nothing the table supplied. Identical wording is observed in the two columns beside it, and whether a line is a catch-all is read off its own description. Labelling either as asserted undermines the point of recording provenance at all.",Both now report what they were read from.,108,,an observed relation does not claim the table as its source
58,2026-08-12,analyst,imports:3004.39.00.10:2011-12,3004.39.00.10,"Row 69's retiring description ends 'prepr for parentl admin in hum', meaning administered to humans, and its second alternative is a veterinary line. The analyst had raised this once before and I dismissed it.",a declared rule that one layer never consulted,"The recorded family for epinephrine is the single word Hormones, and one word is contained in almost any hormone line including the veterinary one. The use distinction has been declared decisive, active and disqualifying since 2026-08-05, and the family layer had never read the file. My earlier dismissal cited two CBSA human-to-veterinary successions, but 3004390010 splits three ways in that record, to .11, .19 and .90, and the vet line receives only the vet share. A one-to-many split does not warrant calling a vet residual a human code's own leftover line.","leads_to_own_line now reads decisive_distinctions.csv and refuses any family assignment that crosses an active disqualifying distinction, 14 of them rather than the use rule alone. Row 69 now reads ACCEPT is defensible on 3004.39.00.11, the direct epinephrine successor.",2,,a human code's leftover line is never a veterinary one
59,2026-08-12,"automated review, verified by hand, 2026-08-12",,,After the guard was added the relationship column stopped calling the vet line a leftover line while the advice went on doing so.,"one function asked twice, given different arguments","leads_to_own_line is called once for the relationship column and once for the advice, and only the first was given the retiring wording, without which the new guard cannot fire.",Both calls pass it. A control now requires every SECOND to rest on a leftover line the column also reports.,1,,the advice and the relationship agree about the second alternative
60,2026-08-12,"automated review, verified by hand, 2026-08-12",,,The guard silently did nothing on its first run.,a filter on a column the loader does not return,"load_rules already drops anything not active and does not carry the status column through, so filtering on status emptied the rule list without error.",Filtered on action alone. The control asserts the list is non-empty and contains the use rule.,0,,"the distinctions are read from the declared file, not restated here"
61,2026-08-12,analyst,exports:3002.90.20:2016-11,3002.90.20,The analyst asked what Saxitoxin is and why it is linked to a blood-for-therapy line.,a candidate described in a life that had already closed,"Saxitoxin is a paralytic shellfish neurotoxin and HS heading 30.02 names toxins explicitly, so the residual 3002.90.90 is a structurally sound destination and CBSA's 2016 to 2017 concordance moves the equivalent import code .20 to .90. The wording shown made that impossible to see. The description lookup kept the EARLIEST life of a reused number, so the row printed the 1997 to 2011 wording while the life that receives the trade is a later one. Ten rows were affected, four of them already decided.","description_shown mirrors span_shown and returns the wording from the life that could receive the retirement. Every lookup in the row scope goes through it, so no rule fires on words the sheet does not show.",10,10560605,no proposal is described in a life that had already closed
62,2026-08-12,"automated review, verified by hand, 2026-08-12",imports:3004.10.00.14:2001-11,3004.10.00.14,Row 7's proposal was displayed as Penicillin V while the analyst had decided second on that basis.,a decision taken on a description from the wrong era,"The same lookup fault. The life of the proposed code that receives Amoxycillin's trade is itself described Amoxycillin for human use, in dosage, the retirement's own name, so the row is an identical wording and the sheet was showing a different drug.","Corrected. The row now reads ACCEPT, the wording is identical. The analyst's decision stands until they revisit it and check_this_again names the correction.",4,,a wording corrected under a decision says so
63,2026-08-12,"automated review, verified by hand, 2026-08-12",,,check_this_again said a rule added after you decided this no longer recommends it.,a warning that states a cause it has not established,"The branch fired on every answered row the method does not recommend, whether or not any rule had been added since. It also had no branch at all for the strongest reason to look again, which is that the evidence on the row changed.",A corrected wording is now named and quoted. The remaining branch says only that the row was decided and is still not recommended.,5,,a wording corrected under a decision says so
64,2026-08-12,analyst,exports:3003.42.00:2024-09,3003.42.00,"The analyst asked why row 196 confirms pseudoephedrine into an alkaloids line, and row 193 insulin into the same line, when the classes differ.","one link right and mislabelled, one link wrong","Row 196 is correct and the label is wrong: subheading 3003.4x IS medicaments containing alkaloids, with .41 ephedrine, .42 pseudoephedrine, .43 norephedrine and .49 other, so .49 is pseudoephedrine's own residual. how_they_relate called it a different class because the table holds two different strings for the same idea. Row 193 is a wrong link: insulin is a peptide hormone at 3003.31, whose residual is 3003.39, and it cannot fall to an alkaloids line.","Traced to the ranker, see finding 65. Row 196's mislabelling remains open pending the subheading-residual rule.",2,1445200,none yet; the subheading-residual rule is the fix and is not built
65,2026-08-12,"automated review, verified by hand, 2026-08-12",,,Candidates were scored against the wording they carried when they BEGAN.,a ranker reading the wrong decade,"stage1c_rank.first_descriptions kept each code's earliest wording, stated in its own docstring as the rule. A reused number carries a different description in each life, so 314 candidate rows across 74 retirements were scored against a life that had already closed. Insulin was offered the alkaloids residual because the hormones residual was compared using its 1988 wording, Hormones nes, formulated, in bulk, rather than the wording it has carried since 2002.","wording_at mirrors span_shown and returns the wording in force when the candidate could receive the retirement. 10 proposals changed, 6 of them under an existing decision and all flagged. The 22 rows that differed only by a tie held their place, because the sort key was left alone. Twelve pinned baselines were re-measured with reasons.",10,,no proposal is described in a life that had already closed
66,2026-08-12,"automated review, verified by hand, 2026-08-12",,,Correcting the ranker renumbered 173 of the 230 rows.,an identifier that was really a position,"The row number was the index in the sorted order, so anything that changed a score changed it. Everything outside the sheet refers to rows by that number, including 63 entries in the findings register and every question the analyst has asked in this session.","The number is assigned once and kept, in work/_row_numbers.json, seeded from the numbering already in use. New retirements take the next free number. The sheet still sorts by priority and value; only the label is fixed.",173,,no row has been renumbered since it was first assigned
67,2026-08-12,"automated review, verified by hand, 2026-08-12",exports:3003.31.00:2025-05,3003.31.00,"OPEN. After the ranker fix, insulin proposes Medicaments containing antibiotics nes and the verdict is CONFIRM.",a wrong link promoted to recommended,"The era fix is mechanically right but text similarity still rewards the shared boilerplate, and the frame is nearly all of both descriptions. swapped_term does not fire because each side has 5 unique words against a threshold of 4, and the distinctions file records that raising it flags 17 of Canada's 125 known successions instead of 5. So no existing rule catches it.","NOT FIXED. The analyst is bulk-accepting CONFIRM rows, so this is flagged to them directly. The fix is the subheading-residual rule: a code's own subheading leftover, 3003.39 for insulin, outranks a sibling subheading's residual.",1,850362,none; this finding is open
68,2026-08-12,analyst,,,"Row 66 was the first row in the sheet, above row 1.",a label made stable while the sort was left alone,"Fixing the row number stopped it moving but the file went on sorting by priority and value, so the label and the position disagreed for the first time. That is worse than either arrangement on its own.","The file now reads in row order. The numbers were themselves assigned by priority, so ordering by number preserves the original priority order and never moves again. The priority column is still there to re-sort by.",230,,the file reads in row order
69,2026-08-12,analyst,imports:3002.90.00.10:2021-12,3002.90.00.10,"Row 66 carries reject where accept is obviously right: Toxins, toxoids, antitoxins, viruses, bacteriophage and bacterial lysates against Toxoids, antitoxins, viruses, bacteriophage and bacterial lysates, matching 0.9466.",a warning that expired before it was read,"The decision was correct when it was made. The proposal then read Butter-making ferment cultures at 0.2626, because the ranker was scoring against a life that had closed. The wording was corrected, check_this_again fired once, and by the next rebuild there was no difference left to detect, because it compared against the previous BUILD rather than against what was on screen when the judgement was taken.","work/_decisions_seen.json records the proposal and its wording the first time a decision appears, and is refreshed only when the decision itself changes. Five decisions rest on a wording that has since been corrected and all five say so, quoting what was on screen. Rows 7, 43, 60, 66 and 68.",5,,a decision resting on a corrected wording is still flagged
70,2026-08-12,analyst,,,"The analyst asked whether the wrong-era wording had been audited at all, or only patched where they had pointed, and how they could now be assured the descriptions are faithful.",a defect fixed three times without ever being searched for,"Fair. It was fixed in the sheet when row 71 was queried, then in the ranker when rows 193 and 196 were queried, each time at the place named and never anywhere else. A full audit of all nine pipeline modules found a THIRD reader still live: the second alternative was described and rule-checked from the earliest-wording map, and a fallback on the retiring code reached the same map. Stage 0, 1a and 1b were checked and are era-correct already: stage1_candidates takes the description in force at the month the code stopped, which is right.","The earliest-wording map is deleted rather than corrected, because the map itself is the hazard. Every wording now comes from the code's lives. Audited end to end: of 113 places the sheet shows a wording for a reused number, 0 are from the wrong era. A control parses all nine modules and fails if any earliest-wording map reappears.",113,,no earliest-wording map survives anywhere in the pipeline
71,2026-08-12,"automated review, verified by hand, 2026-08-12",exports:3002.90.20:2016-11,3002.90.20,"Asked whether row 71 was fixed, its flag read only that the method still does not recommend the proposal, with no mention that the proposal had been replaced since the decision was taken.","the same expiring warning, in the other column","decided_against_successor fell back to whatever the sheet currently showed when it held nothing, so once a rebuild wrote the new proposal into the sheet the two agreed again and the warning stopped. Row 71 was decided against the blood residual, moved to Ricin, said so on one build and then went quiet. The description flag was fixed an hour earlier and the proposal flag beside it was left on the old mechanism.","Both now read from work/_decisions_seen.json, which records what was on screen when the judgement was taken and is refreshed only when the decision changes. Six decisions rest on evidence that has since moved and all six say what moved.",6,,a decision resting on a corrected wording is still flagged
72,2026-08-12,analyst,exports:3003.42.00:2024-09,3003.42.00,"Commodities that stopped trading in 2024 to 2026 were being offered for decision, and the analyst judged it too early to tell whether they had retired at all.",silence read against the calendar instead of the code's own history,"The tail guard held a span only if it stopped within 12 months of the delivery's last month. Twelve months is calendar time, and what silence MEANS depends on how often a code ever traded. 3003.42.00 traded 4 months out of 65 and has already come back from a 49-month gap, so 21 months of quiet says nothing. 3003.31.00 has come back from 106. Both were in the queue as retirements, one of them recommended.","stage 0 now records longest_quiet_months per commodity, measured from month-level records, which is the only stage that sees them. A span is held when its silence is no longer than a silence the code has already come back from. Applied only where silence is the only evidence: a retirement at an HS revision boundary is settled by the tariff and is never held on the gap. Two rows moved, 193 and 196, and no others.",2,1445200,a hold names which of the two reasons applies
73,2026-08-12,"automated review, verified by hand, 2026-08-12",,,The first attempt at the gap measure held 12 rows including nine that had plainly retired in the 2022 restructure.,a measure taken from the wrong table,"It computed gaps between INVENTORY ROWS, which are description changes, not trading months. A code with 240 unbroken trading months and two descriptions read as having a gap of years. The inventory is a summary and never held the months.","Moved to stage 0, the only stage that reads month-level records. Two controls check the value is bounded by the code's own span and that a revision-boundary retirement is never held on silence.",12,,that silence is bounded by trade on both sides
74,2026-08-12,analyst,imports:3002.20.00.90:2021-12,3002.20.00.90,"Row 210, worth CAD 11.1 billion, proposes the influenza-specific vaccine line for a code whose own description is Vaccines, nes. Row 211 is the same commodity on the export side and proposes the general line, which shows what row 210 should have had.",a residual narrowed into a specific line,"The residual sibling 3002.41.00.90, Vaccines o/t against influenza, nes, is the runner-up at 0.6222 and lost to the influenza line at 0.6585. Text similarity has no notion of which line is the container.","NOT FIXED, and it cannot be a veto. Tested against the concordances: 31 of the 47 official successions whose source is a residual land on a NON-residual target, because the 2012 and 2017 restructures dropped the word nes from the new wording. Forbidding the shape would contradict Canada's own record on 31 counts. The row is HELD in any case, awaiting a correlation table. Recorded so the surfacing work is not confused with a rule.",10,11076237268,none; this finding is open
75,2026-08-13,analyst,,,"The answer sheet would not open. Excel refused stage2_decisions.xlsx outright and did not offer to repair it, on a machine where it opened all 23 other workbooks in the toolkit and a control file written the same way.",a file every reader in this project accepts and Excel refuses,"Two faults in the preservation path of _xlsx.write, both in the sheet header and neither in the data. ET.tostring re-serialised the kept sheetPr, sheetViews, sheetFormatPr and cols with invented ns0: prefixes, and Excel reads those elements only unprefixed. And the writer emitted dimension ahead of sheetPr, where CT_Worksheet fixes the order. ElementTree and openpyxl are namespace-aware and order-tolerant, so the gap between them and Excel is silent by construction: the zip was intact, every part parsed, every relationship resolved, every style index was in range, and 391 controls passed on a workbook nobody could open. Isolated by bisecting the package, not by guessing. The original rows under a rebuilt header open; a rebuilt file under the original header does not. sheetData was never implicated.","FIXED at 72dffd0. The main namespace is registered as the default, the five header elements are assembled in the order the schema fixes, and attributes from other namespaces are dropped. x14ac:dyDescent is the only thing removed from the file, a text baseline hint whose prefix Excel declares at the worksheet root and which did not travel with the element. Nothing in the sheet moved: sheetData is byte for byte identical at 302,501 bytes, styles.xml and the theme and sharedStrings are unchanged, and two independent readers over all 5,544 cells found no value changed, no empty cell populated, no populated cell emptied, and 230 of 230 row digests matching. All 212 decisions, the 9 marked rows, the frozen pane and the ten column widths survived. The workbook had been unopenable since 2026-08-12, so this predates the move between machines rather than being caused by it.",230,,"two: the worksheet names its elements without a namespace prefix, and its opening elements are in the order the schema fixes. Both were proven to fail against the broken workbook. The order control passed against it at first because its pattern matched only the unprefixed spelling, leaving it blind on exactly the files it existed to catch"
76,2026-08-13,"automated review, verified by hand, 2026-08-13",,,"The queue proposed successors for codes that had never left the tariff. 3003.42, 3003.60, 3003.41 and 3004.43 each stand in Canada's schedule across all nine vintages from 2017 to 2025, carry no stated_termination, and were still offered a successor because their trade stopped.",a candidate rule tested against the record and not adopted,"Silence in the trade data was being read as retirement. The tariff schedule answers the question directly and the pipeline consults it only to exclude candidates, never to ask whether the retiring code itself survived. The obvious rule, that a code still in the schedule has no successor, contradicts Canada's own concordances 47 times in 144, because a catch-all line can lose part of its contents and still exist: 3003.90.00.90 and seven 3004.90.00.xx lines were carved into the new antimalarial lines 3003.60 and 3004.60 while surviving. Refined to exclude catch-all sources, the contradiction falls to 2 of 144, being 3004.90.00.61 and 3004.90.00.74, both carved into 3004.60.00 at HS2017.","NOT BUILT, deliberately. At 1.4% the refined rule contradicts the record more often than the human and veterinary rule that was stopped at 1.2%, so it cannot disqualify. Its reach is 9 rows worth CAD 8,875,427, one hundredth of one percent of the queue by value, and at action=review it would decide nothing a person does not decide anyway. The nine rows were adjudicated by hand instead: rows 18, 37, 38, 60 and 196 to none, and rows 27, 29, 30 and 36 to 3006.92.00.00. Revisit when another chapter is ingested, where the reach would scale. The subheading-residual form of the same idea was also dropped: it reached one row and conflicts head-on with the active specific-against-residual rule, since a nes line excludes a specific line by definition while that line lives.",9,8875427,"none; the rule was tested and not built, and the reasoning is recorded here"
77,2026-08-13,"automated review, verified by hand, 2026-08-13",,,"Three alkaloid rows proposed a sibling controlled precursor as successor. Row 18 offered ephedrine for norephedrine, row 37 offered pseudoephedrine for ephedrine, and row 38 offered ephedrine for pseudoephedrine, all at wording matches above 0.90.",a rule that cannot match the wording the delivery actually uses,"The stimulant rule separates pseudoephedrine from norephedrine only. Its own note records that the ephedrine side was dropped on 2026-08-10 because bare ephedrine appears in no description. That is true of the string ephedrine and misses why: the delivery writes it truncated, as ephedrin, in 4 descriptions, against pseudoephedrine in 4 and norephedrine in 3. pipeline/_shorthand.py does not map the truncation. So ephedrine is unguarded against both of its siblings, and every one of the three bad proposals runs through an ephedrin line.","NOT FIXED, deliberately, and this is the reason rather than an oversight. Simulating the fix shows it makes the proposals worse, not better: row 18 would move to antibiotics at 0.8052, row 38 to acetaminophen at 0.8481, and row 37 to a catch-all at 0.8050. The true answer on all three is none, and the ranker has no way to say that, so vetoing the least bad candidate only promotes the next worst. All three rows are already decided reject with none, five further rows carrying ephedrine-family terms would shift, and decisive_distinctions.csv, meaning_gates.py and stage1c_rank.py are all VERIFY_COPY critical files. The harm is remediated by the decisions; closing the gap would destabilise them and change no answer. Revisit if another chapter is ingested, where an ephedrine line might have a real successor.",3,503636,"none; recorded rather than fixed, and the reason for not fixing is the finding"
78,2026-08-13,"automated review, verified by hand, 2026-08-13",,,"The suite reported 401 of 401 controls passing while twelve of those controls were written record(<name>, True, <detail>) and could not fail on any input. They printed PASS on a codebase where the property they name was false. The audit put the count at fifteen; three of those, in check_official_constraint_sets.py, sit inside try/except blocks whose except branch calls record(<name>, False, <the error>), so they are real controls that the detecting pattern could not tell apart. Proven by pointing a copy of that check at files that do not exist, which produced two FAIL lines and a non-zero exit.",a control that asserts itself rather than a property of the run,"Two different things were being written with the same call. Some were disclosures, true by construction and worth printing: that the second alternative is ALLOWED to be a candidate a rule removed is a design decision, not a measurement. Others were real properties that had simply not been expressed as a test, and one cited a different check by name instead of testing anything. Sharing record() with the passing controls folded both into a headline a reader takes as N falsifiable tests.","FIXED. Four converted to controls that fail when broken, each proven: every proposal must be a candidate its own row's ranking left standing, which is the checkable form of the claim that the family table never selects a successor and which fails when a proposal is swapped for a non-survivor; every row the official record bounds must be proposed a code from inside the record's own destination list, twelve rows, which fails when one is moved outside it; an independent walk of the proposal graph must find no undisclosed circle, which fails when two rows are pointed at each other and is itself proven on a planted loop first; and the stage-0 export pin split so the half that compares the inventory to the domestic extract runs on every copy rather than only where source/exports.db happens to exist. Seven that genuinely cannot fail moved to a new disclose() printing NOTE and tallied apart. One was deleted: the old reordering control, superseded by the four sandboxed carry-forward controls, which perturbed the LIVE answer sheet and so stood down on every real run while reporting that standing down as a pass. Suite is 395 controls and 7 disclosures; all 11 artefacts still reproduce byte for byte and the workbook is unchanged part for part.",0,0,"4 converted controls, 1 detector self-test, disclose() in three checks, and a disclosures line in run_pipeline_end_to_end.py that never adds to the control total"
79,2026-08-13,"automated review, verified by hand, 2026-08-13",imports:3002.39.10.00:1995-12,3002.39.10.00,"Ten rows named a second alternative and left its score cell empty, which reads as no score existing. On four of them a score did exist in stage1_ranked and was simply not shown, and on rows 40, 41 and 50 it equalled or beat the score of the proposal beside it: 0.6709 against 0.6364 on row 40, 1.0000 against 1.0000 on row 41, 0.4242 against 0.4242 on row 50. All three carry a decision of accept, taken without that number on screen.",evidence the reader needed was computed and not shown,"The second alternative is chosen from six option sources and five of them carry a score through from the ranking. The sixth, the chain terminus from chain_ends_at, does not, because it is not a ranked candidate but the end of a followed chain. It was appended as (code, '', '', False) and the empty string reached the sheet unchanged. Nothing required a score, so nothing noticed. Every one of the ten rows had taken the terminus.","FIXED in make_adjudication_queue.py: where an option arrives without a score, one is computed with wording_ratio, the ranker's own function, against the wording in force at that boundary. Verified to reproduce the ranked score to four places on all four rows that carry one, so a filled cell is comparable to a ranked one rather than a second opinion. The six waste rows gain a score too, between 0.5161 and 0.6316 against proposals of 0.9159 to 0.9804, which states plainly that the terminus is offered because the chain ends there and not because it reads alike. Ten cells changed in the workbook, all in that one column; the five analyst columns are untouched and the queue artefact is byte for byte what it was. ROWS 40, 41 AND 50 ARE NOT RE-DECIDED HERE. The score is now visible and the decision is the analyst's to keep or change.",10,0,"2 in check_adjudication_queue.py: every alternative shown carries a score, proven to fail on the old builder with 10 unscored rows; and each score reproduces from the two descriptions on its own row using the ranker's function, proven to fail on a planted 0.9999. proposed_successor_wording_match and second_alternative_wording_match were also added to WATCHED, so a score moving beside an unchanged code now raises the row"
80,2026-08-13,"automated review, verified by hand, 2026-08-13",,,"The reproducibility proof reported 11 artefacts reproducing byte for byte, and two things sat outside it. clear_artefacts() deletes the 10 work CSVs and the queue and nothing else, so work/_row_numbers.json, _queue_previous.json and _decisions_seen.json survive both passes and were neither deleted nor hashed. And neither stage2_decisions.xlsx nor its CSV copy appears in any hashed list, so the answer sheet, where the 19 method-computed columns are merged with the 5 the analyst writes, was excluded from the comparison entirely.",a reproducibility claim wider than the run supports,"Both exclusions were deliberate and neither was stated. The ledger must survive a rebuild or row numbers move under the analyst, and the answer sheet must be merged rather than regenerated or their work is lost. What was missing is that the report read as though the code alone fixed every byte. Measured in a sandbox on 2026-08-13: delete _row_numbers.json and the queue rebuilds with a different digest, with 47 of 230 row numbers moved. So the queue reproduces GIVEN the ledger, and nothing said so and nothing watched the ledger for drift.","FIXED by stating the dependency and closing the gap rather than by deleting the ledger, which would renumber the sheet. The three carried files are now hashed in both passes and printed under their own heading, so drift in the ledger is visible instead of invisible; all three were measured stable across repeated builds, so the comparison is fair rather than a guaranteed red. The answer sheet is now compared too, on its 19 method columns only, digested from the CSV copy keyed on link_id and sorted: the analyst's 5 columns are excluded, so a decision typed into Excel does not trip it while a change in the merge does. The report separates the three cases in words: deleted before each pass, carried across both, and merged never regenerated.",0,0,"3 ledger digests and 1 answer-sheet method digest, all wired into the drift verdict. Proven: editing an analyst column leaves the sheet digest identical while editing a method column changes it, and injecting a drift into either the ledger or the sheet digest produces DRIFTED, DIFFERS BETWEEN RUNS and NOT SOUND"
81,2026-08-13,"automated review, verified by hand, 2026-08-13",imports:3002.10.21.20:2006-12,3002.10.21.20,"The origin gate is declared to disqualify a candidate across the human against animal origin distinction, and on four candidate pairs it did not fire where it should have. The natural experiment sits on one commodity pair: 3002.10.10.10 'Antisera & o blood fractions, human origin, for diagnostic use' against 3002.10.00.42 'Sera and antisera, of animal origin' is vetoed origin, while 3002.10.10.29 'Antisera & o blood fract, human orig' against that same candidate carried no veto at all.",a declared rule blind to the corpus's own abbreviation,"The gate is a phrase pair on the strings 'human origin' and 'animal origin', matched after expand_shorthand. Two import codes, 3002.10.00.29 and 3002.10.10.29, write the word as 'orig', and the expander had no entry for it, so expand_shorthand('orig') returned 'orig' and neither side of the pair could match. The rule was correct and could not see its own case.","FIXED by adding orig to origin in pipeline/_shorthand.py, which is a wording gap rather than a rule change: the same gate already fired on the spelled-out twin of the same commodity. Measured before adopting, as every candidate rule is. Four candidate pairs newly vetoed and six ranked rows touched, all on imports, exports byte for byte unchanged. NO PROPOSAL MOVED and NOT ONE CELL of the answer sheet changed: its 19 method columns digest to the same value before and after. The queue records the removals on rows 93, 134 and 137, where candidates_removed_on_meaning gains the code with reason origin and other_candidates_considered falls by one. Zero contradictions against the 2011-2012 and 2016-2017 Canada concordances. Three other unvetoed origin pairs stay unvetoed and should: their wording is 'except of human or animal origin', a negation rather than a claim.",3,0,"none new; the existing pinned veto count in check_stage1c_rank.py caught the change and went red at 1145 against an expected 1141, which is the guard working. The pin was re-measured to 1145 with the four codes named in the comment beside it"
82,2026-08-14,"automated review, verified by hand, 2026-08-14",imports:3003.39.91.00:1997-07,3003.39.91.00,"Four rows offer a second alternative that a meaning gate had already removed, and the sheet says so on none of them. On this row the advice reads SECOND, the alternative is this code's own family line, against a candidate vetoed on continuity that first trades 2012-01 against a 1997-07 retirement.",a sentence computed into a variable nothing reads,"make_adjudication_queue.py built the provenance string into a local named alternative with six assignments and, by AST over the whole file, zero loads. The block around it held three verbatim copies of the answered/decided_against/span computation already done at the top of the same loop. The audit reported one row because it looked at the closest_removed_candidate source alone; three of the four reach the sheet through a different source and were silent.","FIXED. The removal is looked up by CANDIDATE CODE against the row's own record of what was removed and why, so it cannot depend on which branch offered it. It is carried on how_the_second_relates in every case, and prefixed to the advice only where the advice actually sends the reader to the alternative. Prefixing it everywhere was tried first and was wrong: three of the four rows say ACCEPT about the PROPOSAL, so the warning read as though the proposal had been removed, and two controls in check_medicine_families.py caught it on row 41. The dead chain and the three duplicated blocks are deleted.",4,0,"check_adjudication_queue.py: no alternative a meaning gate removed reaches the sheet unlabelled, and its converse, no alternative is labelled removed that no gate removed. Both proven to fail, the first against the pre-fix artefacts at git HEAD and the second by injecting a false label."
83,2026-08-14,"automated review, verified by hand, 2026-08-14",exports:3002.11.00:2021-11,3002.11.00,"An export line was decided by hand while the identical import commodity, at the identical revision boundary, sat blank and held awaiting a correlation table. Three export rows were in that position, CAD 5,661,616.","money stops before a classification does, in a third place","held_for_official_evidence tested at_hs_revision_boundary, which Stage 1a computes from the last trading month alone. A line quiet one or two months before a revision it is stated to have died at therefore fell outside the hold, while its twin that traded to the final month fell inside. This is the same defect load_concordances was corrected for on 2026-08-11 and that the schedule layer carried until today, so it is the third instance of one error class rather than three unrelated faults.","FIXED. The hold now reads the stated termination from the inventory, as a UNION with the last trading month rather than a replacement, so it can only ever add a hold. Held rises 21 to 24. All three newly held rows had already been answered; the answers stand exactly as written and the sheet now raises a warning beside each, because silently overriding a decision is the one thing that must not happen.",3,5661616,"check_stage1c_rank.py: no retirement stated terminated at a revision escapes the hold, and correcting the hold took no hold away. check_adjudication_queue.py: every held row that already carries an answer warns about it. All three proven to fail."
84,2026-08-14,"automated review, verified by hand, 2026-08-14",exports:3002.11.00:2021-11,3002.11.00,"The tariff schedule removed five candidates from a retirement and wrote that they sit in a subheading the 2021 schedule no longer holds. The truth is the reverse: 30024100, 30024200, 30024900, 30025100 and 30025900 are the HS2022 lines created the January after the boundary, and the schedule did not hold them YET.",a layer reading the wrong side of the revision it sits on,"schedule_year_for returned int(boundary[:4]). The boundary is the month after the last trade, so a code quiet in November of a revision year has a December boundary and was tested against the pre-revision vintage. The comment three lines below said the schedule for the year AFTER the boundary, so the code contradicted its own stated rule. The layer's only licence is to rule out a candidate that did not exist yet, and here it vetoed the successors for existing too soon to be listed.","FIXED. The layer reads every vintage in force across the transfer window, from the boundary to the month after the classification ends, and takes the union. Because the window always contains the boundary year, a new removal is impossible by construction rather than by measurement. The first attempt read a single later vintage instead and was measured and thrown away: it removed 42 candidates across six 3006 import rows whose trade stopped years before their stated termination. Measured on the delivery: 9 candidates regained on 1 export row, 0 removed anywhere, 0 import survivor sets moved, and no proposal changed.",1,265948,"check_stage1b_official_record.py: the schedule removed no candidate any vintage in the window holds, proven to fail against the pre-fix artefacts; plus a matched pair of probes showing a candidate created after the boundary surviving the window and being removed without it. The independent six-digit recomputation now reads the window on both sides, which re-measured the full-length cost to 83 across 30."
85,2026-08-14,"automated review, verified by hand, 2026-08-14",exports:3004.90.00:2017-12,3004.90.00,"19 of the 135 tier-6 review rows print 'a high score with an identical meaning-word set' while their own columns say otherwise. The largest object in the export crosswalk, CAD 62,379,640,484, carries that sentence at a score of 0.5660 and a meaning overlap of 0.5556.",a catch-all describing only one of the ways to reach it,"The final branch of risk_rank was an unconditional return. Rows arriving by the text_review path, which is LOW <= top < HIGH by construction, met a sentence written for the high-and-identical path. The tier was correct on every row; only the explanation was false, which no count could catch because nothing ever disagreed with it.","FIXED by splitting the branch. The high-and-identical rows keep their sentence; the rest state their actual score, the gates it falls between, the share of meaning words they carry, and that no rule fired. No tier moved and no link changed.",19,72036869803,check_stage1c_rank.py: no tier-6 reason claims a high score the row does not carry. Proven to fail against the pre-fix artefacts at git HEAD.
86,2026-08-14,analyst,exports:3002.31.00:1995-12,3002.31.00,"The audit reported that the same commodity, Vaccines against foot or mouth disease for veterinary use, retires at the same boundary on both flows and lands in different places: exports on the named line 3002.30.10 and imports on the veterinary residual 3002.30.90.00, which are the same line at 8 and 10 digits.",not a defect,"The two flows are classified under different schedules. An export line and an import line are not required to resolve to the same depth, and the 8-digit and 10-digit forms of one line are the same destination described at the granularity each flow records.",NO CHANGE. Ruled correct by the analyst on 2026-08-14. Both rows stay accept. Recorded so the divergence is not re-raised as a defect by a later reader or audit.,2,0,none; a ruling rather than a defect
87,2026-08-14,analyst,imports:3002.39.10.00:1995-12,3002.39.10.00,"Finding 79 showed that on queue rows 40, 41 and 50 the second alternative carried a score at or above the proposal the analyst had accepted, hidden by a blank cell, and flagged all three as possibly deserving a second look.",not a defect,"The score is a wording comparison and says nothing about when a candidate existed. All three alternatives were introduced far later than the retirement they were offered for, which is why the continuity gate had already vetoed every one of them. A score at or above the proposal is exactly what a well-worded but impossible candidate produces.","NO CHANGE to any decision. Ruled by the analyst on 2026-08-14: the year gap is too wide and the proposals stand as accepted. The three rows are the same rows whose removals were unlabelled, so the sheet now states the veto that the analyst had to re-derive by hand. See the finding on the sentence computed into a variable nothing reads.",3,0,none; a ruling rather than a defect
88,2026-08-14,"automated review, verified by hand, 2026-08-14",exports:3003.40.00:2016-11,3003.40.00,"The document hold exempts a retirement whose layer is cbsa_concordance even when that concordance only CONSTRAINED it, while holding a retirement a constraint set bounded to the identical codes. Exports 3003.40.00 is bounded to 3003.41.00, 3003.42.00, 3003.43.00 and 3003.49.00 and is held. Its import twin 3003.40.00.00 is bounded by Canada's concordance to exactly those same four and is NOT held, and was decided accept on CAD 112,415,829. The two flows carry the same official evidence and are treated differently because it reached them in different files.",an exemption keyed on the source of the evidence rather than its strength,"held_for_official_evidence exempts on deciding_layer == 'cbsa_concordance' without reading the outcome, so 'constrained' exempts as readily as 'decided'. The hold's own docstring says it fires when nothing stronger has already answered, and a bound naming four codes is not an answer on either flow. Pre-existing rather than introduced by the 2026-08-14 hold correction; that correction pulled the export row into the hold and so made the difference visible. Three constraint_set rows are held today, CAD 4,771,463,921.","FIXED the same day, after the analyst asked for it to be taken next. The exemption no longer names a file. It reads what the record ACHIEVED: a single named destination exempts, because nothing stronger is coming, and a bound whose destinations all sit in ONE six-digit subheading exempts, because the correlation tables map HS6 to HS6 and could not narrow it. Neither of the three options first weighed was adopted; the six-digit test came out of measuring whether the awaited document could say anything at all. Of the 16 rows the old exemption covered, 12 are genuinely decided and stay exempt, 3 are bounded across four or five subheadings and are now held, and 1 (imports 3002.10.00.30, bounded to three codes inside one subheading, CAD 1,100,455,460) stays exempt on the new ground. Held 24 to 27, CAD 8,284,840,016 added. No row lost a hold. All three newly held rows already carry an accept; every answer stands untouched and the sheet warns beside each.",3,8284840016,"check_stage1c_rank.py, three of them. 'the hold re-derives without ever reading which source spoke' rebuilds the whole decision from the official file and the inventory and never looks at deciding_layer. 'every held row is one the awaited table could still narrow' pins the six-digit test. 'retirements bounded to the same subheadings reach the same hold' runs ACROSS BOTH FLOWS and is keyed on the stated termination, because a per-flow version keyed on last trade could not see the export-versus-import pair that exposed this. All three proven to fail: the first two against the shipped defect reinstated in the pipeline, the third against the six-digit test removed on its own. A fourth control was written and DELETED rather than kept: 'no held row was already settled by the record' cannot fail, because a settled row never enters the review queue, which is the M9 defect repeating."
89,2026-08-14,"automated review, verified by hand, 2026-08-14",imports:3004.50.00.20:2011-12,3004.50.00.20,"Canada's ten-digit concordance names TWO destinations for this retirement, 3004.50.00.19 and 3004.50.00.90. The `use` meaning gate removed the second, so a two-way official answer worth CAD 7,548,977 reached the analyst as a single survivor and was accepted. Stage 1c's own docstring says a gate 'never proposes one, never ranks, and never overrides the record'.","one set asked two different questions, so an exemption reached one veto of many","build folded the record's destinations into continuous_codes and passed that single set to rank_one. continuous_codes suppresses the continuity veto and nothing else, so every phrase-pair gate still ran on codes the concordance had named. The exemption was written once and read as though it covered all gates. One candidate of 3,634 was affected today, but the defect is general and recurs on any delivery where a named destination trips a gate.","FIXED. The official destinations are passed to rank_one as their own argument, and apply_decisions gains a named_by_record flag: the gate is still EVALUATED, and its objection is returned as an overruled gate rather than as a veto, so the candidate stays in the field and the disagreement stays visible. Suppressing the evaluation would have hidden it. Measured: imports vetoed 1145 to 1144, exactly one candidate, and NOTHING MOVED BUT DISCLOSURE. The proposal, the risk tier, every other row and the answer sheet's method digest are unchanged; the un-vetoed candidate scores 0.3553 against the proposal's 0.5200 and could not have won.",1,7548977,"check_stage1c_rank.py: 'no destination the record names is vetoed by a gate' and 'the record overruled a gate on exactly the candidates measured'. check_adjudication_queue.py: 'a gate the record overruled is stated on the row it happened to'. All three proven to fail against the defect reinstated in the pipeline. A FOURTH was written and rewritten: its name claimed the objection was recorded while its assertion only checked that no unnamed candidate carried the flag, which is trivially true when the flag is never set, so it passed against the very defect it was written for. That is the audit's own finding about a control whose name claims more than it tests, reproduced while fixing another."
90,2026-08-14,"automated review, verified by hand, 2026-08-14",,,"Two extractions of the same five WCO correlation PDFs already existed and DISAGREED on four of the five boundaries: inspire2/work/wto_ch30_pairs.csv and pharma/bridge/wto_all_pairs.csv. For 2017-to-2022 the v1 file is a strict subset, 24 pairs against 39, missing 15 and holding none the other lacks.",evidence filtered by page rather than by code,"v1 filtered by Chapter-30 PAGES, so a correlation pair printed on a chapter-38 page was discarded at parse time. Every one of the 15 lost pairs is cross-chapter, and they include 3002.11, 3002.13, 3002.14 and 3002.15 against 3822.11, 3822.12 and 3822.19: HS2022 moving diagnostic goods OUT of Chapter 30 under new exclusion Note 1 (ij). A crosswalk that cannot see goods leaving the chapter cannot say a code has no successor in it. Neither existing file could be adopted regardless: both live outside this project, both were produced by a script carrying a dead pre-move path, and pharma's `remarks` column staples a paragraph about 3006.80 onto an unrelated 3001.10 pair.","RE-EXTRACTED inside inspire2_v2 by evidence/wto/extract_wto_pairs.py, writing evidence/wto/wto_ch30_pairs.csv, 310 rows. It is EVIDENCE, not a pipeline stage: it needs pdfplumber, it is run by hand, and the release build reads only the CSV and stays standard-library only, exactly as evidence/cbsa/*.csv already works. Both of the document's tables are extracted and normalised to old -> new, so the document says everything twice and the two halves can be compared. They agree perfectly on three of five boundaries and differ by one pair on the other two, both differences verified by eye as the document disagreeing with itself. FOUR PARSER DEFECTS were found and fixed by that comparison, each of which had silently lost or invented evidence: the section regex required the line to end at TABLE I, which missed both markers in two documents and produced ZERO rows for them; the column boundary was anchored on the header word Remarks at x=365 while its paragraph starts at x=255, so code-shaped tokens in prose were read as correlations and produced impossible pairs; codes written comma-separated were rejected by an anchored regex, losing the whole origin list of new subheading 3006.93; and a footnote line was starting a data block.",0,0,"The extraction reports Table I against Table II per boundary and prints every disagreement, which is what found all four parser defects. A control in the pipeline is still to be written when Layer 2 of stage1b is wired to read the CSV."
91,2026-08-14,analyst,exports:3002.11.00:2021-11,3002.11.00,"The row was answered reject -> 3002.15.00 while it was HELD awaiting a correlation table. The table, once extracted, maps 3002.11 to 3822.11 and to nothing else.",a hand judgement overruled by the document it was waiting for,"The original reasoning was product similarity and every factual claim in it holds: a malaria rapid test is an antibody-based immunological product sold retail-packed, 3002.19 does retire at the same boundary and cannot be a fallback, and 3002.15 does trade through to 2026-06. What it could not know is that the same HS2022 exclusion note is also emptying 3002.15 into 3822, so the line it named was itself on the way out.","CHANGED to reject -> none on the analyst's instruction, after the tables were re-extracted in-project and the finding confirmed from both of them independently: Table I page 10 gives 3822.11 <- 3002.11, Table II page 30 gives 3002.11 -> ex3822.11. The original answer is kept in the reason cell beneath the ruling rather than deleted. Stage 2 now records the row as left_chapter; exports succeeded 25 -> 24 and left_chapter 4 -> 5, the value untouched. SEPARATELY: 3002.19 has NO correlation row in any table. The document states the subheading was considered empty by the HS Committee and deleted, so the two held 3002.19 retirements will never be answered by this document and must be decided on other grounds.",1,265948,"none new; the pinned outcome and basis splits in check_stage2_apply_decisions.py moved with it and carry the reconciliation. This is the hold mechanism working as designed: the row was marked DO NOT DECIDE, was answered over that hold, the sheet warned about it, and the document disagreed."
92,2026-08-14,"automated review, verified by hand, 2026-08-14",exports:3001.10.00:2006-10,3001.10.00,"Layer 2 of Stage 1b was declared and empty from the day the stage was written. With the correlation tables extracted it can now speak, and it immediately contradicts an accepted answer: exports 3001.10.00 was accepted onto 3001.20.00, and the WCO 2002-to-2007 table says 3001.10 goes to 3001.90, with the remark 'Deletion of subheading 3001.10 because of the low volume of trade'. Confirmed from both tables.",a layer declared and left empty for as long as the stage existed,"The tables existed only as PDFs, so the layer was present, counted and silent. Its absence was disclosed rather than hidden, which was right, but the gap it left was real: 25 retirements had an official answer nobody could read. The released v1 crosswalk carries the same 3001.10 link and its OWN provenance file describes it as 'editorial judgement, not WTO-supported', naming the table that contradicts it.","WIRED. Layer 2 reads evidence/wto/wto_ch30_pairs.csv and reaches 25 retirements, CAD 24,796,853,123: imports 6 narrowed, 4 forced, 3 sent out of Chapter 30 and 6 where the record names a subheading no candidate trades under; exports 4 forced and 2 sent out. It speaks ONLY where the whole old subheading moved to one place, which is 8 subheadings across all five boundaries, because the document's `ex` marker means 'part of' and a split bounds nothing. It narrows and never names a ten-digit destination, so no branch returns `decided`. FIVE PROPOSALS MOVED, three on decided rows, and all three are warned. Two of them are the record agreeing with the analyst after the fact: the waste-pharmaceutical rows now propose 3006.92.00.00, which the analyst had reached by hand against a candidate field that never offered it. The third is the 3001.10 conflict above and is the analyst's to rule on.",25,24796853123,"Existing controls did most of the work and three caught real errors in the wiring within minutes: `every named destination traded` caught HS6 subheadings being written into official_destinations, whose contract is ten-digit codes that traded; `only a naming layer ever decides or bounds` caught the layer claiming `constrained`, which asserts an authority it does not have, and it now emits `narrowed`; and the finding-88 control `the hold re-derives without ever reading which source spoke` caught an attempt to exempt held rows on `deciding_layer == wco_correlation`, which is finding 88 repeating. That last one is REVERTED and left as the next design question: the hold's premise, that no table has been extracted, is no longer true, and the honest reformulation asks whether the EVIDENCE holds an entry for the subheading, not which layer spoke."
93,2026-08-14,analyst,exports:3001.10.00:2006-10,3001.10.00,"Accepted onto 3001.20.00. The WCO correlation for the 2002-to-2007 revision maps 3001.10 to 3001.90 and to nothing else, with the remark 'Deletion of subheading 3001.10 because of the low volume of trade'.",a link the released crosswalk knew was unsupported,"Layer 2 was empty, so nothing in the pipeline could read the table. The released v1 crosswalk carries the same 3001.10 to 3001.20 link and its OWN provenance file describes it as 'editorial judgement, not WTO-supported', naming the table that contradicts it. The link was shipped with its own contradiction recorded beside it.","RULED by the analyst on 2026-08-14: follow the WCO. No decision value changed, because Layer 2 had already moved the proposal to 3001.90.00 and the standing `accept` now resolves to it. A reason was written recording the evidence and the overturn, and the _decisions_seen ledger was re-affirmed against the new proposal so the stale-proposal warning clears honestly rather than persisting on a row that has been re-decided. The two import twins 3001.10.00.10 and 3001.10.00.90 now propose 3001.90.00.90 and are still to be answered.",3,4227953,none new; the existing stale-proposal warning is what surfaced it
94,2026-08-14,analyst,,,"The project calls the correlation tables by the filename, WTO_*.pdf, and Layer 2 was described as part of 'the official record'. The analyst asked whether WCO or WTO is correct. Reading the documents shows both are, in different senses, and shows something the method's central claim depends on.","a source cited by the wrong body, and credited with more authority than it claims","The files ARE WTO documents: WORLD TRADE ORGANIZATION mastheads, symbols G/MA/W/26, 76, 105, 122 and 164, circulated by the Committee on Market Access. The CONTENT is WCO: 'drawn up by the World Customs Organization Secretariat in accordance with instructions received from the Harmonized System Committee', with WCO copyright on the 2016 and 2020 files. More importantly all five state, in these words: 'they are not to be regarded as constituting classification decisions taken by that Committee; they constitute a guide published by the Secretariat ... They do not have legal status.'","RECORDED, not fixed, because nothing is broken. The layer order already places the tables BELOW Canada's ten-digit concordance, which is a national customs instrument for the very codes this crosswalk is built from, and the layer narrows rather than decides. That ordering is now justified in the stage docstring by the document's own words instead of by assumption. THE MANUSCRIPT MUST CARRY THE CAVEAT VERBATIM: a reviewer who reads the source will find 'they do not have legal status' on page 1, and a paper that called them the official record without qualification would have to concede it. Name them the WCO correlation tables and cite the WTO document symbol.",25,0,"none; a documentation and framing finding. The claim it constrains is prose, so the place it lives is the stage docstring and the manuscript, not a control."
95,2026-08-14,"automated review, verified by hand, 2026-08-14",imports:3006.80.90.60:2021-12,3006.80.90.60,"Seven rows asserted two things that cannot both be true. The official_record column said 'the WCO correlation left one candidate' or 'narrowed this to one subheading', naming a successor INSIDE Chapter 30 and putting it on the row as the proposal, 3006.92.00.00 on four of them and 3001.90.00 on three. The why column on the same rows said 'the goods may have left Chapter 30 entirely'. The sheet was telling the analyst that the WCO had chosen a destination in the chapter and that the goods had probably left the chapter.",a heuristic left standing on rows where the record had already refuted it,"The chapter-exit hypothesis fires when the subheading vanishes and no wording is close. That shape also fits a code the WCO merely moved, and nothing withdrew the guess once the record answered. ed7e658 saw the count should fall from 17 to 10 and wrote that expectation into check_adjudication_queue.py, but the code it shipped could not produce it: its new pre-filter tests for 'WCO correlation' in the prose, and the chapter-exit prose already contains that phrase, so the set of rows it rewrote did not change at all. Measured across revisions, by_wording is 17 in the artefact committed at 345e028, 17 in the one at ed7e658, and 17 rebuilt. The commit also left its own comment four lines above the control still saying 17. It was never run: the E: drive failed 25 seconds before it was made.","FIXED. The queue builder now withdraws the hypothesis on any row where the correlation places the subheading inside Chapter 30, keeping the true observation that the subheading is gone and the wording is weak, and carrying the record's own sentence in its place. The claim is defined once as CHAPTER_EXIT_SUFFIX and the withdrawal splits on that constant, so the two cannot drift. No verdict moved, no row was promoted, and all seven are still the analyst's to decide. by_wording is now 10 and the union with the record is 15 rather than 22, because the seven left the question rather than changing sides.",7,16186226,"none new; the control ed7e658 wrote now passes for the first time, and its comment was corrected to describe the mechanism rather than a set that moved"
96,2026-08-14,"automated review, verified by hand, 2026-08-14",imports:3002.20.00.90:2021-12,3002.20.00.90,"Six CONFIRM rows were given advice. what_this_points_to opened with 'THE OFFICIAL RECORD NARROWED THIS ROW' on rows 210, 211, 215, 217, 220 and 224, all of them settled and none of them asked to decide anything. On 215 and 220 no advice had been computed at all, so the note became the entire column and displaced the 'ACCEPT: the wording is identical' lead that identical wording is required to keep. CAD 23,548,058,842 of trade sits on the six.",a fault moved one column across rather than fixed,"ed7e658 found this note breaking 'no row recommends and declines at once' on six CONFIRM rows when it was written into why_not_recommended, and moved it to what_this_points_to. That column carries its own invariant, that guidance may speak only where a judgement is asked for, and the note was attached on every correlated row without testing the verdict. The same six rows broke the new column's rule, and two of them broke a second one. Both controls already existed and both would have caught it in one run.","FIXED. The note is attached only where the verdict starts with ANALYST, which is 14 rows. Nothing is hidden: all six settled rows still carry official_record naming the WCO correlation in stage2_adjudication_queue.csv, which is the evidence file, and the sheet is the answer file that never carried that column. Fixing the settled-row rule fixed the identical-wording rule as a consequence, because 215 and 220 held nothing but the note.",6,23548058842,"none new; two existing controls, 'no settled row is given advice' and 'identical wording outranks the leftover-line rule', both now pass"
97,2026-08-14,analyst,,,"The reasoning offered for rows 223 and 225 quoted evidence/cbsa/sched_ch30_2006.csv, where 3001.90.00.90 reads simply 'Other', and used that as the authoritative description. The analyst stopped it: the crosswalk is built from the CIMT delivery and must speak in the delivery's words, for all commodities.",a description taken from a source the crosswalk is not numbered in,"stage1b already documents why, from measurement: the tariff schedule and the trade data are two different numbering systems below six digits, and matching at full length finds 240 of 386 import codes against 54 of 56 at six digits. A ten-digit description lifted from the schedule is attached to a code that is only 62 percent likely to be the same code, and is written in a vocabulary the ranker was never calibrated on. The PIPELINE was already clean: stage1a takes code existence, stage1b takes the subheading, and the queue builder, the ranker, stage 0 and stage 2 never open a schedule at all. The gap was that nothing asserted it, so the mistake was free to be made by hand and left no trace once the wording was in.","FIXED by control rather than by code, because the code was right. 460 descriptions, both sides of every proposal, are now checked against the Stage 0 inventory. Proven to fail before being trusted: injecting the schedule's 'Other' onto row 223's successor fails it and names the row. The claim about 223 and 225 survives the correction and is stronger without the schedule: read from CIMT alone, carries_residual_marker() is True for 3001900090 under BOTH its published labels and False for the heparin and the grafting-tissue lines, and the 2002 relabel is one continuously traded line, 128 rows spanning the changeover with no gap.",0,0,every description in the queue is the delivery's own wording
98,2026-08-14,analyst,imports:3002.20.00.90:2021-12,3002.20.00.90,"Row 210, CAD 11,076,237,268 and the largest link in the delivery, carried a CONFIRM onto 3002.41.00.10, the influenza line. The analyst's words: you are connecting a catch-all to a specific one. The retiring line is the residual of 3002.20 and it lived beside 3002.20.00.10 'Vaccines against influenza virus' from 1988-02 to 2021-12, so it was defined as the human vaccines that are NOT influenza. Canada carried the same carve-out into the new subheading and spelled it out: 3002.41.00.90 reads 'Vaccines, o/t for against influenza virus, human medicine, nes'.",a leftover line sent to the very line that was carved out of it,"Nothing in the method knew that a residual line is defined by its siblings. The ranker put the influenza line first on 0.6585 against the residual's 0.6222, a margin of 0.0363 of wording, and how_they_relate read unknown so no family evidence outranked the text score. The identical link had already been rejected at first review in the signed v1 record, and nothing carried that forward.","RULED by the analyst on 2026-08-14: reject, successor 3002.41.00.90. A carve-out rule was added as a WARNING and never a veto, in the same shape as swapped_term, because it fires on two rows in the whole delivery and both were argued over by hand. It found the second one: ROW 1, 3004.32.00.89 'Adrenal cortical hormones, nes', CAD 128,397,239, had been ACCEPTED onto hydrocortisone with a blank reason while 3004.32.00.19 'Medicaments containing corticosteroid hormones, nes', CAD 578,742,262, begins the month after it ends. That signed decision was reversed the same day. Three constraints keep the rule honest and each was added after a false positive on real data: the successor is never its own carve-out sibling, the term must be distinctive by substance_index's under-five-percent test, and a residual successor is never flagged. Without the third it refuted row 223, a link the analyst had just accepted. It does not overlap specific_vs_residual, which only examines links whose retiring line is specific, so the 5 retirements worth CAD 118,352,487 that gate protects are out of reach twice over.",2,11204634507,"four: the rule flags exactly the two rows it was built for, it removes nothing, a residual successor is never flagged, and every flag reaches the answer sheet. All four proven to fail."
99,2026-08-15,analyst,imports:3003.60.00.00:2025-08,3003.60.00.00,"Row 60, exports:3003.60.00, was ruled reject -> none because 'the line was not withdrawn, so there is no successor to name', and its own reason names row 207, the import twin on the IDENTICAL tariff line, as 'held undecided as too close to the end of the data'. One condition, two diagnoses, eight days apart. Measured across the delivery, 18 of 230 answered rows carry no stated termination and had received three different treatments: 5 reject -> none, 10 left blank into the Gate 2 bounded exception, and 3 accepted.",keying on the month money stopped rather than the month the record ends the classification,"stage1_candidates.py decided what counts as a retirement from trade behaviour alone: a 12-month calendar window, plus a sparsity limb comparing the silence to the longest gap the code had already come back from. Neither limb consults Statistics Canada's own '(Terminated YYYY-MM)' note, which stage0 has parsed since the beginning. The queue therefore asked a person to decide where trade went for 15 lines that were never withdrawn. This is the fourth instance of the class after M4, M6 and the 2026-08-11 concordance defect.","DECIDED by the analyst on 2026-08-15, option B of three put to them: the rows stay on the record rather than being dropped, and resolve to a new outcome, not_a_retirement, carrying no link. stage1_candidates.py now emits retirement_basis with two limbs, both from the record: declared, where the delivery carries a termination note, and code_reused, where a later span exists so the number was handed to different goods. Anything else is trade_ceased_only. Split 300 / 4 / 15, reconciling to CAD 179,549,284,391. held 10 -> 0, so Gate 2's bounded exception is dissolved and 'zero rows undecided' is reachable again. NOTHING MOVED INTO OR OUT OF succeeded on either flow: 297 links before and after, and 0 of the analyst's 1,150 cells changed.",15,345974865,"seven, each proven to fail by reinstating the defect with a byte-identical restore. Stage 1a: the basis is rebuilt from the inventory without calling the stage and must agree; the 300/4/15 split and its value are pinned; and no row is called a non-retirement from an era where the note is unreliable, 2000-2011 exports carrying it on only 4 of 16 spans. Stage 2: not_a_retirement is exactly Stage 1a's trade_ceased_only, read back from the written file; no such row carries a link; a successor named on one is REFUSED, because the record and the answer then disagree about whether the event happened; and no answer is erased by the record ruling over it. The queue's vacated 'holding recent retirements is not blanket' control was replaced rather than re-pinned at zero: it now asserts that the record and not the calendar decides, provable because the two sets overlap in time, 69 months quiet and not a retirement against 54 months quiet and declared."
100,2026-08-15,analyst,imports:3002.19.00.00:2021-12,3002.19.00.00,"Rows 213 and 222 were ruled unresolved on the ground that no single code succeeds 3002.19, and the reason cell rules out 3002.13, 3002.14 and 3002.15 without ever mentioning 3002.90.00.90. The analyst had already answered this line by hand on 2026-08-06, in a workbook at the toolkit root: the heading residual 3002.90.00.90 was widened at 2022-01, the month 3002.19 was deleted, to name antisera, vaccines and cell cultures. Verified against the delivery: exactly two import codes and one export code in the whole of Chapter 30 changed wording at a 2022 period, and 3002.90.00.90 and its export twin are among them.","text similarity cannot see that a description changed, only what it now says","Nothing in the pipeline computed a description change on a continuing code. The ranker scored 3002.90.00.90 on its post-2022 wording against 'Immunological products, nes' and returned 0.1646, rank 18 of 22, with no gate vetoing it. The candidate was present and unvetoed the whole time; it simply lost on wording to lines that share vocabulary. 89 import and 23 export description changes exist across the delivery, clustered at exactly the revision boundaries.","DECIDED by the analyst on 2026-08-15, option (a) of three: a WARNING, never a ranking. Promoting a candidate on this evidence was rejected as barred by the project's own layer order, under which text ranks and meaning may only veto, never select; a scope widening is evidence about meaning. widened_at_the_boundary() in make_adjudication_queue.py flags 5 retirements carrying CAD 2,685,731,855 and changes nothing: 297 links and CAD 177,237,096,019 before and after, and 0 of the analyst's cells moved. Four constraints, the load-bearing one being that both lives carry a residual marker; without it the rule fires on 3004.50.99.30, vet vitamins becoming human multivitamins on the same number, which is reuse in place rather than a widening.",5,2685731855,"five, each proven to fail by injection with a byte-identical restore: it flags exactly rows 66, 69, 213, 222 and 226; it removes nothing and every flagged row still shows its proposal; the line it names is never the proposal, which is the artefact-side statement of 'meaning may veto, never select'; every flagged line really is a leftover that kept and gained wording at that boundary, rebuilt from the inventory without calling the builder; and every flag reaches the answer sheet's check_this_again, including on CONFIRM rows, because a warning that goes quiet where the software is most confident is no warning."
101,2026-08-15,analyst,imports:3002.19.00.00:2021-12,3002.19.00.00,"The reason cells on rows 213 and 222 quote the WCO as saying 3002.19 'was considered by the HS Committee to be empty and it was therefore deleted'. Checked against evidence/wto/wto_ch30_pairs.csv, 3002.19 appears exactly twice in the whole file and both are the 2012-to-2017 boundary that CREATED it. It is absent from the 2017-to-2022 table entirely, and the 'empty' remark sits on a block whose codes are 3002.11, .13, .14 and .15. On the evidence file alone the quotation looks like a misattribution.",a guard that discards the thing it was protecting,"parse_page() refuses to let a line holding prose in the column zone start a data block. That guard is correct and is what stopped the parser inventing '3002.19 -> 3006.93' on WCO authority. But it dropped the whole line, including the code, so a subheading the document ADDRESSES and gives no destination for left no trace. The pairs file records correlations, and a deletion notice is not one, so there was nowhere for it to go.","NOT A MISATTRIBUTION. The PDF was opened and the sentence is there, on both independently typeset tables: page 9 of Table I as '(3002.19) This subheading was considered by the HS Committee as empty', and page 30 of Table II as '3002.19 This subheading was considered by the HS Committee to be empty and it was therefore deleted'. The reason cells quote it correctly. The extractor now captures such entries to evidence/wto/wto_ch30_statements.csv, a separate file: a statement has no counterpart, and putting it in the pairs file with an empty destination would make load_correlations() read a clean correlation as a split. wto_ch30_pairs.csv is byte-identical after the change, so no correlation moved.",2,1636154203,"three in check_stage1c_rank.py, each proven to fail by injection with a byte-identical restore. Both tables must record 3002.19 as deleted-as-empty, pinned on the CONTENT of the sentence rather than on a count, because asserting 'two statements exist' would pass on two empty strings. A wrapped remark must not run on into the codes beneath it, which is how the first version read '...therefore deleted 30.04 ex3006.93 Applicable subheadings of 30.04'. And a deletion notice must never appear as a correlation pair, which is the original defect."
102,2026-08-16,"automated review, verified by hand, 2026-08-15",imports:3002.10.10.10:2016-12,,"Stage 2's three successor-life columns, the successor's description and its first and last traded month, had no control of any kind, and 89 of 299 settled links carried a description from a life of the successor other than the one that receives the trade. 107 of 299 carried a span from the wrong life.",reading the wrong life of a code that has more than one,"stage2_apply_decisions.py built its lives map with one entry per CODE, keeping whichever life had the greatest last_period. A code recycled after a long gap has two lives, and the map answered every question about it with the later one, including questions asked about a retirement that happened decades earlier.","The map now holds one entry per LIFE, and every read names the life that is open at the month the record ends the retiring classification. The three columns are recomputed in the check from the inventory, sharing no code with the stage.",107,,"three in check_stage2_apply_decisions.py, one per column, each rebuilt from commodity_inventory rather than read back from the stage, and each proven to fail by reinstating the max-last_period map with a byte-identical restore afterwards. No published link moved: the columns are descriptive and the successor code itself was already correct."
103,2026-08-16,"automated review, verified by hand, 2026-08-15",exports:3004.90.10:1988-12,3004.90.10,"Stage 4 put EX-30049010, Medicaments nes in dosage for human use, which ended 1988-12, in the same family as cannabis, which began 2018-02. Stages 1a, 3 and 5 all refuse to cross that boundary; Stage 4 was the only stage that did not.",reading the wrong life of a code that has more than one,"Stage 4 built its components over code NUMBERS, codes as a sorted set of hs_code and edges as (retiring_code, successor), while every other stage works in trading SPANS. A recycled number is one node in that graph and two spans everywhere else, so it welded unrelated lineages into one family.","Components are now built over spans. The family identifier carries the anchor's own month, because once a family is a set of spans two families can be anchored on different lives of one number, and three export numbers are: 30029010, 30033100 and 30049010.",5,,"the five welds are named individually and pinned, so a re-weld fails by name rather than by count; imports 117 to 118 families and exports 45 to 48, both reconciled before they were re-pinned; the largest import family falls 21 to 17 codes as butter-making ferment cultures leave the toxoid family they had never belonged to."
104,2026-08-16,"automated review, verified by hand, 2026-08-15",,,"check_stage4's control 'two strings cannot be given one identifier' passed, and it passed precisely BECAUSE the stage was giving two strings one identifier. Deleting the control changed nothing, which is the definition of a control that carries no information.",a guard that cannot fire,"The control credited a refusal in the stage that the stage's own grouping made unreachable: while families were keyed on code numbers, the duplicate could not present itself in the form the refusal tests for.","duplicate_identifiers() is lifted out of the stage so it can be called directly, and the control now provokes it with a synthetic pair rather than waiting for the delivery to produce one.",0,,"the refusal is provoked on input the delivery does not contain, and the probe is asserted to fail when the refusal is removed."
105,2026-08-16,"automated review, verified by hand, 2026-08-15",exports:3002.90.20:2016-11,3002.90.20,"Statistics Canada writes (Terminated 2016-12) against the CODE 30029020, so both of that code's description-records inherit it: the 1988 human-blood line and the 2000 to 2011 Saxitoxin line. Stage 0 recorded the note as a property of the description ERA, so a note about Saxitoxin made a line that ended in 1988-12 look declared, 336 months early.",keying on the month money stopped rather than the month the record ends the classification,stage0_read_source.py attached stated_termination to each description-record without asking which of the code's lives the note describes. 51 lives across the delivery carry a note written about another life of the same number.,"Stage 0 now writes stated_termination_is_this_life, computed by comparing the note against the first month of every LATER life of the same code: a note landing at or after a later life's first month belongs to that later life. The first attempt at this rule moved 43 rows and only 1 of them was right. The other 42 were notes landing after money stopped, which is the wrong-month class this project has now paid for six times.",1,331522,the attribution is re-derived in check_stage0 from the written file rather than read back; retirement_basis moves 300/4/15 to 299/5/15 and the single moving row is named; stage1c filters candidate wordings on the new column.
106,2026-08-16,"automated review, verified by hand, 2026-08-15",imports:3002.10.29.20:2021-12,,"The ranker scored each candidate against the candidate's LAST wording, so a candidate whose life had already closed when the record ended the retiring classification was compared on words it no longer bore. A word-for-word successor was hidden that way.",keying on the month money stopped rather than the month the record ends the classification,"wording_at() in stage1c_rank.py, and its twin description_shown() in make_adjudication_queue.py, both selected a life without reference to the month the retirement had to be received in.",Both now take the month the RECORD ends the classification and read the life in force then. Scores moved on 314 candidate rows across 74 retirements. No rule changed and nothing new was removed on meaning.,314,,the ranker's era selection is recomputed in check_stage1c from the inventory; three pinned queue figures moved with it and each was reconciled before re-pinning.
107,2026-08-16,"automated review, verified by hand, 2026-08-15",,,"Stage 0 asserted the month the delivery BEGINS and never the month it ENDS. Truncating both source databases at 2025-12 removed CAD 18,085,120,609 and moved the last_period of 41 export and 112 import records, and Stage 0 accepted both truncated sources with no error and every export control still passing.",a guard that cannot fire,"Every source database records period_min and period_max in a metadata table, and nothing in pipeline/ or checks/ read it. The delivery's end was inferred from the data it was meant to validate, so any truncation validated itself. The one control over stated_termination_matches_data had the same shape: it asserted only that the column held yes or no, which the writer guarantees.","declared_period_range() reads period_min and period_max from the database, and describe_inventory refuses when the latest month observed is not the month the source declares. The stated_termination comparison is rebuilt from the two fields it is a function of rather than type-checked.",153,18085120609,"both proven to fail against truncated copies of the real databases in the scratchpad, restored byte-identically afterwards."
108,2026-08-16,"automated review, verified by hand, 2026-08-15",,,"Stage 5's central control requires that re-walking every journey reproduces Stage 3's journey string exactly, for all 572 commodity strings. It could not fail: walked was built by appending Stage 3's own codes, so the comparison compared Stage 3's answer with itself.",a guard that cannot fire,The walk read the codes out of Stage 3's arrow-joined string instead of deriving the path independently.,"Stage 5 now derives the path the way Stage 3 derives it, from the successions Stage 2 settled, so the two can genuinely disagree.",0,,"proven inert before the change, by replacing a journey with a hop Stage 2 never settled and watching Stage 5 exit 0 and publish a step for the invented code, and proven able to fail after it."
109,2026-08-16,"automated review, verified by hand, 2026-08-15",,,"step_first_period and step_last_period are published on every lineage row and were read by no control anywhere, and Stage 5's wording control could not detect a description taken from another era.",an unguarded published column,"The controls checked the shape of the lineage and the identity of its codes, and never the months or the words each step carries.","Both columns are rebuilt in check_stage5 from the inventory and the routed journeys, and the wording control now names the era it expects.",0,,"three, each proven to fail by perturbing one step's months and one step's wording, restored byte-identically afterwards."
110,2026-08-16,"automated review, verified by hand, 2026-08-15",,,"The guard 'no earliest-wording map survives anywhere in the pipeline', this project's only structural defence against the era failure class it has now paid for six times, had never been provoked, and could not fire on two obvious spellings of the hazard it forbids.",a guard that cannot fire,"The matcher required the line to contain one of three literal tokens: descriptions[, best[ or [code]. A map spelled wording[hs] = ... or seen[code] = ... walked straight through it. It also read only the line the comparison sits on, while the assignment it guards is on the next line.","The test is now the SHAPE, a subscript assignment beside a first_period comparison, read over the three-line window an if/assign pair occupies, rather than three spellings someone happened to have written.",0,,"three probes: the matcher must catch a map named wording and one named seen, and must NOT fire on a first_period comparison that appends rather than writing a map. All three failed against the old matcher and pass against the new one."
111,2026-08-16,"automated review, verified by hand, 2026-08-15",,,"Both controls guarding the tariff-schedule layer's narrowing report a clean result over an empty set. The layer answers 13 import and 9 export retirements and every one is silent_no_effect, so it removes 0 candidates: the too_early control's violation predicate is unreachable, and the six-digit recomputation's gate matches 0 rows in either flow.",a check that reports a clean result on no data,"Both controls counted the rows they iterated rather than the rows they examined, and printed the same line over nothing that they would print over a hundred real narrowings.","record_over() prints EMPTY rather than PASS when the subject is empty, and the subject SIZE is pinned at 0, so this check fails the day the schedule starts narrowing and someone must read the rows before re-pinning. Verified by hand that the schedule layer decides 13 import and 9 export rows and removes a candidate on none of them.",22,25925785137,"four probes over record_over itself, written in the same sitting: a pinned-at-0 subject that gains rows fails; one that loses rows fails; a real subject still reports the control's own verdict in both directions; and only the empty case is listed as EMPTY."
112,2026-08-16,"automated review, verified by hand, 2026-08-15",,,"The docstring defence of the six-digit matching rule advertised its cost as 109 import candidates across 36 retirements and 22 export across 12. The check pinned 83 across 30 on imports, so the docstring was already stale, and neither figure is the cost: it is the size of the subject.",a measurement quoted as something it does not measure,"The would_exclude loop runs over EVERY retirement regardless of which layer answered it, and resolve() returns at the first layer that answers. The schedules are consulted last, so a row the concordance or the correlation tables already decided never reaches them.","Attributed by the layer that decided the row, verified by an independent reimplementation that reproduces both pins to the unit: on imports all 83 sit on rows the concordance (75 across 26) or the correlation tables (8 across 4) decided, and the schedule reads none of them. On exports 7 of 22 are on rows the schedule decides, and one of those, 30029020 retiring 2016-11, would lose BOTH its candidates, which is all_candidates_absent and returns the field intact for a ruling rather than excluding anything. The price actually payable is 5 candidates on 3 export rows plus 1 row diverted.",4,,"a new control pins the payable cost (5, 3, 1) separately from the measured subject (83/30 and 22/12), so a defence of the rule quotes what the rule costs; the docstring now states both and says which is which."
113,2026-08-16,"automated review, verified by hand, 2026-08-15",,,"The guard on the topmost layer of the official record keyed its subject on the exact month while the stage keys on the year, so the 8 retirements the 2026-08-11 concordance correction was made for, CAD 167,730,730, sat outside the control's subject. A mutation test showed it passing when one of those 8 was demoted, while failing on an exact-month sibling.",keying on the month money stopped rather than the month the record ends the classification,"check_stage1b built named_codes keyed on (month, code) while pipeline/stage1b_official_record.py resolves the concordance on (year, code). The control therefore still encoded the pre-correction rule it was written to defend.","named_codes is keyed on (year, code) on both sides. The subject widens from 89 to 97 retirements and all 43 controls pass.",8,167730730,"the widened subject is asserted, and the mutation that the old control could not see now fails it."
114,2026-08-16,"automated review, verified by hand, 2026-08-15",,,"20 of the 61 published columns of the four newest artefacts could be overwritten on every row, with a garbage token or with blank, and the whole check suite stayed green. Among them were decided_by and decided_on, the provenance of 220 analyst judgements.",an unguarded published column,"The controls asserted the shape of each artefact and the identity of its codes, and never the columns copied across from an earlier stage. A copied column was treated as verified because its source was verified, which does not check the copying. Two controls in check_adjudication_queue.py do read the signatures, but they read decisions/stage2_decisions.csv, the source, so the transcription into the delivered artefact was verified by nothing.","Re-swept by hand on 2026-08-16 rather than taken from the audit: findings 102 and 109 had closed five of the twenty in the meantime, and Stage 4 had gained one, so the live count was 16 unguarded plus 1 caught only when blanked. Sixteen controls added across four checks, each rebuilding the column from the file the stage read it out of and never from the stage. The signature rule is keyed on whether the workbook holds a written decision, not on the artefact's authority column: the five not_a_retirement rows carry authority=delivery and were still written and signed by a person, so keying it the other way would have called those five forged.",124,,"sixteen, and the proof is checks/sweep_published_columns.py, which overwrites every column of every artefact on every row in both modes, runs the suite after each, and restores byte-identically between runs. Before: 16 unguarded and 1 one-sided on imports. After: 62 of 62 columns guarded on imports and 62 of 62 on exports, both modes caught on every one. The detail column's vocabulary is written out in the check rather than imported, and the list is closed, so a `held` row appearing tomorrow fails rather than being waved through."
115,2026-08-16,"automated review, verified by hand, 2026-08-15",exports:3004.90.10:1988-12,3004.90.10,"decisions/medicine_families.csv was keyed on (flow, hs_code) with no era, so a number with two lives got one entry describing whichever life the analyst had looked at. Queue row 2 is the 1988 line 'Medicaments nes, in dosage, for human use', which ended 1988-12, and it was shown the family recorded against the 2018 cannabis life of the same number. A control pinned that schema, so adding a per-era row would have broken a passing check.",reading the wrong life of a code that has more than one,"load_families() returned {(flow, hs_code): row} and none of the seven public functions took a month, so every one answered 'what is code X' rather than 'what was code X in the era that matters'. The table had no period column either, so the signature could not have been fixed alone.","Re-keyed on (flow, hs_code, first_period), with first_period and last_period written into the table. entry_at() reads the life open in a given month and entry_receiving() reads the life that could receive a retirement, mirroring stage1c_rank.wording_at and make_adjudication_queue.description_shown rather than inventing a second rule. All seven call sites now pass an era. With no month given, a code with several lives returns nothing rather than one of them, because an absent entry reads as unknown and that is the safe direction.",15,13951771261,"the schema control was replaced. The old one compared len({hs_code}) against len({(hs_code, flow)}), which differ only when a code appears under both flows; import codes are ten digits here and export codes eight, so it could not fail on any data this project can produce. It now asserts that no LIFE is classified twice and that every entry is keyed to a life the delivery holds, both provoked. Measured: 31 of 177 entries sat on multi-life numbers; 11 of 100 annotated queue rows were shown a family from another life, CAD 13,104,985,488, and 4 more were shown the wrong life of the successor, CAD 846,785,773."
116,2026-08-16,"automated review, verified by hand, 2026-08-15",,3004.90.00.72,"The only control over the derived half of the table read `family_code[:-1] == hs_code[:-1]` and printed 'every derived entry points at a leftover line in its own block'. It tested that two codes share nine digits and nothing else. All 108 derived entries passed it, including 19 that named a line their trade could never have reached. 3004900072, antineoplastic agents, pointed at 3004900074, 'Medicaments primarily affecting eyes, ears and respiratory system'.",a control that does not test what its name says,"Digit-prefix equality is a property of the two numbers, not a claim about the tariff. Nothing anywhere asked whether the target was a residual, whether it was the block's residual rather than a named group inside it, or whether it existed while the member traded.","Three separate controls, because the three fail on different rows. Nine entries re-pointed, eleven cleared, one given an enclosing line. THE RULE IS GENERALITY, NOT NUMBERING: '.X9 is the residual' is false, and in block 300490003 the higher-numbered .39 is 'acting on the CENTRAL nervous system' while .35 is the broader 'acting on the nervous system, nes'. Applying the numbering rule would have moved six entries onto a narrower line. The block's leftover is the residual whose content words sit inside every other residual's.",21,42378060066,"three, plus a fourth requiring that an entry which can name no leftover names none. THE DIRECTION TEST IS THE SUBTLE ONE and it cost 9 false positives before it was got right: a leftover line MAY begin after the member closes, because at every HS revision the tariff shuts a residual in December and opens its replacement in January, and seven entries name a line 1 or 2 months later. Those are correct. What cannot be correct is a line that had already closed before the code began. Requiring overlap in both directions would have called all seven defects and re-pointed them wrongly."
117,2026-08-16,"automated review, verified by hand, 2026-08-15",,,"meaning_gates.is_a_catch_all returned False for 'Mixtures amino acids,nes,in doses/packings for retail sale,o/t No 30.02/05' -- a line that says nes in its own wording. From the 2017-2018 revision onward essentially every Chapter 30 residual carries the scope note 'o/t No 30.02/05/06', and the gate read that as an exclusion of goods and answered no on the strength of it.",a guard that cannot see its own case after a wording change,"EXCLUSIONARY_MARKERS holds 'o/t', and any exclusionary marker cancels a catch-all marker. 'Vaccines o/t against influenza' really is a complement and must not be treated as a residual, but 'o/t No 30.02' says which heading a line sits under. The two spellings had never been separated.","An o/t that introduces a heading NUMBER is stripped before the exclusion test; one that names goods is left in place. The two kinds were counted rather than assumed: of 94 lives carrying o/t, 81 introduce a heading number and 13 exclude goods, as in 'Vaccines, o/t for against influenza virus' and 'Dressings of woven fab o/t of cotton'. Found independently by hand and by the parallel workflow, which reached the same 27 lives and the same CAD 134,080,082,251.",27,134080082251,"none of its own; it is asserted through the medicine-family controls, which could not recognise a modern leftover line at all while this stood. VERIFIED NOT TO MOVE THE CROSSWALK: all 19 published artefacts are byte-identical across the change and the suite stays green. 8 queue rows improve, every one already settled, and on 3 of them the new reading corroborates an accept the analyst had already made."
118,2026-08-16,"automated review, verified by hand, 2026-08-15",imports:3004.20.00.52:1996-11,3004.20.00.52,"The co-casualty control reported 32 strandings against 32 recorded in decisions/leftover_line_gaps.csv and passed. The true count was 33. Queue row 14, imports 3004.20.00.52, CAD 1,094,147, stops 1996-11 beside a leftover line that ended 1997-12, a gap of 13 months against a threshold of 24.",reading the wrong life of a code that has more than one,"The check built its inventory as a dict written once per code, so a leftover line with two lives answered with whichever ended latest. Measured against that last life the gap is 181 months, so the row fell out of the subject entirely and the control passed at 32 of 32 while one real stranding went unrecorded. Two further dicts in the same file collapsed lives the same way.","The lookup returns every life and the gap is measured against the nearest, not the last. Two rows left the ledger at the same time, 3002.90.00.10 and 3004.50.99.20, both carrying a NEGATIVE gap: their leftover line ended before the retirement did, which is finding 116 showing up in a second place. The ledger moves 32 to 31.",3,1094147,"the existing pair of controls now has a subject that can move in both directions, and it did: one gap appeared and two were resolved in the same edit. Both were proven by running the check before and after."
119,2026-08-17,"automated review, verified by hand, 2026-08-17",,,"The end-of-pipeline meaning audit had never examined anything. It exited 3, meaning 'no history file exists', and the runner was configured to require that exit, so the day it gained a subject the build would have failed for the wrong reason. Its subject exists now: Stage 6 writes output/{flow}_lineage_timeline.csv and the audit reads 1,091 published steps across both flows.",a check that reports a clean result on no data,"Stages 1 to 6 write those files and Stage 6 was unbuilt, so the check had been correct to refuse. What was not correct was the exit code it produced once it could read them: it returned 1 on ANY reported step, and 37 of the 37 it reports come from the two rules whose action is review.","Exit 1 now means a step crossed a DISQUALIFYING distinction, and review flags are printed, counted and not fatal. A review rule may not decide anything: measured against Canada's own concordance it fires on 5 of 125 known-correct successions, which is why families.py already reads only the disqualifying rules and why the ranker flags rather than removes on them. A check that failed the build on a review flag would let a review rule decide. THE HEADLINE RESULT: every disqualifying rule reports 0 steps across both flows, so no published lineage step crosses a distinction this project has declared decisive.",1091,,"the runner's expectation moves from exit 3 to exit 0, so the day Stage 6 stops writing a timeline the build fails rather than reading as clean. The guard was proven able to fire by rewording one published step from human to veterinary use, which is the `use` distinction: it reported '1 of them by a DISQUALIFYING rule' and exited 1, and the file was restored byte-identically afterwards."
120,2026-08-17,"automated review, verified by hand, 2026-08-17",,,"17 of the 45 columns Stage 6 publishes could be overwritten on every row, with a token or with blank, and the whole suite stayed green. Finding 114 in a new home: those controls had been written for work/, and output/ did not exist when the sweep was last run.",an unguarded published column,"Six are duplicates v1's shapes carry by design -- orig_commodity beside orig_hs_code, latest_commodity beside latest_hs_code -- and eight more are the lookup's identity columns repeated in the other three files. A duplicate that nothing compares is two values free to disagree, and a reader has no way to tell which is right. The rest are the provenance columns, which no control read at all.","Every one is rebuilt from the stage that owns it: the duplicates are compared with their originals, the repeated columns with the lookup, the terminal wording with Stage 3, and all six provenance columns from the journey's hops. checks/sweep_published_columns.py now covers output/ as well as work/.",107,,"six controls. After: exports 107 of 107 columns guarded in both modes, imports 106 of 107. The exception is departure_from_official, which is blank on all 475 import rows because no import retirement departs from the record, so blanking it is a no-op and there is nothing to catch. It is guarded in both modes on exports, where it has content."
121,2026-08-17,"automated review, verified by hand, 2026-08-17",,,"The suite's headline, 656 of 656, was built by summing whatever the fourteen checks printed and comparing that total against nothing. A check that reported FEWER controls, and failed none of them, still read as SOUND, and every word of the headline would have been true. Two checks do exactly that today: check_stage0_source_inventory.py:524 skips its two swap-test controls when source/exports.db is absent, and check_adjudication_queue.py:1031 skips three when work/_decisions_seen.json is. Both print 0 failed and exit 0 while doing it.",a check that reports a clean result on no data,"run_pipeline_end_to_end.py held no expected figure at all, so there was no guard to be inert: total_controls was accumulated at :293 and printed at :340 and appeared nowhere else. The two skipping branches are each right in themselves -- refusing to write an absent comparison as a passing control is what this suite is for, and finding 111 is the same refusal one level down. The defect was in the summing, which turned an honest smaller number into a headline that read identically to a complete one.","Three pins in the runner. EXPECTED_CONTROLS carries the thirteen checks that report controls. EXPECTED_SELF_TEST_CASES carries check_decisive_distinctions.py separately, because it reports an exit code rather than a tally and its 71 self-test cases have never been part of the headline; folding them in would make N of N count two kinds of thing. EXPECTED_TOTAL_CONTROLS is a literal rather than a sum of the dict, because a check removed from CHECKS runs nothing and can fail no pin of its own. The summary now also states that the meaning audit is counted apart, which is the labelling this hid.",5,,"five failure paths, every one proven to fail before being trusted. Two against the real delivery, by moving source/exports.db aside: the per-check pin reported 34 against 36 and the total 654 against 656, where the old runner had printed 654 of 654 passed and SOUND. Three by injection into a temporary copy in checks/, so the runner was never edited to prove itself -- an unpinned check is named, a check pinned for controls that prints none is named, and a self-test count that moves is named. The real file's hash was unchanged across that run and the copy was deleted. Committed at fd99092."
122,2026-08-18,"automated review, verified by hand, 2026-08-18",imports:3002.90.00.10:2021-12,3002.90.00.10,"A subheading survived an HS revision while part of its content was carved out into a NEW subheading. The candidate ladder narrows to the tightest rung that returns anything and widens only when the narrow answer is EMPTY, so the rung kept returning members, never widened, and the receiving lines were never candidates. At 2021-12 the HS2022 restructure moved toxins and micro-organism cultures from 300290 into the new 300249; 3002490010 and 3002490020 sat among 111 codes never considered. The queue row said ""a list lost an item"" and could not say where it went.",a guard that cannot fire,"assemble_candidates picked the narrowest non-empty rung and no later layer could repair it, because the official record only VETOES: it can remove a candidate but never add one. official_constraint_sets.csv holds 5 rows, all at boundary 201701, and nothing at all for 2021 to 2022, the largest structural change in the delivery. Text could not repair it either: 3002900020 scores 0.9466 against the toxin line because it kept five of its six terms, while the line that took the sixth scores 0.3125.","FIXED. stage1_candidates.py gains a carve-out rung beside the ladder: a code BORN at the boundary, in another subheading, where each line head noun appears in the other wording and nothing left in the code own rung still leads on that term. It only ever ADDS. Two earlier drafts were rejected by measurement, at 126 and 71 of 280 import rows; the rule that holds fires on 6. Seven candidate pairs added, none removed, one of them vetoed by dose form. The analyst then ruled on both links: 3002900010 to 3002490020 and 3002900050 to 3002490010.",8,1083353075,"check_stage1_candidates.py: four controls, two naming the two carve-outs outright and two holding the rung to its measured size, all proven to fail against the pre-fix artefact in which the column does not exist and both codes considered exactly four candidates. Suite 656 to 660 controls."
123,2026-08-18,"automated review, verified by hand, 2026-08-18",,,"The end-of-pipeline meaning audit compares the lineage timeline consecutive steps, and a step recorded wording is not necessarily the one in force when the step began. IM_0166 lived entirely inside step 1, stamped 1988-01..1997-12 while showing a wording that did not exist until 1990. Comparing step 1 with step 2 compares two human wordings; comparing the journey endpoints does the same. The lookup and the timeline disagreed about the same record origin.",a check that reports a clean result on no data,"The audit subject is the artefact, and the artefact had already lost the evidence.",FIXED. check_stage5_lineage.py asserts that no step shows a wording crossing a decisive distinction from the one in force at its own first period. Re-wordings inside a step stay allowed; 226 steps carry one and almost all are cosmetic.,1,1124520,"check_stage5_lineage.py, one per flow. Proven to fail: 1 hit on 4b663d4~1 naming IMR-3004509930-198801 step 1 and the use rule; 0 on this build."
124,2026-08-18,"automated review, verified by hand, 2026-08-18",,,"latest_hs_code and latest_description were compared with the stage that owns them on 22 of 475 import rows and 11 of 97 export rows, the two statuses carrying no successor. The other 539 rows rested on Stage 6 having copied correctly with nothing checking that it had.",a guard that cannot fire,"The only control making the comparison was deliberately narrow for a different, reader-facing purpose, and no general one existed beside it.","FIXED. The comparison now runs on every published row. 0 disagreements, so this closes an unguarded surface rather than an error.",539,605126317947,"check_stage6_outputs.py, one per flow, plus a perturbation control proving it objects when a terminal is bent."
125,2026-08-18,"automated review, verified by hand, 2026-08-18",,,"gate1 is committed output and the only control reading it asked whether output had copied it faithfully. A gate1 built from an older Stage 4 would be copied just as faithfully, pass, and ship v1 identifiers joined to families that no longer exist.",a guard that cannot fire,"Nothing tied gate1 to the build it describes, and gate1 is the file Gate 1 itself rests on.",FIXED. Every v2 identifier and family in gate1 is now checked against Stage 4. 0 disagreements.,572,0,"check_stage6_outputs.py, one per flow, plus a control proving it objects when gate1 names a family the build does not hold."
126,2026-08-18,"automated review, verified by hand, 2026-08-18",,,"decisive_distinctions.csv publishes 14 disqualifying rules and three cannot fire on this delivery: biotechnology and sterility have one pole only, and fabric construction has both poles but never apart, the two knit wordings also saying woven. A reader had no way to know.",a guard that cannot fire,Inertness was never measured or disclosed.,"FIXED. The inert set is named and pinned, so a delivery that makes one live is noticed rather than silently starting to veto. antibiotic content is NOT inert: it reads so on raw text because the corpus writes cont antibiotics, and fires once expanded. CORRECTED 2026-08-18, same day: the claim that a reader had no way to know was WRONG for two of the three. decisive_distinctions.csv already annotated biotechnology and sterility with ONE-SIDED, cannot fire on this delivery. Only fabric construction was undisclosed, and it is inert for a reason that column's format cannot express: it reads a healthy 6 one side / 3 other while all 3 knit wordings also say woven. See finding 136.",3,0,"check_rule_application.py, plus a guard asserting the shorthand expansion the measurement depends on is actually applied, because without it the answer is four and wrong."
127,2026-08-18,"automated review, verified by hand, 2026-08-18",,,Two functions named receiving_span apply different rules. Stage 1a also requires the life to have begun within the continuity grace window; Stage 3 does not. The Stage 3 docstring claimed they were the same rule.,reading the wrong life of a code that has more than one,"The divergence is correct, because Stage 3 routes a successor a person chose and the analyst may knowingly accept a gap the heuristic refuses. It was undocumented and unasserted.","FIXED as documentation and control, not as behaviour. Five links diverge, every one authority=analyst: four are 3006.80.90.10/.20/.30/.43 routed to 3006.92.00.00 on the WCO correlation, one is exports:3003.40.00:2016-11.",5,0,check_stage3_route.py: Stage 3 is only more permissive where a person decided.
128,2026-08-18,"automated review, verified by hand, 2026-08-18",,,"check_medicine_families.py read REUSE_GAP_MONTHS as builder.REUSE_GAP_MONTHS, and it reached make_adjudication_queue only through an import that module does not otherwise use. Tidying that import away would have broken the check from a distance.",a guard that cannot fire,The rule centralisation left seven unused imports and one was load-bearing by accident.,"FIXED. The check reads the constant from the module that defines it, and all seven dead imports are removed.",0,0,none; the coupling is removed rather than asserted.
129,2026-08-18,"automated review, verified by hand, 2026-08-18",,,"A published proxy error rate selected its subject with a map from code to its EARLIEST first_period, which forgets that a recycled number has more than one life. 3002900020 first traded 1998-01 and again 2022-01, so asking whether it begins at the 2021-12 boundary got 1998-01 and answered no. The map sat in checks, which the structural sweep never read.",reading the wrong life of a code that has more than one,The sweep that forbids era-blind maps iterated pipeline only.,"FIXED. The proxy reads every life start: 28 testable rows era-blind against 29 era-aware, the same 1 disagreement, so the rate was right and its subject was not. The sweep now reads checks and gate1 as well.",1,0,"check_stage1c_rank.py sweep widened; proven by running the pre-fix shape through the matcher, which flags it, and the fixed shape, which it does not."
130,2026-08-18,"automated review, verified by hand, 2026-08-18",,,"The structural sweep matcher existed twice, once in the sweep and once inside _matches_the_hazard, copied line for line. The probes that prove the matcher works therefore proved the copy worked, so weakening the real one would have failed nothing.",a guard that cannot fire,A control demonstrated by a duplicate of itself demonstrates nothing.,"FIXED. One predicate, _hazard_lines, called by the sweep and by every probe.",0,0,the existing probes now exercise the real predicate rather than a copy.
131,2026-08-18,"automated review, verified by hand, 2026-08-18",,,"Gate 2 reads: Zero rows left undecided. No exception. Ten rows carry an empty decision cell, CAD 337,143,882, so the gate fails on the cell reading and passes on the event reading. Separately the 15 rows the queue marks NOT A RETIREMENT are split 10 blank and 5 answered, the same category answered two ways, and 2 rows marked HELD, do not decide yet were decided.",a check that reports a clean result on no data,"The criterion does not say which of the two readings it means, and nothing asserted the properties that make the split harmless.","PARTLY FIXED, AND ONE PART IS THE ANALYST TO RULE. What is fixed: all 15 NOT A RETIREMENT rows resolve not_a_retirement on authority=delivery, so the five answers are inert and the split changes no outcome; both HELD rows carry a full written argument and overrode_a_hold=yes, so the override was recorded rather than silent; and no row is both undecided and unsettled. What is NOT fixed: the criterion still does not state whether undecided means an empty cell or an unsettled event. That is a wording ruling for the analyst.",15,337143882,"check_stage2_apply_decisions.py, three controls: no-retirement rows settle by the delivery whether answered or not, a decided hold says so, and nothing is both undecided and unsettled."
132,2026-08-18,"automated review, verified by hand, 2026-08-18",,,"Two identifier controls recomputed the identifier by calling the same constructor the stage used to write it, so a wrong constructor agreed with itself. They proved only that nobody had edited the file after the stage ran, which is not what their names claim.",a guard that cannot fire,The same shape as finding 130: a control demonstrated by the thing it tests.,"FIXED. Both rebuild the identifier from the published form in METHOD_family_id.md instead, and the comparison against the producer is kept beside each as its own control so the two definitions cannot drift apart unnoticed.",572,0,"check_stage3_route.py and check_stage4_build_families.py, two each. Proven by rebuilding the pre-2026-08-15 span_id form without its month and the record_id without its load-bearing R: the independent rebuild rejects both, the producer-based one would not have."
133,2026-08-18,"automated review, verified by hand, 2026-08-18",,,"check_rule_application.py built its failure list ABOVE the last two controls, so they were counted by len(results) and excluded from failed. A control could print [FAIL] while the summary read 14 passed, 0 failed and the process exited 0.",a guard that cannot fire,"Self-inflicted the same day, by anchoring an insertion on the summary print rather than on the failure list. The count matched the pin, which is what made it invisible.",FIXED. The failure list is built after the last control. Proven both ways: with the old ordering a forced failure printed [FAIL] and exited 0; with the new one it exits 1. Every other check was swept for the same shape and none has it.,2,0,"not a control but an ordering; the sweep for record() calls after the failure list is the check, and it is clean across all fourteen files."
134,2026-08-18,"automated review, verified by hand, 2026-08-18",,,"Fifteen rows resolve not_a_retirement on the ABSENCE of a termination notice, seven of them stopping within three months of the delivery end and carrying CAD 335,485,516. Nothing listed them and nothing said the evidence was an absence, so a reader could not tell these apart from a retirement positively shown not to have happened.",a check that reports a clean result on no data,Gate 2 counted undecided cells and had no clause for a row answered on an absence. The absence is correct today and a later delivery can fill it.,"FIXED. gate1/build_gate2_tail_disclosure.py writes gate1/gate2_tail_disclosure.csv, one row per case with its distance from the delivery end, its value, whether an analyst decision is also recorded, why it is not a retirement and what would change that. Gate 2 gains a clause requiring the list; the rows pass, they must be stated. Gate 2 now passes on all six clauses, measured.",15,345974865,"check_stage2_apply_decisions.py: the list is exactly the rows whose basis is no_termination_declared, and each states its distance and what would change it. Proven to fail by removing the file: exit 1."
135,2026-08-18,"automated review, verified by hand, 2026-08-18",,,"The paragraph justifying REUSE_GAP_MONTHS=60 named FOUR gap values for five gaps, omitting 132 months, exports 30033100. It also claimed a threshold of 24 OR 36 months would each add one further event: 24 adds one, 36 CHANGES NOTHING, because no gap in the delivery falls between 34 and 61. And it accounts for five splits when the delivery now has six.",a check that reports a clean result on no data,"Nothing checked the paragraph, so it drifted, and drifted again when a second splitting cause was added on 2026-08-18: a relabelling that crosses a decisive distinction now splits a span as well as a gap. A reader counting gaps finds five and concludes one is missing.","FIXED. The paragraph names all five gap values, states that 36 months moves nothing, and names the sixth split and its cause. A span split changes which family a record belongs to, so the inventory is now pinned rather than described.",6,0,"check_stage1_candidates.py, three controls: the five splitting gaps are 61/108/132/142/350, exactly one span is split by a decisive distinction, and no gap sits near the threshold (largest kept 34, smallest splitting 61)."
136,2026-08-18,"automated review, verified by hand, 2026-08-18",,,"decisive_distinctions.csv carries thirteen numeric corpus_coverage pins of the form N one side / M other side of 572. The method was never recorded and cannot be recovered: measured against the 572 published commodity strings, 4 of the 13 reproduce on expanded text and 3 on raw. Neither is a method, so the claim that two or three pins had moved could be neither confirmed nor refuted.",a check that reports a clean result on no data,A pin nobody can recompute is not a pin. Re-stamping them with new numbers would have invented a baseline rather than restored one.,"FIXED by computing rather than re-stamping. check_rule_application.py computes coverage over the 572 published strings on expanded text, states that method, and pins what it computes. The CSV column is left as the historical record of a 2026-08-10 measurement and is no longer relied on. Separately, fabric construction's inertness is now disclosed there the way biotechnology's and sterility's already were.",16,0,"check_rule_application.py: every rule sees the same share of the delivery it saw when measured, 16 rules over 572 strings with the method written down beside the number."
137,2026-08-18,"automated review, verified by hand, 2026-08-18",,,"The paragraph justifying CO_CASUALTY_MONTHS=24 carried four figures and all four were stale: 61 proposals themselves retiring, 13 within two years, the other 48, ranging twenty-five months to fifteen years. Measured 2026-08-18: 62, 12, 50, and 28 to 348 months, which is 29 years.",a check that reports a clean result on no data,"Written once and never re-derived. Both readings are internally consistent, 61 = 13 + 48 and 62 = 12 + 50, so nothing was miscounted at the time; the delivery moved underneath it.","FIXED. The paragraph is re-measured. What justifies 24 is not any of the counts but that it falls in a gap: the within-group tops out at 24 and the next value is 28, nothing at 25, 26 or 27. That is now a control rather than a sentence.",62,0,"check_adjudication_queue.py: the co-casualty counts are unchanged, and the line falls in a gap rather than through a cluster."
138,2026-08-18,"automated review, verified by hand, 2026-08-18",,,"meaning_gates separates two kinds of o/t: one naming a heading, one excluding goods. Reading the first as the second is what made every modern Chapter 30 leftover invisible to the residual rules. The split was counted once, 94 lives carrying o/t, 81 heading-number and 13 goods-exclusion, and nothing checked it afterwards.",a guard that cannot fire,"If the split moves, the expression has started answering a different question and every leftover-line rule changes subject with it.","FIXED. The 94/81/13 split is pinned, and it still reproduces exactly. The paragraph's other three figures, 27 lives, CAD 134,080,082,251 and 18 beginning 2017-01 or later, describe behaviour the code no longer has; they are annotated as history and deliberately not asserted, because they cannot be recomputed from the current code.",94,0,check_rule_application.py: the two kinds of o/t split the way they were counted.
139,2026-08-18,"automated review, verified by hand, 2026-08-18",,,"METHOD_family_id.md carried four wrong claims. Property 2 said a code belongs to exactly one family, false for five codes and contradicted sixty lines earlier by the statement that a family is a set of trading SPANS. Property 4 said splits cannot occur; eleven v1 families are split across v2 families. The counts section opened Provisional because 27 retirements are still open, and none is. The figure 182 of the 572 is 183.",a check that reports a clean result on no data,Properties 2 and 4 were written before spans existed and were never restated when they arrived. The rest are dated measurements presented as current.,"FIXED. Property 2 now says the ANCHOR is unique, which is a code AND a month. Property 4 drops the splits-cannot-occur claim and says what is actually stable. The provisional premise is superseded with re-measured counts. 182 becomes 183, in the document and in the check comment that quoted the same figure.",5,0,"none added; the anchor uniqueness and the family shape were already asserted, and the corrected text now matches what they assert."
140,2026-08-18,"automated review, verified by hand, 2026-08-18",,,"THRESHOLDS.md was written 2026-08-05 against v1's builder and documents two of the eleven numeric constants the v2 build uses. It names CLUSTER_THRESHOLD, MIN_ALT_SIM and WINDOW_MONTHS, none of which v2 has ever had. The nine undocumented include REUSE_GAP_MONTHS, which decides whether a recycled number is one commodity or two.",a guard that cannot fire,"The plan requires every threshold declared in one place with a written rationale. Nothing enforced it, and a principle nothing enforces is a preference.","FIXED. Section 0 declares all eleven with values, locations and rationale, and marks the existing sections as v1's. It also records that only three of the eleven are similarity thresholds, which is the honest answer to the reviewer's question: text only ranks, so the thresholds that decide most are temporal.",11,0,check_stage1c_rank.py: every numeric threshold the pipeline defines is declared in THRESHOLDS.md. Proven to fail by adding an undocumented constant: exit 1 naming it.
141,2026-08-18,"automated review, verified by hand, 2026-08-18",,,"INSPIRE2_V2_PLAN.md said the decision vocabulary is three states, approve / reject / undecided. None of that survives: the build recognises five words, approve, second, reject, none and unresolved, normalised so the workbook may say accept; there is no undecided anywhere in the sheet or the code; and an empty cell is not a state but the absence of an analyst answer.",a check that reports a clean result on no data,The vocabulary changed and the plan did not follow it.,"FIXED. This mattered beyond tidiness: Gate 2's criterion read Zero rows left undecided, naming a state the artefact it judges cannot contain, which is why it could not be evaluated literally and why two readings of it appeared. See finding 131.",0,0,none; the vocabulary is enforced by stage2_apply_decisions collecting anything unrecognised as unreadable rather than applying it.
142,2026-08-18,"automated review, verified by hand, 2026-08-18",,,"Gate 1's criterion is that every difference from the v1 release is either zero or explained in writing as a deliberate improvement with the reason. The difference files enumerate 24 rows and their detail column states only the SHAPE of each, for example '2 v1 families became one in v2'. That is a restatement, not a reason. Nothing carried the writing and nothing required it, so the gate could be declared met against files that explained nothing.",a guard that cannot fire,The criterion was written as prose in the plan and never turned into anything that could fail.,"FIXED. gate1/GATE1_DIFFERENCES_EXPLAINED.md carries the writing. The 24 rows are 9 connected events, every one count-preserving, each explained with its own evidence and confirmed by the analyst on 2026-08-18. This finding was named in the code and in three commit messages on the day and was NOT filed in the register until it was noticed on the same day, which is the hand-maintained-copy failure the register itself has an error class for.",24,24161588527,"check_stage6_outputs.py: every v1 family Gate 1 flags is explained in writing. Proven to fail by renaming one family in the document, which exits 1 and names it. It caught two real omissions the same day when the summary table was rewritten and dropped IM_0008 and IM_0009."
143,2026-08-18,"automated review, verified by hand, 2026-08-18",,,"THRESHOLDS.md, METHOD_harmonization.md, the SI and the stage 1a comment all said a gap longer than sixty months splits a span and that the largest gap kept inside one is 34. Measured on the delivery, nine same-worded silences of 61 to 121 months sit inside published spans: imports 3002200020, 3002900011 Ricin, 3002900012 Saxitoxin, 3003399100, 3004321000 and 3004409011, exports 30031000, 30033100 and 30034000. The smallest, 61 months, is exactly the gap that split 3002900020. Finding 135 re-measured the paragraph on 2026-08-18 and restated the false claim, because it measured between-record gaps only.",a guard that cannot fire,"Stage 0 groups the delivery into one record per code and wording, and span_runs tests the gap between consecutive records, so a silence under an unchanged wording can never reach the test. The rule as implemented splits only relabelled resumptions; every published statement of it omitted the word relabelled.","RESTATED, not enforced, decided by the analyst on 2026-08-19: splitting Ricin resuming as Ricin would manufacture eight retirements whose only successor is the same standing line, against the delivery's own termination notes. The rule is restated in all four documents with the calibration scoped to relabelled resumptions, where kept tops out at 34 and splits start at 61. The nine silences are disclosed with their evidence in gate1/reuse_silence_disclosure.csv, built by gate1/build_reuse_silence_disclosure.py. No output row changes.",9,3383220,"check_stage1_candidates.py: five controls hold the disclosure equal to the delivery in both directions, pinned at nine, with removal and invention provocations"
144,2026-08-18,"automated review, verified by hand, 2026-08-18",,,"orig_status in the published journeys equalled final_status on all 572 rows and contradicted its own chain's first step on every multi-step record. v1 published the column as the original commodity's fate: 357 of its 475 import rows and 30 of its 78 export rows read ended_YYYY-MM while final_status read active. Stage 6's docstring promises the v1 shapes with exactly two departures, both additive; this was a third, silent and non-additive.",a kept column silently changed meaning,"stage6_outputs.py wrote the walked terminal's status into orig_status instead of step 1's. The cross-file control then ASSERTED the copy, requiring orig_status to equal latest_status, which is finding 132's shape: a control pinning the defect it should catch.","FIXED. orig_status now carries the timeline's first step, which is v1's meaning in v2's vocabulary. The control was written first and failed on 348 rows against the pre-fix output. 315 import and 33 export published values change; lookup, timeline and provenance are untouched by this fix.",348,0,"check_stage6_outputs.py: orig_status held to the timeline's first step per flow, with a bent-row provocation; the defective assertion is removed"
145,2026-08-18,"automated review, verified by hand, 2026-08-18",,,"Stage 6's docstring defined latest_status with a succeeded value that occurs zero times in 572 rows, defined active in words that fit ended commodities, and claimed the status column still carries v1's spelling when v1 wrote active or ended_YYYY-MM and v2 writes four words.",a guard that cannot fire,"The vocabulary block was written for one column and read as though it covered three, and the spelling sentence described an intention rather than the files.","FIXED as documentation. The docstring now states which column answers about which code: step_status any of four values, orig_status the original's fate, latest_status and final_status the terminal's standing where succeeded cannot occur, and the v1 form derives from status plus period.",0,0,none; the vocabulary is stated beside the columns it describes and finding 144's control guards the one column that can drift
146,2026-08-18,"automated review, verified by hand, 2026-08-18",,,"Twelve published rows read official_adjudicated yes and boundary_crossed no at once: seven import chains adjudicated by the 2011 to 2012 revision concordance itself were published as crossing no boundary. at_hs_revision_boundary, wco_table and cbsa_concordance_covers keyed on the last traded month alone while stage 1b matches the concordance by the declared year and stage 1c holds on the union.",keying on the month money stopped rather than the month the record ends the classification,"The flags were written before the early-quiet fix reached the concordance lookup and the stage 1c hold, and were never re-keyed. The same defect in a fourth place, exactly as stage 1c's comment warned.","FIXED. The three flags now read the union of the trading month and the life-owned declared termination, which can only add. 20 stage 1 rows and 17 published boundary_crossed cells correct, no other artefact cell moves, pins re-measured: boundary 109 to 124 and 8 to 13, cbsa 89 to 97 and 3 to 6, wco reach 20 to 27 and 8 to 13.",17,,"check_stage1_candidates.py: the flags are rebuilt from the inventory's own notes on every row, with a bent-flag provocation"
147,2026-08-18,"automated review, verified by hand, 2026-08-18",imports:3002.90.00.12:2016-10,3002900012,"The shipped build held twelve spans as too recent while both method documents said nine worth CAD 336,293,520. The second hold clause, sparsity against the code's own longest quiet, existed only in code comments. One held row was Saxitoxin, declared terminated 2016-12 and named outright by the concordance, flagged too_recent_to_call 116 months after its last trade.",keying on the month money stopped rather than the month the record ends the classification,"The hold read only the trading gap, so a declared, record-decided retirement could be held on its own silence, against the stage's own stated principle that the hold applies only where silence is the only evidence.","FIXED. Only a trade_ceased_only span can be held; a declared or reused retirement is established by the record. Saxitoxin is no longer held and the shipped hold is eleven rows worth CAD 337,738,720: nine by the twelve-month window and two by the sparsity clause, now documented in METHOD_harmonization.md and THRESHOLDS.md.",12,337739298,"check_stage1_candidates.py: a declared or reused retirement is never held on silence, with a doctored-row provocation"
148,2026-08-18,"automated review, verified by hand, 2026-08-18",,,"METHOD_family_id.md's current-data table carried 124 and 51 families, 262 and 24 successions, 18 and 5 codes and 39 and 40 singletons underneath the finding-139 note asserting re-measurement, beside prose already saying 118 and 48. The same document called the CAD 179,549,284,391 retirement-queue total the delivery's, and folded 19 new export strings onto 14 HS8 codes when the 19 sit on 19 codes and 14 is the count new to the universe.",a check that reports a clean result on no data,"Finding 139 re-stamped the prose around the table and not the table, and nothing read the document afterwards.","FIXED. The table now measures the shipped build: 270 and 30 successions, 118 and 48 families, 17 and 6 codes, and the singleton row names its measure, families holding a single code, 31 and 33. The queue total is labelled as the queue's, beside the delivery's CAD 606,575,957,820, and the export sentence separates the two counts.",0,,check_published_figures.py pins the corrected figures against the artefacts
149,2026-08-18,"automated review, verified by hand, 2026-08-18",,,"METHOD_harmonization.md counted five two-period codes where the shipped build holds six, 279 import retirements where it holds 280, and section 5's official-record tallies, 89 8 4 28 150, could not be mapped onto the shipped outcome vocabulary consistently across the two flows. The stage 1a comment still read 170 of the 279.",a check that reports a clean result on no data,"The 2026-08-18 relabel split of imports 3004509930 moved every count by one and the document, written 2026-08-11, was never re-stamped; the tally sentence predates the outcome vocabulary.","FIXED. The section states the sixty-month rule with its relabelling condition, six two-period codes, 280 and 40 retirements, and the tallies in the pipeline's own outcome names summing to 280 and 40. Section 10 is re-stamped at 724 controls and 27 artefacts.",0,,check_published_figures.py pins the corrected figures against the artefacts
150,2026-08-18,"automated review, verified by hand, 2026-08-18",,,"The manuscript SI stated the unqualified sixty-month rule, listed four reuse gaps for five, omitting the 132 finding 135 restored elsewhere, claimed the sparse side tops out at 34, counted five span-split events, four of them at 1988-12 where three of its own table rows end there, and carried 279, 240, 89, 109, 146 and fifty-controls figures the build had moved from under.",a check that reports a clean result on no data,The SI was prepared 2026-08-10 and the build kept moving; nothing read it afterwards.,"FIXED. The SI states the relabelled-resumption rule, the nine same-worded silences with their evidence, six split events with the gap-free sixth in its table, three at 1988-12, and the re-measured reach table: 97 of 280 covered at CAD 49.6 billion, 124 of 280 at a boundary at CAD 66.5 billion, 147 predating any schedule, 241 of 280 at the subheading, eighty-six controls.",0,,check_published_figures.py pins the corrected figures against the artefacts
151,2026-08-18,"automated review, verified by hand, 2026-08-18",,,"Provenance detail strings read named outright by Canada's ten-digit concordance at 201610, dating the concordance by the money-keyed hop month, so a reader is cited to a concordance that does not exist. 210 published import rows carried the form.",a citation that names no real document,"stage2_apply_decisions.py printed the row's boundary month into the citation; the concordance is matched on the year the record calls the code obsolete, and that year names the edition.","FIXED. The detail now reads named outright by Canada's ten-digit concordance, 2011 to 2012 or 2016 to 2017, derived from the covered boundaries stage 1a owns, and stage 2 stops if a decided row matches no single covered year. 89 work rows and 210 published resolution_detail cells change.",210,,check_stage2_apply_decisions.py: the closed detail vocabulary derives the edition and would fail on the month form
152,2026-08-20,"automated review, verified by hand, 2026-08-20",,,"orig_commodity and latest_commodity in every published shape carried the bare dotted code. v1 published both as the FULL SOURCE STRING, dotted code plus raw wording plus the (Terminated YYYY-MM) note, which is the column both consuming applications join their monthly data's Commodity field against: all 553 v1 rows differ from a bare code. A stage 6 comment claimed v1 published both columns holding the same value as the code columns, and a control ASSERTED the bare-code copy, so the suite was green while every consumer join was broken.",a kept column silently changed meaning,"Stage 6 wrote record hs_code into orig_commodity and the terminal code into latest_commodity on the strength of its own comment; nothing compared the columns against the v1 baseline's CONTENT, only against v1's column names. The definitions-vs-output re-audit missed it for the same reason: the control enshrined the wrong semantics, finding 132's shape in its third appearance.","FIXED. source_string() reconstructs the delivery's own commodity string with the code dotted, notes included as the source carries them, and stage 6 refuses a row whose inventory record it cannot find. Ten consumer-contract controls were written first and failed on all 572 rows against the pre-fix output. orig_commodity changes on 2235 published cells and latest_commodity on 1144 across the four shapes.",572,,"check_stage6_outputs.py: the commodity-string columns are rebuilt from the inventory and stage 3's terminal on every row, with a bare-code provocation"
153,2026-08-20,"automated review, verified by hand, 2026-08-20",,,"The released description columns carried raw StatCan shorthand: 432 timeline and 173 lookup import rows held bare nes and kin. v1 released every description through the 64-entry customs-abbreviation table, zero shorthand rows in either shape, and the plan's method-versus-tool table states that applying the table to the released description columns is the table's one purpose. v2 carried _shorthand.py and wired it only into internal comparison, never into stage 6.",a guard that cannot fire,The carry-forward manifest brought the table across and nothing asserted it was applied at release; an asset carried but wired to nothing is the guard-that-cannot-fire shape in a dictionary rather than a conditional.,"FIXED. Stage 6 passes orig_description, latest_description and the timeline description through expand_shorthand at write, exactly as v1 released them; the raw wording stays recoverable from the commodity-string columns. The expansion controls were written first and failed against the pre-fix output. Byte parity with v1 is not the target and is not achievable, because the deliveries themselves reword strings; the contract is the same construction rule applied to the current delivery.",605,,"check_stage6_outputs.py: the description columns are held to the abbreviation-table expansion of the owning stage's wording, per flow and per shape"
154,2026-08-20,"automated review, verified by hand, 2026-08-20",,,"The plan's authorship principle requires every shipped file to read in the author's voice, with a scan in checks/ enforcing it. No scan existed from 2026-08-05 to 2026-08-20, and the corpus drifted: a gate1 document opened with a tool attribution, one manuscript note carried first-person narration and an in-summary opener, fourteen em-dashes sat in author prose, eight scripts had no author header, and gate1/build_gate2_tail_disclosure.py hardcoded a drive-letter root, the class that broke on both machine moves.",a guard that cannot fire,"A principle nothing enforces is a preference, which is finding 140's lesson restated for prose voice. The plan named the scan and nothing tracked that it was never built.","FIXED. check_authorship_voice.py sweeps every shipped prose and code file: no tool or assistant reference anywhere, no fingerprint vocabulary, no word with a plainer substitute, no transitional adverbs, no em-dashes or emoji, no first-person-singular narration, sentence averages under 23 with list items counted, and an author header on every script. Quoted material, tables and code spans are exempt because they are not the author's voice; tool references have no exemption. Seven provocations prove each rule family fires and a clean sample proves the exemptions do not over-fire. Every corpus hit was inspected in context and fourteen files corrected, the seven prose and comment cleanups, the eight missing headers and the hardcoded root, with pipeline/_shorthand.py in two of those sets; aggregate came off the ban list because all fourteen uses were the correct trade-data sense.",14,,"check_authorship_voice.py, seventeen controls, wired into the runner at a pinned 752"
155,2026-08-20,"automated review, verified by hand, 2026-08-20",,,"METHOD_flowchart.html carried its own drawing of the framework with the counts of an earlier build, 279 retirements among them, and nothing pinned a figure's numbers the way the prose sweep pins a document's. Stage 2's docstring likewise still said the workbook held 230 rows where the sixth span split had made it 231.",a check that reports a clean result on no data,A figure is prose drawn as a picture and drifts the same way; no control read either the drawing or the docstring's count.,"FIXED. The framework has one canonical figure, manuscript/framework_flowchart.svg, drawn from the shipped build with two source databases as the analyst directed, and METHOD_flowchart.html is now a thin page that displays it. Three of the figure's numbers and the suite's own size are pinned in check_published_figures.py, alongside a control holding manuscript/CODE_COMPANION.md, the new one-document assembly of the whole pipeline, equal to the live files by hash. The docstring reads 231 with the date the count moved.",2,,"check_published_figures.py: three flowchart pins, the suite-size pin, and the companion hash control, suite pinned at 756"
