too_recent_to_call,retirement_basis,months_before_delivery_end,retiring_code,span_index,span_count,span_first_period,flow,heading,subheading,last_period,boundary,total_value_cad,description,subheading_survives,at_hs_revision_boundary,wco_table,cbsa_concordance_covers,tariff_schedule_covers,narrowest_tier,narrowest_count,n_same_subheading,n_same_heading,n_same_chapter,n_any_alive,n_continuous,n_alive_after_ignoring_continuity,candidates_continuous,n_born_at_boundary,n_carve_out,candidates_narrowest,candidates_outside_narrowest,candidates_born_at_boundary,candidates_carve_out
no,declared,234,3001100010,1,1,198801,imports,3001,300110,200612,200701,4534592.00,"Animal glands, dried, powdered or not, for therapeutic uses",no,yes,2002->2007,no,yes,same_heading,4,0,4,228,228,151,228,3001200000;3001900010;3001900020;3001900090,2,0,3001200000;3001900010;3001900020;3001900090,3002100010;3002100021;3002100022;3002100023;3002100029;3002100030;3002100041;3002100042;3002100049;3002100051;3002100059;3002100060;3002100090;3002110000;3002120011;3002120012;3002120013;3002120019;3002120021;3002120029;3002130000;3002140000;3002150000;3002190000;3002200010;3002200020;3002200030;3002200090;3002300010;3002300090;3002410010;3002410090;3002420010;3002420090;3002490010;3002490020;3002490090;3002510000;3002590000;3002900010;3002900011;3002900012;3002900019;3002900020;3002900030;3002900040;3002900050;3002900090;3002900091;3002900092;3002900093;3002900099;3003100000;3003200000;3003310000;3003310010;3003310090;3003390000;3003390010;3003390090;3003400000;3003410000;3003420000;3003430000;3003490000;3003600000;3003900010;3003900020;3003900030;3003900090;3003900091;3003900099;3004100010;3004100011;3004100012;3004100013;3004100019;3004100020;3004100031;3004100032;3004100090;3004200010;3004200011;3004200012;3004200013;3004200018;3004200019;3004200020;3004200031;3004200039;3004200041;3004200049;3004200051;3004200059;3004200061;3004200062;3004200063;3004200069;3004200071;3004200079;3004200080;3004200090;3004310000;3004310010;3004310090;3004320000;3004320011;3004320019;3004320020;3004390010;3004390011;3004390012;3004390013;3004390019;3004390081;3004390082;3004390083;3004390084;3004390085;3004390090;3004400010;3004400020;3004400030;3004400040;3004400050;3004400080;3004400090;3004410000;3004420000;3004430000;3004490010;3004490090;3004500010;3004500011;3004500012;3004500013;3004500014;3004500019;3004500020;3004500031;3004500032;3004500039;3004500040;3004500050;3004500061;3004500069;3004500070;3004500090;3004600000;3004900011;3004900012;3004900019;3004900020;3004900021;3004900022;3004900023;3004900024;3004900025;3004900026;3004900027;3004900029;3004900031;3004900032;3004900033;3004900034;3004900035;3004900036;3004900039;3004900041;3004900042;3004900043;3004900049;3004900050;3004900061;3004900069;3004900071;3004900072;3004900073;3004900074;3004900075;3004900076;3004900077;3004900078;3004900079;3004900081;3004900089;3004900090;3005100010;3005100091;3005100099;3005900010;3005900020;3005900030;3005900040;3005900050;3005900060;3005900090;3006100010;3006100090;3006200010;3006200020;3006200090;3006300010;3006300020;3006300090;3006400010;3006400020;3006400030;3006400090;3006500000;3006600000;3006600010;3006600011;3006600019;3006600090;3006701000;3006709000;3006910000;3006920000;3006931000;3006932000;3006933000;3006934000;3006939000,3006910000;3006920000,
no,declared,234,3001100090,1,1,198801,imports,3001,300110,200612,200701,6809180.00,"Glands, nes, and other organs, dried, powdered or not, for therapeutic uses",no,yes,2002->2007,no,yes,same_heading,4,0,4,228,228,151,228,3001200000;3001900010;3001900020;3001900090,2,0,3001200000;3001900010;3001900020;3001900090,3002100010;3002100021;3002100022;3002100023;3002100029;3002100030;3002100041;3002100042;3002100049;3002100051;3002100059;3002100060;3002100090;3002110000;3002120011;3002120012;3002120013;3002120019;3002120021;3002120029;3002130000;3002140000;3002150000;3002190000;3002200010;3002200020;3002200030;3002200090;3002300010;3002300090;3002410010;3002410090;3002420010;3002420090;3002490010;3002490020;3002490090;3002510000;3002590000;3002900010;3002900011;3002900012;3002900019;3002900020;3002900030;3002900040;3002900050;3002900090;3002900091;3002900092;3002900093;3002900099;3003100000;3003200000;3003310000;3003310010;3003310090;3003390000;3003390010;3003390090;3003400000;3003410000;3003420000;3003430000;3003490000;3003600000;3003900010;3003900020;3003900030;3003900090;3003900091;3003900099;3004100010;3004100011;3004100012;3004100013;3004100019;3004100020;3004100031;3004100032;3004100090;3004200010;3004200011;3004200012;3004200013;3004200018;3004200019;3004200020;3004200031;3004200039;3004200041;3004200049;3004200051;3004200059;3004200061;3004200062;3004200063;3004200069;3004200071;3004200079;3004200080;3004200090;3004310000;3004310010;3004310090;3004320000;3004320011;3004320019;3004320020;3004390010;3004390011;3004390012;3004390013;3004390019;3004390081;3004390082;3004390083;3004390084;3004390085;3004390090;3004400010;3004400020;3004400030;3004400040;3004400050;3004400080;3004400090;3004410000;3004420000;3004430000;3004490010;3004490090;3004500010;3004500011;3004500012;3004500013;3004500014;3004500019;3004500020;3004500031;3004500032;3004500039;3004500040;3004500050;3004500061;3004500069;3004500070;3004500090;3004600000;3004900011;3004900012;3004900019;3004900020;3004900021;3004900022;3004900023;3004900024;3004900025;3004900026;3004900027;3004900029;3004900031;3004900032;3004900033;3004900034;3004900035;3004900036;3004900039;3004900041;3004900042;3004900043;3004900049;3004900050;3004900061;3004900069;3004900071;3004900072;3004900073;3004900074;3004900075;3004900076;3004900077;3004900078;3004900079;3004900081;3004900089;3004900090;3005100010;3005100091;3005100099;3005900010;3005900020;3005900030;3005900040;3005900050;3005900060;3005900090;3006100010;3006100090;3006200010;3006200020;3006200090;3006300010;3006300020;3006300090;3006400010;3006400020;3006400030;3006400090;3006500000;3006600000;3006600010;3006600011;3006600019;3006600090;3006701000;3006709000;3006910000;3006920000;3006931000;3006932000;3006933000;3006934000;3006939000,3006910000;3006920000,
no,declared,342,3001901000,1,1,198801,imports,3001,300190,199712,199801,23789116.00,Heparin and its salts,yes,no,,no,no,same_subheading,3,3,6,245,245,148,245,3001900010;3001900020;3001900090,106,0,3001900010;3001900020;3001900090,3001100010;3001100090;3001200000;3002100010;3002100021;3002100022;3002100023;3002100029;3002100030;3002100041;3002100042;3002100049;3002100051;3002100059;3002100060;3002100090;3002110000;3002120011;3002120012;3002120013;3002120019;3002120021;3002120029;3002130000;3002140000;3002150000;3002190000;3002200010;3002200020;3002200030;3002200090;3002300010;3002300090;3002410010;3002410090;3002420010;3002420090;3002490010;3002490020;3002490090;3002510000;3002590000;3002900010;3002900011;3002900012;3002900019;3002900020;3002900030;3002900040;3002900050;3002900090;3002900091;3002900092;3002900093;3002900099;3003100000;3003200000;3003310000;3003310010;3003310090;3003390000;3003390010;3003390090;3003400000;3003410000;3003420000;3003430000;3003490000;3003600000;3003900010;3003900020;3003900030;3003900090;3003900091;3003900099;3004100010;3004100011;3004100012;3004100013;3004100019;3004100020;3004100031;3004100032;3004100090;3004200010;3004200011;3004200012;3004200013;3004200018;3004200019;3004200020;3004200031;3004200039;3004200041;3004200049;3004200051;3004200059;3004200061;3004200062;3004200063;3004200069;3004200071;3004200079;3004200080;3004200090;3004310000;3004310010;3004310090;3004320000;3004320010;3004320011;3004320019;3004320020;3004320081;3004320082;3004320089;3004320090;3004390010;3004390011;3004390012;3004390013;3004390019;3004390081;3004390082;3004390083;3004390084;3004390085;3004390090;3004400010;3004400020;3004400030;3004400040;3004400050;3004400080;3004400090;3004410000;3004420000;3004430000;3004490010;3004490090;3004500010;3004500011;3004500012;3004500013;3004500014;3004500019;3004500020;3004500031;3004500032;3004500039;3004500040;3004500050;3004500061;3004500069;3004500070;3004500090;3004600000;3004900011;3004900012;3004900019;3004900020;3004900021;3004900022;3004900023;3004900024;3004900025;3004900026;3004900027;3004900029;3004900031;3004900032;3004900033;3004900034;3004900035;3004900036;3004900039;3004900041;3004900042;3004900043;3004900049;3004900050;3004900061;3004900069;3004900071;3004900072;3004900073;3004900074;3004900075;3004900076;3004900077;3004900078;3004900079;3004900081;3004900089;3004900090;3005100010;3005100091;3005100099;3005900010;3005900020;3005900030;3005900040;3005900050;3005900060;3005900090;3006100010;3006100090;3006200010;3006200020;3006200090;3006300010;3006300020;3006300090;3006400010;3006400020;3006400030;3006400090;3006500000;3006600000;3006600010;3006600011;3006600019;3006600090;3006701000;3006709000;3006801100;3006801900;3006809010;3006809020;3006809030;3006809041;3006809042;3006809043;3006809050;3006809060;3006910000;3006920000;3006931000;3006932000;3006933000;3006934000;3006939000,3001900010;3001900020;3001900090;3002100010;3002100021;3002100022;3002100023;3002100029;3002100030;3002100041;3002100042;3002100049;3002100051;3002100059;3002300010;3002300090;3002900011;3002900019;3002900020;3002900091;3002900092;3002900099;3003310090;3003390010;3003390090;3003400000;3003900010;3003900020;3003900091;3003900099;3004310010;3004310090;3004320081;3004320089;3004320090;3004390010;3004390081;3004390083;3004390084;3004390085;3004390090;3004400010;3004400020;3004400030;3004400040;3004400080;3004400090;3004500010;3004500020;3004500031;3004500032;3004500039;3004500040;3004500050;3004500061;3004500069;3004500070;3004900011;3004900012;3004900019;3004900020;3004900031;3004900032;3004900033;3004900034;3004900035;3004900036;3004900039;3004900041;3004900042;3004900043;3004900049;3004900050;3004900061;3004900069;3004900071;3004900072;3004900073;3004900074;3004900075;3004900076;3004900077;3004900078;3004900079;3004900081;3004900089;3005100010;3005100091;3005100099;3005900010;3005900020;3005900030;3005900040;3005900050;3005900060;3005900090;3006200010;3006200020;3006200090;3006300010;3006300020;3006300090;3006400010;3006400020;3006400030;3006400090,
no,declared,342,3001902000,1,1,198801,imports,3001,300190,199712,199801,26959462.00,"Bone, organs & o human/animal tissue, living/preserved,for grafting/implantation",yes,no,,no,no,same_subheading,3,3,6,245,245,148,245,3001900010;3001900020;3001900090,106,0,3001900010;3001900020;3001900090,3001100010;3001100090;3001200000;3002100010;3002100021;3002100022;3002100023;3002100029;3002100030;3002100041;3002100042;3002100049;3002100051;3002100059;3002100060;3002100090;3002110000;3002120011;3002120012;3002120013;3002120019;3002120021;3002120029;3002130000;3002140000;3002150000;3002190000;3002200010;3002200020;3002200030;3002200090;3002300010;3002300090;3002410010;3002410090;3002420010;3002420090;3002490010;3002490020;3002490090;3002510000;3002590000;3002900010;3002900011;3002900012;3002900019;3002900020;3002900030;3002900040;3002900050;3002900090;3002900091;3002900092;3002900093;3002900099;3003100000;3003200000;3003310000;3003310010;3003310090;3003390000;3003390010;3003390090;3003400000;3003410000;3003420000;3003430000;3003490000;3003600000;3003900010;3003900020;3003900030;3003900090;3003900091;3003900099;3004100010;3004100011;3004100012;3004100013;3004100019;3004100020;3004100031;3004100032;3004100090;3004200010;3004200011;3004200012;3004200013;3004200018;3004200019;3004200020;3004200031;3004200039;3004200041;3004200049;3004200051;3004200059;3004200061;3004200062;3004200063;3004200069;3004200071;3004200079;3004200080;3004200090;3004310000;3004310010;3004310090;3004320000;3004320010;3004320011;3004320019;3004320020;3004320081;3004320082;3004320089;3004320090;3004390010;3004390011;3004390012;3004390013;3004390019;3004390081;3004390082;3004390083;3004390084;3004390085;3004390090;3004400010;3004400020;3004400030;3004400040;3004400050;3004400080;3004400090;3004410000;3004420000;3004430000;3004490010;3004490090;3004500010;3004500011;3004500012;3004500013;3004500014;3004500019;3004500020;3004500031;3004500032;3004500039;3004500040;3004500050;3004500061;3004500069;3004500070;3004500090;3004600000;3004900011;3004900012;3004900019;3004900020;3004900021;3004900022;3004900023;3004900024;3004900025;3004900026;3004900027;3004900029;3004900031;3004900032;3004900033;3004900034;3004900035;3004900036;3004900039;3004900041;3004900042;3004900043;3004900049;3004900050;3004900061;3004900069;3004900071;3004900072;3004900073;3004900074;3004900075;3004900076;3004900077;3004900078;3004900079;3004900081;3004900089;3004900090;3005100010;3005100091;3005100099;3005900010;3005900020;3005900030;3005900040;3005900050;3005900060;3005900090;3006100010;3006100090;3006200010;3006200020;3006200090;3006300010;3006300020;3006300090;3006400010;3006400020;3006400030;3006400090;3006500000;3006600000;3006600010;3006600011;3006600019;3006600090;3006701000;3006709000;3006801100;3006801900;3006809010;3006809020;3006809030;3006809041;3006809042;3006809043;3006809050;3006809060;3006910000;3006920000;3006931000;3006932000;3006933000;3006934000;3006939000,3001900010;3001900020;3001900090;3002100010;3002100021;3002100022;3002100023;3002100029;3002100030;3002100041;3002100042;3002100049;3002100051;3002100059;3002300010;3002300090;3002900011;3002900019;3002900020;3002900091;3002900092;3002900099;3003310090;3003390010;3003390090;3003400000;3003900010;3003900020;3003900091;3003900099;3004310010;3004310090;3004320081;3004320089;3004320090;3004390010;3004390081;3004390083;3004390084;3004390085;3004390090;3004400010;3004400020;3004400030;3004400040;3004400080;3004400090;3004500010;3004500020;3004500031;3004500032;3004500039;3004500040;3004500050;3004500061;3004500069;3004500070;3004900011;3004900012;3004900019;3004900020;3004900031;3004900032;3004900033;3004900034;3004900035;3004900036;3004900039;3004900041;3004900042;3004900043;3004900049;3004900050;3004900061;3004900069;3004900071;3004900072;3004900073;3004900074;3004900075;3004900076;3004900077;3004900078;3004900079;3004900081;3004900089;3005100010;3005100091;3005100099;3005900010;3005900020;3005900030;3005900040;3005900050;3005900060;3005900090;3006200010;3006200020;3006200090;3006300010;3006300020;3006300090;3006400010;3006400020;3006400030;3006400090,
no,declared,342,3001909000,1,1,198801,imports,3001,300190,199712,199801,2825176.00,"Other human or animal subs prepared for therapeutic or prophylactic uses, nes",yes,no,,no,no,same_subheading,3,3,6,245,245,148,245,3001900010;3001900020;3001900090,106,0,3001900010;3001900020;3001900090,3001100010;3001100090;3001200000;3002100010;3002100021;3002100022;3002100023;3002100029;3002100030;3002100041;3002100042;3002100049;3002100051;3002100059;3002100060;3002100090;3002110000;3002120011;3002120012;3002120013;3002120019;3002120021;3002120029;3002130000;3002140000;3002150000;3002190000;3002200010;3002200020;3002200030;3002200090;3002300010;3002300090;3002410010;3002410090;3002420010;3002420090;3002490010;3002490020;3002490090;3002510000;3002590000;3002900010;3002900011;3002900012;3002900019;3002900020;3002900030;3002900040;3002900050;3002900090;3002900091;3002900092;3002900093;3002900099;3003100000;3003200000;3003310000;3003310010;3003310090;3003390000;3003390010;3003390090;3003400000;3003410000;3003420000;3003430000;3003490000;3003600000;3003900010;3003900020;3003900030;3003900090;3003900091;3003900099;3004100010;3004100011;3004100012;3004100013;3004100019;3004100020;3004100031;3004100032;3004100090;3004200010;3004200011;3004200012;3004200013;3004200018;3004200019;3004200020;3004200031;3004200039;3004200041;3004200049;3004200051;3004200059;3004200061;3004200062;3004200063;3004200069;3004200071;3004200079;3004200080;3004200090;3004310000;3004310010;3004310090;3004320000;3004320010;3004320011;3004320019;3004320020;3004320081;3004320082;3004320089;3004320090;3004390010;3004390011;3004390012;3004390013;3004390019;3004390081;3004390082;3004390083;3004390084;3004390085;3004390090;3004400010;3004400020;3004400030;3004400040;3004400050;3004400080;3004400090;3004410000;3004420000;3004430000;3004490010;3004490090;3004500010;3004500011;3004500012;3004500013;3004500014;3004500019;3004500020;3004500031;3004500032;3004500039;3004500040;3004500050;3004500061;3004500069;3004500070;3004500090;3004600000;3004900011;3004900012;3004900019;3004900020;3004900021;3004900022;3004900023;3004900024;3004900025;3004900026;3004900027;3004900029;3004900031;3004900032;3004900033;3004900034;3004900035;3004900036;3004900039;3004900041;3004900042;3004900043;3004900049;3004900050;3004900061;3004900069;3004900071;3004900072;3004900073;3004900074;3004900075;3004900076;3004900077;3004900078;3004900079;3004900081;3004900089;3004900090;3005100010;3005100091;3005100099;3005900010;3005900020;3005900030;3005900040;3005900050;3005900060;3005900090;3006100010;3006100090;3006200010;3006200020;3006200090;3006300010;3006300020;3006300090;3006400010;3006400020;3006400030;3006400090;3006500000;3006600000;3006600010;3006600011;3006600019;3006600090;3006701000;3006709000;3006801100;3006801900;3006809010;3006809020;3006809030;3006809041;3006809042;3006809043;3006809050;3006809060;3006910000;3006920000;3006931000;3006932000;3006933000;3006934000;3006939000,3001900010;3001900020;3001900090;3002100010;3002100021;3002100022;3002100023;3002100029;3002100030;3002100041;3002100042;3002100049;3002100051;3002100059;3002300010;3002300090;3002900011;3002900019;3002900020;3002900091;3002900092;3002900099;3003310090;3003390010;3003390090;3003400000;3003900010;3003900020;3003900091;3003900099;3004310010;3004310090;3004320081;3004320089;3004320090;3004390010;3004390081;3004390083;3004390084;3004390085;3004390090;3004400010;3004400020;3004400030;3004400040;3004400080;3004400090;3004500010;3004500020;3004500031;3004500032;3004500039;3004500040;3004500050;3004500061;3004500069;3004500070;3004900011;3004900012;3004900019;3004900020;3004900031;3004900032;3004900033;3004900034;3004900035;3004900036;3004900039;3004900041;3004900042;3004900043;3004900049;3004900050;3004900061;3004900069;3004900071;3004900072;3004900073;3004900074;3004900075;3004900076;3004900077;3004900078;3004900079;3004900081;3004900089;3005100010;3005100091;3005100099;3005900010;3005900020;3005900030;3005900040;3005900050;3005900060;3005900090;3006200010;3006200020;3006200090;3006300010;3006300020;3006300090;3006400010;3006400020;3006400030;3006400090,
no,declared,114,3002100010,1,1,199801,imports,3002,300210,201612,201701,3166447761.00,"Antisera & o blood fractions, human origin, for diagnostic use",no,yes,2012->2017,yes,yes,same_heading,30,0,30,132,132,116,132,3002110000;3002120011;3002120012;3002120013;3002120019;3002120021;3002120029;3002130000;3002140000;3002150000;3002190000;3002200010;3002200090;3002300010;3002300090;3002900010;3002900030;3002900040;3002900050;3002900090,23,0,3002110000;3002120011;3002120012;3002120013;3002120019;3002120021;3002120029;3002130000;3002140000;3002150000;3002190000;3002200010;3002200090;3002300010;3002300090;3002410010;3002410090;3002420010;3002420090;3002490010;3002490020;3002490090;3002510000;3002590000;3002900010;3002900020;3002900030;3002900040;3002900050;3002900090,3001200000;3001900010;3001900020;3001900090;3003100000;3003200000;3003310000;3003390000;3003410000;3003420000;3003430000;3003490000;3003600000;3003900030;3003900090;3004100010;3004100090;3004200011;3004200012;3004200013;3004200018;3004200019;3004200080;3004200090;3004310000;3004320000;3004390011;3004390012;3004390013;3004390019;3004390090;3004410000;3004420000;3004430000;3004490010;3004490090;3004500011;3004500012;3004500014;3004500019;3004500090;3004600000;3004900011;3004900012;3004900019;3004900021;3004900022;3004900023;3004900024;3004900025;3004900026;3004900027;3004900029;3004900031;3004900032;3004900033;3004900034;3004900035;3004900036;3004900039;3004900042;3004900043;3004900049;3004900050;3004900061;3004900069;3004900071;3004900072;3004900073;3004900074;3004900075;3004900076;3004900077;3004900078;3004900079;3004900090;3005100010;3005100091;3005100099;3005900020;3005900030;3005900040;3005900090;3006100010;3006100090;3006200020;3006200090;3006300010;3006300090;3006400010;3006400090;3006500000;3006600000;3006701000;3006709000;3006910000;3006920000;3006931000;3006932000;3006933000;3006934000;3006939000,3002110000;3002120011;3002120012;3002120013;3002120019;3002120021;3002120029;3002130000;3002140000;3002150000;3002190000;3002900010;3002900040;3002900050;3002900090;3003430000;3003490000;3003600000;3004410000;3004420000;3004490090;3004600000;3006600000,
no,declared,114,3002100021,1,1,199801,imports,3002,300210,201612,201701,1761536873.00,"Blood plasma, for therapeutic or prophylactic use in humans",no,yes,2012->2017,yes,yes,same_heading,30,0,30,132,132,116,132,3002110000;3002120011;3002120012;3002120013;3002120019;3002120021;3002120029;3002130000;3002140000;3002150000;3002190000;3002200010;3002200090;3002300010;3002300090;3002900010;3002900030;3002900040;3002900050;3002900090,23,0,3002110000;3002120011;3002120012;3002120013;3002120019;3002120021;3002120029;3002130000;3002140000;3002150000;3002190000;3002200010;3002200090;3002300010;3002300090;3002410010;3002410090;3002420010;3002420090;3002490010;3002490020;3002490090;3002510000;3002590000;3002900010;3002900020;3002900030;3002900040;3002900050;3002900090,3001200000;3001900010;3001900020;3001900090;3003100000;3003200000;3003310000;3003390000;3003410000;3003420000;3003430000;3003490000;3003600000;3003900030;3003900090;3004100010;3004100090;3004200011;3004200012;3004200013;3004200018;3004200019;3004200080;3004200090;3004310000;3004320000;3004390011;3004390012;3004390013;3004390019;3004390090;3004410000;3004420000;3004430000;3004490010;3004490090;3004500011;3004500012;3004500014;3004500019;3004500090;3004600000;3004900011;3004900012;3004900019;3004900021;3004900022;3004900023;3004900024;3004900025;3004900026;3004900027;3004900029;3004900031;3004900032;3004900033;3004900034;3004900035;3004900036;3004900039;3004900042;3004900043;3004900049;3004900050;3004900061;3004900069;3004900071;3004900072;3004900073;3004900074;3004900075;3004900076;3004900077;3004900078;3004900079;3004900090;3005100010;3005100091;3005100099;3005900020;3005900030;3005900040;3005900090;3006100010;3006100090;3006200020;3006200090;3006300010;3006300090;3006400010;3006400090;3006500000;3006600000;3006701000;3006709000;3006910000;3006920000;3006931000;3006932000;3006933000;3006934000;3006939000,3002110000;3002120011;3002120012;3002120013;3002120019;3002120021;3002120029;3002130000;3002140000;3002150000;3002190000;3002900010;3002900040;3002900050;3002900090;3003430000;3003490000;3003600000;3004410000;3004420000;3004490090;3004600000;3006600000,
no,declared,114,3002100022,1,1,199801,imports,3002,300210,201612,201701,2414301.00,"Normal serum globulin, for therapeutic or prophylactic use in humans",no,yes,2012->2017,yes,yes,same_heading,30,0,30,132,132,116,132,3002110000;3002120011;3002120012;3002120013;3002120019;3002120021;3002120029;3002130000;3002140000;3002150000;3002190000;3002200010;3002200090;3002300010;3002300090;3002900010;3002900030;3002900040;3002900050;3002900090,23,0,3002110000;3002120011;3002120012;3002120013;3002120019;3002120021;3002120029;3002130000;3002140000;3002150000;3002190000;3002200010;3002200090;3002300010;3002300090;3002410010;3002410090;3002420010;3002420090;3002490010;3002490020;3002490090;3002510000;3002590000;3002900010;3002900020;3002900030;3002900040;3002900050;3002900090,3001200000;3001900010;3001900020;3001900090;3003100000;3003200000;3003310000;3003390000;3003410000;3003420000;3003430000;3003490000;3003600000;3003900030;3003900090;3004100010;3004100090;3004200011;3004200012;3004200013;3004200018;3004200019;3004200080;3004200090;3004310000;3004320000;3004390011;3004390012;3004390013;3004390019;3004390090;3004410000;3004420000;3004430000;3004490010;3004490090;3004500011;3004500012;3004500014;3004500019;3004500090;3004600000;3004900011;3004900012;3004900019;3004900021;3004900022;3004900023;3004900024;3004900025;3004900026;3004900027;3004900029;3004900031;3004900032;3004900033;3004900034;3004900035;3004900036;3004900039;3004900042;3004900043;3004900049;3004900050;3004900061;3004900069;3004900071;3004900072;3004900073;3004900074;3004900075;3004900076;3004900077;3004900078;3004900079;3004900090;3005100010;3005100091;3005100099;3005900020;3005900030;3005900040;3005900090;3006100010;3006100090;3006200020;3006200090;3006300010;3006300090;3006400010;3006400090;3006500000;3006600000;3006701000;3006709000;3006910000;3006920000;3006931000;3006932000;3006933000;3006934000;3006939000,3002110000;3002120011;3002120012;3002120013;3002120019;3002120021;3002120029;3002130000;3002140000;3002150000;3002190000;3002900010;3002900040;3002900050;3002900090;3003430000;3003490000;3003600000;3004410000;3004420000;3004490090;3004600000;3006600000,
no,declared,114,3002100023,1,1,199801,imports,3002,300210,201612,201701,1415737704.00,"Immune serum globulin, for therapeutic or prophylactic use in humans",no,yes,2012->2017,yes,yes,same_heading,30,0,30,132,132,116,132,3002110000;3002120011;3002120012;3002120013;3002120019;3002120021;3002120029;3002130000;3002140000;3002150000;3002190000;3002200010;3002200090;3002300010;3002300090;3002900010;3002900030;3002900040;3002900050;3002900090,23,0,3002110000;3002120011;3002120012;3002120013;3002120019;3002120021;3002120029;3002130000;3002140000;3002150000;3002190000;3002200010;3002200090;3002300010;3002300090;3002410010;3002410090;3002420010;3002420090;3002490010;3002490020;3002490090;3002510000;3002590000;3002900010;3002900020;3002900030;3002900040;3002900050;3002900090,3001200000;3001900010;3001900020;3001900090;3003100000;3003200000;3003310000;3003390000;3003410000;3003420000;3003430000;3003490000;3003600000;3003900030;3003900090;3004100010;3004100090;3004200011;3004200012;3004200013;3004200018;3004200019;3004200080;3004200090;3004310000;3004320000;3004390011;3004390012;3004390013;3004390019;3004390090;3004410000;3004420000;3004430000;3004490010;3004490090;3004500011;3004500012;3004500014;3004500019;3004500090;3004600000;3004900011;3004900012;3004900019;3004900021;3004900022;3004900023;3004900024;3004900025;3004900026;3004900027;3004900029;3004900031;3004900032;3004900033;3004900034;3004900035;3004900036;3004900039;3004900042;3004900043;3004900049;3004900050;3004900061;3004900069;3004900071;3004900072;3004900073;3004900074;3004900075;3004900076;3004900077;3004900078;3004900079;3004900090;3005100010;3005100091;3005100099;3005900020;3005900030;3005900040;3005900090;3006100010;3006100090;3006200020;3006200090;3006300010;3006300090;3006400010;3006400090;3006500000;3006600000;3006701000;3006709000;3006910000;3006920000;3006931000;3006932000;3006933000;3006934000;3006939000,3002110000;3002120011;3002120012;3002120013;3002120019;3002120021;3002120029;3002130000;3002140000;3002150000;3002190000;3002900010;3002900040;3002900050;3002900090;3003430000;3003490000;3003600000;3004410000;3004420000;3004490090;3004600000;3006600000,
no,declared,114,3002100029,1,1,199801,imports,3002,300210,201612,201701,5754885877.00,"Antisera & o blood fract, human orig, therapeutic/prophylactic use in humans,nes",no,yes,2012->2017,yes,yes,same_heading,30,0,30,132,132,116,132,3002110000;3002120011;3002120012;3002120013;3002120019;3002120021;3002120029;3002130000;3002140000;3002150000;3002190000;3002200010;3002200090;3002300010;3002300090;3002900010;3002900030;3002900040;3002900050;3002900090,23,0,3002110000;3002120011;3002120012;3002120013;3002120019;3002120021;3002120029;3002130000;3002140000;3002150000;3002190000;3002200010;3002200090;3002300010;3002300090;3002410010;3002410090;3002420010;3002420090;3002490010;3002490020;3002490090;3002510000;3002590000;3002900010;3002900020;3002900030;3002900040;3002900050;3002900090,3001200000;3001900010;3001900020;3001900090;3003100000;3003200000;3003310000;3003390000;3003410000;3003420000;3003430000;3003490000;3003600000;3003900030;3003900090;3004100010;3004100090;3004200011;3004200012;3004200013;3004200018;3004200019;3004200080;3004200090;3004310000;3004320000;3004390011;3004390012;3004390013;3004390019;3004390090;3004410000;3004420000;3004430000;3004490010;3004490090;3004500011;3004500012;3004500014;3004500019;3004500090;3004600000;3004900011;3004900012;3004900019;3004900021;3004900022;3004900023;3004900024;3004900025;3004900026;3004900027;3004900029;3004900031;3004900032;3004900033;3004900034;3004900035;3004900036;3004900039;3004900042;3004900043;3004900049;3004900050;3004900061;3004900069;3004900071;3004900072;3004900073;3004900074;3004900075;3004900076;3004900077;3004900078;3004900079;3004900090;3005100010;3005100091;3005100099;3005900020;3005900030;3005900040;3005900090;3006100010;3006100090;3006200020;3006200090;3006300010;3006300090;3006400010;3006400090;3006500000;3006600000;3006701000;3006709000;3006910000;3006920000;3006931000;3006932000;3006933000;3006934000;3006939000,3002110000;3002120011;3002120012;3002120013;3002120019;3002120021;3002120029;3002130000;3002140000;3002150000;3002190000;3002900010;3002900040;3002900050;3002900090;3003430000;3003490000;3003600000;3004410000;3004420000;3004490090;3004600000;3006600000,
no,declared,114,3002100030,1,1,199801,imports,3002,300210,201612,201701,1100455460.00,"Antisera and other blood fractions, of human origin, for other uses",no,yes,2012->2017,yes,yes,same_heading,30,0,30,132,132,116,132,3002110000;3002120011;3002120012;3002120013;3002120019;3002120021;3002120029;3002130000;3002140000;3002150000;3002190000;3002200010;3002200090;3002300010;3002300090;3002900010;3002900030;3002900040;3002900050;3002900090,23,0,3002110000;3002120011;3002120012;3002120013;3002120019;3002120021;3002120029;3002130000;3002140000;3002150000;3002190000;3002200010;3002200090;3002300010;3002300090;3002410010;3002410090;3002420010;3002420090;3002490010;3002490020;3002490090;3002510000;3002590000;3002900010;3002900020;3002900030;3002900040;3002900050;3002900090,3001200000;3001900010;3001900020;3001900090;3003100000;3003200000;3003310000;3003390000;3003410000;3003420000;3003430000;3003490000;3003600000;3003900030;3003900090;3004100010;3004100090;3004200011;3004200012;3004200013;3004200018;3004200019;3004200080;3004200090;3004310000;3004320000;3004390011;3004390012;3004390013;3004390019;3004390090;3004410000;3004420000;3004430000;3004490010;3004490090;3004500011;3004500012;3004500014;3004500019;3004500090;3004600000;3004900011;3004900012;3004900019;3004900021;3004900022;3004900023;3004900024;3004900025;3004900026;3004900027;3004900029;3004900031;3004900032;3004900033;3004900034;3004900035;3004900036;3004900039;3004900042;3004900043;3004900049;3004900050;3004900061;3004900069;3004900071;3004900072;3004900073;3004900074;3004900075;3004900076;3004900077;3004900078;3004900079;3004900090;3005100010;3005100091;3005100099;3005900020;3005900030;3005900040;3005900090;3006100010;3006100090;3006200020;3006200090;3006300010;3006300090;3006400010;3006400090;3006500000;3006600000;3006701000;3006709000;3006910000;3006920000;3006931000;3006932000;3006933000;3006934000;3006939000,3002110000;3002120011;3002120012;3002120013;3002120019;3002120021;3002120029;3002130000;3002140000;3002150000;3002190000;3002900010;3002900040;3002900050;3002900090;3003430000;3003490000;3003600000;3004410000;3004420000;3004490090;3004600000;3006600000,
no,declared,114,3002100041,1,1,199801,imports,3002,300210,201612,201701,27309966.00,"Bovine albumin, for parenteral administration in humans",no,yes,2012->2017,yes,yes,same_heading,30,0,30,132,132,116,132,3002110000;3002120011;3002120012;3002120013;3002120019;3002120021;3002120029;3002130000;3002140000;3002150000;3002190000;3002200010;3002200090;3002300010;3002300090;3002900010;3002900030;3002900040;3002900050;3002900090,23,0,3002110000;3002120011;3002120012;3002120013;3002120019;3002120021;3002120029;3002130000;3002140000;3002150000;3002190000;3002200010;3002200090;3002300010;3002300090;3002410010;3002410090;3002420010;3002420090;3002490010;3002490020;3002490090;3002510000;3002590000;3002900010;3002900020;3002900030;3002900040;3002900050;3002900090,3001200000;3001900010;3001900020;3001900090;3003100000;3003200000;3003310000;3003390000;3003410000;3003420000;3003430000;3003490000;3003600000;3003900030;3003900090;3004100010;3004100090;3004200011;3004200012;3004200013;3004200018;3004200019;3004200080;3004200090;3004310000;3004320000;3004390011;3004390012;3004390013;3004390019;3004390090;3004410000;3004420000;3004430000;3004490010;3004490090;3004500011;3004500012;3004500014;3004500019;3004500090;3004600000;3004900011;3004900012;3004900019;3004900021;3004900022;3004900023;3004900024;3004900025;3004900026;3004900027;3004900029;3004900031;3004900032;3004900033;3004900034;3004900035;3004900036;3004900039;3004900042;3004900043;3004900049;3004900050;3004900061;3004900069;3004900071;3004900072;3004900073;3004900074;3004900075;3004900076;3004900077;3004900078;3004900079;3004900090;3005100010;3005100091;3005100099;3005900020;3005900030;3005900040;3005900090;3006100010;3006100090;3006200020;3006200090;3006300010;3006300090;3006400010;3006400090;3006500000;3006600000;3006701000;3006709000;3006910000;3006920000;3006931000;3006932000;3006933000;3006934000;3006939000,3002110000;3002120011;3002120012;3002120013;3002120019;3002120021;3002120029;3002130000;3002140000;3002150000;3002190000;3002900010;3002900040;3002900050;3002900090;3003430000;3003490000;3003600000;3004410000;3004420000;3004490090;3004600000;3006600000,
no,declared,114,3002100042,1,1,199801,imports,3002,300210,201612,201701,70394543.00,"Sera and antisera, of animal origin, for parenteral administration in humans",no,yes,2012->2017,yes,yes,same_heading,30,0,30,132,132,116,132,3002110000;3002120011;3002120012;3002120013;3002120019;3002120021;3002120029;3002130000;3002140000;3002150000;3002190000;3002200010;3002200090;3002300010;3002300090;3002900010;3002900030;3002900040;3002900050;3002900090,23,0,3002110000;3002120011;3002120012;3002120013;3002120019;3002120021;3002120029;3002130000;3002140000;3002150000;3002190000;3002200010;3002200090;3002300010;3002300090;3002410010;3002410090;3002420010;3002420090;3002490010;3002490020;3002490090;3002510000;3002590000;3002900010;3002900020;3002900030;3002900040;3002900050;3002900090,3001200000;3001900010;3001900020;3001900090;3003100000;3003200000;3003310000;3003390000;3003410000;3003420000;3003430000;3003490000;3003600000;3003900030;3003900090;3004100010;3004100090;3004200011;3004200012;3004200013;3004200018;3004200019;3004200080;3004200090;3004310000;3004320000;3004390011;3004390012;3004390013;3004390019;3004390090;3004410000;3004420000;3004430000;3004490010;3004490090;3004500011;3004500012;3004500014;3004500019;3004500090;3004600000;3004900011;3004900012;3004900019;3004900021;3004900022;3004900023;3004900024;3004900025;3004900026;3004900027;3004900029;3004900031;3004900032;3004900033;3004900034;3004900035;3004900036;3004900039;3004900042;3004900043;3004900049;3004900050;3004900061;3004900069;3004900071;3004900072;3004900073;3004900074;3004900075;3004900076;3004900077;3004900078;3004900079;3004900090;3005100010;3005100091;3005100099;3005900020;3005900030;3005900040;3005900090;3006100010;3006100090;3006200020;3006200090;3006300010;3006300090;3006400010;3006400090;3006500000;3006600000;3006701000;3006709000;3006910000;3006920000;3006931000;3006932000;3006933000;3006934000;3006939000,3002110000;3002120011;3002120012;3002120013;3002120019;3002120021;3002120029;3002130000;3002140000;3002150000;3002190000;3002900010;3002900040;3002900050;3002900090;3003430000;3003490000;3003600000;3004410000;3004420000;3004490090;3004600000;3006600000,
no,declared,114,3002100049,1,1,199801,imports,3002,300210,201612,201701,135621054.00,"Blood albumin, nes, of animal origin, for parenteral administration in humans",no,yes,2012->2017,yes,yes,same_heading,30,0,30,132,132,116,132,3002110000;3002120011;3002120012;3002120013;3002120019;3002120021;3002120029;3002130000;3002140000;3002150000;3002190000;3002200010;3002200090;3002300010;3002300090;3002900010;3002900030;3002900040;3002900050;3002900090,23,0,3002110000;3002120011;3002120012;3002120013;3002120019;3002120021;3002120029;3002130000;3002140000;3002150000;3002190000;3002200010;3002200090;3002300010;3002300090;3002410010;3002410090;3002420010;3002420090;3002490010;3002490020;3002490090;3002510000;3002590000;3002900010;3002900020;3002900030;3002900040;3002900050;3002900090,3001200000;3001900010;3001900020;3001900090;3003100000;3003200000;3003310000;3003390000;3003410000;3003420000;3003430000;3003490000;3003600000;3003900030;3003900090;3004100010;3004100090;3004200011;3004200012;3004200013;3004200018;3004200019;3004200080;3004200090;3004310000;3004320000;3004390011;3004390012;3004390013;3004390019;3004390090;3004410000;3004420000;3004430000;3004490010;3004490090;3004500011;3004500012;3004500014;3004500019;3004500090;3004600000;3004900011;3004900012;3004900019;3004900021;3004900022;3004900023;3004900024;3004900025;3004900026;3004900027;3004900029;3004900031;3004900032;3004900033;3004900034;3004900035;3004900036;3004900039;3004900042;3004900043;3004900049;3004900050;3004900061;3004900069;3004900071;3004900072;3004900073;3004900074;3004900075;3004900076;3004900077;3004900078;3004900079;3004900090;3005100010;3005100091;3005100099;3005900020;3005900030;3005900040;3005900090;3006100010;3006100090;3006200020;3006200090;3006300010;3006300090;3006400010;3006400090;3006500000;3006600000;3006701000;3006709000;3006910000;3006920000;3006931000;3006932000;3006933000;3006934000;3006939000,3002110000;3002120011;3002120012;3002120013;3002120019;3002120021;3002120029;3002130000;3002140000;3002150000;3002190000;3002900010;3002900040;3002900050;3002900090;3003430000;3003490000;3003600000;3004410000;3004420000;3004490090;3004600000;3006600000,
no,declared,114,3002100051,1,1,199801,imports,3002,300210,201612,201701,565555590.00,"Blood fractions, nes, for use in humans",no,yes,2012->2017,yes,yes,same_heading,30,0,30,132,132,116,132,3002110000;3002120011;3002120012;3002120013;3002120019;3002120021;3002120029;3002130000;3002140000;3002150000;3002190000;3002200010;3002200090;3002300010;3002300090;3002900010;3002900030;3002900040;3002900050;3002900090,23,0,3002110000;3002120011;3002120012;3002120013;3002120019;3002120021;3002120029;3002130000;3002140000;3002150000;3002190000;3002200010;3002200090;3002300010;3002300090;3002410010;3002410090;3002420010;3002420090;3002490010;3002490020;3002490090;3002510000;3002590000;3002900010;3002900020;3002900030;3002900040;3002900050;3002900090,3001200000;3001900010;3001900020;3001900090;3003100000;3003200000;3003310000;3003390000;3003410000;3003420000;3003430000;3003490000;3003600000;3003900030;3003900090;3004100010;3004100090;3004200011;3004200012;3004200013;3004200018;3004200019;3004200080;3004200090;3004310000;3004320000;3004390011;3004390012;3004390013;3004390019;3004390090;3004410000;3004420000;3004430000;3004490010;3004490090;3004500011;3004500012;3004500014;3004500019;3004500090;3004600000;3004900011;3004900012;3004900019;3004900021;3004900022;3004900023;3004900024;3004900025;3004900026;3004900027;3004900029;3004900031;3004900032;3004900033;3004900034;3004900035;3004900036;3004900039;3004900042;3004900043;3004900049;3004900050;3004900061;3004900069;3004900071;3004900072;3004900073;3004900074;3004900075;3004900076;3004900077;3004900078;3004900079;3004900090;3005100010;3005100091;3005100099;3005900020;3005900030;3005900040;3005900090;3006100010;3006100090;3006200020;3006200090;3006300010;3006300090;3006400010;3006400090;3006500000;3006600000;3006701000;3006709000;3006910000;3006920000;3006931000;3006932000;3006933000;3006934000;3006939000,3002110000;3002120011;3002120012;3002120013;3002120019;3002120021;3002120029;3002130000;3002140000;3002150000;3002190000;3002900010;3002900040;3002900050;3002900090;3003430000;3003490000;3003600000;3004410000;3004420000;3004490090;3004600000;3006600000,
no,declared,114,3002100059,1,1,199801,imports,3002,300210,201612,201701,1723388665.00,"Blood fractions, nes",no,yes,2012->2017,yes,yes,same_heading,30,0,30,132,132,116,132,3002110000;3002120011;3002120012;3002120013;3002120019;3002120021;3002120029;3002130000;3002140000;3002150000;3002190000;3002200010;3002200090;3002300010;3002300090;3002900010;3002900030;3002900040;3002900050;3002900090,23,0,3002110000;3002120011;3002120012;3002120013;3002120019;3002120021;3002120029;3002130000;3002140000;3002150000;3002190000;3002200010;3002200090;3002300010;3002300090;3002410010;3002410090;3002420010;3002420090;3002490010;3002490020;3002490090;3002510000;3002590000;3002900010;3002900020;3002900030;3002900040;3002900050;3002900090,3001200000;3001900010;3001900020;3001900090;3003100000;3003200000;3003310000;3003390000;3003410000;3003420000;3003430000;3003490000;3003600000;3003900030;3003900090;3004100010;3004100090;3004200011;3004200012;3004200013;3004200018;3004200019;3004200080;3004200090;3004310000;3004320000;3004390011;3004390012;3004390013;3004390019;3004390090;3004410000;3004420000;3004430000;3004490010;3004490090;3004500011;3004500012;3004500014;3004500019;3004500090;3004600000;3004900011;3004900012;3004900019;3004900021;3004900022;3004900023;3004900024;3004900025;3004900026;3004900027;3004900029;3004900031;3004900032;3004900033;3004900034;3004900035;3004900036;3004900039;3004900042;3004900043;3004900049;3004900050;3004900061;3004900069;3004900071;3004900072;3004900073;3004900074;3004900075;3004900076;3004900077;3004900078;3004900079;3004900090;3005100010;3005100091;3005100099;3005900020;3005900030;3005900040;3005900090;3006100010;3006100090;3006200020;3006200090;3006300010;3006300090;3006400010;3006400090;3006500000;3006600000;3006701000;3006709000;3006910000;3006920000;3006931000;3006932000;3006933000;3006934000;3006939000,3002110000;3002120011;3002120012;3002120013;3002120019;3002120021;3002120029;3002130000;3002140000;3002150000;3002190000;3002900010;3002900040;3002900050;3002900090;3003430000;3003490000;3003600000;3004410000;3004420000;3004490090;3004600000;3006600000,
no,declared,174,3002100060,1,1,200302,imports,3002,300210,201112,201201,1580200084.00,Modified immunological products,yes,yes,2007->2012,yes,yes,same_subheading,12,12,49,158,158,109,158,3002100010;3002100021;3002100022;3002100023;3002100029;3002100030;3002100041;3002100042;3002100049;3002100051;3002100059;3002100090,28,0,3002100010;3002100021;3002100022;3002100023;3002100029;3002100030;3002100041;3002100042;3002100049;3002100051;3002100059;3002100090,3001200000;3001900010;3001900020;3001900090;3002110000;3002120011;3002120012;3002120013;3002120019;3002120021;3002120029;3002130000;3002140000;3002150000;3002190000;3002200010;3002200090;3002300010;3002300090;3002410010;3002410090;3002420010;3002420090;3002490010;3002490020;3002490090;3002510000;3002590000;3002900010;3002900011;3002900012;3002900019;3002900020;3002900030;3002900040;3002900050;3002900090;3002900091;3002900092;3002900093;3002900099;3003100000;3003200000;3003310000;3003390000;3003400000;3003410000;3003420000;3003430000;3003490000;3003600000;3003900030;3003900090;3004100010;3004100090;3004200011;3004200012;3004200013;3004200018;3004200019;3004200080;3004200090;3004310000;3004320000;3004390011;3004390012;3004390013;3004390019;3004390090;3004400030;3004400040;3004400090;3004410000;3004420000;3004430000;3004490010;3004490090;3004500011;3004500012;3004500013;3004500014;3004500019;3004500090;3004600000;3004900011;3004900012;3004900019;3004900021;3004900022;3004900023;3004900024;3004900025;3004900026;3004900027;3004900029;3004900031;3004900032;3004900033;3004900034;3004900035;3004900036;3004900039;3004900042;3004900043;3004900049;3004900050;3004900061;3004900069;3004900071;3004900072;3004900073;3004900074;3004900075;3004900076;3004900077;3004900078;3004900079;3004900090;3005100010;3005100091;3005100099;3005900020;3005900030;3005900040;3005900090;3006100010;3006100090;3006200020;3006200090;3006300010;3006300090;3006400010;3006400090;3006500000;3006600000;3006600010;3006600090;3006701000;3006709000;3006910000;3006920000;3006931000;3006932000;3006933000;3006934000;3006939000,3002100090;3003310000;3003390000;3003900030;3003900090;3004100010;3004100090;3004200011;3004200012;3004200013;3004200018;3004200019;3004200080;3004200090;3004310000;3004320000;3004390011;3004390012;3004390013;3004390019;3004500011;3004500012;3004500013;3004500014;3004500019;3004500090;3004900090;3006600010,
no,declared,114,3002100090,1,1,201201,imports,3002,300210,201612,201701,7588057599.00,"Antisera,o blood fract,immunological prod,w/n mod/obt biotechnological proc,nes",no,yes,2012->2017,yes,yes,same_heading,30,0,30,132,132,116,132,3002110000;3002120011;3002120012;3002120013;3002120019;3002120021;3002120029;3002130000;3002140000;3002150000;3002190000;3002200010;3002200090;3002300010;3002300090;3002900010;3002900030;3002900040;3002900050;3002900090,23,0,3002110000;3002120011;3002120012;3002120013;3002120019;3002120021;3002120029;3002130000;3002140000;3002150000;3002190000;3002200010;3002200090;3002300010;3002300090;3002410010;3002410090;3002420010;3002420090;3002490010;3002490020;3002490090;3002510000;3002590000;3002900010;3002900020;3002900030;3002900040;3002900050;3002900090,3001200000;3001900010;3001900020;3001900090;3003100000;3003200000;3003310000;3003390000;3003410000;3003420000;3003430000;3003490000;3003600000;3003900030;3003900090;3004100010;3004100090;3004200011;3004200012;3004200013;3004200018;3004200019;3004200080;3004200090;3004310000;3004320000;3004390011;3004390012;3004390013;3004390019;3004390090;3004410000;3004420000;3004430000;3004490010;3004490090;3004500011;3004500012;3004500014;3004500019;3004500090;3004600000;3004900011;3004900012;3004900019;3004900021;3004900022;3004900023;3004900024;3004900025;3004900026;3004900027;3004900029;3004900031;3004900032;3004900033;3004900034;3004900035;3004900036;3004900039;3004900042;3004900043;3004900049;3004900050;3004900061;3004900069;3004900071;3004900072;3004900073;3004900074;3004900075;3004900076;3004900077;3004900078;3004900079;3004900090;3005100010;3005100091;3005100099;3005900020;3005900030;3005900040;3005900090;3006100010;3006100090;3006200020;3006200090;3006300010;3006300090;3006400010;3006400090;3006500000;3006600000;3006701000;3006709000;3006910000;3006920000;3006931000;3006932000;3006933000;3006934000;3006939000,3002110000;3002120011;3002120012;3002120013;3002120019;3002120021;3002120029;3002130000;3002140000;3002150000;3002190000;3002900010;3002900040;3002900050;3002900090;3003430000;3003490000;3003600000;3004410000;3004420000;3004490090;3004600000;3006600000,
no,declared,342,3002101010,1,1,198801,imports,3002,300210,199712,199801,101722161.00,"Antisera & o blood fractions, human origin, for diagnostic use",yes,no,,no,no,same_subheading,13,13,52,245,245,148,245,3002100010;3002100021;3002100022;3002100023;3002100029;3002100030;3002100041;3002100042;3002100049;3002100051;3002100059,106,0,3002100010;3002100021;3002100022;3002100023;3002100029;3002100030;3002100041;3002100042;3002100049;3002100051;3002100059;3002100060;3002100090,3001100010;3001100090;3001200000;3001900010;3001900020;3001900090;3002110000;3002120011;3002120012;3002120013;3002120019;3002120021;3002120029;3002130000;3002140000;3002150000;3002190000;3002200010;3002200020;3002200030;3002200090;3002300010;3002300090;3002410010;3002410090;3002420010;3002420090;3002490010;3002490020;3002490090;3002510000;3002590000;3002900010;3002900011;3002900012;3002900019;3002900020;3002900030;3002900040;3002900050;3002900090;3002900091;3002900092;3002900093;3002900099;3003100000;3003200000;3003310000;3003310010;3003310090;3003390000;3003390010;3003390090;3003400000;3003410000;3003420000;3003430000;3003490000;3003600000;3003900010;3003900020;3003900030;3003900090;3003900091;3003900099;3004100010;3004100011;3004100012;3004100013;3004100019;3004100020;3004100031;3004100032;3004100090;3004200010;3004200011;3004200012;3004200013;3004200018;3004200019;3004200020;3004200031;3004200039;3004200041;3004200049;3004200051;3004200059;3004200061;3004200062;3004200063;3004200069;3004200071;3004200079;3004200080;3004200090;3004310000;3004310010;3004310090;3004320000;3004320010;3004320011;3004320019;3004320020;3004320081;3004320082;3004320089;3004320090;3004390010;3004390011;3004390012;3004390013;3004390019;3004390081;3004390082;3004390083;3004390084;3004390085;3004390090;3004400010;3004400020;3004400030;3004400040;3004400050;3004400080;3004400090;3004410000;3004420000;3004430000;3004490010;3004490090;3004500010;3004500011;3004500012;3004500013;3004500014;3004500019;3004500020;3004500031;3004500032;3004500039;3004500040;3004500050;3004500061;3004500069;3004500070;3004500090;3004600000;3004900011;3004900012;3004900019;3004900020;3004900021;3004900022;3004900023;3004900024;3004900025;3004900026;3004900027;3004900029;3004900031;3004900032;3004900033;3004900034;3004900035;3004900036;3004900039;3004900041;3004900042;3004900043;3004900049;3004900050;3004900061;3004900069;3004900071;3004900072;3004900073;3004900074;3004900075;3004900076;3004900077;3004900078;3004900079;3004900081;3004900089;3004900090;3005100010;3005100091;3005100099;3005900010;3005900020;3005900030;3005900040;3005900050;3005900060;3005900090;3006100010;3006100090;3006200010;3006200020;3006200090;3006300010;3006300020;3006300090;3006400010;3006400020;3006400030;3006400090;3006500000;3006600000;3006600010;3006600011;3006600019;3006600090;3006701000;3006709000;3006801100;3006801900;3006809010;3006809020;3006809030;3006809041;3006809042;3006809043;3006809050;3006809060;3006910000;3006920000;3006931000;3006932000;3006933000;3006934000;3006939000,3001900010;3001900020;3001900090;3002100010;3002100021;3002100022;3002100023;3002100029;3002100030;3002100041;3002100042;3002100049;3002100051;3002100059;3002300010;3002300090;3002900011;3002900019;3002900020;3002900091;3002900092;3002900099;3003310090;3003390010;3003390090;3003400000;3003900010;3003900020;3003900091;3003900099;3004310010;3004310090;3004320081;3004320089;3004320090;3004390010;3004390081;3004390083;3004390084;3004390085;3004390090;3004400010;3004400020;3004400030;3004400040;3004400080;3004400090;3004500010;3004500020;3004500031;3004500032;3004500039;3004500040;3004500050;3004500061;3004500069;3004500070;3004900011;3004900012;3004900019;3004900020;3004900031;3004900032;3004900033;3004900034;3004900035;3004900036;3004900039;3004900041;3004900042;3004900043;3004900049;3004900050;3004900061;3004900069;3004900071;3004900072;3004900073;3004900074;3004900075;3004900076;3004900077;3004900078;3004900079;3004900081;3004900089;3005100010;3005100091;3005100099;3005900010;3005900020;3005900030;3005900040;3005900050;3005900060;3005900090;3006200010;3006200020;3006200090;3006300010;3006300020;3006300090;3006400010;3006400020;3006400030;3006400090,
no,declared,342,3002101021,1,1,198801,imports,3002,300210,199712,199801,80754016.00,"Blood plasma, for therapeutic or prophylactic use in humans",yes,no,,no,no,same_subheading,13,13,52,245,245,148,245,3002100010;3002100021;3002100022;3002100023;3002100029;3002100030;3002100041;3002100042;3002100049;3002100051;3002100059,106,0,3002100010;3002100021;3002100022;3002100023;3002100029;3002100030;3002100041;3002100042;3002100049;3002100051;3002100059;3002100060;3002100090,3001100010;3001100090;3001200000;3001900010;3001900020;3001900090;3002110000;3002120011;3002120012;3002120013;3002120019;3002120021;3002120029;3002130000;3002140000;3002150000;3002190000;3002200010;3002200020;3002200030;3002200090;3002300010;3002300090;3002410010;3002410090;3002420010;3002420090;3002490010;3002490020;3002490090;3002510000;3002590000;3002900010;3002900011;3002900012;3002900019;3002900020;3002900030;3002900040;3002900050;3002900090;3002900091;3002900092;3002900093;3002900099;3003100000;3003200000;3003310000;3003310010;3003310090;3003390000;3003390010;3003390090;3003400000;3003410000;3003420000;3003430000;3003490000;3003600000;3003900010;3003900020;3003900030;3003900090;3003900091;3003900099;3004100010;3004100011;3004100012;3004100013;3004100019;3004100020;3004100031;3004100032;3004100090;3004200010;3004200011;3004200012;3004200013;3004200018;3004200019;3004200020;3004200031;3004200039;3004200041;3004200049;3004200051;3004200059;3004200061;3004200062;3004200063;3004200069;3004200071;3004200079;3004200080;3004200090;3004310000;3004310010;3004310090;3004320000;3004320010;3004320011;3004320019;3004320020;3004320081;3004320082;3004320089;3004320090;3004390010;3004390011;3004390012;3004390013;3004390019;3004390081;3004390082;3004390083;3004390084;3004390085;3004390090;3004400010;3004400020;3004400030;3004400040;3004400050;3004400080;3004400090;3004410000;3004420000;3004430000;3004490010;3004490090;3004500010;3004500011;3004500012;3004500013;3004500014;3004500019;3004500020;3004500031;3004500032;3004500039;3004500040;3004500050;3004500061;3004500069;3004500070;3004500090;3004600000;3004900011;3004900012;3004900019;3004900020;3004900021;3004900022;3004900023;3004900024;3004900025;3004900026;3004900027;3004900029;3004900031;3004900032;3004900033;3004900034;3004900035;3004900036;3004900039;3004900041;3004900042;3004900043;3004900049;3004900050;3004900061;3004900069;3004900071;3004900072;3004900073;3004900074;3004900075;3004900076;3004900077;3004900078;3004900079;3004900081;3004900089;3004900090;3005100010;3005100091;3005100099;3005900010;3005900020;3005900030;3005900040;3005900050;3005900060;3005900090;3006100010;3006100090;3006200010;3006200020;3006200090;3006300010;3006300020;3006300090;3006400010;3006400020;3006400030;3006400090;3006500000;3006600000;3006600010;3006600011;3006600019;3006600090;3006701000;3006709000;3006801100;3006801900;3006809010;3006809020;3006809030;3006809041;3006809042;3006809043;3006809050;3006809060;3006910000;3006920000;3006931000;3006932000;3006933000;3006934000;3006939000,3001900010;3001900020;3001900090;3002100010;3002100021;3002100022;3002100023;3002100029;3002100030;3002100041;3002100042;3002100049;3002100051;3002100059;3002300010;3002300090;3002900011;3002900019;3002900020;3002900091;3002900092;3002900099;3003310090;3003390010;3003390090;3003400000;3003900010;3003900020;3003900091;3003900099;3004310010;3004310090;3004320081;3004320089;3004320090;3004390010;3004390081;3004390083;3004390084;3004390085;3004390090;3004400010;3004400020;3004400030;3004400040;3004400080;3004400090;3004500010;3004500020;3004500031;3004500032;3004500039;3004500040;3004500050;3004500061;3004500069;3004500070;3004900011;3004900012;3004900019;3004900020;3004900031;3004900032;3004900033;3004900034;3004900035;3004900036;3004900039;3004900041;3004900042;3004900043;3004900049;3004900050;3004900061;3004900069;3004900071;3004900072;3004900073;3004900074;3004900075;3004900076;3004900077;3004900078;3004900079;3004900081;3004900089;3005100010;3005100091;3005100099;3005900010;3005900020;3005900030;3005900040;3005900050;3005900060;3005900090;3006200010;3006200020;3006200090;3006300010;3006300020;3006300090;3006400010;3006400020;3006400030;3006400090,
no,declared,342,3002101022,1,1,198801,imports,3002,300210,199712,199801,19609749.00,"Normal serum globulin, for therapeutic or prophylactic use in humans",yes,no,,no,no,same_subheading,13,13,52,245,245,148,245,3002100010;3002100021;3002100022;3002100023;3002100029;3002100030;3002100041;3002100042;3002100049;3002100051;3002100059,106,0,3002100010;3002100021;3002100022;3002100023;3002100029;3002100030;3002100041;3002100042;3002100049;3002100051;3002100059;3002100060;3002100090,3001100010;3001100090;3001200000;3001900010;3001900020;3001900090;3002110000;3002120011;3002120012;3002120013;3002120019;3002120021;3002120029;3002130000;3002140000;3002150000;3002190000;3002200010;3002200020;3002200030;3002200090;3002300010;3002300090;3002410010;3002410090;3002420010;3002420090;3002490010;3002490020;3002490090;3002510000;3002590000;3002900010;3002900011;3002900012;3002900019;3002900020;3002900030;3002900040;3002900050;3002900090;3002900091;3002900092;3002900093;3002900099;3003100000;3003200000;3003310000;3003310010;3003310090;3003390000;3003390010;3003390090;3003400000;3003410000;3003420000;3003430000;3003490000;3003600000;3003900010;3003900020;3003900030;3003900090;3003900091;3003900099;3004100010;3004100011;3004100012;3004100013;3004100019;3004100020;3004100031;3004100032;3004100090;3004200010;3004200011;3004200012;3004200013;3004200018;3004200019;3004200020;3004200031;3004200039;3004200041;3004200049;3004200051;3004200059;3004200061;3004200062;3004200063;3004200069;3004200071;3004200079;3004200080;3004200090;3004310000;3004310010;3004310090;3004320000;3004320010;3004320011;3004320019;3004320020;3004320081;3004320082;3004320089;3004320090;3004390010;3004390011;3004390012;3004390013;3004390019;3004390081;3004390082;3004390083;3004390084;3004390085;3004390090;3004400010;3004400020;3004400030;3004400040;3004400050;3004400080;3004400090;3004410000;3004420000;3004430000;3004490010;3004490090;3004500010;3004500011;3004500012;3004500013;3004500014;3004500019;3004500020;3004500031;3004500032;3004500039;3004500040;3004500050;3004500061;3004500069;3004500070;3004500090;3004600000;3004900011;3004900012;3004900019;3004900020;3004900021;3004900022;3004900023;3004900024;3004900025;3004900026;3004900027;3004900029;3004900031;3004900032;3004900033;3004900034;3004900035;3004900036;3004900039;3004900041;3004900042;3004900043;3004900049;3004900050;3004900061;3004900069;3004900071;3004900072;3004900073;3004900074;3004900075;3004900076;3004900077;3004900078;3004900079;3004900081;3004900089;3004900090;3005100010;3005100091;3005100099;3005900010;3005900020;3005900030;3005900040;3005900050;3005900060;3005900090;3006100010;3006100090;3006200010;3006200020;3006200090;3006300010;3006300020;3006300090;3006400010;3006400020;3006400030;3006400090;3006500000;3006600000;3006600010;3006600011;3006600019;3006600090;3006701000;3006709000;3006801100;3006801900;3006809010;3006809020;3006809030;3006809041;3006809042;3006809043;3006809050;3006809060;3006910000;3006920000;3006931000;3006932000;3006933000;3006934000;3006939000,3001900010;3001900020;3001900090;3002100010;3002100021;3002100022;3002100023;3002100029;3002100030;3002100041;3002100042;3002100049;3002100051;3002100059;3002300010;3002300090;3002900011;3002900019;3002900020;3002900091;3002900092;3002900099;3003310090;3003390010;3003390090;3003400000;3003900010;3003900020;3003900091;3003900099;3004310010;3004310090;3004320081;3004320089;3004320090;3004390010;3004390081;3004390083;3004390084;3004390085;3004390090;3004400010;3004400020;3004400030;3004400040;3004400080;3004400090;3004500010;3004500020;3004500031;3004500032;3004500039;3004500040;3004500050;3004500061;3004500069;3004500070;3004900011;3004900012;3004900019;3004900020;3004900031;3004900032;3004900033;3004900034;3004900035;3004900036;3004900039;3004900041;3004900042;3004900043;3004900049;3004900050;3004900061;3004900069;3004900071;3004900072;3004900073;3004900074;3004900075;3004900076;3004900077;3004900078;3004900079;3004900081;3004900089;3005100010;3005100091;3005100099;3005900010;3005900020;3005900030;3005900040;3005900050;3005900060;3005900090;3006200010;3006200020;3006200090;3006300010;3006300020;3006300090;3006400010;3006400020;3006400030;3006400090,
no,declared,342,3002101023,1,1,199001,imports,3002,300210,199712,199801,24552889.00,"Immune serum globulin, for therapeutic or prophylactic use in humans",yes,no,,no,no,same_subheading,13,13,52,245,245,148,245,3002100010;3002100021;3002100022;3002100023;3002100029;3002100030;3002100041;3002100042;3002100049;3002100051;3002100059,106,0,3002100010;3002100021;3002100022;3002100023;3002100029;3002100030;3002100041;3002100042;3002100049;3002100051;3002100059;3002100060;3002100090,3001100010;3001100090;3001200000;3001900010;3001900020;3001900090;3002110000;3002120011;3002120012;3002120013;3002120019;3002120021;3002120029;3002130000;3002140000;3002150000;3002190000;3002200010;3002200020;3002200030;3002200090;3002300010;3002300090;3002410010;3002410090;3002420010;3002420090;3002490010;3002490020;3002490090;3002510000;3002590000;3002900010;3002900011;3002900012;3002900019;3002900020;3002900030;3002900040;3002900050;3002900090;3002900091;3002900092;3002900093;3002900099;3003100000;3003200000;3003310000;3003310010;3003310090;3003390000;3003390010;3003390090;3003400000;3003410000;3003420000;3003430000;3003490000;3003600000;3003900010;3003900020;3003900030;3003900090;3003900091;3003900099;3004100010;3004100011;3004100012;3004100013;3004100019;3004100020;3004100031;3004100032;3004100090;3004200010;3004200011;3004200012;3004200013;3004200018;3004200019;3004200020;3004200031;3004200039;3004200041;3004200049;3004200051;3004200059;3004200061;3004200062;3004200063;3004200069;3004200071;3004200079;3004200080;3004200090;3004310000;3004310010;3004310090;3004320000;3004320010;3004320011;3004320019;3004320020;3004320081;3004320082;3004320089;3004320090;3004390010;3004390011;3004390012;3004390013;3004390019;3004390081;3004390082;3004390083;3004390084;3004390085;3004390090;3004400010;3004400020;3004400030;3004400040;3004400050;3004400080;3004400090;3004410000;3004420000;3004430000;3004490010;3004490090;3004500010;3004500011;3004500012;3004500013;3004500014;3004500019;3004500020;3004500031;3004500032;3004500039;3004500040;3004500050;3004500061;3004500069;3004500070;3004500090;3004600000;3004900011;3004900012;3004900019;3004900020;3004900021;3004900022;3004900023;3004900024;3004900025;3004900026;3004900027;3004900029;3004900031;3004900032;3004900033;3004900034;3004900035;3004900036;3004900039;3004900041;3004900042;3004900043;3004900049;3004900050;3004900061;3004900069;3004900071;3004900072;3004900073;3004900074;3004900075;3004900076;3004900077;3004900078;3004900079;3004900081;3004900089;3004900090;3005100010;3005100091;3005100099;3005900010;3005900020;3005900030;3005900040;3005900050;3005900060;3005900090;3006100010;3006100090;3006200010;3006200020;3006200090;3006300010;3006300020;3006300090;3006400010;3006400020;3006400030;3006400090;3006500000;3006600000;3006600010;3006600011;3006600019;3006600090;3006701000;3006709000;3006801100;3006801900;3006809010;3006809020;3006809030;3006809041;3006809042;3006809043;3006809050;3006809060;3006910000;3006920000;3006931000;3006932000;3006933000;3006934000;3006939000,3001900010;3001900020;3001900090;3002100010;3002100021;3002100022;3002100023;3002100029;3002100030;3002100041;3002100042;3002100049;3002100051;3002100059;3002300010;3002300090;3002900011;3002900019;3002900020;3002900091;3002900092;3002900099;3003310090;3003390010;3003390090;3003400000;3003900010;3003900020;3003900091;3003900099;3004310010;3004310090;3004320081;3004320089;3004320090;3004390010;3004390081;3004390083;3004390084;3004390085;3004390090;3004400010;3004400020;3004400030;3004400040;3004400080;3004400090;3004500010;3004500020;3004500031;3004500032;3004500039;3004500040;3004500050;3004500061;3004500069;3004500070;3004900011;3004900012;3004900019;3004900020;3004900031;3004900032;3004900033;3004900034;3004900035;3004900036;3004900039;3004900041;3004900042;3004900043;3004900049;3004900050;3004900061;3004900069;3004900071;3004900072;3004900073;3004900074;3004900075;3004900076;3004900077;3004900078;3004900079;3004900081;3004900089;3005100010;3005100091;3005100099;3005900010;3005900020;3005900030;3005900040;3005900050;3005900060;3005900090;3006200010;3006200020;3006200090;3006300010;3006300020;3006300090;3006400010;3006400020;3006400030;3006400090,
no,declared,342,3002101029,1,1,198801,imports,3002,300210,199712,199801,377806210.00,"Antisera & o blood fract, human orig, therapeutic/prophylactic use in humans,nes",yes,no,,no,no,same_subheading,13,13,52,245,245,148,245,3002100010;3002100021;3002100022;3002100023;3002100029;3002100030;3002100041;3002100042;3002100049;3002100051;3002100059,106,0,3002100010;3002100021;3002100022;3002100023;3002100029;3002100030;3002100041;3002100042;3002100049;3002100051;3002100059;3002100060;3002100090,3001100010;3001100090;3001200000;3001900010;3001900020;3001900090;3002110000;3002120011;3002120012;3002120013;3002120019;3002120021;3002120029;3002130000;3002140000;3002150000;3002190000;3002200010;3002200020;3002200030;3002200090;3002300010;3002300090;3002410010;3002410090;3002420010;3002420090;3002490010;3002490020;3002490090;3002510000;3002590000;3002900010;3002900011;3002900012;3002900019;3002900020;3002900030;3002900040;3002900050;3002900090;3002900091;3002900092;3002900093;3002900099;3003100000;3003200000;3003310000;3003310010;3003310090;3003390000;3003390010;3003390090;3003400000;3003410000;3003420000;3003430000;3003490000;3003600000;3003900010;3003900020;3003900030;3003900090;3003900091;3003900099;3004100010;3004100011;3004100012;3004100013;3004100019;3004100020;3004100031;3004100032;3004100090;3004200010;3004200011;3004200012;3004200013;3004200018;3004200019;3004200020;3004200031;3004200039;3004200041;3004200049;3004200051;3004200059;3004200061;3004200062;3004200063;3004200069;3004200071;3004200079;3004200080;3004200090;3004310000;3004310010;3004310090;3004320000;3004320010;3004320011;3004320019;3004320020;3004320081;3004320082;3004320089;3004320090;3004390010;3004390011;3004390012;3004390013;3004390019;3004390081;3004390082;3004390083;3004390084;3004390085;3004390090;3004400010;3004400020;3004400030;3004400040;3004400050;3004400080;3004400090;3004410000;3004420000;3004430000;3004490010;3004490090;3004500010;3004500011;3004500012;3004500013;3004500014;3004500019;3004500020;3004500031;3004500032;3004500039;3004500040;3004500050;3004500061;3004500069;3004500070;3004500090;3004600000;3004900011;3004900012;3004900019;3004900020;3004900021;3004900022;3004900023;3004900024;3004900025;3004900026;3004900027;3004900029;3004900031;3004900032;3004900033;3004900034;3004900035;3004900036;3004900039;3004900041;3004900042;3004900043;3004900049;3004900050;3004900061;3004900069;3004900071;3004900072;3004900073;3004900074;3004900075;3004900076;3004900077;3004900078;3004900079;3004900081;3004900089;3004900090;3005100010;3005100091;3005100099;3005900010;3005900020;3005900030;3005900040;3005900050;3005900060;3005900090;3006100010;3006100090;3006200010;3006200020;3006200090;3006300010;3006300020;3006300090;3006400010;3006400020;3006400030;3006400090;3006500000;3006600000;3006600010;3006600011;3006600019;3006600090;3006701000;3006709000;3006801100;3006801900;3006809010;3006809020;3006809030;3006809041;3006809042;3006809043;3006809050;3006809060;3006910000;3006920000;3006931000;3006932000;3006933000;3006934000;3006939000,3001900010;3001900020;3001900090;3002100010;3002100021;3002100022;3002100023;3002100029;3002100030;3002100041;3002100042;3002100049;3002100051;3002100059;3002300010;3002300090;3002900011;3002900019;3002900020;3002900091;3002900092;3002900099;3003310090;3003390010;3003390090;3003400000;3003900010;3003900020;3003900091;3003900099;3004310010;3004310090;3004320081;3004320089;3004320090;3004390010;3004390081;3004390083;3004390084;3004390085;3004390090;3004400010;3004400020;3004400030;3004400040;3004400080;3004400090;3004500010;3004500020;3004500031;3004500032;3004500039;3004500040;3004500050;3004500061;3004500069;3004500070;3004900011;3004900012;3004900019;3004900020;3004900031;3004900032;3004900033;3004900034;3004900035;3004900036;3004900039;3004900041;3004900042;3004900043;3004900049;3004900050;3004900061;3004900069;3004900071;3004900072;3004900073;3004900074;3004900075;3004900076;3004900077;3004900078;3004900079;3004900081;3004900089;3005100010;3005100091;3005100099;3005900010;3005900020;3005900030;3005900040;3005900050;3005900060;3005900090;3006200010;3006200020;3006200090;3006300010;3006300020;3006300090;3006400010;3006400020;3006400030;3006400090,
no,declared,342,3002101090,1,1,198801,imports,3002,300210,199712,199801,70111731.00,"Antisera & o blood fractions, of human origin, for other uses",yes,no,,no,no,same_subheading,13,13,52,245,245,148,245,3002100010;3002100021;3002100022;3002100023;3002100029;3002100030;3002100041;3002100042;3002100049;3002100051;3002100059,106,0,3002100010;3002100021;3002100022;3002100023;3002100029;3002100030;3002100041;3002100042;3002100049;3002100051;3002100059;3002100060;3002100090,3001100010;3001100090;3001200000;3001900010;3001900020;3001900090;3002110000;3002120011;3002120012;3002120013;3002120019;3002120021;3002120029;3002130000;3002140000;3002150000;3002190000;3002200010;3002200020;3002200030;3002200090;3002300010;3002300090;3002410010;3002410090;3002420010;3002420090;3002490010;3002490020;3002490090;3002510000;3002590000;3002900010;3002900011;3002900012;3002900019;3002900020;3002900030;3002900040;3002900050;3002900090;3002900091;3002900092;3002900093;3002900099;3003100000;3003200000;3003310000;3003310010;3003310090;3003390000;3003390010;3003390090;3003400000;3003410000;3003420000;3003430000;3003490000;3003600000;3003900010;3003900020;3003900030;3003900090;3003900091;3003900099;3004100010;3004100011;3004100012;3004100013;3004100019;3004100020;3004100031;3004100032;3004100090;3004200010;3004200011;3004200012;3004200013;3004200018;3004200019;3004200020;3004200031;3004200039;3004200041;3004200049;3004200051;3004200059;3004200061;3004200062;3004200063;3004200069;3004200071;3004200079;3004200080;3004200090;3004310000;3004310010;3004310090;3004320000;3004320010;3004320011;3004320019;3004320020;3004320081;3004320082;3004320089;3004320090;3004390010;3004390011;3004390012;3004390013;3004390019;3004390081;3004390082;3004390083;3004390084;3004390085;3004390090;3004400010;3004400020;3004400030;3004400040;3004400050;3004400080;3004400090;3004410000;3004420000;3004430000;3004490010;3004490090;3004500010;3004500011;3004500012;3004500013;3004500014;3004500019;3004500020;3004500031;3004500032;3004500039;3004500040;3004500050;3004500061;3004500069;3004500070;3004500090;3004600000;3004900011;3004900012;3004900019;3004900020;3004900021;3004900022;3004900023;3004900024;3004900025;3004900026;3004900027;3004900029;3004900031;3004900032;3004900033;3004900034;3004900035;3004900036;3004900039;3004900041;3004900042;3004900043;3004900049;3004900050;3004900061;3004900069;3004900071;3004900072;3004900073;3004900074;3004900075;3004900076;3004900077;3004900078;3004900079;3004900081;3004900089;3004900090;3005100010;3005100091;3005100099;3005900010;3005900020;3005900030;3005900040;3005900050;3005900060;3005900090;3006100010;3006100090;3006200010;3006200020;3006200090;3006300010;3006300020;3006300090;3006400010;3006400020;3006400030;3006400090;3006500000;3006600000;3006600010;3006600011;3006600019;3006600090;3006701000;3006709000;3006801100;3006801900;3006809010;3006809020;3006809030;3006809041;3006809042;3006809043;3006809050;3006809060;3006910000;3006920000;3006931000;3006932000;3006933000;3006934000;3006939000,3001900010;3001900020;3001900090;3002100010;3002100021;3002100022;3002100023;3002100029;3002100030;3002100041;3002100042;3002100049;3002100051;3002100059;3002300010;3002300090;3002900011;3002900019;3002900020;3002900091;3002900092;3002900099;3003310090;3003390010;3003390090;3003400000;3003900010;3003900020;3003900091;3003900099;3004310010;3004310090;3004320081;3004320089;3004320090;3004390010;3004390081;3004390083;3004390084;3004390085;3004390090;3004400010;3004400020;3004400030;3004400040;3004400080;3004400090;3004500010;3004500020;3004500031;3004500032;3004500039;3004500040;3004500050;3004500061;3004500069;3004500070;3004900011;3004900012;3004900019;3004900020;3004900031;3004900032;3004900033;3004900034;3004900035;3004900036;3004900039;3004900041;3004900042;3004900043;3004900049;3004900050;3004900061;3004900069;3004900071;3004900072;3004900073;3004900074;3004900075;3004900076;3004900077;3004900078;3004900079;3004900081;3004900089;3005100010;3005100091;3005100099;3005900010;3005900020;3005900030;3005900040;3005900050;3005900060;3005900090;3006200010;3006200020;3006200090;3006300010;3006300020;3006300090;3006400010;3006400020;3006400030;3006400090,
no,declared,342,3002102110,1,1,198801,imports,3002,300210,199712,199801,27900542.00,"Bovine albumin, for parenteral administration in humans",yes,no,,no,no,same_subheading,13,13,52,245,245,148,245,3002100010;3002100021;3002100022;3002100023;3002100029;3002100030;3002100041;3002100042;3002100049;3002100051;3002100059,106,0,3002100010;3002100021;3002100022;3002100023;3002100029;3002100030;3002100041;3002100042;3002100049;3002100051;3002100059;3002100060;3002100090,3001100010;3001100090;3001200000;3001900010;3001900020;3001900090;3002110000;3002120011;3002120012;3002120013;3002120019;3002120021;3002120029;3002130000;3002140000;3002150000;3002190000;3002200010;3002200020;3002200030;3002200090;3002300010;3002300090;3002410010;3002410090;3002420010;3002420090;3002490010;3002490020;3002490090;3002510000;3002590000;3002900010;3002900011;3002900012;3002900019;3002900020;3002900030;3002900040;3002900050;3002900090;3002900091;3002900092;3002900093;3002900099;3003100000;3003200000;3003310000;3003310010;3003310090;3003390000;3003390010;3003390090;3003400000;3003410000;3003420000;3003430000;3003490000;3003600000;3003900010;3003900020;3003900030;3003900090;3003900091;3003900099;3004100010;3004100011;3004100012;3004100013;3004100019;3004100020;3004100031;3004100032;3004100090;3004200010;3004200011;3004200012;3004200013;3004200018;3004200019;3004200020;3004200031;3004200039;3004200041;3004200049;3004200051;3004200059;3004200061;3004200062;3004200063;3004200069;3004200071;3004200079;3004200080;3004200090;3004310000;3004310010;3004310090;3004320000;3004320010;3004320011;3004320019;3004320020;3004320081;3004320082;3004320089;3004320090;3004390010;3004390011;3004390012;3004390013;3004390019;3004390081;3004390082;3004390083;3004390084;3004390085;3004390090;3004400010;3004400020;3004400030;3004400040;3004400050;3004400080;3004400090;3004410000;3004420000;3004430000;3004490010;3004490090;3004500010;3004500011;3004500012;3004500013;3004500014;3004500019;3004500020;3004500031;3004500032;3004500039;3004500040;3004500050;3004500061;3004500069;3004500070;3004500090;3004600000;3004900011;3004900012;3004900019;3004900020;3004900021;3004900022;3004900023;3004900024;3004900025;3004900026;3004900027;3004900029;3004900031;3004900032;3004900033;3004900034;3004900035;3004900036;3004900039;3004900041;3004900042;3004900043;3004900049;3004900050;3004900061;3004900069;3004900071;3004900072;3004900073;3004900074;3004900075;3004900076;3004900077;3004900078;3004900079;3004900081;3004900089;3004900090;3005100010;3005100091;3005100099;3005900010;3005900020;3005900030;3005900040;3005900050;3005900060;3005900090;3006100010;3006100090;3006200010;3006200020;3006200090;3006300010;3006300020;3006300090;3006400010;3006400020;3006400030;3006400090;3006500000;3006600000;3006600010;3006600011;3006600019;3006600090;3006701000;3006709000;3006801100;3006801900;3006809010;3006809020;3006809030;3006809041;3006809042;3006809043;3006809050;3006809060;3006910000;3006920000;3006931000;3006932000;3006933000;3006934000;3006939000,3001900010;3001900020;3001900090;3002100010;3002100021;3002100022;3002100023;3002100029;3002100030;3002100041;3002100042;3002100049;3002100051;3002100059;3002300010;3002300090;3002900011;3002900019;3002900020;3002900091;3002900092;3002900099;3003310090;3003390010;3003390090;3003400000;3003900010;3003900020;3003900091;3003900099;3004310010;3004310090;3004320081;3004320089;3004320090;3004390010;3004390081;3004390083;3004390084;3004390085;3004390090;3004400010;3004400020;3004400030;3004400040;3004400080;3004400090;3004500010;3004500020;3004500031;3004500032;3004500039;3004500040;3004500050;3004500061;3004500069;3004500070;3004900011;3004900012;3004900019;3004900020;3004900031;3004900032;3004900033;3004900034;3004900035;3004900036;3004900039;3004900041;3004900042;3004900043;3004900049;3004900050;3004900061;3004900069;3004900071;3004900072;3004900073;3004900074;3004900075;3004900076;3004900077;3004900078;3004900079;3004900081;3004900089;3005100010;3005100091;3005100099;3005900010;3005900020;3005900030;3005900040;3005900050;3005900060;3005900090;3006200010;3006200020;3006200090;3006300010;3006300020;3006300090;3006400010;3006400020;3006400030;3006400090,
no,declared,342,3002102120,1,1,198801,imports,3002,300210,199712,199801,34907173.00,"Sera and antisera, of animal origin, for parenteral administration in humans",yes,no,,no,no,same_subheading,13,13,52,245,245,148,245,3002100010;3002100021;3002100022;3002100023;3002100029;3002100030;3002100041;3002100042;3002100049;3002100051;3002100059,106,0,3002100010;3002100021;3002100022;3002100023;3002100029;3002100030;3002100041;3002100042;3002100049;3002100051;3002100059;3002100060;3002100090,3001100010;3001100090;3001200000;3001900010;3001900020;3001900090;3002110000;3002120011;3002120012;3002120013;3002120019;3002120021;3002120029;3002130000;3002140000;3002150000;3002190000;3002200010;3002200020;3002200030;3002200090;3002300010;3002300090;3002410010;3002410090;3002420010;3002420090;3002490010;3002490020;3002490090;3002510000;3002590000;3002900010;3002900011;3002900012;3002900019;3002900020;3002900030;3002900040;3002900050;3002900090;3002900091;3002900092;3002900093;3002900099;3003100000;3003200000;3003310000;3003310010;3003310090;3003390000;3003390010;3003390090;3003400000;3003410000;3003420000;3003430000;3003490000;3003600000;3003900010;3003900020;3003900030;3003900090;3003900091;3003900099;3004100010;3004100011;3004100012;3004100013;3004100019;3004100020;3004100031;3004100032;3004100090;3004200010;3004200011;3004200012;3004200013;3004200018;3004200019;3004200020;3004200031;3004200039;3004200041;3004200049;3004200051;3004200059;3004200061;3004200062;3004200063;3004200069;3004200071;3004200079;3004200080;3004200090;3004310000;3004310010;3004310090;3004320000;3004320010;3004320011;3004320019;3004320020;3004320081;3004320082;3004320089;3004320090;3004390010;3004390011;3004390012;3004390013;3004390019;3004390081;3004390082;3004390083;3004390084;3004390085;3004390090;3004400010;3004400020;3004400030;3004400040;3004400050;3004400080;3004400090;3004410000;3004420000;3004430000;3004490010;3004490090;3004500010;3004500011;3004500012;3004500013;3004500014;3004500019;3004500020;3004500031;3004500032;3004500039;3004500040;3004500050;3004500061;3004500069;3004500070;3004500090;3004600000;3004900011;3004900012;3004900019;3004900020;3004900021;3004900022;3004900023;3004900024;3004900025;3004900026;3004900027;3004900029;3004900031;3004900032;3004900033;3004900034;3004900035;3004900036;3004900039;3004900041;3004900042;3004900043;3004900049;3004900050;3004900061;3004900069;3004900071;3004900072;3004900073;3004900074;3004900075;3004900076;3004900077;3004900078;3004900079;3004900081;3004900089;3004900090;3005100010;3005100091;3005100099;3005900010;3005900020;3005900030;3005900040;3005900050;3005900060;3005900090;3006100010;3006100090;3006200010;3006200020;3006200090;3006300010;3006300020;3006300090;3006400010;3006400020;3006400030;3006400090;3006500000;3006600000;3006600010;3006600011;3006600019;3006600090;3006701000;3006709000;3006801100;3006801900;3006809010;3006809020;3006809030;3006809041;3006809042;3006809043;3006809050;3006809060;3006910000;3006920000;3006931000;3006932000;3006933000;3006934000;3006939000,3001900010;3001900020;3001900090;3002100010;3002100021;3002100022;3002100023;3002100029;3002100030;3002100041;3002100042;3002100049;3002100051;3002100059;3002300010;3002300090;3002900011;3002900019;3002900020;3002900091;3002900092;3002900099;3003310090;3003390010;3003390090;3003400000;3003900010;3003900020;3003900091;3003900099;3004310010;3004310090;3004320081;3004320089;3004320090;3004390010;3004390081;3004390083;3004390084;3004390085;3004390090;3004400010;3004400020;3004400030;3004400040;3004400080;3004400090;3004500010;3004500020;3004500031;3004500032;3004500039;3004500040;3004500050;3004500061;3004500069;3004500070;3004900011;3004900012;3004900019;3004900020;3004900031;3004900032;3004900033;3004900034;3004900035;3004900036;3004900039;3004900041;3004900042;3004900043;3004900049;3004900050;3004900061;3004900069;3004900071;3004900072;3004900073;3004900074;3004900075;3004900076;3004900077;3004900078;3004900079;3004900081;3004900089;3005100010;3005100091;3005100099;3005900010;3005900020;3005900030;3005900040;3005900050;3005900060;3005900090;3006200010;3006200020;3006200090;3006300010;3006300020;3006300090;3006400010;3006400020;3006400030;3006400090,
no,declared,342,3002102190,1,1,198801,imports,3002,300210,199712,199801,40116460.00,"Blood albumin nes, of animal origin, for parenteral administration in humans",yes,no,,no,no,same_subheading,13,13,52,245,245,148,245,3002100010;3002100021;3002100022;3002100023;3002100029;3002100030;3002100041;3002100042;3002100049;3002100051;3002100059,106,0,3002100010;3002100021;3002100022;3002100023;3002100029;3002100030;3002100041;3002100042;3002100049;3002100051;3002100059;3002100060;3002100090,3001100010;3001100090;3001200000;3001900010;3001900020;3001900090;3002110000;3002120011;3002120012;3002120013;3002120019;3002120021;3002120029;3002130000;3002140000;3002150000;3002190000;3002200010;3002200020;3002200030;3002200090;3002300010;3002300090;3002410010;3002410090;3002420010;3002420090;3002490010;3002490020;3002490090;3002510000;3002590000;3002900010;3002900011;3002900012;3002900019;3002900020;3002900030;3002900040;3002900050;3002900090;3002900091;3002900092;3002900093;3002900099;3003100000;3003200000;3003310000;3003310010;3003310090;3003390000;3003390010;3003390090;3003400000;3003410000;3003420000;3003430000;3003490000;3003600000;3003900010;3003900020;3003900030;3003900090;3003900091;3003900099;3004100010;3004100011;3004100012;3004100013;3004100019;3004100020;3004100031;3004100032;3004100090;3004200010;3004200011;3004200012;3004200013;3004200018;3004200019;3004200020;3004200031;3004200039;3004200041;3004200049;3004200051;3004200059;3004200061;3004200062;3004200063;3004200069;3004200071;3004200079;3004200080;3004200090;3004310000;3004310010;3004310090;3004320000;3004320010;3004320011;3004320019;3004320020;3004320081;3004320082;3004320089;3004320090;3004390010;3004390011;3004390012;3004390013;3004390019;3004390081;3004390082;3004390083;3004390084;3004390085;3004390090;3004400010;3004400020;3004400030;3004400040;3004400050;3004400080;3004400090;3004410000;3004420000;3004430000;3004490010;3004490090;3004500010;3004500011;3004500012;3004500013;3004500014;3004500019;3004500020;3004500031;3004500032;3004500039;3004500040;3004500050;3004500061;3004500069;3004500070;3004500090;3004600000;3004900011;3004900012;3004900019;3004900020;3004900021;3004900022;3004900023;3004900024;3004900025;3004900026;3004900027;3004900029;3004900031;3004900032;3004900033;3004900034;3004900035;3004900036;3004900039;3004900041;3004900042;3004900043;3004900049;3004900050;3004900061;3004900069;3004900071;3004900072;3004900073;3004900074;3004900075;3004900076;3004900077;3004900078;3004900079;3004900081;3004900089;3004900090;3005100010;3005100091;3005100099;3005900010;3005900020;3005900030;3005900040;3005900050;3005900060;3005900090;3006100010;3006100090;3006200010;3006200020;3006200090;3006300010;3006300020;3006300090;3006400010;3006400020;3006400030;3006400090;3006500000;3006600000;3006600010;3006600011;3006600019;3006600090;3006701000;3006709000;3006801100;3006801900;3006809010;3006809020;3006809030;3006809041;3006809042;3006809043;3006809050;3006809060;3006910000;3006920000;3006931000;3006932000;3006933000;3006934000;3006939000,3001900010;3001900020;3001900090;3002100010;3002100021;3002100022;3002100023;3002100029;3002100030;3002100041;3002100042;3002100049;3002100051;3002100059;3002300010;3002300090;3002900011;3002900019;3002900020;3002900091;3002900092;3002900099;3003310090;3003390010;3003390090;3003400000;3003900010;3003900020;3003900091;3003900099;3004310010;3004310090;3004320081;3004320089;3004320090;3004390010;3004390081;3004390083;3004390084;3004390085;3004390090;3004400010;3004400020;3004400030;3004400040;3004400080;3004400090;3004500010;3004500020;3004500031;3004500032;3004500039;3004500040;3004500050;3004500061;3004500069;3004500070;3004900011;3004900012;3004900019;3004900020;3004900031;3004900032;3004900033;3004900034;3004900035;3004900036;3004900039;3004900041;3004900042;3004900043;3004900049;3004900050;3004900061;3004900069;3004900071;3004900072;3004900073;3004900074;3004900075;3004900076;3004900077;3004900078;3004900079;3004900081;3004900089;3005100010;3005100091;3005100099;3005900010;3005900020;3005900030;3005900040;3005900050;3005900060;3005900090;3006200010;3006200020;3006200090;3006300010;3006300020;3006300090;3006400010;3006400020;3006400030;3006400090,
no,declared,342,3002102910,1,1,198801,imports,3002,300210,199712,199801,955745.00,"Blood fractions, nes, for use in humans",yes,no,,no,no,same_subheading,13,13,52,245,245,148,245,3002100010;3002100021;3002100022;3002100023;3002100029;3002100030;3002100041;3002100042;3002100049;3002100051;3002100059,106,0,3002100010;3002100021;3002100022;3002100023;3002100029;3002100030;3002100041;3002100042;3002100049;3002100051;3002100059;3002100060;3002100090,3001100010;3001100090;3001200000;3001900010;3001900020;3001900090;3002110000;3002120011;3002120012;3002120013;3002120019;3002120021;3002120029;3002130000;3002140000;3002150000;3002190000;3002200010;3002200020;3002200030;3002200090;3002300010;3002300090;3002410010;3002410090;3002420010;3002420090;3002490010;3002490020;3002490090;3002510000;3002590000;3002900010;3002900011;3002900012;3002900019;3002900020;3002900030;3002900040;3002900050;3002900090;3002900091;3002900092;3002900093;3002900099;3003100000;3003200000;3003310000;3003310010;3003310090;3003390000;3003390010;3003390090;3003400000;3003410000;3003420000;3003430000;3003490000;3003600000;3003900010;3003900020;3003900030;3003900090;3003900091;3003900099;3004100010;3004100011;3004100012;3004100013;3004100019;3004100020;3004100031;3004100032;3004100090;3004200010;3004200011;3004200012;3004200013;3004200018;3004200019;3004200020;3004200031;3004200039;3004200041;3004200049;3004200051;3004200059;3004200061;3004200062;3004200063;3004200069;3004200071;3004200079;3004200080;3004200090;3004310000;3004310010;3004310090;3004320000;3004320010;3004320011;3004320019;3004320020;3004320081;3004320082;3004320089;3004320090;3004390010;3004390011;3004390012;3004390013;3004390019;3004390081;3004390082;3004390083;3004390084;3004390085;3004390090;3004400010;3004400020;3004400030;3004400040;3004400050;3004400080;3004400090;3004410000;3004420000;3004430000;3004490010;3004490090;3004500010;3004500011;3004500012;3004500013;3004500014;3004500019;3004500020;3004500031;3004500032;3004500039;3004500040;3004500050;3004500061;3004500069;3004500070;3004500090;3004600000;3004900011;3004900012;3004900019;3004900020;3004900021;3004900022;3004900023;3004900024;3004900025;3004900026;3004900027;3004900029;3004900031;3004900032;3004900033;3004900034;3004900035;3004900036;3004900039;3004900041;3004900042;3004900043;3004900049;3004900050;3004900061;3004900069;3004900071;3004900072;3004900073;3004900074;3004900075;3004900076;3004900077;3004900078;3004900079;3004900081;3004900089;3004900090;3005100010;3005100091;3005100099;3005900010;3005900020;3005900030;3005900040;3005900050;3005900060;3005900090;3006100010;3006100090;3006200010;3006200020;3006200090;3006300010;3006300020;3006300090;3006400010;3006400020;3006400030;3006400090;3006500000;3006600000;3006600010;3006600011;3006600019;3006600090;3006701000;3006709000;3006801100;3006801900;3006809010;3006809020;3006809030;3006809041;3006809042;3006809043;3006809050;3006809060;3006910000;3006920000;3006931000;3006932000;3006933000;3006934000;3006939000,3001900010;3001900020;3001900090;3002100010;3002100021;3002100022;3002100023;3002100029;3002100030;3002100041;3002100042;3002100049;3002100051;3002100059;3002300010;3002300090;3002900011;3002900019;3002900020;3002900091;3002900092;3002900099;3003310090;3003390010;3003390090;3003400000;3003900010;3003900020;3003900091;3003900099;3004310010;3004310090;3004320081;3004320089;3004320090;3004390010;3004390081;3004390083;3004390084;3004390085;3004390090;3004400010;3004400020;3004400030;3004400040;3004400080;3004400090;3004500010;3004500020;3004500031;3004500032;3004500039;3004500040;3004500050;3004500061;3004500069;3004500070;3004900011;3004900012;3004900019;3004900020;3004900031;3004900032;3004900033;3004900034;3004900035;3004900036;3004900039;3004900041;3004900042;3004900043;3004900049;3004900050;3004900061;3004900069;3004900071;3004900072;3004900073;3004900074;3004900075;3004900076;3004900077;3004900078;3004900079;3004900081;3004900089;3005100010;3005100091;3005100099;3005900010;3005900020;3005900030;3005900040;3005900050;3005900060;3005900090;3006200010;3006200020;3006200090;3006300010;3006300020;3006300090;3006400010;3006400020;3006400030;3006400090,
no,declared,422,3002102920,1,1,198801,imports,3002,300210,199104,199105,77143.00,"Blood fractions, nes, for use in animals",yes,no,,no,no,same_subheading,24,24,78,376,376,161,376,3002101010;3002101021;3002101022;3002101023;3002101029;3002101090;3002102110;3002102120;3002102190;3002102910;3002102990,0,0,3002100010;3002100021;3002100022;3002100023;3002100029;3002100030;3002100041;3002100042;3002100049;3002100051;3002100059;3002100060;3002100090;3002101010;3002101021;3002101022;3002101023;3002101029;3002101090;3002102110;3002102120;3002102190;3002102910;3002102990,3001100010;3001100090;3001200000;3001900010;3001900020;3001900090;3001901000;3001902000;3001909000;3002110000;3002120011;3002120012;3002120013;3002120019;3002120021;3002120029;3002130000;3002140000;3002150000;3002190000;3002200010;3002200020;3002200030;3002200090;3002300010;3002300090;3002301000;3002309000;3002310000;3002391000;3002399000;3002410010;3002410090;3002420010;3002420090;3002490010;3002490020;3002490090;3002510000;3002590000;3002900010;3002900011;3002900012;3002900019;3002900020;3002900030;3002900040;3002900050;3002900090;3002900091;3002900092;3002900093;3002900099;3002901010;3002901011;3002901019;3002901020;3002901030;3002901040;3002909010;3002909020;3002909030;3002909090;3003100000;3003200000;3003310000;3003310010;3003310090;3003311000;3003319900;3003390000;3003390010;3003390090;3003391000;3003399100;3003399900;3003400000;3003401000;3003409000;3003410000;3003420000;3003430000;3003490000;3003600000;3003900010;3003900020;3003900030;3003900090;3003900091;3003900099;3003901000;3003909100;3003909900;3003909910;3003909990;3004100010;3004100011;3004100012;3004100013;3004100014;3004100019;3004100020;3004100031;3004100032;3004100090;3004200010;3004200011;3004200012;3004200013;3004200018;3004200019;3004200020;3004200031;3004200039;3004200041;3004200049;3004200051;3004200052;3004200059;3004200061;3004200062;3004200063;3004200064;3004200069;3004200071;3004200079;3004200080;3004200090;3004310000;3004310010;3004310090;3004311000;3004319900;3004320000;3004320010;3004320011;3004320019;3004320020;3004320081;3004320082;3004320089;3004320090;3004321000;3004329011;3004329012;3004329019;3004329020;3004390010;3004390011;3004390012;3004390013;3004390019;3004390081;3004390082;3004390083;3004390084;3004390085;3004390090;3004391000;3004399100;3004399910;3004399920;3004399930;3004399940;3004399950;3004399960;3004400010;3004400020;3004400030;3004400040;3004400050;3004400080;3004400090;3004401000;3004409011;3004409019;3004409020;3004409030;3004409040;3004409050;3004409060;3004409070;3004409080;3004409090;3004410000;3004420000;3004430000;3004490010;3004490090;3004500010;3004500011;3004500012;3004500013;3004500014;3004500019;3004500020;3004500031;3004500032;3004500039;3004500040;3004500050;3004500061;3004500069;3004500070;3004500090;3004501000;3004509100;3004509911;3004509912;3004509919;3004509920;3004509930;3004509941;3004509949;3004509950;3004600000;3004900011;3004900012;3004900019;3004900020;3004900021;3004900022;3004900023;3004900024;3004900025;3004900026;3004900027;3004900029;3004900031;3004900032;3004900033;3004900034;3004900035;3004900036;3004900039;3004900041;3004900042;3004900043;3004900049;3004900050;3004900061;3004900069;3004900071;3004900072;3004900073;3004900074;3004900075;3004900076;3004900077;3004900078;3004900079;3004900081;3004900089;3004900090;3004901010;3004901020;3004901090;3004909100;3004909911;3004909912;3004909913;3004909914;3004909915;3004909916;3004909919;3004909921;3004909922;3004909923;3004909929;3004909930;3004909941;3004909949;3004909950;3004909960;3004909971;3004909979;3004909981;3004909982;3004909983;3004909984;3004909989;3004909991;3004909992;3004909993;3004909999;3005100010;3005100091;3005100099;3005101000;3005109100;3005109900;3005900010;3005900020;3005900030;3005900040;3005900050;3005900060;3005900090;3005901000;3005902000;3005903000;3005909100;3005909200;3005909300;3005909900;3006100010;3006100090;3006200010;3006200020;3006200090;3006201000;3006202000;3006209000;3006300010;3006300020;3006300090;3006301000;3006309100;3006309900;3006400010;3006400020;3006400030;3006400090;3006401010;3006401020;3006402000;3006409000;3006500000;3006600000;3006600010;3006600011;3006600019;3006600090;3006701000;3006709000;3006801100;3006801900;3006809010;3006809020;3006809030;3006809041;3006809042;3006809043;3006809050;3006809060;3006910000;3006920000;3006931000;3006932000;3006933000;3006934000;3006939000,,
no,declared,342,3002102990,1,1,198801,imports,3002,300210,199712,199801,26422139.00,"Blood fractions, nes",yes,no,,no,no,same_subheading,13,13,52,245,245,148,245,3002100010;3002100021;3002100022;3002100023;3002100029;3002100030;3002100041;3002100042;3002100049;3002100051;3002100059,106,0,3002100010;3002100021;3002100022;3002100023;3002100029;3002100030;3002100041;3002100042;3002100049;3002100051;3002100059;3002100060;3002100090,3001100010;3001100090;3001200000;3001900010;3001900020;3001900090;3002110000;3002120011;3002120012;3002120013;3002120019;3002120021;3002120029;3002130000;3002140000;3002150000;3002190000;3002200010;3002200020;3002200030;3002200090;3002300010;3002300090;3002410010;3002410090;3002420010;3002420090;3002490010;3002490020;3002490090;3002510000;3002590000;3002900010;3002900011;3002900012;3002900019;3002900020;3002900030;3002900040;3002900050;3002900090;3002900091;3002900092;3002900093;3002900099;3003100000;3003200000;3003310000;3003310010;3003310090;3003390000;3003390010;3003390090;3003400000;3003410000;3003420000;3003430000;3003490000;3003600000;3003900010;3003900020;3003900030;3003900090;3003900091;3003900099;3004100010;3004100011;3004100012;3004100013;3004100019;3004100020;3004100031;3004100032;3004100090;3004200010;3004200011;3004200012;3004200013;3004200018;3004200019;3004200020;3004200031;3004200039;3004200041;3004200049;3004200051;3004200059;3004200061;3004200062;3004200063;3004200069;3004200071;3004200079;3004200080;3004200090;3004310000;3004310010;3004310090;3004320000;3004320010;3004320011;3004320019;3004320020;3004320081;3004320082;3004320089;3004320090;3004390010;3004390011;3004390012;3004390013;3004390019;3004390081;3004390082;3004390083;3004390084;3004390085;3004390090;3004400010;3004400020;3004400030;3004400040;3004400050;3004400080;3004400090;3004410000;3004420000;3004430000;3004490010;3004490090;3004500010;3004500011;3004500012;3004500013;3004500014;3004500019;3004500020;3004500031;3004500032;3004500039;3004500040;3004500050;3004500061;3004500069;3004500070;3004500090;3004600000;3004900011;3004900012;3004900019;3004900020;3004900021;3004900022;3004900023;3004900024;3004900025;3004900026;3004900027;3004900029;3004900031;3004900032;3004900033;3004900034;3004900035;3004900036;3004900039;3004900041;3004900042;3004900043;3004900049;3004900050;3004900061;3004900069;3004900071;3004900072;3004900073;3004900074;3004900075;3004900076;3004900077;3004900078;3004900079;3004900081;3004900089;3004900090;3005100010;3005100091;3005100099;3005900010;3005900020;3005900030;3005900040;3005900050;3005900060;3005900090;3006100010;3006100090;3006200010;3006200020;3006200090;3006300010;3006300020;3006300090;3006400010;3006400020;3006400030;3006400090;3006500000;3006600000;3006600010;3006600011;3006600019;3006600090;3006701000;3006709000;3006801100;3006801900;3006809010;3006809020;3006809030;3006809041;3006809042;3006809043;3006809050;3006809060;3006910000;3006920000;3006931000;3006932000;3006933000;3006934000;3006939000,3001900010;3001900020;3001900090;3002100010;3002100021;3002100022;3002100023;3002100029;3002100030;3002100041;3002100042;3002100049;3002100051;3002100059;3002300010;3002300090;3002900011;3002900019;3002900020;3002900091;3002900092;3002900099;3003310090;3003390010;3003390090;3003400000;3003900010;3003900020;3003900091;3003900099;3004310010;3004310090;3004320081;3004320089;3004320090;3004390010;3004390081;3004390083;3004390084;3004390085;3004390090;3004400010;3004400020;3004400030;3004400040;3004400080;3004400090;3004500010;3004500020;3004500031;3004500032;3004500039;3004500040;3004500050;3004500061;3004500069;3004500070;3004900011;3004900012;3004900019;3004900020;3004900031;3004900032;3004900033;3004900034;3004900035;3004900036;3004900039;3004900041;3004900042;3004900043;3004900049;3004900050;3004900061;3004900069;3004900071;3004900072;3004900073;3004900074;3004900075;3004900076;3004900077;3004900078;3004900079;3004900081;3004900089;3005100010;3005100091;3005100099;3005900010;3005900020;3005900030;3005900040;3005900050;3005900060;3005900090;3006200010;3006200020;3006200090;3006300010;3006300020;3006300090;3006400010;3006400020;3006400030;3006400090,
no,declared,54,3002110000,1,1,201701,imports,3002,300211,202112,202201,3361952.00,Malaria diagnostic test kits,no,yes,2017->2022,no,yes,same_heading,22,0,22,115,115,115,115,3002120011;3002120012;3002120013;3002120019;3002120021;3002120029;3002130000;3002140000;3002150000;3002410010;3002410090;3002420010;3002420090;3002490010;3002490020;3002490090;3002510000;3002590000;3002900020;3002900030;3002900040;3002900090,15,0,3002120011;3002120012;3002120013;3002120019;3002120021;3002120029;3002130000;3002140000;3002150000;3002410010;3002410090;3002420010;3002420090;3002490010;3002490020;3002490090;3002510000;3002590000;3002900020;3002900030;3002900040;3002900090,3001200000;3001900010;3001900020;3001900090;3003100000;3003200000;3003310000;3003390000;3003410000;3003420000;3003430000;3003490000;3003600000;3003900030;3003900090;3004100010;3004100090;3004200011;3004200012;3004200013;3004200018;3004200019;3004200080;3004200090;3004310000;3004320000;3004390011;3004390012;3004390013;3004390019;3004390090;3004410000;3004420000;3004430000;3004490010;3004490090;3004500011;3004500012;3004500014;3004500019;3004500090;3004600000;3004900011;3004900012;3004900019;3004900021;3004900022;3004900023;3004900024;3004900025;3004900026;3004900027;3004900029;3004900042;3004900043;3004900049;3004900050;3004900061;3004900069;3004900071;3004900072;3004900073;3004900074;3004900075;3004900076;3004900077;3004900078;3004900079;3004900090;3005100010;3005100091;3005100099;3005900020;3005900030;3005900040;3005900090;3006100010;3006100090;3006300010;3006300090;3006400010;3006400090;3006500000;3006600000;3006701000;3006709000;3006910000;3006920000;3006931000;3006932000;3006933000;3006934000;3006939000,3002410010;3002410090;3002420010;3002420090;3002490010;3002490020;3002490090;3002510000;3002590000;3002900020;3006931000;3006932000;3006933000;3006934000;3006939000,
no,declared,54,3002190000,1,1,201701,imports,3002,300219,202112,202201,1629159701.00,"Immunological products, nes, w/n modified/obtained by biotechnological processes",no,yes,2017->2022,no,yes,same_heading,22,0,22,115,115,115,115,3002120011;3002120012;3002120013;3002120019;3002120021;3002120029;3002130000;3002140000;3002150000;3002410010;3002410090;3002420010;3002420090;3002490010;3002490020;3002490090;3002510000;3002590000;3002900020;3002900030;3002900040;3002900090,15,0,3002120011;3002120012;3002120013;3002120019;3002120021;3002120029;3002130000;3002140000;3002150000;3002410010;3002410090;3002420010;3002420090;3002490010;3002490020;3002490090;3002510000;3002590000;3002900020;3002900030;3002900040;3002900090,3001200000;3001900010;3001900020;3001900090;3003100000;3003200000;3003310000;3003390000;3003410000;3003420000;3003430000;3003490000;3003600000;3003900030;3003900090;3004100010;3004100090;3004200011;3004200012;3004200013;3004200018;3004200019;3004200080;3004200090;3004310000;3004320000;3004390011;3004390012;3004390013;3004390019;3004390090;3004410000;3004420000;3004430000;3004490010;3004490090;3004500011;3004500012;3004500014;3004500019;3004500090;3004600000;3004900011;3004900012;3004900019;3004900021;3004900022;3004900023;3004900024;3004900025;3004900026;3004900027;3004900029;3004900042;3004900043;3004900049;3004900050;3004900061;3004900069;3004900071;3004900072;3004900073;3004900074;3004900075;3004900076;3004900077;3004900078;3004900079;3004900090;3005100010;3005100091;3005100099;3005900020;3005900030;3005900040;3005900090;3006100010;3006100090;3006300010;3006300090;3006400010;3006400090;3006500000;3006600000;3006701000;3006709000;3006910000;3006920000;3006931000;3006932000;3006933000;3006934000;3006939000,3002410010;3002410090;3002420010;3002420090;3002490010;3002490020;3002490090;3002510000;3002590000;3002900020;3006931000;3006932000;3006933000;3006934000;3006939000,
no,declared,54,3002200010,1,1,198802,imports,3002,300220,202112,202201,902421504.00,"Vaccines against influenza virus, for human use",no,yes,2017->2022,no,yes,same_heading,22,0,22,115,115,115,115,3002120011;3002120012;3002120013;3002120019;3002120021;3002120029;3002130000;3002140000;3002150000;3002410010;3002410090;3002420010;3002420090;3002490010;3002490020;3002490090;3002510000;3002590000;3002900020;3002900030;3002900040;3002900090,15,0,3002120011;3002120012;3002120013;3002120019;3002120021;3002120029;3002130000;3002140000;3002150000;3002410010;3002410090;3002420010;3002420090;3002490010;3002490020;3002490090;3002510000;3002590000;3002900020;3002900030;3002900040;3002900090,3001200000;3001900010;3001900020;3001900090;3003100000;3003200000;3003310000;3003390000;3003410000;3003420000;3003430000;3003490000;3003600000;3003900030;3003900090;3004100010;3004100090;3004200011;3004200012;3004200013;3004200018;3004200019;3004200080;3004200090;3004310000;3004320000;3004390011;3004390012;3004390013;3004390019;3004390090;3004410000;3004420000;3004430000;3004490010;3004490090;3004500011;3004500012;3004500014;3004500019;3004500090;3004600000;3004900011;3004900012;3004900019;3004900021;3004900022;3004900023;3004900024;3004900025;3004900026;3004900027;3004900029;3004900042;3004900043;3004900049;3004900050;3004900061;3004900069;3004900071;3004900072;3004900073;3004900074;3004900075;3004900076;3004900077;3004900078;3004900079;3004900090;3005100010;3005100091;3005100099;3005900020;3005900030;3005900040;3005900090;3006100010;3006100090;3006300010;3006300090;3006400010;3006400090;3006500000;3006600000;3006701000;3006709000;3006910000;3006920000;3006931000;3006932000;3006933000;3006934000;3006939000,3002410010;3002410090;3002420010;3002420090;3002490010;3002490020;3002490090;3002510000;3002590000;3002900020;3006931000;3006932000;3006933000;3006934000;3006939000,
no,declared,174,3002200020,1,1,198801,imports,3002,300220,201112,201201,5568753.00,"Vaccines against rubella (german measles), for human use",yes,yes,2007->2012,yes,yes,same_subheading,2,2,49,158,158,109,158,3002200010;3002200090,28,0,3002200010;3002200090,3001200000;3001900010;3001900020;3001900090;3002100010;3002100021;3002100022;3002100023;3002100029;3002100030;3002100041;3002100042;3002100049;3002100051;3002100059;3002100090;3002110000;3002120011;3002120012;3002120013;3002120019;3002120021;3002120029;3002130000;3002140000;3002150000;3002190000;3002300010;3002300090;3002410010;3002410090;3002420010;3002420090;3002490010;3002490020;3002490090;3002510000;3002590000;3002900010;3002900011;3002900012;3002900019;3002900020;3002900030;3002900040;3002900050;3002900090;3002900091;3002900092;3002900093;3002900099;3003100000;3003200000;3003310000;3003390000;3003400000;3003410000;3003420000;3003430000;3003490000;3003600000;3003900030;3003900090;3004100010;3004100090;3004200011;3004200012;3004200013;3004200018;3004200019;3004200080;3004200090;3004310000;3004320000;3004390011;3004390012;3004390013;3004390019;3004390090;3004400030;3004400040;3004400090;3004410000;3004420000;3004430000;3004490010;3004490090;3004500011;3004500012;3004500013;3004500014;3004500019;3004500090;3004600000;3004900011;3004900012;3004900019;3004900021;3004900022;3004900023;3004900024;3004900025;3004900026;3004900027;3004900029;3004900031;3004900032;3004900033;3004900034;3004900035;3004900036;3004900039;3004900042;3004900043;3004900049;3004900050;3004900061;3004900069;3004900071;3004900072;3004900073;3004900074;3004900075;3004900076;3004900077;3004900078;3004900079;3004900090;3005100010;3005100091;3005100099;3005900020;3005900030;3005900040;3005900090;3006100010;3006100090;3006200020;3006200090;3006300010;3006300090;3006400010;3006400090;3006500000;3006600000;3006600010;3006600090;3006701000;3006709000;3006910000;3006920000;3006931000;3006932000;3006933000;3006934000;3006939000,3002100090;3003310000;3003390000;3003900030;3003900090;3004100010;3004100090;3004200011;3004200012;3004200013;3004200018;3004200019;3004200080;3004200090;3004310000;3004320000;3004390011;3004390012;3004390013;3004390019;3004500011;3004500012;3004500013;3004500014;3004500019;3004500090;3004900090;3006600010,
no,declared,175,3002200030,1,1,198801,imports,3002,300220,201111,201112,9012275.00,"Vaccines against rabies, for human use",yes,yes,2007->2012,yes,yes,same_subheading,3,3,51,222,222,173,222,3002200010;3002200020;3002200090,0,0,3002200010;3002200020;3002200090,3001200000;3001900010;3001900020;3001900090;3002100010;3002100021;3002100022;3002100023;3002100029;3002100030;3002100041;3002100042;3002100049;3002100051;3002100059;3002100060;3002100090;3002110000;3002120011;3002120012;3002120013;3002120019;3002120021;3002120029;3002130000;3002140000;3002150000;3002190000;3002300010;3002300090;3002410010;3002410090;3002420010;3002420090;3002490010;3002490020;3002490090;3002510000;3002590000;3002900010;3002900011;3002900012;3002900019;3002900020;3002900030;3002900040;3002900050;3002900090;3002900091;3002900092;3002900093;3002900099;3003100000;3003200000;3003310000;3003310090;3003390000;3003390010;3003390090;3003400000;3003410000;3003420000;3003430000;3003490000;3003600000;3003900010;3003900020;3003900030;3003900090;3003900091;3003900099;3004100010;3004100011;3004100013;3004100019;3004100020;3004100031;3004100032;3004100090;3004200010;3004200011;3004200012;3004200013;3004200018;3004200019;3004200020;3004200031;3004200039;3004200041;3004200049;3004200051;3004200059;3004200063;3004200069;3004200071;3004200079;3004200080;3004200090;3004310000;3004310010;3004310090;3004320000;3004320011;3004320019;3004320020;3004390010;3004390011;3004390012;3004390013;3004390019;3004390081;3004390082;3004390083;3004390084;3004390085;3004390090;3004400010;3004400020;3004400030;3004400040;3004400050;3004400080;3004400090;3004410000;3004420000;3004430000;3004490010;3004490090;3004500010;3004500011;3004500012;3004500013;3004500014;3004500019;3004500020;3004500031;3004500032;3004500039;3004500040;3004500050;3004500061;3004500069;3004500070;3004500090;3004600000;3004900011;3004900012;3004900019;3004900020;3004900021;3004900022;3004900023;3004900024;3004900025;3004900026;3004900027;3004900029;3004900031;3004900032;3004900033;3004900034;3004900035;3004900036;3004900039;3004900041;3004900042;3004900043;3004900049;3004900050;3004900061;3004900069;3004900071;3004900072;3004900073;3004900074;3004900075;3004900076;3004900077;3004900078;3004900079;3004900081;3004900089;3004900090;3005100010;3005100091;3005100099;3005900010;3005900020;3005900030;3005900040;3005900050;3005900060;3005900090;3006100010;3006100090;3006200010;3006200020;3006200090;3006300010;3006300020;3006300090;3006400010;3006400020;3006400030;3006400090;3006500000;3006600000;3006600010;3006600019;3006600090;3006701000;3006709000;3006910000;3006920000;3006931000;3006932000;3006933000;3006934000;3006939000,,
no,declared,54,3002200090,1,1,198801,imports,3002,300220,202112,202201,11076237268.00,"Vaccines, nes, for human medicine",no,yes,2017->2022,no,yes,same_heading,22,0,22,115,115,115,115,3002120011;3002120012;3002120013;3002120019;3002120021;3002120029;3002130000;3002140000;3002150000;3002410010;3002410090;3002420010;3002420090;3002490010;3002490020;3002490090;3002510000;3002590000;3002900020;3002900030;3002900040;3002900090,15,0,3002120011;3002120012;3002120013;3002120019;3002120021;3002120029;3002130000;3002140000;3002150000;3002410010;3002410090;3002420010;3002420090;3002490010;3002490020;3002490090;3002510000;3002590000;3002900020;3002900030;3002900040;3002900090,3001200000;3001900010;3001900020;3001900090;3003100000;3003200000;3003310000;3003390000;3003410000;3003420000;3003430000;3003490000;3003600000;3003900030;3003900090;3004100010;3004100090;3004200011;3004200012;3004200013;3004200018;3004200019;3004200080;3004200090;3004310000;3004320000;3004390011;3004390012;3004390013;3004390019;3004390090;3004410000;3004420000;3004430000;3004490010;3004490090;3004500011;3004500012;3004500014;3004500019;3004500090;3004600000;3004900011;3004900012;3004900019;3004900021;3004900022;3004900023;3004900024;3004900025;3004900026;3004900027;3004900029;3004900042;3004900043;3004900049;3004900050;3004900061;3004900069;3004900071;3004900072;3004900073;3004900074;3004900075;3004900076;3004900077;3004900078;3004900079;3004900090;3005100010;3005100091;3005100099;3005900020;3005900030;3005900040;3005900090;3006100010;3006100090;3006300010;3006300090;3006400010;3006400090;3006500000;3006600000;3006701000;3006709000;3006910000;3006920000;3006931000;3006932000;3006933000;3006934000;3006939000,3002410010;3002410090;3002420010;3002420090;3002490010;3002490020;3002490090;3002510000;3002590000;3002900020;3006931000;3006932000;3006933000;3006934000;3006939000,
no,declared,54,3002300010,1,1,199801,imports,3002,300230,202112,202201,803346426.00,Vacc agnst foot and mth disse; vacc prepr for parentl admin; bovi intrnsl vacc,no,yes,2017->2022,no,yes,same_heading,22,0,22,115,115,115,115,3002120011;3002120012;3002120013;3002120019;3002120021;3002120029;3002130000;3002140000;3002150000;3002410010;3002410090;3002420010;3002420090;3002490010;3002490020;3002490090;3002510000;3002590000;3002900020;3002900030;3002900040;3002900090,15,0,3002120011;3002120012;3002120013;3002120019;3002120021;3002120029;3002130000;3002140000;3002150000;3002410010;3002410090;3002420010;3002420090;3002490010;3002490020;3002490090;3002510000;3002590000;3002900020;3002900030;3002900040;3002900090,3001200000;3001900010;3001900020;3001900090;3003100000;3003200000;3003310000;3003390000;3003410000;3003420000;3003430000;3003490000;3003600000;3003900030;3003900090;3004100010;3004100090;3004200011;3004200012;3004200013;3004200018;3004200019;3004200080;3004200090;3004310000;3004320000;3004390011;3004390012;3004390013;3004390019;3004390090;3004410000;3004420000;3004430000;3004490010;3004490090;3004500011;3004500012;3004500014;3004500019;3004500090;3004600000;3004900011;3004900012;3004900019;3004900021;3004900022;3004900023;3004900024;3004900025;3004900026;3004900027;3004900029;3004900042;3004900043;3004900049;3004900050;3004900061;3004900069;3004900071;3004900072;3004900073;3004900074;3004900075;3004900076;3004900077;3004900078;3004900079;3004900090;3005100010;3005100091;3005100099;3005900020;3005900030;3005900040;3005900090;3006100010;3006100090;3006300010;3006300090;3006400010;3006400090;3006500000;3006600000;3006701000;3006709000;3006910000;3006920000;3006931000;3006932000;3006933000;3006934000;3006939000,3002410010;3002410090;3002420010;3002420090;3002490010;3002490020;3002490090;3002510000;3002590000;3002900020;3006931000;3006932000;3006933000;3006934000;3006939000,
no,declared,54,3002300090,1,1,199801,imports,3002,300230,202112,202201,925135646.00,"Vaccines, veterinary use, nes",no,yes,2017->2022,no,yes,same_heading,22,0,22,115,115,115,115,3002120011;3002120012;3002120013;3002120019;3002120021;3002120029;3002130000;3002140000;3002150000;3002410010;3002410090;3002420010;3002420090;3002490010;3002490020;3002490090;3002510000;3002590000;3002900020;3002900030;3002900040;3002900090,15,0,3002120011;3002120012;3002120013;3002120019;3002120021;3002120029;3002130000;3002140000;3002150000;3002410010;3002410090;3002420010;3002420090;3002490010;3002490020;3002490090;3002510000;3002590000;3002900020;3002900030;3002900040;3002900090,3001200000;3001900010;3001900020;3001900090;3003100000;3003200000;3003310000;3003390000;3003410000;3003420000;3003430000;3003490000;3003600000;3003900030;3003900090;3004100010;3004100090;3004200011;3004200012;3004200013;3004200018;3004200019;3004200080;3004200090;3004310000;3004320000;3004390011;3004390012;3004390013;3004390019;3004390090;3004410000;3004420000;3004430000;3004490010;3004490090;3004500011;3004500012;3004500014;3004500019;3004500090;3004600000;3004900011;3004900012;3004900019;3004900021;3004900022;3004900023;3004900024;3004900025;3004900026;3004900027;3004900029;3004900042;3004900043;3004900049;3004900050;3004900061;3004900069;3004900071;3004900072;3004900073;3004900074;3004900075;3004900076;3004900077;3004900078;3004900079;3004900090;3005100010;3005100091;3005100099;3005900020;3005900030;3005900040;3005900090;3006100010;3006100090;3006300010;3006300090;3006400010;3006400090;3006500000;3006600000;3006701000;3006709000;3006910000;3006920000;3006931000;3006932000;3006933000;3006934000;3006939000,3002410010;3002410090;3002420010;3002420090;3002490010;3002490020;3002490090;3002510000;3002590000;3002900020;3006931000;3006932000;3006933000;3006934000;3006939000,
no,declared,342,3002301000,1,1,199601,imports,3002,300230,199712,199801,33376350.00,Vacc agnst foot and mth disse; vacc prepr for parentl admin; bovi intrnsl vacc,yes,no,,no,no,same_subheading,2,2,52,245,245,148,245,3002300010;3002300090,106,0,3002300010;3002300090,3001100010;3001100090;3001200000;3001900010;3001900020;3001900090;3002100010;3002100021;3002100022;3002100023;3002100029;3002100030;3002100041;3002100042;3002100049;3002100051;3002100059;3002100060;3002100090;3002110000;3002120011;3002120012;3002120013;3002120019;3002120021;3002120029;3002130000;3002140000;3002150000;3002190000;3002200010;3002200020;3002200030;3002200090;3002410010;3002410090;3002420010;3002420090;3002490010;3002490020;3002490090;3002510000;3002590000;3002900010;3002900011;3002900012;3002900019;3002900020;3002900030;3002900040;3002900050;3002900090;3002900091;3002900092;3002900093;3002900099;3003100000;3003200000;3003310000;3003310010;3003310090;3003390000;3003390010;3003390090;3003400000;3003410000;3003420000;3003430000;3003490000;3003600000;3003900010;3003900020;3003900030;3003900090;3003900091;3003900099;3004100010;3004100011;3004100012;3004100013;3004100019;3004100020;3004100031;3004100032;3004100090;3004200010;3004200011;3004200012;3004200013;3004200018;3004200019;3004200020;3004200031;3004200039;3004200041;3004200049;3004200051;3004200059;3004200061;3004200062;3004200063;3004200069;3004200071;3004200079;3004200080;3004200090;3004310000;3004310010;3004310090;3004320000;3004320010;3004320011;3004320019;3004320020;3004320081;3004320082;3004320089;3004320090;3004390010;3004390011;3004390012;3004390013;3004390019;3004390081;3004390082;3004390083;3004390084;3004390085;3004390090;3004400010;3004400020;3004400030;3004400040;3004400050;3004400080;3004400090;3004410000;3004420000;3004430000;3004490010;3004490090;3004500010;3004500011;3004500012;3004500013;3004500014;3004500019;3004500020;3004500031;3004500032;3004500039;3004500040;3004500050;3004500061;3004500069;3004500070;3004500090;3004600000;3004900011;3004900012;3004900019;3004900020;3004900021;3004900022;3004900023;3004900024;3004900025;3004900026;3004900027;3004900029;3004900031;3004900032;3004900033;3004900034;3004900035;3004900036;3004900039;3004900041;3004900042;3004900043;3004900049;3004900050;3004900061;3004900069;3004900071;3004900072;3004900073;3004900074;3004900075;3004900076;3004900077;3004900078;3004900079;3004900081;3004900089;3004900090;3005100010;3005100091;3005100099;3005900010;3005900020;3005900030;3005900040;3005900050;3005900060;3005900090;3006100010;3006100090;3006200010;3006200020;3006200090;3006300010;3006300020;3006300090;3006400010;3006400020;3006400030;3006400090;3006500000;3006600000;3006600010;3006600011;3006600019;3006600090;3006701000;3006709000;3006801100;3006801900;3006809010;3006809020;3006809030;3006809041;3006809042;3006809043;3006809050;3006809060;3006910000;3006920000;3006931000;3006932000;3006933000;3006934000;3006939000,3001900010;3001900020;3001900090;3002100010;3002100021;3002100022;3002100023;3002100029;3002100030;3002100041;3002100042;3002100049;3002100051;3002100059;3002300010;3002300090;3002900011;3002900019;3002900020;3002900091;3002900092;3002900099;3003310090;3003390010;3003390090;3003400000;3003900010;3003900020;3003900091;3003900099;3004310010;3004310090;3004320081;3004320089;3004320090;3004390010;3004390081;3004390083;3004390084;3004390085;3004390090;3004400010;3004400020;3004400030;3004400040;3004400080;3004400090;3004500010;3004500020;3004500031;3004500032;3004500039;3004500040;3004500050;3004500061;3004500069;3004500070;3004900011;3004900012;3004900019;3004900020;3004900031;3004900032;3004900033;3004900034;3004900035;3004900036;3004900039;3004900041;3004900042;3004900043;3004900049;3004900050;3004900061;3004900069;3004900071;3004900072;3004900073;3004900074;3004900075;3004900076;3004900077;3004900078;3004900079;3004900081;3004900089;3005100010;3005100091;3005100099;3005900010;3005900020;3005900030;3005900040;3005900050;3005900060;3005900090;3006200010;3006200020;3006200090;3006300010;3006300020;3006300090;3006400010;3006400020;3006400030;3006400090,
no,declared,342,3002309000,1,1,199601,imports,3002,300230,199712,199801,29624986.00,"Vaccines, veterinary use, nes",yes,no,,no,no,same_subheading,2,2,52,245,245,148,245,3002300010;3002300090,106,0,3002300010;3002300090,3001100010;3001100090;3001200000;3001900010;3001900020;3001900090;3002100010;3002100021;3002100022;3002100023;3002100029;3002100030;3002100041;3002100042;3002100049;3002100051;3002100059;3002100060;3002100090;3002110000;3002120011;3002120012;3002120013;3002120019;3002120021;3002120029;3002130000;3002140000;3002150000;3002190000;3002200010;3002200020;3002200030;3002200090;3002410010;3002410090;3002420010;3002420090;3002490010;3002490020;3002490090;3002510000;3002590000;3002900010;3002900011;3002900012;3002900019;3002900020;3002900030;3002900040;3002900050;3002900090;3002900091;3002900092;3002900093;3002900099;3003100000;3003200000;3003310000;3003310010;3003310090;3003390000;3003390010;3003390090;3003400000;3003410000;3003420000;3003430000;3003490000;3003600000;3003900010;3003900020;3003900030;3003900090;3003900091;3003900099;3004100010;3004100011;3004100012;3004100013;3004100019;3004100020;3004100031;3004100032;3004100090;3004200010;3004200011;3004200012;3004200013;3004200018;3004200019;3004200020;3004200031;3004200039;3004200041;3004200049;3004200051;3004200059;3004200061;3004200062;3004200063;3004200069;3004200071;3004200079;3004200080;3004200090;3004310000;3004310010;3004310090;3004320000;3004320010;3004320011;3004320019;3004320020;3004320081;3004320082;3004320089;3004320090;3004390010;3004390011;3004390012;3004390013;3004390019;3004390081;3004390082;3004390083;3004390084;3004390085;3004390090;3004400010;3004400020;3004400030;3004400040;3004400050;3004400080;3004400090;3004410000;3004420000;3004430000;3004490010;3004490090;3004500010;3004500011;3004500012;3004500013;3004500014;3004500019;3004500020;3004500031;3004500032;3004500039;3004500040;3004500050;3004500061;3004500069;3004500070;3004500090;3004600000;3004900011;3004900012;3004900019;3004900020;3004900021;3004900022;3004900023;3004900024;3004900025;3004900026;3004900027;3004900029;3004900031;3004900032;3004900033;3004900034;3004900035;3004900036;3004900039;3004900041;3004900042;3004900043;3004900049;3004900050;3004900061;3004900069;3004900071;3004900072;3004900073;3004900074;3004900075;3004900076;3004900077;3004900078;3004900079;3004900081;3004900089;3004900090;3005100010;3005100091;3005100099;3005900010;3005900020;3005900030;3005900040;3005900050;3005900060;3005900090;3006100010;3006100090;3006200010;3006200020;3006200090;3006300010;3006300020;3006300090;3006400010;3006400020;3006400030;3006400090;3006500000;3006600000;3006600010;3006600011;3006600019;3006600090;3006701000;3006709000;3006801100;3006801900;3006809010;3006809020;3006809030;3006809041;3006809042;3006809043;3006809050;3006809060;3006910000;3006920000;3006931000;3006932000;3006933000;3006934000;3006939000,3001900010;3001900020;3001900090;3002100010;3002100021;3002100022;3002100023;3002100029;3002100030;3002100041;3002100042;3002100049;3002100051;3002100059;3002300010;3002300090;3002900011;3002900019;3002900020;3002900091;3002900092;3002900099;3003310090;3003390010;3003390090;3003400000;3003900010;3003900020;3003900091;3003900099;3004310010;3004310090;3004320081;3004320089;3004320090;3004390010;3004390081;3004390083;3004390084;3004390085;3004390090;3004400010;3004400020;3004400030;3004400040;3004400080;3004400090;3004500010;3004500020;3004500031;3004500032;3004500039;3004500040;3004500050;3004500061;3004500069;3004500070;3004900011;3004900012;3004900019;3004900020;3004900031;3004900032;3004900033;3004900034;3004900035;3004900036;3004900039;3004900041;3004900042;3004900043;3004900049;3004900050;3004900061;3004900069;3004900071;3004900072;3004900073;3004900074;3004900075;3004900076;3004900077;3004900078;3004900079;3004900081;3004900089;3005100010;3005100091;3005100099;3005900010;3005900020;3005900030;3005900040;3005900050;3005900060;3005900090;3006200010;3006200020;3006200090;3006300010;3006300020;3006300090;3006400010;3006400020;3006400030;3006400090,
no,declared,371,3002310000,1,1,198801,imports,3002,300231,199507,199508,671805.00,"Vaccines against foot or mouth disease, veterinary use",no,no,,no,no,same_heading,77,0,77,368,368,157,368,3002101010;3002101021;3002101022;3002101023;3002101029;3002101090;3002102110;3002102120;3002102190;3002102910;3002102990;3002200010;3002200020;3002200030;3002200090;3002301000;3002309000;3002391000;3002399000;3002901010;3002901020;3002901030;3002901040;3002909010;3002909020;3002909030;3002909090,0,0,3002100010;3002100021;3002100022;3002100023;3002100029;3002100030;3002100041;3002100042;3002100049;3002100051;3002100059;3002100060;3002100090;3002101010;3002101021;3002101022;3002101023;3002101029;3002101090;3002102110;3002102120;3002102190;3002102910;3002102990;3002110000;3002120011;3002120012;3002120013;3002120019;3002120021;3002120029;3002130000;3002140000;3002150000;3002190000;3002200010;3002200020;3002200030;3002200090;3002300010;3002300090;3002301000;3002309000;3002391000;3002399000;3002410010;3002410090;3002420010;3002420090;3002490010;3002490020;3002490090;3002510000;3002590000;3002900010;3002900011;3002900012;3002900019;3002900020;3002900030;3002900040;3002900050;3002900090;3002900091;3002900092;3002900093;3002900099;3002901010;3002901011;3002901019;3002901020;3002901030;3002901040;3002909010;3002909020;3002909030;3002909090,3001100010;3001100090;3001200000;3001900010;3001900020;3001900090;3001901000;3001902000;3001909000;3003100000;3003200000;3003310000;3003310010;3003310090;3003311000;3003319900;3003390000;3003390010;3003390090;3003391000;3003399100;3003399900;3003400000;3003409000;3003410000;3003420000;3003430000;3003490000;3003600000;3003900010;3003900020;3003900030;3003900090;3003900091;3003900099;3003901000;3003909100;3003909910;3003909990;3004100010;3004100011;3004100012;3004100013;3004100019;3004100020;3004100031;3004100032;3004100090;3004200010;3004200011;3004200012;3004200013;3004200018;3004200019;3004200020;3004200031;3004200039;3004200041;3004200049;3004200051;3004200052;3004200059;3004200061;3004200062;3004200063;3004200069;3004200071;3004200079;3004200080;3004200090;3004310000;3004310010;3004310090;3004311000;3004319900;3004320000;3004320010;3004320011;3004320019;3004320020;3004320081;3004320082;3004320089;3004320090;3004321000;3004329011;3004329012;3004329019;3004329020;3004390010;3004390011;3004390012;3004390013;3004390019;3004390081;3004390082;3004390083;3004390084;3004390085;3004390090;3004391000;3004399100;3004399910;3004399920;3004399930;3004399940;3004399950;3004399960;3004400010;3004400020;3004400030;3004400040;3004400050;3004400080;3004400090;3004401000;3004409011;3004409019;3004409020;3004409030;3004409040;3004409050;3004409070;3004409080;3004409090;3004410000;3004420000;3004430000;3004490010;3004490090;3004500010;3004500011;3004500012;3004500013;3004500014;3004500019;3004500020;3004500031;3004500032;3004500039;3004500040;3004500050;3004500061;3004500069;3004500070;3004500090;3004501000;3004509100;3004509911;3004509912;3004509919;3004509920;3004509930;3004509941;3004509949;3004509950;3004600000;3004900011;3004900012;3004900019;3004900020;3004900021;3004900022;3004900023;3004900024;3004900025;3004900026;3004900027;3004900029;3004900031;3004900032;3004900033;3004900034;3004900035;3004900036;3004900039;3004900041;3004900042;3004900043;3004900049;3004900050;3004900061;3004900069;3004900071;3004900072;3004900073;3004900074;3004900075;3004900076;3004900077;3004900078;3004900079;3004900081;3004900089;3004900090;3004901010;3004901020;3004901090;3004909100;3004909911;3004909912;3004909913;3004909914;3004909915;3004909916;3004909919;3004909921;3004909922;3004909923;3004909929;3004909930;3004909941;3004909949;3004909950;3004909960;3004909971;3004909979;3004909981;3004909982;3004909983;3004909984;3004909989;3004909991;3004909999;3005100010;3005100091;3005100099;3005101000;3005109100;3005109900;3005900010;3005900020;3005900030;3005900040;3005900050;3005900060;3005900090;3005901000;3005902000;3005903000;3005909100;3005909200;3005909300;3005909900;3006100010;3006100090;3006200010;3006200020;3006200090;3006201000;3006202000;3006209000;3006300010;3006300020;3006300090;3006301000;3006309100;3006309900;3006400010;3006400020;3006400030;3006400090;3006401010;3006401020;3006402000;3006409000;3006500000;3006600000;3006600010;3006600011;3006600019;3006600090;3006701000;3006709000;3006801100;3006801900;3006809010;3006809020;3006809030;3006809041;3006809042;3006809043;3006809050;3006809060;3006910000;3006920000;3006931000;3006932000;3006933000;3006934000;3006939000,,
no,declared,366,3002391000,1,1,198801,imports,3002,300239,199512,199601,74686051.00,"Vaccines nes, prepared for parenteral admin in animal; bovine intranasal vaccine",no,no,,no,no,same_heading,75,0,75,366,366,157,366,3002101010;3002101021;3002101022;3002101023;3002101029;3002101090;3002102110;3002102120;3002102190;3002102910;3002102990;3002200010;3002200020;3002200030;3002200090;3002301000;3002309000;3002901010;3002901011;3002901019;3002901020;3002901030;3002901040;3002909010;3002909020;3002909030;3002909090,2,0,3002100010;3002100021;3002100022;3002100023;3002100029;3002100030;3002100041;3002100042;3002100049;3002100051;3002100059;3002100060;3002100090;3002101010;3002101021;3002101022;3002101023;3002101029;3002101090;3002102110;3002102120;3002102190;3002102910;3002102990;3002110000;3002120011;3002120012;3002120013;3002120019;3002120021;3002120029;3002130000;3002140000;3002150000;3002190000;3002200010;3002200020;3002200030;3002200090;3002300010;3002300090;3002301000;3002309000;3002410010;3002410090;3002420010;3002420090;3002490010;3002490020;3002490090;3002510000;3002590000;3002900010;3002900011;3002900012;3002900019;3002900020;3002900030;3002900040;3002900050;3002900090;3002900091;3002900092;3002900093;3002900099;3002901010;3002901011;3002901019;3002901020;3002901030;3002901040;3002909010;3002909020;3002909030;3002909090,3001100010;3001100090;3001200000;3001900010;3001900020;3001900090;3001901000;3001902000;3001909000;3003100000;3003200000;3003310000;3003310010;3003310090;3003311000;3003319900;3003390000;3003390010;3003390090;3003391000;3003399100;3003399900;3003400000;3003409000;3003410000;3003420000;3003430000;3003490000;3003600000;3003900010;3003900020;3003900030;3003900090;3003900091;3003900099;3003901000;3003909100;3003909910;3003909990;3004100010;3004100011;3004100012;3004100013;3004100019;3004100020;3004100031;3004100032;3004100090;3004200010;3004200011;3004200012;3004200013;3004200018;3004200019;3004200020;3004200031;3004200039;3004200041;3004200049;3004200051;3004200052;3004200059;3004200061;3004200062;3004200063;3004200069;3004200071;3004200079;3004200080;3004200090;3004310000;3004310010;3004310090;3004311000;3004319900;3004320000;3004320010;3004320011;3004320019;3004320020;3004320081;3004320082;3004320089;3004320090;3004321000;3004329011;3004329012;3004329019;3004329020;3004390010;3004390011;3004390012;3004390013;3004390019;3004390081;3004390082;3004390083;3004390084;3004390085;3004390090;3004391000;3004399100;3004399910;3004399920;3004399930;3004399940;3004399950;3004399960;3004400010;3004400020;3004400030;3004400040;3004400050;3004400080;3004400090;3004401000;3004409011;3004409019;3004409020;3004409030;3004409040;3004409050;3004409070;3004409080;3004409090;3004410000;3004420000;3004430000;3004490010;3004490090;3004500010;3004500011;3004500012;3004500013;3004500014;3004500019;3004500020;3004500031;3004500032;3004500039;3004500040;3004500050;3004500061;3004500069;3004500070;3004500090;3004501000;3004509100;3004509911;3004509912;3004509919;3004509920;3004509930;3004509941;3004509949;3004509950;3004600000;3004900011;3004900012;3004900019;3004900020;3004900021;3004900022;3004900023;3004900024;3004900025;3004900026;3004900027;3004900029;3004900031;3004900032;3004900033;3004900034;3004900035;3004900036;3004900039;3004900041;3004900042;3004900043;3004900049;3004900050;3004900061;3004900069;3004900071;3004900072;3004900073;3004900074;3004900075;3004900076;3004900077;3004900078;3004900079;3004900081;3004900089;3004900090;3004901010;3004901020;3004901090;3004909100;3004909911;3004909912;3004909913;3004909914;3004909915;3004909916;3004909919;3004909921;3004909922;3004909923;3004909929;3004909930;3004909941;3004909949;3004909950;3004909960;3004909971;3004909979;3004909981;3004909982;3004909983;3004909984;3004909989;3004909991;3004909999;3005100010;3005100091;3005100099;3005101000;3005109100;3005109900;3005900010;3005900020;3005900030;3005900040;3005900050;3005900060;3005900090;3005901000;3005902000;3005903000;3005909100;3005909200;3005909300;3005909900;3006100010;3006100090;3006200010;3006200020;3006200090;3006201000;3006202000;3006209000;3006300010;3006300020;3006300090;3006301000;3006309100;3006309900;3006400010;3006400020;3006400030;3006400090;3006401010;3006401020;3006402000;3006409000;3006500000;3006600000;3006600010;3006600011;3006600019;3006600090;3006701000;3006709000;3006801100;3006801900;3006809010;3006809020;3006809030;3006809041;3006809042;3006809043;3006809050;3006809060;3006910000;3006920000;3006931000;3006932000;3006933000;3006934000;3006939000,3002301000;3002309000,
no,declared,366,3002399000,1,1,198801,imports,3002,300239,199512,199601,71013102.00,"Vaccines, veterinary use, nes",no,no,,no,no,same_heading,75,0,75,366,366,157,366,3002101010;3002101021;3002101022;3002101023;3002101029;3002101090;3002102110;3002102120;3002102190;3002102910;3002102990;3002200010;3002200020;3002200030;3002200090;3002301000;3002309000;3002901010;3002901011;3002901019;3002901020;3002901030;3002901040;3002909010;3002909020;3002909030;3002909090,2,0,3002100010;3002100021;3002100022;3002100023;3002100029;3002100030;3002100041;3002100042;3002100049;3002100051;3002100059;3002100060;3002100090;3002101010;3002101021;3002101022;3002101023;3002101029;3002101090;3002102110;3002102120;3002102190;3002102910;3002102990;3002110000;3002120011;3002120012;3002120013;3002120019;3002120021;3002120029;3002130000;3002140000;3002150000;3002190000;3002200010;3002200020;3002200030;3002200090;3002300010;3002300090;3002301000;3002309000;3002410010;3002410090;3002420010;3002420090;3002490010;3002490020;3002490090;3002510000;3002590000;3002900010;3002900011;3002900012;3002900019;3002900020;3002900030;3002900040;3002900050;3002900090;3002900091;3002900092;3002900093;3002900099;3002901010;3002901011;3002901019;3002901020;3002901030;3002901040;3002909010;3002909020;3002909030;3002909090,3001100010;3001100090;3001200000;3001900010;3001900020;3001900090;3001901000;3001902000;3001909000;3003100000;3003200000;3003310000;3003310010;3003310090;3003311000;3003319900;3003390000;3003390010;3003390090;3003391000;3003399100;3003399900;3003400000;3003409000;3003410000;3003420000;3003430000;3003490000;3003600000;3003900010;3003900020;3003900030;3003900090;3003900091;3003900099;3003901000;3003909100;3003909910;3003909990;3004100010;3004100011;3004100012;3004100013;3004100019;3004100020;3004100031;3004100032;3004100090;3004200010;3004200011;3004200012;3004200013;3004200018;3004200019;3004200020;3004200031;3004200039;3004200041;3004200049;3004200051;3004200052;3004200059;3004200061;3004200062;3004200063;3004200069;3004200071;3004200079;3004200080;3004200090;3004310000;3004310010;3004310090;3004311000;3004319900;3004320000;3004320010;3004320011;3004320019;3004320020;3004320081;3004320082;3004320089;3004320090;3004321000;3004329011;3004329012;3004329019;3004329020;3004390010;3004390011;3004390012;3004390013;3004390019;3004390081;3004390082;3004390083;3004390084;3004390085;3004390090;3004391000;3004399100;3004399910;3004399920;3004399930;3004399940;3004399950;3004399960;3004400010;3004400020;3004400030;3004400040;3004400050;3004400080;3004400090;3004401000;3004409011;3004409019;3004409020;3004409030;3004409040;3004409050;3004409070;3004409080;3004409090;3004410000;3004420000;3004430000;3004490010;3004490090;3004500010;3004500011;3004500012;3004500013;3004500014;3004500019;3004500020;3004500031;3004500032;3004500039;3004500040;3004500050;3004500061;3004500069;3004500070;3004500090;3004501000;3004509100;3004509911;3004509912;3004509919;3004509920;3004509930;3004509941;3004509949;3004509950;3004600000;3004900011;3004900012;3004900019;3004900020;3004900021;3004900022;3004900023;3004900024;3004900025;3004900026;3004900027;3004900029;3004900031;3004900032;3004900033;3004900034;3004900035;3004900036;3004900039;3004900041;3004900042;3004900043;3004900049;3004900050;3004900061;3004900069;3004900071;3004900072;3004900073;3004900074;3004900075;3004900076;3004900077;3004900078;3004900079;3004900081;3004900089;3004900090;3004901010;3004901020;3004901090;3004909100;3004909911;3004909912;3004909913;3004909914;3004909915;3004909916;3004909919;3004909921;3004909922;3004909923;3004909929;3004909930;3004909941;3004909949;3004909950;3004909960;3004909971;3004909979;3004909981;3004909982;3004909983;3004909984;3004909989;3004909991;3004909999;3005100010;3005100091;3005100099;3005101000;3005109100;3005109900;3005900010;3005900020;3005900030;3005900040;3005900050;3005900060;3005900090;3005901000;3005902000;3005903000;3005909100;3005909200;3005909300;3005909900;3006100010;3006100090;3006200010;3006200020;3006200090;3006201000;3006202000;3006209000;3006300010;3006300020;3006300090;3006301000;3006309100;3006309900;3006400010;3006400020;3006400030;3006400090;3006401010;3006401020;3006402000;3006409000;3006500000;3006600000;3006600010;3006600011;3006600019;3006600090;3006701000;3006709000;3006801100;3006801900;3006809010;3006809020;3006809030;3006809041;3006809042;3006809043;3006809050;3006809060;3006910000;3006920000;3006931000;3006932000;3006933000;3006934000;3006939000,3002301000;3002309000,
no,declared,54,3002900010,1,1,201701,imports,3002,300290,202112,202201,825580243.00,"Toxins, toxoids, antitoxins, viruses, bacteriophage and bacterial lysates",yes,yes,2017->2022,no,yes,same_subheading,5,4,22,115,115,115,115,3002490020;3002900020;3002900030;3002900040;3002900090,15,1,3002490020;3002900020;3002900030;3002900040;3002900090,3001200000;3001900010;3001900020;3001900090;3002120011;3002120012;3002120013;3002120019;3002120021;3002120029;3002130000;3002140000;3002150000;3002410010;3002410090;3002420010;3002420090;3002490010;3002490090;3002510000;3002590000;3003100000;3003200000;3003310000;3003390000;3003410000;3003420000;3003430000;3003490000;3003600000;3003900030;3003900090;3004100010;3004100090;3004200011;3004200012;3004200013;3004200018;3004200019;3004200080;3004200090;3004310000;3004320000;3004390011;3004390012;3004390013;3004390019;3004390090;3004410000;3004420000;3004430000;3004490010;3004490090;3004500011;3004500012;3004500014;3004500019;3004500090;3004600000;3004900011;3004900012;3004900019;3004900021;3004900022;3004900023;3004900024;3004900025;3004900026;3004900027;3004900029;3004900042;3004900043;3004900049;3004900050;3004900061;3004900069;3004900071;3004900072;3004900073;3004900074;3004900075;3004900076;3004900077;3004900078;3004900079;3004900090;3005100010;3005100091;3005100099;3005900020;3005900030;3005900040;3005900090;3006100010;3006100090;3006300010;3006300090;3006400010;3006400090;3006500000;3006600000;3006701000;3006709000;3006910000;3006920000;3006931000;3006932000;3006933000;3006934000;3006939000,3002410010;3002410090;3002420010;3002420090;3002490010;3002490020;3002490090;3002510000;3002590000;3002900020;3006931000;3006932000;3006933000;3006934000;3006939000,3002490020
no,declared,117,3002900011,1,1,199801,imports,3002,300290,201609,201610,74680.00,Ricin,yes,yes,2012->2017,yes,yes,same_subheading,12,12,48,157,157,133,157,3002900010;3002900012;3002900019;3002900020;3002900030;3002900040;3002900050;3002900090;3002900091;3002900092;3002900093;3002900099,0,0,3002900010;3002900012;3002900019;3002900020;3002900030;3002900040;3002900050;3002900090;3002900091;3002900092;3002900093;3002900099,3001200000;3001900010;3001900020;3001900090;3002100010;3002100021;3002100022;3002100023;3002100029;3002100030;3002100041;3002100042;3002100049;3002100051;3002100059;3002100090;3002110000;3002120011;3002120012;3002120013;3002120019;3002120021;3002120029;3002130000;3002140000;3002150000;3002190000;3002200010;3002200090;3002300010;3002300090;3002410010;3002410090;3002420010;3002420090;3002490010;3002490020;3002490090;3002510000;3002590000;3003100000;3003200000;3003310000;3003390000;3003400000;3003410000;3003420000;3003430000;3003490000;3003600000;3003900030;3003900090;3004100010;3004100090;3004200011;3004200012;3004200013;3004200018;3004200019;3004200080;3004200090;3004310000;3004320000;3004390011;3004390012;3004390013;3004390019;3004390090;3004400030;3004400040;3004400090;3004410000;3004420000;3004430000;3004490010;3004490090;3004500011;3004500012;3004500013;3004500014;3004500019;3004500090;3004600000;3004900011;3004900012;3004900019;3004900021;3004900022;3004900023;3004900024;3004900025;3004900026;3004900027;3004900029;3004900031;3004900032;3004900033;3004900034;3004900035;3004900036;3004900039;3004900042;3004900043;3004900049;3004900050;3004900061;3004900069;3004900071;3004900072;3004900073;3004900074;3004900075;3004900076;3004900077;3004900078;3004900079;3004900090;3005100010;3005100091;3005100099;3005900020;3005900030;3005900040;3005900090;3006100010;3006100090;3006200020;3006200090;3006300010;3006300090;3006400010;3006400090;3006500000;3006600000;3006600010;3006600090;3006701000;3006709000;3006910000;3006920000;3006931000;3006932000;3006933000;3006934000;3006939000,,
no,declared,116,3002900012,1,1,200003,imports,3002,300290,201610,201611,578.00,Saxitoxin,yes,yes,2012->2017,yes,yes,same_subheading,11,11,47,156,156,132,156,3002900010;3002900019;3002900020;3002900030;3002900040;3002900050;3002900090;3002900091;3002900092;3002900093;3002900099,0,0,3002900010;3002900019;3002900020;3002900030;3002900040;3002900050;3002900090;3002900091;3002900092;3002900093;3002900099,3001200000;3001900010;3001900020;3001900090;3002100010;3002100021;3002100022;3002100023;3002100029;3002100030;3002100041;3002100042;3002100049;3002100051;3002100059;3002100090;3002110000;3002120011;3002120012;3002120013;3002120019;3002120021;3002120029;3002130000;3002140000;3002150000;3002190000;3002200010;3002200090;3002300010;3002300090;3002410010;3002410090;3002420010;3002420090;3002490010;3002490020;3002490090;3002510000;3002590000;3003100000;3003200000;3003310000;3003390000;3003400000;3003410000;3003420000;3003430000;3003490000;3003600000;3003900030;3003900090;3004100010;3004100090;3004200011;3004200012;3004200013;3004200018;3004200019;3004200080;3004200090;3004310000;3004320000;3004390011;3004390012;3004390013;3004390019;3004390090;3004400030;3004400040;3004400090;3004410000;3004420000;3004430000;3004490010;3004490090;3004500011;3004500012;3004500013;3004500014;3004500019;3004500090;3004600000;3004900011;3004900012;3004900019;3004900021;3004900022;3004900023;3004900024;3004900025;3004900026;3004900027;3004900029;3004900031;3004900032;3004900033;3004900034;3004900035;3004900036;3004900039;3004900042;3004900043;3004900049;3004900050;3004900061;3004900069;3004900071;3004900072;3004900073;3004900074;3004900075;3004900076;3004900077;3004900078;3004900079;3004900090;3005100010;3005100091;3005100099;3005900020;3005900030;3005900040;3005900090;3006100010;3006100090;3006200020;3006200090;3006300010;3006300090;3006400010;3006400090;3006500000;3006600000;3006600010;3006600090;3006701000;3006709000;3006910000;3006920000;3006931000;3006932000;3006933000;3006934000;3006939000,,
no,declared,114,3002900019,1,1,199801,imports,3002,300290,201612,201701,836383694.00,"Toxins, toxoids, antitoxins, viruses, bacteriophage and bacterial lysates, nes",yes,yes,2012->2017,yes,yes,same_subheading,6,6,30,132,132,116,132,3002900010;3002900030;3002900040;3002900050;3002900090,23,0,3002900010;3002900020;3002900030;3002900040;3002900050;3002900090,3001200000;3001900010;3001900020;3001900090;3002110000;3002120011;3002120012;3002120013;3002120019;3002120021;3002120029;3002130000;3002140000;3002150000;3002190000;3002200010;3002200090;3002300010;3002300090;3002410010;3002410090;3002420010;3002420090;3002490010;3002490020;3002490090;3002510000;3002590000;3003100000;3003200000;3003310000;3003390000;3003410000;3003420000;3003430000;3003490000;3003600000;3003900030;3003900090;3004100010;3004100090;3004200011;3004200012;3004200013;3004200018;3004200019;3004200080;3004200090;3004310000;3004320000;3004390011;3004390012;3004390013;3004390019;3004390090;3004410000;3004420000;3004430000;3004490010;3004490090;3004500011;3004500012;3004500014;3004500019;3004500090;3004600000;3004900011;3004900012;3004900019;3004900021;3004900022;3004900023;3004900024;3004900025;3004900026;3004900027;3004900029;3004900031;3004900032;3004900033;3004900034;3004900035;3004900036;3004900039;3004900042;3004900043;3004900049;3004900050;3004900061;3004900069;3004900071;3004900072;3004900073;3004900074;3004900075;3004900076;3004900077;3004900078;3004900079;3004900090;3005100010;3005100091;3005100099;3005900020;3005900030;3005900040;3005900090;3006100010;3006100090;3006200020;3006200090;3006300010;3006300090;3006400010;3006400090;3006500000;3006600000;3006701000;3006709000;3006910000;3006920000;3006931000;3006932000;3006933000;3006934000;3006939000,3002110000;3002120011;3002120012;3002120013;3002120019;3002120021;3002120029;3002130000;3002140000;3002150000;3002190000;3002900010;3002900040;3002900050;3002900090;3003430000;3003490000;3003600000;3004410000;3004420000;3004490090;3004600000;3006600000,
no,code_reused,114,3002900020,1,2,199801,imports,3002,300290,201612,201701,17636239.00,Butter-making ferment cultures,yes,yes,2012->2017,yes,yes,same_subheading,5,5,29,131,131,116,131,3002900010;3002900030;3002900040;3002900050;3002900090,23,0,3002900010;3002900030;3002900040;3002900050;3002900090,3001200000;3001900010;3001900020;3001900090;3002110000;3002120011;3002120012;3002120013;3002120019;3002120021;3002120029;3002130000;3002140000;3002150000;3002190000;3002200010;3002200090;3002300010;3002300090;3002410010;3002410090;3002420010;3002420090;3002490010;3002490020;3002490090;3002510000;3002590000;3003100000;3003200000;3003310000;3003390000;3003410000;3003420000;3003430000;3003490000;3003600000;3003900030;3003900090;3004100010;3004100090;3004200011;3004200012;3004200013;3004200018;3004200019;3004200080;3004200090;3004310000;3004320000;3004390011;3004390012;3004390013;3004390019;3004390090;3004410000;3004420000;3004430000;3004490010;3004490090;3004500011;3004500012;3004500014;3004500019;3004500090;3004600000;3004900011;3004900012;3004900019;3004900021;3004900022;3004900023;3004900024;3004900025;3004900026;3004900027;3004900029;3004900031;3004900032;3004900033;3004900034;3004900035;3004900036;3004900039;3004900042;3004900043;3004900049;3004900050;3004900061;3004900069;3004900071;3004900072;3004900073;3004900074;3004900075;3004900076;3004900077;3004900078;3004900079;3004900090;3005100010;3005100091;3005100099;3005900020;3005900030;3005900040;3005900090;3006100010;3006100090;3006200020;3006200090;3006300010;3006300090;3006400010;3006400090;3006500000;3006600000;3006701000;3006709000;3006910000;3006920000;3006931000;3006932000;3006933000;3006934000;3006939000,3002110000;3002120011;3002120012;3002120013;3002120019;3002120021;3002120029;3002130000;3002140000;3002150000;3002190000;3002900010;3002900040;3002900050;3002900090;3003430000;3003490000;3003600000;3004410000;3004420000;3004490090;3004600000;3006600000,
no,declared,54,3002900050,1,1,201701,imports,3002,300290,202112,202201,257772832.00,Micro-organisms cultures,yes,yes,2017->2022,no,yes,same_subheading,5,4,22,115,115,115,115,3002490010;3002900020;3002900030;3002900040;3002900090,15,1,3002490010;3002900020;3002900030;3002900040;3002900090,3001200000;3001900010;3001900020;3001900090;3002120011;3002120012;3002120013;3002120019;3002120021;3002120029;3002130000;3002140000;3002150000;3002410010;3002410090;3002420010;3002420090;3002490020;3002490090;3002510000;3002590000;3003100000;3003200000;3003310000;3003390000;3003410000;3003420000;3003430000;3003490000;3003600000;3003900030;3003900090;3004100010;3004100090;3004200011;3004200012;3004200013;3004200018;3004200019;3004200080;3004200090;3004310000;3004320000;3004390011;3004390012;3004390013;3004390019;3004390090;3004410000;3004420000;3004430000;3004490010;3004490090;3004500011;3004500012;3004500014;3004500019;3004500090;3004600000;3004900011;3004900012;3004900019;3004900021;3004900022;3004900023;3004900024;3004900025;3004900026;3004900027;3004900029;3004900042;3004900043;3004900049;3004900050;3004900061;3004900069;3004900071;3004900072;3004900073;3004900074;3004900075;3004900076;3004900077;3004900078;3004900079;3004900090;3005100010;3005100091;3005100099;3005900020;3005900030;3005900040;3005900090;3006100010;3006100090;3006300010;3006300090;3006400010;3006400090;3006500000;3006600000;3006701000;3006709000;3006910000;3006920000;3006931000;3006932000;3006933000;3006934000;3006939000,3002410010;3002410090;3002420010;3002420090;3002490010;3002490020;3002490090;3002510000;3002590000;3002900020;3006931000;3006932000;3006933000;3006934000;3006939000,3002490010
no,declared,114,3002900091,1,1,199801,imports,3002,300290,201612,201701,155366436.00,"Bacteria culture inoculants, for seeds",yes,yes,2012->2017,yes,yes,same_subheading,6,6,30,132,132,116,132,3002900010;3002900030;3002900040;3002900050;3002900090,23,0,3002900010;3002900020;3002900030;3002900040;3002900050;3002900090,3001200000;3001900010;3001900020;3001900090;3002110000;3002120011;3002120012;3002120013;3002120019;3002120021;3002120029;3002130000;3002140000;3002150000;3002190000;3002200010;3002200090;3002300010;3002300090;3002410010;3002410090;3002420010;3002420090;3002490010;3002490020;3002490090;3002510000;3002590000;3003100000;3003200000;3003310000;3003390000;3003410000;3003420000;3003430000;3003490000;3003600000;3003900030;3003900090;3004100010;3004100090;3004200011;3004200012;3004200013;3004200018;3004200019;3004200080;3004200090;3004310000;3004320000;3004390011;3004390012;3004390013;3004390019;3004390090;3004410000;3004420000;3004430000;3004490010;3004490090;3004500011;3004500012;3004500014;3004500019;3004500090;3004600000;3004900011;3004900012;3004900019;3004900021;3004900022;3004900023;3004900024;3004900025;3004900026;3004900027;3004900029;3004900031;3004900032;3004900033;3004900034;3004900035;3004900036;3004900039;3004900042;3004900043;3004900049;3004900050;3004900061;3004900069;3004900071;3004900072;3004900073;3004900074;3004900075;3004900076;3004900077;3004900078;3004900079;3004900090;3005100010;3005100091;3005100099;3005900020;3005900030;3005900040;3005900090;3006100010;3006100090;3006200020;3006200090;3006300010;3006300090;3006400010;3006400090;3006500000;3006600000;3006701000;3006709000;3006910000;3006920000;3006931000;3006932000;3006933000;3006934000;3006939000,3002110000;3002120011;3002120012;3002120013;3002120019;3002120021;3002120029;3002130000;3002140000;3002150000;3002190000;3002900010;3002900040;3002900050;3002900090;3003430000;3003490000;3003600000;3004410000;3004420000;3004490090;3004600000;3006600000,
no,declared,114,3002900092,1,1,199801,imports,3002,300290,201612,201701,15524973.00,Whole human blood,yes,yes,2012->2017,yes,yes,same_subheading,6,6,30,132,132,116,132,3002900010;3002900030;3002900040;3002900050;3002900090,23,0,3002900010;3002900020;3002900030;3002900040;3002900050;3002900090,3001200000;3001900010;3001900020;3001900090;3002110000;3002120011;3002120012;3002120013;3002120019;3002120021;3002120029;3002130000;3002140000;3002150000;3002190000;3002200010;3002200090;3002300010;3002300090;3002410010;3002410090;3002420010;3002420090;3002490010;3002490020;3002490090;3002510000;3002590000;3003100000;3003200000;3003310000;3003390000;3003410000;3003420000;3003430000;3003490000;3003600000;3003900030;3003900090;3004100010;3004100090;3004200011;3004200012;3004200013;3004200018;3004200019;3004200080;3004200090;3004310000;3004320000;3004390011;3004390012;3004390013;3004390019;3004390090;3004410000;3004420000;3004430000;3004490010;3004490090;3004500011;3004500012;3004500014;3004500019;3004500090;3004600000;3004900011;3004900012;3004900019;3004900021;3004900022;3004900023;3004900024;3004900025;3004900026;3004900027;3004900029;3004900031;3004900032;3004900033;3004900034;3004900035;3004900036;3004900039;3004900042;3004900043;3004900049;3004900050;3004900061;3004900069;3004900071;3004900072;3004900073;3004900074;3004900075;3004900076;3004900077;3004900078;3004900079;3004900090;3005100010;3005100091;3005100099;3005900020;3005900030;3005900040;3005900090;3006100010;3006100090;3006200020;3006200090;3006300010;3006300090;3006400010;3006400090;3006500000;3006600000;3006701000;3006709000;3006910000;3006920000;3006931000;3006932000;3006933000;3006934000;3006939000,3002110000;3002120011;3002120012;3002120013;3002120019;3002120021;3002120029;3002130000;3002140000;3002150000;3002190000;3002900010;3002900040;3002900050;3002900090;3003430000;3003490000;3003600000;3004410000;3004420000;3004490090;3004600000;3006600000,
no,declared,114,3002900093,1,1,199802,imports,3002,300290,201612,201701,1530127.00,Antiallergenic preparations of microbial origin,yes,yes,2012->2017,yes,yes,same_subheading,6,6,30,132,132,116,132,3002900010;3002900030;3002900040;3002900050;3002900090,23,0,3002900010;3002900020;3002900030;3002900040;3002900050;3002900090,3001200000;3001900010;3001900020;3001900090;3002110000;3002120011;3002120012;3002120013;3002120019;3002120021;3002120029;3002130000;3002140000;3002150000;3002190000;3002200010;3002200090;3002300010;3002300090;3002410010;3002410090;3002420010;3002420090;3002490010;3002490020;3002490090;3002510000;3002590000;3003100000;3003200000;3003310000;3003390000;3003410000;3003420000;3003430000;3003490000;3003600000;3003900030;3003900090;3004100010;3004100090;3004200011;3004200012;3004200013;3004200018;3004200019;3004200080;3004200090;3004310000;3004320000;3004390011;3004390012;3004390013;3004390019;3004390090;3004410000;3004420000;3004430000;3004490010;3004490090;3004500011;3004500012;3004500014;3004500019;3004500090;3004600000;3004900011;3004900012;3004900019;3004900021;3004900022;3004900023;3004900024;3004900025;3004900026;3004900027;3004900029;3004900031;3004900032;3004900033;3004900034;3004900035;3004900036;3004900039;3004900042;3004900043;3004900049;3004900050;3004900061;3004900069;3004900071;3004900072;3004900073;3004900074;3004900075;3004900076;3004900077;3004900078;3004900079;3004900090;3005100010;3005100091;3005100099;3005900020;3005900030;3005900040;3005900090;3006100010;3006100090;3006200020;3006200090;3006300010;3006300090;3006400010;3006400090;3006500000;3006600000;3006701000;3006709000;3006910000;3006920000;3006931000;3006932000;3006933000;3006934000;3006939000,3002110000;3002120011;3002120012;3002120013;3002120019;3002120021;3002120029;3002130000;3002140000;3002150000;3002190000;3002900010;3002900040;3002900050;3002900090;3003430000;3003490000;3003600000;3004410000;3004420000;3004490090;3004600000;3006600000,
no,declared,114,3002900099,1,1,199801,imports,3002,300290,201612,201701,685125802.00,"Human blood;anml blood therap/prophltc/diag uses;toxins,micro-organisms cult,nes",yes,yes,2012->2017,yes,yes,same_subheading,6,6,30,132,132,116,132,3002900010;3002900030;3002900040;3002900050;3002900090,23,0,3002900010;3002900020;3002900030;3002900040;3002900050;3002900090,3001200000;3001900010;3001900020;3001900090;3002110000;3002120011;3002120012;3002120013;3002120019;3002120021;3002120029;3002130000;3002140000;3002150000;3002190000;3002200010;3002200090;3002300010;3002300090;3002410010;3002410090;3002420010;3002420090;3002490010;3002490020;3002490090;3002510000;3002590000;3003100000;3003200000;3003310000;3003390000;3003410000;3003420000;3003430000;3003490000;3003600000;3003900030;3003900090;3004100010;3004100090;3004200011;3004200012;3004200013;3004200018;3004200019;3004200080;3004200090;3004310000;3004320000;3004390011;3004390012;3004390013;3004390019;3004390090;3004410000;3004420000;3004430000;3004490010;3004490090;3004500011;3004500012;3004500014;3004500019;3004500090;3004600000;3004900011;3004900012;3004900019;3004900021;3004900022;3004900023;3004900024;3004900025;3004900026;3004900027;3004900029;3004900031;3004900032;3004900033;3004900034;3004900035;3004900036;3004900039;3004900042;3004900043;3004900049;3004900050;3004900061;3004900069;3004900071;3004900072;3004900073;3004900074;3004900075;3004900076;3004900077;3004900078;3004900079;3004900090;3005100010;3005100091;3005100099;3005900020;3005900030;3005900040;3005900090;3006100010;3006100090;3006200020;3006200090;3006300010;3006300090;3006400010;3006400090;3006500000;3006600000;3006701000;3006709000;3006910000;3006920000;3006931000;3006932000;3006933000;3006934000;3006939000,3002110000;3002120011;3002120012;3002120013;3002120019;3002120021;3002120029;3002130000;3002140000;3002150000;3002190000;3002900010;3002900040;3002900050;3002900090;3003430000;3003490000;3003600000;3004410000;3004420000;3004490090;3004600000;3006600000,
no,declared,354,3002901010,1,1,198801,imports,3002,300290,199612,199701,17090674.00,"Toxins, toxoids, antitoxins, viruses, bacteriophage and bacterial lysates",yes,no,,no,no,same_subheading,22,22,74,363,363,260,363,3002900011;3002900019;3002900020;3002900091;3002900092;3002900099;3002901011;3002901019;3002901020;3002901030;3002901040;3002909010;3002909020;3002909030;3002909090,2,0,3002900010;3002900011;3002900012;3002900019;3002900020;3002900030;3002900040;3002900050;3002900090;3002900091;3002900092;3002900093;3002900099;3002901011;3002901019;3002901020;3002901030;3002901040;3002909010;3002909020;3002909030;3002909090,3001100010;3001100090;3001200000;3001900010;3001900020;3001900090;3001901000;3001902000;3001909000;3002100010;3002100021;3002100022;3002100023;3002100029;3002100030;3002100041;3002100042;3002100049;3002100051;3002100059;3002100060;3002100090;3002101010;3002101021;3002101022;3002101023;3002101029;3002101090;3002102110;3002102120;3002102190;3002102910;3002102990;3002110000;3002120011;3002120012;3002120013;3002120019;3002120021;3002120029;3002130000;3002140000;3002150000;3002190000;3002200010;3002200020;3002200030;3002200090;3002300010;3002300090;3002301000;3002309000;3002410010;3002410090;3002420010;3002420090;3002490010;3002490020;3002490090;3002510000;3002590000;3003100000;3003200000;3003310000;3003310010;3003310090;3003311000;3003319900;3003390000;3003390010;3003390090;3003391000;3003399100;3003399900;3003400000;3003409000;3003410000;3003420000;3003430000;3003490000;3003600000;3003900010;3003900020;3003900030;3003900090;3003900091;3003900099;3003901000;3003909100;3003909910;3003909990;3004100010;3004100011;3004100012;3004100013;3004100019;3004100020;3004100031;3004100032;3004100090;3004200010;3004200011;3004200012;3004200013;3004200018;3004200019;3004200020;3004200031;3004200039;3004200041;3004200049;3004200051;3004200059;3004200061;3004200062;3004200063;3004200069;3004200071;3004200079;3004200080;3004200090;3004310000;3004310010;3004310090;3004311000;3004319900;3004320000;3004320010;3004320011;3004320019;3004320020;3004320081;3004320082;3004320089;3004320090;3004321000;3004329011;3004329012;3004329019;3004329020;3004390010;3004390011;3004390012;3004390013;3004390019;3004390081;3004390082;3004390083;3004390084;3004390085;3004390090;3004391000;3004399100;3004399910;3004399920;3004399930;3004399940;3004399950;3004399960;3004400010;3004400020;3004400030;3004400040;3004400050;3004400080;3004400090;3004401000;3004409019;3004409020;3004409030;3004409040;3004409050;3004409070;3004409080;3004409090;3004410000;3004420000;3004430000;3004490010;3004490090;3004500010;3004500011;3004500012;3004500013;3004500014;3004500019;3004500020;3004500031;3004500032;3004500039;3004500040;3004500050;3004500061;3004500069;3004500070;3004500090;3004501000;3004509100;3004509911;3004509912;3004509919;3004509920;3004509930;3004509941;3004509949;3004509950;3004600000;3004900011;3004900012;3004900019;3004900020;3004900021;3004900022;3004900023;3004900024;3004900025;3004900026;3004900027;3004900029;3004900031;3004900032;3004900033;3004900034;3004900035;3004900036;3004900039;3004900041;3004900042;3004900043;3004900049;3004900050;3004900061;3004900069;3004900071;3004900072;3004900073;3004900074;3004900075;3004900076;3004900077;3004900078;3004900079;3004900081;3004900089;3004900090;3004901010;3004901020;3004901090;3004909100;3004909911;3004909912;3004909913;3004909914;3004909915;3004909916;3004909919;3004909921;3004909922;3004909923;3004909929;3004909930;3004909941;3004909949;3004909950;3004909960;3004909971;3004909979;3004909981;3004909982;3004909983;3004909984;3004909989;3004909991;3004909999;3005100010;3005100091;3005100099;3005101000;3005109100;3005109900;3005900010;3005900020;3005900030;3005900040;3005900050;3005900060;3005900090;3005901000;3005902000;3005903000;3005909100;3005909200;3005909300;3005909900;3006100010;3006100090;3006200010;3006200020;3006200090;3006201000;3006202000;3006209000;3006300010;3006300020;3006300090;3006301000;3006309100;3006309900;3006400010;3006400020;3006400030;3006400090;3006401010;3006401020;3006402000;3006409000;3006500000;3006600000;3006600010;3006600011;3006600019;3006600090;3006701000;3006709000;3006801100;3006801900;3006809010;3006809020;3006809030;3006809041;3006809042;3006809043;3006809050;3006809060;3006910000;3006920000;3006931000;3006932000;3006933000;3006934000;3006939000,3002901011;3002901019,
no,declared,342,3002901011,1,1,199701,imports,3002,300290,199712,199801,33472.00,Ricin,yes,no,,no,no,same_subheading,13,13,52,245,245,148,245,3002900011;3002900019;3002900020;3002900030;3002900091;3002900092;3002900093;3002900099,106,0,3002900010;3002900011;3002900012;3002900019;3002900020;3002900030;3002900040;3002900050;3002900090;3002900091;3002900092;3002900093;3002900099,3001100010;3001100090;3001200000;3001900010;3001900020;3001900090;3002100010;3002100021;3002100022;3002100023;3002100029;3002100030;3002100041;3002100042;3002100049;3002100051;3002100059;3002100060;3002100090;3002110000;3002120011;3002120012;3002120013;3002120019;3002120021;3002120029;3002130000;3002140000;3002150000;3002190000;3002200010;3002200020;3002200030;3002200090;3002300010;3002300090;3002410010;3002410090;3002420010;3002420090;3002490010;3002490020;3002490090;3002510000;3002590000;3003100000;3003200000;3003310000;3003310010;3003310090;3003390000;3003390010;3003390090;3003400000;3003410000;3003420000;3003430000;3003490000;3003600000;3003900010;3003900020;3003900030;3003900090;3003900091;3003900099;3004100010;3004100011;3004100012;3004100013;3004100019;3004100020;3004100031;3004100032;3004100090;3004200010;3004200011;3004200012;3004200013;3004200018;3004200019;3004200020;3004200031;3004200039;3004200041;3004200049;3004200051;3004200059;3004200061;3004200062;3004200063;3004200069;3004200071;3004200079;3004200080;3004200090;3004310000;3004310010;3004310090;3004320000;3004320010;3004320011;3004320019;3004320020;3004320081;3004320082;3004320089;3004320090;3004390010;3004390011;3004390012;3004390013;3004390019;3004390081;3004390082;3004390083;3004390084;3004390085;3004390090;3004400010;3004400020;3004400030;3004400040;3004400050;3004400080;3004400090;3004410000;3004420000;3004430000;3004490010;3004490090;3004500010;3004500011;3004500012;3004500013;3004500014;3004500019;3004500020;3004500031;3004500032;3004500039;3004500040;3004500050;3004500061;3004500069;3004500070;3004500090;3004600000;3004900011;3004900012;3004900019;3004900020;3004900021;3004900022;3004900023;3004900024;3004900025;3004900026;3004900027;3004900029;3004900031;3004900032;3004900033;3004900034;3004900035;3004900036;3004900039;3004900041;3004900042;3004900043;3004900049;3004900050;3004900061;3004900069;3004900071;3004900072;3004900073;3004900074;3004900075;3004900076;3004900077;3004900078;3004900079;3004900081;3004900089;3004900090;3005100010;3005100091;3005100099;3005900010;3005900020;3005900030;3005900040;3005900050;3005900060;3005900090;3006100010;3006100090;3006200010;3006200020;3006200090;3006300010;3006300020;3006300090;3006400010;3006400020;3006400030;3006400090;3006500000;3006600000;3006600010;3006600011;3006600019;3006600090;3006701000;3006709000;3006801100;3006801900;3006809010;3006809020;3006809030;3006809041;3006809042;3006809043;3006809050;3006809060;3006910000;3006920000;3006931000;3006932000;3006933000;3006934000;3006939000,3001900010;3001900020;3001900090;3002100010;3002100021;3002100022;3002100023;3002100029;3002100030;3002100041;3002100042;3002100049;3002100051;3002100059;3002300010;3002300090;3002900011;3002900019;3002900020;3002900091;3002900092;3002900099;3003310090;3003390010;3003390090;3003400000;3003900010;3003900020;3003900091;3003900099;3004310010;3004310090;3004320081;3004320089;3004320090;3004390010;3004390081;3004390083;3004390084;3004390085;3004390090;3004400010;3004400020;3004400030;3004400040;3004400080;3004400090;3004500010;3004500020;3004500031;3004500032;3004500039;3004500040;3004500050;3004500061;3004500069;3004500070;3004900011;3004900012;3004900019;3004900020;3004900031;3004900032;3004900033;3004900034;3004900035;3004900036;3004900039;3004900041;3004900042;3004900043;3004900049;3004900050;3004900061;3004900069;3004900071;3004900072;3004900073;3004900074;3004900075;3004900076;3004900077;3004900078;3004900079;3004900081;3004900089;3005100010;3005100091;3005100099;3005900010;3005900020;3005900030;3005900040;3005900050;3005900060;3005900090;3006200010;3006200020;3006200090;3006300010;3006300020;3006300090;3006400010;3006400020;3006400030;3006400090,
no,declared,342,3002901019,1,1,199701,imports,3002,300290,199712,199801,6387863.00,"Toxins, toxoids, antitoxins, viruses, bacteriophage and bacterial lysates, nes",yes,no,,no,no,same_subheading,13,13,52,245,245,148,245,3002900011;3002900019;3002900020;3002900030;3002900091;3002900092;3002900093;3002900099,106,0,3002900010;3002900011;3002900012;3002900019;3002900020;3002900030;3002900040;3002900050;3002900090;3002900091;3002900092;3002900093;3002900099,3001100010;3001100090;3001200000;3001900010;3001900020;3001900090;3002100010;3002100021;3002100022;3002100023;3002100029;3002100030;3002100041;3002100042;3002100049;3002100051;3002100059;3002100060;3002100090;3002110000;3002120011;3002120012;3002120013;3002120019;3002120021;3002120029;3002130000;3002140000;3002150000;3002190000;3002200010;3002200020;3002200030;3002200090;3002300010;3002300090;3002410010;3002410090;3002420010;3002420090;3002490010;3002490020;3002490090;3002510000;3002590000;3003100000;3003200000;3003310000;3003310010;3003310090;3003390000;3003390010;3003390090;3003400000;3003410000;3003420000;3003430000;3003490000;3003600000;3003900010;3003900020;3003900030;3003900090;3003900091;3003900099;3004100010;3004100011;3004100012;3004100013;3004100019;3004100020;3004100031;3004100032;3004100090;3004200010;3004200011;3004200012;3004200013;3004200018;3004200019;3004200020;3004200031;3004200039;3004200041;3004200049;3004200051;3004200059;3004200061;3004200062;3004200063;3004200069;3004200071;3004200079;3004200080;3004200090;3004310000;3004310010;3004310090;3004320000;3004320010;3004320011;3004320019;3004320020;3004320081;3004320082;3004320089;3004320090;3004390010;3004390011;3004390012;3004390013;3004390019;3004390081;3004390082;3004390083;3004390084;3004390085;3004390090;3004400010;3004400020;3004400030;3004400040;3004400050;3004400080;3004400090;3004410000;3004420000;3004430000;3004490010;3004490090;3004500010;3004500011;3004500012;3004500013;3004500014;3004500019;3004500020;3004500031;3004500032;3004500039;3004500040;3004500050;3004500061;3004500069;3004500070;3004500090;3004600000;3004900011;3004900012;3004900019;3004900020;3004900021;3004900022;3004900023;3004900024;3004900025;3004900026;3004900027;3004900029;3004900031;3004900032;3004900033;3004900034;3004900035;3004900036;3004900039;3004900041;3004900042;3004900043;3004900049;3004900050;3004900061;3004900069;3004900071;3004900072;3004900073;3004900074;3004900075;3004900076;3004900077;3004900078;3004900079;3004900081;3004900089;3004900090;3005100010;3005100091;3005100099;3005900010;3005900020;3005900030;3005900040;3005900050;3005900060;3005900090;3006100010;3006100090;3006200010;3006200020;3006200090;3006300010;3006300020;3006300090;3006400010;3006400020;3006400030;3006400090;3006500000;3006600000;3006600010;3006600011;3006600019;3006600090;3006701000;3006709000;3006801100;3006801900;3006809010;3006809020;3006809030;3006809041;3006809042;3006809043;3006809050;3006809060;3006910000;3006920000;3006931000;3006932000;3006933000;3006934000;3006939000,3001900010;3001900020;3001900090;3002100010;3002100021;3002100022;3002100023;3002100029;3002100030;3002100041;3002100042;3002100049;3002100051;3002100059;3002300010;3002300090;3002900011;3002900019;3002900020;3002900091;3002900092;3002900099;3003310090;3003390010;3003390090;3003400000;3003900010;3003900020;3003900091;3003900099;3004310010;3004310090;3004320081;3004320089;3004320090;3004390010;3004390081;3004390083;3004390084;3004390085;3004390090;3004400010;3004400020;3004400030;3004400040;3004400080;3004400090;3004500010;3004500020;3004500031;3004500032;3004500039;3004500040;3004500050;3004500061;3004500069;3004500070;3004900011;3004900012;3004900019;3004900020;3004900031;3004900032;3004900033;3004900034;3004900035;3004900036;3004900039;3004900041;3004900042;3004900043;3004900049;3004900050;3004900061;3004900069;3004900071;3004900072;3004900073;3004900074;3004900075;3004900076;3004900077;3004900078;3004900079;3004900081;3004900089;3005100010;3005100091;3005100099;3005900010;3005900020;3005900030;3005900040;3005900050;3005900060;3005900090;3006200010;3006200020;3006200090;3006300010;3006300020;3006300090;3006400010;3006400020;3006400030;3006400090,
no,declared,342,3002901020,1,1,198801,imports,3002,300290,199712,199801,17995840.00,Ferment cultures,yes,no,,no,no,same_subheading,13,13,52,245,245,148,245,3002900011;3002900019;3002900020;3002900030;3002900091;3002900092;3002900093;3002900099,106,0,3002900010;3002900011;3002900012;3002900019;3002900020;3002900030;3002900040;3002900050;3002900090;3002900091;3002900092;3002900093;3002900099,3001100010;3001100090;3001200000;3001900010;3001900020;3001900090;3002100010;3002100021;3002100022;3002100023;3002100029;3002100030;3002100041;3002100042;3002100049;3002100051;3002100059;3002100060;3002100090;3002110000;3002120011;3002120012;3002120013;3002120019;3002120021;3002120029;3002130000;3002140000;3002150000;3002190000;3002200010;3002200020;3002200030;3002200090;3002300010;3002300090;3002410010;3002410090;3002420010;3002420090;3002490010;3002490020;3002490090;3002510000;3002590000;3003100000;3003200000;3003310000;3003310010;3003310090;3003390000;3003390010;3003390090;3003400000;3003410000;3003420000;3003430000;3003490000;3003600000;3003900010;3003900020;3003900030;3003900090;3003900091;3003900099;3004100010;3004100011;3004100012;3004100013;3004100019;3004100020;3004100031;3004100032;3004100090;3004200010;3004200011;3004200012;3004200013;3004200018;3004200019;3004200020;3004200031;3004200039;3004200041;3004200049;3004200051;3004200059;3004200061;3004200062;3004200063;3004200069;3004200071;3004200079;3004200080;3004200090;3004310000;3004310010;3004310090;3004320000;3004320010;3004320011;3004320019;3004320020;3004320081;3004320082;3004320089;3004320090;3004390010;3004390011;3004390012;3004390013;3004390019;3004390081;3004390082;3004390083;3004390084;3004390085;3004390090;3004400010;3004400020;3004400030;3004400040;3004400050;3004400080;3004400090;3004410000;3004420000;3004430000;3004490010;3004490090;3004500010;3004500011;3004500012;3004500013;3004500014;3004500019;3004500020;3004500031;3004500032;3004500039;3004500040;3004500050;3004500061;3004500069;3004500070;3004500090;3004600000;3004900011;3004900012;3004900019;3004900020;3004900021;3004900022;3004900023;3004900024;3004900025;3004900026;3004900027;3004900029;3004900031;3004900032;3004900033;3004900034;3004900035;3004900036;3004900039;3004900041;3004900042;3004900043;3004900049;3004900050;3004900061;3004900069;3004900071;3004900072;3004900073;3004900074;3004900075;3004900076;3004900077;3004900078;3004900079;3004900081;3004900089;3004900090;3005100010;3005100091;3005100099;3005900010;3005900020;3005900030;3005900040;3005900050;3005900060;3005900090;3006100010;3006100090;3006200010;3006200020;3006200090;3006300010;3006300020;3006300090;3006400010;3006400020;3006400030;3006400090;3006500000;3006600000;3006600010;3006600011;3006600019;3006600090;3006701000;3006709000;3006801100;3006801900;3006809010;3006809020;3006809030;3006809041;3006809042;3006809043;3006809050;3006809060;3006910000;3006920000;3006931000;3006932000;3006933000;3006934000;3006939000,3001900010;3001900020;3001900090;3002100010;3002100021;3002100022;3002100023;3002100029;3002100030;3002100041;3002100042;3002100049;3002100051;3002100059;3002300010;3002300090;3002900011;3002900019;3002900020;3002900091;3002900092;3002900099;3003310090;3003390010;3003390090;3003400000;3003900010;3003900020;3003900091;3003900099;3004310010;3004310090;3004320081;3004320089;3004320090;3004390010;3004390081;3004390083;3004390084;3004390085;3004390090;3004400010;3004400020;3004400030;3004400040;3004400080;3004400090;3004500010;3004500020;3004500031;3004500032;3004500039;3004500040;3004500050;3004500061;3004500069;3004500070;3004900011;3004900012;3004900019;3004900020;3004900031;3004900032;3004900033;3004900034;3004900035;3004900036;3004900039;3004900041;3004900042;3004900043;3004900049;3004900050;3004900061;3004900069;3004900071;3004900072;3004900073;3004900074;3004900075;3004900076;3004900077;3004900078;3004900079;3004900081;3004900089;3005100010;3005100091;3005100099;3005900010;3005900020;3005900030;3005900040;3005900050;3005900060;3005900090;3006200010;3006200020;3006200090;3006300010;3006300020;3006300090;3006400010;3006400020;3006400030;3006400090,
no,declared,342,3002901030,1,1,198801,imports,3002,300290,199712,199801,5096986.00,Dried blood of human origin,yes,no,,no,no,same_subheading,13,13,52,245,245,148,245,3002900011;3002900019;3002900020;3002900030;3002900091;3002900092;3002900093;3002900099,106,0,3002900010;3002900011;3002900012;3002900019;3002900020;3002900030;3002900040;3002900050;3002900090;3002900091;3002900092;3002900093;3002900099,3001100010;3001100090;3001200000;3001900010;3001900020;3001900090;3002100010;3002100021;3002100022;3002100023;3002100029;3002100030;3002100041;3002100042;3002100049;3002100051;3002100059;3002100060;3002100090;3002110000;3002120011;3002120012;3002120013;3002120019;3002120021;3002120029;3002130000;3002140000;3002150000;3002190000;3002200010;3002200020;3002200030;3002200090;3002300010;3002300090;3002410010;3002410090;3002420010;3002420090;3002490010;3002490020;3002490090;3002510000;3002590000;3003100000;3003200000;3003310000;3003310010;3003310090;3003390000;3003390010;3003390090;3003400000;3003410000;3003420000;3003430000;3003490000;3003600000;3003900010;3003900020;3003900030;3003900090;3003900091;3003900099;3004100010;3004100011;3004100012;3004100013;3004100019;3004100020;3004100031;3004100032;3004100090;3004200010;3004200011;3004200012;3004200013;3004200018;3004200019;3004200020;3004200031;3004200039;3004200041;3004200049;3004200051;3004200059;3004200061;3004200062;3004200063;3004200069;3004200071;3004200079;3004200080;3004200090;3004310000;3004310010;3004310090;3004320000;3004320010;3004320011;3004320019;3004320020;3004320081;3004320082;3004320089;3004320090;3004390010;3004390011;3004390012;3004390013;3004390019;3004390081;3004390082;3004390083;3004390084;3004390085;3004390090;3004400010;3004400020;3004400030;3004400040;3004400050;3004400080;3004400090;3004410000;3004420000;3004430000;3004490010;3004490090;3004500010;3004500011;3004500012;3004500013;3004500014;3004500019;3004500020;3004500031;3004500032;3004500039;3004500040;3004500050;3004500061;3004500069;3004500070;3004500090;3004600000;3004900011;3004900012;3004900019;3004900020;3004900021;3004900022;3004900023;3004900024;3004900025;3004900026;3004900027;3004900029;3004900031;3004900032;3004900033;3004900034;3004900035;3004900036;3004900039;3004900041;3004900042;3004900043;3004900049;3004900050;3004900061;3004900069;3004900071;3004900072;3004900073;3004900074;3004900075;3004900076;3004900077;3004900078;3004900079;3004900081;3004900089;3004900090;3005100010;3005100091;3005100099;3005900010;3005900020;3005900030;3005900040;3005900050;3005900060;3005900090;3006100010;3006100090;3006200010;3006200020;3006200090;3006300010;3006300020;3006300090;3006400010;3006400020;3006400030;3006400090;3006500000;3006600000;3006600010;3006600011;3006600019;3006600090;3006701000;3006709000;3006801100;3006801900;3006809010;3006809020;3006809030;3006809041;3006809042;3006809043;3006809050;3006809060;3006910000;3006920000;3006931000;3006932000;3006933000;3006934000;3006939000,3001900010;3001900020;3001900090;3002100010;3002100021;3002100022;3002100023;3002100029;3002100030;3002100041;3002100042;3002100049;3002100051;3002100059;3002300010;3002300090;3002900011;3002900019;3002900020;3002900091;3002900092;3002900099;3003310090;3003390010;3003390090;3003400000;3003900010;3003900020;3003900091;3003900099;3004310010;3004310090;3004320081;3004320089;3004320090;3004390010;3004390081;3004390083;3004390084;3004390085;3004390090;3004400010;3004400020;3004400030;3004400040;3004400080;3004400090;3004500010;3004500020;3004500031;3004500032;3004500039;3004500040;3004500050;3004500061;3004500069;3004500070;3004900011;3004900012;3004900019;3004900020;3004900031;3004900032;3004900033;3004900034;3004900035;3004900036;3004900039;3004900041;3004900042;3004900043;3004900049;3004900050;3004900061;3004900069;3004900071;3004900072;3004900073;3004900074;3004900075;3004900076;3004900077;3004900078;3004900079;3004900081;3004900089;3005100010;3005100091;3005100099;3005900010;3005900020;3005900030;3005900040;3005900050;3005900060;3005900090;3006200010;3006200020;3006200090;3006300010;3006300020;3006300090;3006400010;3006400020;3006400030;3006400090,
no,declared,342,3002901040,1,1,198801,imports,3002,300290,199712,199801,2070092.00,Dried blood of animal origin,yes,no,,no,no,same_subheading,13,13,52,245,245,148,245,3002900011;3002900019;3002900020;3002900030;3002900091;3002900092;3002900093;3002900099,106,0,3002900010;3002900011;3002900012;3002900019;3002900020;3002900030;3002900040;3002900050;3002900090;3002900091;3002900092;3002900093;3002900099,3001100010;3001100090;3001200000;3001900010;3001900020;3001900090;3002100010;3002100021;3002100022;3002100023;3002100029;3002100030;3002100041;3002100042;3002100049;3002100051;3002100059;3002100060;3002100090;3002110000;3002120011;3002120012;3002120013;3002120019;3002120021;3002120029;3002130000;3002140000;3002150000;3002190000;3002200010;3002200020;3002200030;3002200090;3002300010;3002300090;3002410010;3002410090;3002420010;3002420090;3002490010;3002490020;3002490090;3002510000;3002590000;3003100000;3003200000;3003310000;3003310010;3003310090;3003390000;3003390010;3003390090;3003400000;3003410000;3003420000;3003430000;3003490000;3003600000;3003900010;3003900020;3003900030;3003900090;3003900091;3003900099;3004100010;3004100011;3004100012;3004100013;3004100019;3004100020;3004100031;3004100032;3004100090;3004200010;3004200011;3004200012;3004200013;3004200018;3004200019;3004200020;3004200031;3004200039;3004200041;3004200049;3004200051;3004200059;3004200061;3004200062;3004200063;3004200069;3004200071;3004200079;3004200080;3004200090;3004310000;3004310010;3004310090;3004320000;3004320010;3004320011;3004320019;3004320020;3004320081;3004320082;3004320089;3004320090;3004390010;3004390011;3004390012;3004390013;3004390019;3004390081;3004390082;3004390083;3004390084;3004390085;3004390090;3004400010;3004400020;3004400030;3004400040;3004400050;3004400080;3004400090;3004410000;3004420000;3004430000;3004490010;3004490090;3004500010;3004500011;3004500012;3004500013;3004500014;3004500019;3004500020;3004500031;3004500032;3004500039;3004500040;3004500050;3004500061;3004500069;3004500070;3004500090;3004600000;3004900011;3004900012;3004900019;3004900020;3004900021;3004900022;3004900023;3004900024;3004900025;3004900026;3004900027;3004900029;3004900031;3004900032;3004900033;3004900034;3004900035;3004900036;3004900039;3004900041;3004900042;3004900043;3004900049;3004900050;3004900061;3004900069;3004900071;3004900072;3004900073;3004900074;3004900075;3004900076;3004900077;3004900078;3004900079;3004900081;3004900089;3004900090;3005100010;3005100091;3005100099;3005900010;3005900020;3005900030;3005900040;3005900050;3005900060;3005900090;3006100010;3006100090;3006200010;3006200020;3006200090;3006300010;3006300020;3006300090;3006400010;3006400020;3006400030;3006400090;3006500000;3006600000;3006600010;3006600011;3006600019;3006600090;3006701000;3006709000;3006801100;3006801900;3006809010;3006809020;3006809030;3006809041;3006809042;3006809043;3006809050;3006809060;3006910000;3006920000;3006931000;3006932000;3006933000;3006934000;3006939000,3001900010;3001900020;3001900090;3002100010;3002100021;3002100022;3002100023;3002100029;3002100030;3002100041;3002100042;3002100049;3002100051;3002100059;3002300010;3002300090;3002900011;3002900019;3002900020;3002900091;3002900092;3002900099;3003310090;3003390010;3003390090;3003400000;3003900010;3003900020;3003900091;3003900099;3004310010;3004310090;3004320081;3004320089;3004320090;3004390010;3004390081;3004390083;3004390084;3004390085;3004390090;3004400010;3004400020;3004400030;3004400040;3004400080;3004400090;3004500010;3004500020;3004500031;3004500032;3004500039;3004500040;3004500050;3004500061;3004500069;3004500070;3004900011;3004900012;3004900019;3004900020;3004900031;3004900032;3004900033;3004900034;3004900035;3004900036;3004900039;3004900041;3004900042;3004900043;3004900049;3004900050;3004900061;3004900069;3004900071;3004900072;3004900073;3004900074;3004900075;3004900076;3004900077;3004900078;3004900079;3004900081;3004900089;3005100010;3005100091;3005100099;3005900010;3005900020;3005900030;3005900040;3005900050;3005900060;3005900090;3006200010;3006200020;3006200090;3006300010;3006300020;3006300090;3006400010;3006400020;3006400030;3006400090,
no,declared,342,3002909010,1,1,198801,imports,3002,300290,199712,199801,30779871.00,Bacteria culture inoculants for seeds,yes,no,,no,no,same_subheading,13,13,52,245,245,148,245,3002900011;3002900019;3002900020;3002900030;3002900091;3002900092;3002900093;3002900099,106,0,3002900010;3002900011;3002900012;3002900019;3002900020;3002900030;3002900040;3002900050;3002900090;3002900091;3002900092;3002900093;3002900099,3001100010;3001100090;3001200000;3001900010;3001900020;3001900090;3002100010;3002100021;3002100022;3002100023;3002100029;3002100030;3002100041;3002100042;3002100049;3002100051;3002100059;3002100060;3002100090;3002110000;3002120011;3002120012;3002120013;3002120019;3002120021;3002120029;3002130000;3002140000;3002150000;3002190000;3002200010;3002200020;3002200030;3002200090;3002300010;3002300090;3002410010;3002410090;3002420010;3002420090;3002490010;3002490020;3002490090;3002510000;3002590000;3003100000;3003200000;3003310000;3003310010;3003310090;3003390000;3003390010;3003390090;3003400000;3003410000;3003420000;3003430000;3003490000;3003600000;3003900010;3003900020;3003900030;3003900090;3003900091;3003900099;3004100010;3004100011;3004100012;3004100013;3004100019;3004100020;3004100031;3004100032;3004100090;3004200010;3004200011;3004200012;3004200013;3004200018;3004200019;3004200020;3004200031;3004200039;3004200041;3004200049;3004200051;3004200059;3004200061;3004200062;3004200063;3004200069;3004200071;3004200079;3004200080;3004200090;3004310000;3004310010;3004310090;3004320000;3004320010;3004320011;3004320019;3004320020;3004320081;3004320082;3004320089;3004320090;3004390010;3004390011;3004390012;3004390013;3004390019;3004390081;3004390082;3004390083;3004390084;3004390085;3004390090;3004400010;3004400020;3004400030;3004400040;3004400050;3004400080;3004400090;3004410000;3004420000;3004430000;3004490010;3004490090;3004500010;3004500011;3004500012;3004500013;3004500014;3004500019;3004500020;3004500031;3004500032;3004500039;3004500040;3004500050;3004500061;3004500069;3004500070;3004500090;3004600000;3004900011;3004900012;3004900019;3004900020;3004900021;3004900022;3004900023;3004900024;3004900025;3004900026;3004900027;3004900029;3004900031;3004900032;3004900033;3004900034;3004900035;3004900036;3004900039;3004900041;3004900042;3004900043;3004900049;3004900050;3004900061;3004900069;3004900071;3004900072;3004900073;3004900074;3004900075;3004900076;3004900077;3004900078;3004900079;3004900081;3004900089;3004900090;3005100010;3005100091;3005100099;3005900010;3005900020;3005900030;3005900040;3005900050;3005900060;3005900090;3006100010;3006100090;3006200010;3006200020;3006200090;3006300010;3006300020;3006300090;3006400010;3006400020;3006400030;3006400090;3006500000;3006600000;3006600010;3006600011;3006600019;3006600090;3006701000;3006709000;3006801100;3006801900;3006809010;3006809020;3006809030;3006809041;3006809042;3006809043;3006809050;3006809060;3006910000;3006920000;3006931000;3006932000;3006933000;3006934000;3006939000,3001900010;3001900020;3001900090;3002100010;3002100021;3002100022;3002100023;3002100029;3002100030;3002100041;3002100042;3002100049;3002100051;3002100059;3002300010;3002300090;3002900011;3002900019;3002900020;3002900091;3002900092;3002900099;3003310090;3003390010;3003390090;3003400000;3003900010;3003900020;3003900091;3003900099;3004310010;3004310090;3004320081;3004320089;3004320090;3004390010;3004390081;3004390083;3004390084;3004390085;3004390090;3004400010;3004400020;3004400030;3004400040;3004400080;3004400090;3004500010;3004500020;3004500031;3004500032;3004500039;3004500040;3004500050;3004500061;3004500069;3004500070;3004900011;3004900012;3004900019;3004900020;3004900031;3004900032;3004900033;3004900034;3004900035;3004900036;3004900039;3004900041;3004900042;3004900043;3004900049;3004900050;3004900061;3004900069;3004900071;3004900072;3004900073;3004900074;3004900075;3004900076;3004900077;3004900078;3004900079;3004900081;3004900089;3005100010;3005100091;3005100099;3005900010;3005900020;3005900030;3005900040;3005900050;3005900060;3005900090;3006200010;3006200020;3006200090;3006300010;3006300020;3006300090;3006400010;3006400020;3006400030;3006400090,
no,declared,348,3002909020,1,1,199104,imports,3002,300290,199706,199707,1607419.00,Whole human blood,yes,no,,no,no,same_subheading,21,21,73,360,360,263,360,3002900011;3002900019;3002900020;3002900030;3002900091;3002900092;3002900093;3002900099;3002901011;3002901019;3002901020;3002901030;3002901040;3002909010;3002909030;3002909090,0,0,3002900010;3002900011;3002900012;3002900019;3002900020;3002900030;3002900040;3002900050;3002900090;3002900091;3002900092;3002900093;3002900099;3002901011;3002901019;3002901020;3002901030;3002901040;3002909010;3002909030;3002909090,3001100010;3001100090;3001200000;3001900010;3001900020;3001900090;3001901000;3001902000;3001909000;3002100010;3002100021;3002100022;3002100023;3002100029;3002100030;3002100041;3002100042;3002100049;3002100051;3002100059;3002100060;3002100090;3002101010;3002101021;3002101022;3002101023;3002101029;3002101090;3002102110;3002102120;3002102190;3002102910;3002102990;3002110000;3002120011;3002120012;3002120013;3002120019;3002120021;3002120029;3002130000;3002140000;3002150000;3002190000;3002200010;3002200020;3002200030;3002200090;3002300010;3002300090;3002301000;3002309000;3002410010;3002410090;3002420010;3002420090;3002490010;3002490020;3002490090;3002510000;3002590000;3003100000;3003200000;3003310000;3003310010;3003310090;3003311000;3003319900;3003390000;3003390010;3003390090;3003391000;3003399100;3003399900;3003400000;3003409000;3003410000;3003420000;3003430000;3003490000;3003600000;3003900010;3003900020;3003900030;3003900090;3003900091;3003900099;3003901000;3003909100;3003909910;3003909990;3004100010;3004100011;3004100012;3004100013;3004100019;3004100020;3004100031;3004100032;3004100090;3004200010;3004200011;3004200012;3004200013;3004200018;3004200019;3004200020;3004200031;3004200039;3004200041;3004200049;3004200051;3004200059;3004200061;3004200062;3004200063;3004200069;3004200071;3004200079;3004200080;3004200090;3004310000;3004310010;3004310090;3004311000;3004319900;3004320000;3004320010;3004320011;3004320019;3004320020;3004320081;3004320082;3004320089;3004320090;3004321000;3004329011;3004329019;3004329020;3004390010;3004390011;3004390012;3004390013;3004390019;3004390081;3004390082;3004390083;3004390084;3004390085;3004390090;3004391000;3004399100;3004399910;3004399920;3004399930;3004399940;3004399950;3004399960;3004400010;3004400020;3004400030;3004400040;3004400050;3004400080;3004400090;3004401000;3004409019;3004409020;3004409030;3004409040;3004409050;3004409070;3004409080;3004409090;3004410000;3004420000;3004430000;3004490010;3004490090;3004500010;3004500011;3004500012;3004500013;3004500014;3004500019;3004500020;3004500031;3004500032;3004500039;3004500040;3004500050;3004500061;3004500069;3004500070;3004500090;3004501000;3004509911;3004509912;3004509919;3004509920;3004509930;3004509941;3004509949;3004509950;3004600000;3004900011;3004900012;3004900019;3004900020;3004900021;3004900022;3004900023;3004900024;3004900025;3004900026;3004900027;3004900029;3004900031;3004900032;3004900033;3004900034;3004900035;3004900036;3004900039;3004900041;3004900042;3004900043;3004900049;3004900050;3004900061;3004900069;3004900071;3004900072;3004900073;3004900074;3004900075;3004900076;3004900077;3004900078;3004900079;3004900081;3004900089;3004900090;3004901010;3004901020;3004901090;3004909100;3004909911;3004909912;3004909913;3004909914;3004909915;3004909916;3004909919;3004909921;3004909922;3004909923;3004909929;3004909930;3004909941;3004909949;3004909950;3004909960;3004909971;3004909979;3004909981;3004909982;3004909983;3004909984;3004909989;3004909991;3004909999;3005100010;3005100091;3005100099;3005101000;3005109100;3005109900;3005900010;3005900020;3005900030;3005900040;3005900050;3005900060;3005900090;3005901000;3005902000;3005903000;3005909100;3005909200;3005909300;3005909900;3006100010;3006100090;3006200010;3006200020;3006200090;3006201000;3006202000;3006209000;3006300010;3006300020;3006300090;3006301000;3006309100;3006309900;3006400010;3006400020;3006400030;3006400090;3006401010;3006401020;3006402000;3006409000;3006500000;3006600000;3006600010;3006600011;3006600019;3006600090;3006701000;3006709000;3006801100;3006801900;3006809010;3006809020;3006809030;3006809041;3006809042;3006809043;3006809050;3006809060;3006910000;3006920000;3006931000;3006932000;3006933000;3006934000;3006939000,,
no,declared,345,3002909030,1,1,199004,imports,3002,300290,199709,199710,96578.00,Antiallergenic preparations of microbial origin,yes,no,,no,no,same_subheading,20,20,72,356,356,259,356,3002900011;3002900019;3002900020;3002900030;3002900091;3002900092;3002900093;3002900099;3002901011;3002901019;3002901020;3002901030;3002901040;3002909010;3002909090,0,0,3002900010;3002900011;3002900012;3002900019;3002900020;3002900030;3002900040;3002900050;3002900090;3002900091;3002900092;3002900093;3002900099;3002901011;3002901019;3002901020;3002901030;3002901040;3002909010;3002909090,3001100010;3001100090;3001200000;3001900010;3001900020;3001900090;3001901000;3001902000;3001909000;3002100010;3002100021;3002100022;3002100023;3002100029;3002100030;3002100041;3002100042;3002100049;3002100051;3002100059;3002100060;3002100090;3002101010;3002101021;3002101022;3002101023;3002101029;3002101090;3002102110;3002102120;3002102190;3002102910;3002102990;3002110000;3002120011;3002120012;3002120013;3002120019;3002120021;3002120029;3002130000;3002140000;3002150000;3002190000;3002200010;3002200020;3002200030;3002200090;3002300010;3002300090;3002301000;3002309000;3002410010;3002410090;3002420010;3002420090;3002490010;3002490020;3002490090;3002510000;3002590000;3003100000;3003200000;3003310000;3003310010;3003310090;3003311000;3003319900;3003390000;3003390010;3003390090;3003391000;3003399900;3003400000;3003409000;3003410000;3003420000;3003430000;3003490000;3003600000;3003900010;3003900020;3003900030;3003900090;3003900091;3003900099;3003901000;3003909100;3003909910;3003909990;3004100010;3004100011;3004100012;3004100013;3004100019;3004100020;3004100031;3004100032;3004100090;3004200010;3004200011;3004200012;3004200013;3004200018;3004200019;3004200020;3004200031;3004200039;3004200041;3004200049;3004200051;3004200059;3004200061;3004200062;3004200063;3004200069;3004200071;3004200079;3004200080;3004200090;3004310000;3004310010;3004310090;3004311000;3004319900;3004320000;3004320010;3004320011;3004320019;3004320020;3004320081;3004320082;3004320089;3004320090;3004321000;3004329011;3004329019;3004329020;3004390010;3004390011;3004390012;3004390013;3004390019;3004390081;3004390082;3004390083;3004390084;3004390085;3004390090;3004391000;3004399910;3004399920;3004399930;3004399940;3004399950;3004399960;3004400010;3004400020;3004400030;3004400040;3004400050;3004400080;3004400090;3004401000;3004409019;3004409030;3004409040;3004409050;3004409070;3004409080;3004409090;3004410000;3004420000;3004430000;3004490010;3004490090;3004500010;3004500011;3004500012;3004500013;3004500014;3004500019;3004500020;3004500031;3004500032;3004500039;3004500040;3004500050;3004500061;3004500069;3004500070;3004500090;3004501000;3004509911;3004509912;3004509919;3004509920;3004509930;3004509941;3004509949;3004509950;3004600000;3004900011;3004900012;3004900019;3004900020;3004900021;3004900022;3004900023;3004900024;3004900025;3004900026;3004900027;3004900029;3004900031;3004900032;3004900033;3004900034;3004900035;3004900036;3004900039;3004900041;3004900042;3004900043;3004900049;3004900050;3004900061;3004900069;3004900071;3004900072;3004900073;3004900074;3004900075;3004900076;3004900077;3004900078;3004900079;3004900081;3004900089;3004900090;3004901010;3004901020;3004901090;3004909100;3004909911;3004909912;3004909913;3004909914;3004909915;3004909916;3004909919;3004909921;3004909922;3004909923;3004909929;3004909930;3004909941;3004909949;3004909950;3004909960;3004909971;3004909979;3004909981;3004909982;3004909983;3004909984;3004909989;3004909991;3004909999;3005100010;3005100091;3005100099;3005101000;3005109100;3005109900;3005900010;3005900020;3005900030;3005900040;3005900050;3005900060;3005900090;3005901000;3005902000;3005903000;3005909100;3005909200;3005909300;3005909900;3006100010;3006100090;3006200010;3006200020;3006200090;3006201000;3006202000;3006209000;3006300010;3006300020;3006300090;3006301000;3006309100;3006309900;3006400010;3006400020;3006400030;3006400090;3006401010;3006401020;3006402000;3006409000;3006500000;3006600000;3006600010;3006600011;3006600019;3006600090;3006701000;3006709000;3006801100;3006801900;3006809010;3006809020;3006809030;3006809041;3006809042;3006809043;3006809050;3006809060;3006910000;3006920000;3006931000;3006932000;3006933000;3006934000;3006939000,,
no,declared,342,3002909090,1,1,198801,imports,3002,300290,199712,199801,69506433.00,"Human blood, animal blood for therap, prophltc or diag uses, microbial prep, nes",yes,no,,no,no,same_subheading,15,13,52,245,245,148,245,3002900011;3002900019;3002900020;3002900030;3002900091;3002900092;3002900093;3002900099;3006200010;3006200090,106,2,3002900010;3002900011;3002900012;3002900019;3002900020;3002900030;3002900040;3002900050;3002900090;3002900091;3002900092;3002900093;3002900099;3006200010;3006200090,3001100010;3001100090;3001200000;3001900010;3001900020;3001900090;3002100010;3002100021;3002100022;3002100023;3002100029;3002100030;3002100041;3002100042;3002100049;3002100051;3002100059;3002100060;3002100090;3002110000;3002120011;3002120012;3002120013;3002120019;3002120021;3002120029;3002130000;3002140000;3002150000;3002190000;3002200010;3002200020;3002200030;3002200090;3002300010;3002300090;3002410010;3002410090;3002420010;3002420090;3002490010;3002490020;3002490090;3002510000;3002590000;3003100000;3003200000;3003310000;3003310010;3003310090;3003390000;3003390010;3003390090;3003400000;3003410000;3003420000;3003430000;3003490000;3003600000;3003900010;3003900020;3003900030;3003900090;3003900091;3003900099;3004100010;3004100011;3004100012;3004100013;3004100019;3004100020;3004100031;3004100032;3004100090;3004200010;3004200011;3004200012;3004200013;3004200018;3004200019;3004200020;3004200031;3004200039;3004200041;3004200049;3004200051;3004200059;3004200061;3004200062;3004200063;3004200069;3004200071;3004200079;3004200080;3004200090;3004310000;3004310010;3004310090;3004320000;3004320010;3004320011;3004320019;3004320020;3004320081;3004320082;3004320089;3004320090;3004390010;3004390011;3004390012;3004390013;3004390019;3004390081;3004390082;3004390083;3004390084;3004390085;3004390090;3004400010;3004400020;3004400030;3004400040;3004400050;3004400080;3004400090;3004410000;3004420000;3004430000;3004490010;3004490090;3004500010;3004500011;3004500012;3004500013;3004500014;3004500019;3004500020;3004500031;3004500032;3004500039;3004500040;3004500050;3004500061;3004500069;3004500070;3004500090;3004600000;3004900011;3004900012;3004900019;3004900020;3004900021;3004900022;3004900023;3004900024;3004900025;3004900026;3004900027;3004900029;3004900031;3004900032;3004900033;3004900034;3004900035;3004900036;3004900039;3004900041;3004900042;3004900043;3004900049;3004900050;3004900061;3004900069;3004900071;3004900072;3004900073;3004900074;3004900075;3004900076;3004900077;3004900078;3004900079;3004900081;3004900089;3004900090;3005100010;3005100091;3005100099;3005900010;3005900020;3005900030;3005900040;3005900050;3005900060;3005900090;3006100010;3006100090;3006200020;3006300010;3006300020;3006300090;3006400010;3006400020;3006400030;3006400090;3006500000;3006600000;3006600010;3006600011;3006600019;3006600090;3006701000;3006709000;3006801100;3006801900;3006809010;3006809020;3006809030;3006809041;3006809042;3006809043;3006809050;3006809060;3006910000;3006920000;3006931000;3006932000;3006933000;3006934000;3006939000,3001900010;3001900020;3001900090;3002100010;3002100021;3002100022;3002100023;3002100029;3002100030;3002100041;3002100042;3002100049;3002100051;3002100059;3002300010;3002300090;3002900011;3002900019;3002900020;3002900091;3002900092;3002900099;3003310090;3003390010;3003390090;3003400000;3003900010;3003900020;3003900091;3003900099;3004310010;3004310090;3004320081;3004320089;3004320090;3004390010;3004390081;3004390083;3004390084;3004390085;3004390090;3004400010;3004400020;3004400030;3004400040;3004400080;3004400090;3004500010;3004500020;3004500031;3004500032;3004500039;3004500040;3004500050;3004500061;3004500069;3004500070;3004900011;3004900012;3004900019;3004900020;3004900031;3004900032;3004900033;3004900034;3004900035;3004900036;3004900039;3004900041;3004900042;3004900043;3004900049;3004900050;3004900061;3004900069;3004900071;3004900072;3004900073;3004900074;3004900075;3004900076;3004900077;3004900078;3004900079;3004900081;3004900089;3005100010;3005100091;3005100099;3005900010;3005900020;3005900030;3005900040;3005900050;3005900060;3005900090;3006200010;3006200020;3006200090;3006300010;3006300020;3006300090;3006400010;3006400020;3006400030;3006400090,3006200010;3006200090
yes,trade_ceased_only,3,3003310000,1,1,201201,imports,3003,300331,202603,202604,2797436.00,"Medicaments,cont insulin,mixed,not in doses/forms/pack/frs,o/t No 30.02/05/06",no,no,,no,yes,same_heading,7,0,7,111,111,111,111,3003100000;3003200000;3003390000;3003410000;3003490000;3003900030;3003900090,0,0,3003100000;3003200000;3003390000;3003410000;3003490000;3003900030;3003900090,3001200000;3001900010;3001900020;3001900090;3002120011;3002120012;3002120013;3002120019;3002120021;3002120029;3002130000;3002140000;3002150000;3002410010;3002410090;3002420010;3002420090;3002490010;3002490020;3002490090;3002510000;3002590000;3002900020;3002900030;3002900040;3002900090;3004100010;3004100090;3004200011;3004200012;3004200013;3004200018;3004200019;3004200080;3004200090;3004310000;3004320000;3004390011;3004390012;3004390013;3004390019;3004390090;3004410000;3004420000;3004430000;3004490010;3004490090;3004500011;3004500012;3004500014;3004500019;3004500090;3004600000;3004900011;3004900012;3004900019;3004900021;3004900022;3004900023;3004900024;3004900025;3004900026;3004900027;3004900029;3004900042;3004900043;3004900049;3004900050;3004900061;3004900069;3004900071;3004900072;3004900073;3004900074;3004900075;3004900076;3004900077;3004900078;3004900079;3004900090;3005100010;3005100091;3005100099;3005900020;3005900030;3005900040;3005900090;3006100010;3006100090;3006300010;3006300090;3006400010;3006400090;3006500000;3006600000;3006701000;3006709000;3006910000;3006920000;3006931000;3006932000;3006933000;3006934000;3006939000,,
no,declared,178,3003310010,1,1,199802,imports,3003,300331,201108,201109,77748.00,"Insulin, prepared for parenteral administration in humans, in bulk",yes,yes,2007->2012,yes,yes,same_subheading,2,2,19,227,227,178,227,3003310000;3003310090,0,0,3003310000;3003310090,3001200000;3001900010;3001900020;3001900090;3002100010;3002100021;3002100022;3002100023;3002100029;3002100030;3002100041;3002100042;3002100049;3002100051;3002100059;3002100060;3002100090;3002110000;3002120011;3002120012;3002120013;3002120019;3002120021;3002120029;3002130000;3002140000;3002150000;3002190000;3002200010;3002200020;3002200030;3002200090;3002300010;3002300090;3002410010;3002410090;3002420010;3002420090;3002490010;3002490020;3002490090;3002510000;3002590000;3002900010;3002900011;3002900012;3002900019;3002900020;3002900030;3002900040;3002900050;3002900090;3002900091;3002900092;3002900093;3002900099;3003100000;3003200000;3003390000;3003390010;3003390090;3003400000;3003410000;3003420000;3003430000;3003490000;3003600000;3003900010;3003900020;3003900030;3003900090;3003900091;3003900099;3004100010;3004100011;3004100012;3004100013;3004100019;3004100020;3004100031;3004100032;3004100090;3004200010;3004200011;3004200012;3004200013;3004200018;3004200019;3004200020;3004200031;3004200039;3004200041;3004200049;3004200051;3004200059;3004200061;3004200062;3004200063;3004200069;3004200071;3004200079;3004200080;3004200090;3004310000;3004310010;3004310090;3004320000;3004320011;3004320019;3004320020;3004390010;3004390011;3004390012;3004390013;3004390019;3004390081;3004390082;3004390083;3004390084;3004390085;3004390090;3004400010;3004400020;3004400030;3004400040;3004400050;3004400080;3004400090;3004410000;3004420000;3004430000;3004490010;3004490090;3004500010;3004500011;3004500012;3004500013;3004500014;3004500019;3004500020;3004500031;3004500032;3004500039;3004500040;3004500050;3004500061;3004500069;3004500070;3004500090;3004600000;3004900011;3004900012;3004900019;3004900020;3004900021;3004900022;3004900023;3004900024;3004900025;3004900026;3004900027;3004900029;3004900031;3004900032;3004900033;3004900034;3004900035;3004900036;3004900039;3004900041;3004900042;3004900043;3004900049;3004900050;3004900061;3004900069;3004900071;3004900072;3004900073;3004900074;3004900075;3004900076;3004900077;3004900078;3004900079;3004900081;3004900089;3004900090;3005100010;3005100091;3005100099;3005900010;3005900020;3005900030;3005900040;3005900050;3005900060;3005900090;3006100010;3006100090;3006200010;3006200020;3006200090;3006300010;3006300020;3006300090;3006400010;3006400020;3006400030;3006400090;3006500000;3006600000;3006600010;3006600011;3006600019;3006600090;3006701000;3006709000;3006910000;3006920000;3006931000;3006932000;3006933000;3006934000;3006939000,,
no,declared,174,3003310090,1,1,199801,imports,3003,300331,201112,201201,5331921.00,"Insulin, formulated, in bulk, nes",yes,yes,2007->2012,yes,yes,same_subheading,1,1,12,158,158,109,158,3003310000,28,0,3003310000,3001200000;3001900010;3001900020;3001900090;3002100010;3002100021;3002100022;3002100023;3002100029;3002100030;3002100041;3002100042;3002100049;3002100051;3002100059;3002100090;3002110000;3002120011;3002120012;3002120013;3002120019;3002120021;3002120029;3002130000;3002140000;3002150000;3002190000;3002200010;3002200090;3002300010;3002300090;3002410010;3002410090;3002420010;3002420090;3002490010;3002490020;3002490090;3002510000;3002590000;3002900010;3002900011;3002900012;3002900019;3002900020;3002900030;3002900040;3002900050;3002900090;3002900091;3002900092;3002900093;3002900099;3003100000;3003200000;3003390000;3003400000;3003410000;3003420000;3003430000;3003490000;3003600000;3003900030;3003900090;3004100010;3004100090;3004200011;3004200012;3004200013;3004200018;3004200019;3004200080;3004200090;3004310000;3004320000;3004390011;3004390012;3004390013;3004390019;3004390090;3004400030;3004400040;3004400090;3004410000;3004420000;3004430000;3004490010;3004490090;3004500011;3004500012;3004500013;3004500014;3004500019;3004500090;3004600000;3004900011;3004900012;3004900019;3004900021;3004900022;3004900023;3004900024;3004900025;3004900026;3004900027;3004900029;3004900031;3004900032;3004900033;3004900034;3004900035;3004900036;3004900039;3004900042;3004900043;3004900049;3004900050;3004900061;3004900069;3004900071;3004900072;3004900073;3004900074;3004900075;3004900076;3004900077;3004900078;3004900079;3004900090;3005100010;3005100091;3005100099;3005900020;3005900030;3005900040;3005900090;3006100010;3006100090;3006200020;3006200090;3006300010;3006300090;3006400010;3006400090;3006500000;3006600000;3006600010;3006600090;3006701000;3006709000;3006910000;3006920000;3006931000;3006932000;3006933000;3006934000;3006939000,3002100090;3003310000;3003390000;3003900030;3003900090;3004100010;3004100090;3004200011;3004200012;3004200013;3004200018;3004200019;3004200080;3004200090;3004310000;3004320000;3004390011;3004390012;3004390013;3004390019;3004500011;3004500012;3004500013;3004500014;3004500019;3004500090;3004900090;3006600010,
no,declared,344,3003311000,1,1,198803,imports,3003,300331,199710,199711,4350765.00,"Insulin, prepared for parenteral administration in humans, in bulk",yes,no,,no,no,same_subheading,4,4,28,355,355,258,355,3003310010;3003310090;3003319900,0,0,3003310000;3003310010;3003310090;3003319900,3001100010;3001100090;3001200000;3001900010;3001900020;3001900090;3001901000;3001902000;3001909000;3002100010;3002100021;3002100022;3002100023;3002100029;3002100030;3002100041;3002100042;3002100049;3002100051;3002100059;3002100060;3002100090;3002101010;3002101021;3002101022;3002101023;3002101029;3002101090;3002102110;3002102120;3002102190;3002102910;3002102990;3002110000;3002120011;3002120012;3002120013;3002120019;3002120021;3002120029;3002130000;3002140000;3002150000;3002190000;3002200010;3002200020;3002200030;3002200090;3002300010;3002300090;3002301000;3002309000;3002410010;3002410090;3002420010;3002420090;3002490010;3002490020;3002490090;3002510000;3002590000;3002900010;3002900011;3002900012;3002900019;3002900020;3002900030;3002900040;3002900050;3002900090;3002900091;3002900092;3002900093;3002900099;3002901011;3002901019;3002901020;3002901030;3002901040;3002909010;3002909090;3003100000;3003200000;3003390000;3003390010;3003390090;3003391000;3003399900;3003400000;3003409000;3003410000;3003420000;3003430000;3003490000;3003600000;3003900010;3003900020;3003900030;3003900090;3003900091;3003900099;3003901000;3003909100;3003909910;3003909990;3004100010;3004100011;3004100012;3004100013;3004100019;3004100020;3004100031;3004100032;3004100090;3004200010;3004200011;3004200012;3004200013;3004200018;3004200019;3004200020;3004200031;3004200039;3004200041;3004200049;3004200051;3004200059;3004200061;3004200062;3004200063;3004200069;3004200071;3004200079;3004200080;3004200090;3004310000;3004310010;3004310090;3004311000;3004319900;3004320000;3004320010;3004320011;3004320019;3004320020;3004320081;3004320082;3004320089;3004320090;3004321000;3004329011;3004329019;3004329020;3004390010;3004390011;3004390012;3004390013;3004390019;3004390081;3004390082;3004390083;3004390084;3004390085;3004390090;3004391000;3004399910;3004399920;3004399930;3004399940;3004399950;3004399960;3004400010;3004400020;3004400030;3004400040;3004400050;3004400080;3004400090;3004401000;3004409019;3004409030;3004409040;3004409050;3004409070;3004409080;3004409090;3004410000;3004420000;3004430000;3004490010;3004490090;3004500010;3004500011;3004500012;3004500013;3004500014;3004500019;3004500020;3004500031;3004500032;3004500039;3004500040;3004500050;3004500061;3004500069;3004500070;3004500090;3004501000;3004509911;3004509912;3004509919;3004509920;3004509930;3004509941;3004509949;3004509950;3004600000;3004900011;3004900012;3004900019;3004900020;3004900021;3004900022;3004900023;3004900024;3004900025;3004900026;3004900027;3004900029;3004900031;3004900032;3004900033;3004900034;3004900035;3004900036;3004900039;3004900041;3004900042;3004900043;3004900049;3004900050;3004900061;3004900069;3004900071;3004900072;3004900073;3004900074;3004900075;3004900076;3004900077;3004900078;3004900079;3004900081;3004900089;3004900090;3004901010;3004901020;3004901090;3004909100;3004909911;3004909912;3004909913;3004909914;3004909915;3004909916;3004909919;3004909921;3004909922;3004909923;3004909929;3004909930;3004909941;3004909949;3004909950;3004909960;3004909971;3004909979;3004909981;3004909982;3004909983;3004909984;3004909989;3004909991;3004909999;3005100010;3005100091;3005100099;3005101000;3005109100;3005109900;3005900010;3005900020;3005900030;3005900040;3005900050;3005900060;3005900090;3005901000;3005902000;3005903000;3005909100;3005909200;3005909300;3005909900;3006100010;3006100090;3006200010;3006200020;3006200090;3006201000;3006202000;3006209000;3006300010;3006300020;3006300090;3006301000;3006309100;3006309900;3006400010;3006400020;3006400030;3006400090;3006401010;3006401020;3006402000;3006409000;3006500000;3006600000;3006600010;3006600011;3006600019;3006600090;3006701000;3006709000;3006801100;3006801900;3006809010;3006809020;3006809030;3006809041;3006809042;3006809043;3006809050;3006809060;3006910000;3006920000;3006931000;3006932000;3006933000;3006934000;3006939000,,
no,declared,433,3003319100,1,1,198802,imports,3003,300331,199005,199006,129843.00,"Insulin, cont more than 23% of absolute ethyl alcohol by volume, in bulk",yes,no,,no,no,same_subheading,5,5,32,379,379,162,379,3003311000;3003319900,0,0,3003310000;3003310010;3003310090;3003311000;3003319900,3001100010;3001100090;3001200000;3001900010;3001900020;3001900090;3001901000;3001902000;3001909000;3002100010;3002100021;3002100022;3002100023;3002100029;3002100030;3002100041;3002100042;3002100049;3002100051;3002100059;3002100060;3002100090;3002101010;3002101021;3002101022;3002101023;3002101029;3002101090;3002102110;3002102120;3002102190;3002102910;3002102920;3002102990;3002110000;3002120011;3002120012;3002120013;3002120019;3002120021;3002120029;3002130000;3002140000;3002150000;3002190000;3002200010;3002200020;3002200030;3002200090;3002300010;3002300090;3002301000;3002309000;3002310000;3002391000;3002399000;3002410010;3002410090;3002420010;3002420090;3002490010;3002490020;3002490090;3002510000;3002590000;3002900010;3002900011;3002900012;3002900019;3002900020;3002900030;3002900040;3002900050;3002900090;3002900091;3002900092;3002900093;3002900099;3002901010;3002901011;3002901019;3002901020;3002901030;3002901040;3002909010;3002909020;3002909030;3002909090;3003100000;3003200000;3003390000;3003390010;3003390090;3003391000;3003399100;3003399900;3003400000;3003401000;3003409000;3003410000;3003420000;3003430000;3003490000;3003600000;3003900010;3003900020;3003900030;3003900090;3003900091;3003900099;3003901000;3003909100;3003909900;3003909910;3003909990;3004100010;3004100011;3004100012;3004100013;3004100014;3004100019;3004100020;3004100031;3004100032;3004100090;3004200010;3004200011;3004200012;3004200013;3004200018;3004200019;3004200020;3004200031;3004200039;3004200041;3004200042;3004200049;3004200051;3004200052;3004200059;3004200061;3004200062;3004200063;3004200064;3004200066;3004200069;3004200071;3004200079;3004200080;3004200090;3004310000;3004310010;3004310090;3004311000;3004319900;3004320000;3004320010;3004320011;3004320019;3004320020;3004320081;3004320082;3004320089;3004320090;3004321000;3004329011;3004329012;3004329019;3004329020;3004390010;3004390011;3004390012;3004390013;3004390019;3004390081;3004390082;3004390083;3004390084;3004390085;3004390090;3004391000;3004399100;3004399910;3004399920;3004399930;3004399940;3004399950;3004399960;3004400010;3004400020;3004400030;3004400040;3004400050;3004400080;3004400090;3004401000;3004409011;3004409019;3004409020;3004409030;3004409040;3004409050;3004409060;3004409070;3004409080;3004409090;3004410000;3004420000;3004430000;3004490010;3004490090;3004500010;3004500011;3004500012;3004500013;3004500014;3004500019;3004500020;3004500031;3004500032;3004500039;3004500040;3004500050;3004500061;3004500069;3004500070;3004500090;3004501000;3004509100;3004509911;3004509912;3004509919;3004509920;3004509930;3004509941;3004509949;3004509950;3004600000;3004900011;3004900012;3004900019;3004900020;3004900021;3004900022;3004900023;3004900024;3004900025;3004900026;3004900027;3004900029;3004900031;3004900032;3004900033;3004900034;3004900035;3004900036;3004900039;3004900041;3004900042;3004900043;3004900049;3004900050;3004900061;3004900069;3004900071;3004900072;3004900073;3004900074;3004900075;3004900076;3004900077;3004900078;3004900079;3004900081;3004900089;3004900090;3004901010;3004901020;3004901090;3004909100;3004909911;3004909912;3004909913;3004909914;3004909915;3004909916;3004909919;3004909921;3004909922;3004909923;3004909929;3004909930;3004909941;3004909949;3004909950;3004909960;3004909971;3004909979;3004909981;3004909982;3004909983;3004909984;3004909989;3004909991;3004909992;3004909993;3004909999;3005100010;3005100091;3005100099;3005101000;3005109100;3005109900;3005900010;3005900020;3005900030;3005900040;3005900050;3005900060;3005900090;3005901000;3005902000;3005903000;3005909100;3005909200;3005909300;3005909900;3006100010;3006100090;3006200010;3006200020;3006200090;3006201000;3006202000;3006209000;3006300010;3006300020;3006300090;3006301000;3006309100;3006309900;3006400010;3006400020;3006400030;3006400090;3006401010;3006401020;3006402000;3006409000;3006500000;3006600000;3006600010;3006600011;3006600019;3006600090;3006701000;3006709000;3006801100;3006801900;3006809010;3006809020;3006809030;3006809041;3006809042;3006809043;3006809050;3006809060;3006910000;3006920000;3006931000;3006932000;3006933000;3006934000;3006939000,,
no,declared,342,3003319900,1,1,198801,imports,3003,300331,199712,199801,3974845.00,"Insulin, formulated, in bulk, nes",yes,no,,no,no,same_subheading,3,3,20,245,245,148,245,3003310010;3003310090,106,0,3003310000;3003310010;3003310090,3001100010;3001100090;3001200000;3001900010;3001900020;3001900090;3002100010;3002100021;3002100022;3002100023;3002100029;3002100030;3002100041;3002100042;3002100049;3002100051;3002100059;3002100060;3002100090;3002110000;3002120011;3002120012;3002120013;3002120019;3002120021;3002120029;3002130000;3002140000;3002150000;3002190000;3002200010;3002200020;3002200030;3002200090;3002300010;3002300090;3002410010;3002410090;3002420010;3002420090;3002490010;3002490020;3002490090;3002510000;3002590000;3002900010;3002900011;3002900012;3002900019;3002900020;3002900030;3002900040;3002900050;3002900090;3002900091;3002900092;3002900093;3002900099;3003100000;3003200000;3003390000;3003390010;3003390090;3003400000;3003410000;3003420000;3003430000;3003490000;3003600000;3003900010;3003900020;3003900030;3003900090;3003900091;3003900099;3004100010;3004100011;3004100012;3004100013;3004100019;3004100020;3004100031;3004100032;3004100090;3004200010;3004200011;3004200012;3004200013;3004200018;3004200019;3004200020;3004200031;3004200039;3004200041;3004200049;3004200051;3004200059;3004200061;3004200062;3004200063;3004200069;3004200071;3004200079;3004200080;3004200090;3004310000;3004310010;3004310090;3004320000;3004320010;3004320011;3004320019;3004320020;3004320081;3004320082;3004320089;3004320090;3004390010;3004390011;3004390012;3004390013;3004390019;3004390081;3004390082;3004390083;3004390084;3004390085;3004390090;3004400010;3004400020;3004400030;3004400040;3004400050;3004400080;3004400090;3004410000;3004420000;3004430000;3004490010;3004490090;3004500010;3004500011;3004500012;3004500013;3004500014;3004500019;3004500020;3004500031;3004500032;3004500039;3004500040;3004500050;3004500061;3004500069;3004500070;3004500090;3004600000;3004900011;3004900012;3004900019;3004900020;3004900021;3004900022;3004900023;3004900024;3004900025;3004900026;3004900027;3004900029;3004900031;3004900032;3004900033;3004900034;3004900035;3004900036;3004900039;3004900041;3004900042;3004900043;3004900049;3004900050;3004900061;3004900069;3004900071;3004900072;3004900073;3004900074;3004900075;3004900076;3004900077;3004900078;3004900079;3004900081;3004900089;3004900090;3005100010;3005100091;3005100099;3005900010;3005900020;3005900030;3005900040;3005900050;3005900060;3005900090;3006100010;3006100090;3006200010;3006200020;3006200090;3006300010;3006300020;3006300090;3006400010;3006400020;3006400030;3006400090;3006500000;3006600000;3006600010;3006600011;3006600019;3006600090;3006701000;3006709000;3006801100;3006801900;3006809010;3006809020;3006809030;3006809041;3006809042;3006809043;3006809050;3006809060;3006910000;3006920000;3006931000;3006932000;3006933000;3006934000;3006939000,3001900010;3001900020;3001900090;3002100010;3002100021;3002100022;3002100023;3002100029;3002100030;3002100041;3002100042;3002100049;3002100051;3002100059;3002300010;3002300090;3002900011;3002900019;3002900020;3002900091;3002900092;3002900099;3003310090;3003390010;3003390090;3003400000;3003900010;3003900020;3003900091;3003900099;3004310010;3004310090;3004320081;3004320089;3004320090;3004390010;3004390081;3004390083;3004390084;3004390085;3004390090;3004400010;3004400020;3004400030;3004400040;3004400080;3004400090;3004500010;3004500020;3004500031;3004500032;3004500039;3004500040;3004500050;3004500061;3004500069;3004500070;3004900011;3004900012;3004900019;3004900020;3004900031;3004900032;3004900033;3004900034;3004900035;3004900036;3004900039;3004900041;3004900042;3004900043;3004900049;3004900050;3004900061;3004900069;3004900071;3004900072;3004900073;3004900074;3004900075;3004900076;3004900077;3004900078;3004900079;3004900081;3004900089;3005100010;3005100091;3005100099;3005900010;3005900020;3005900030;3005900040;3005900050;3005900060;3005900090;3006200010;3006200020;3006200090;3006300010;3006300020;3006300090;3006400010;3006400020;3006400030;3006400090,
no,declared,174,3003390010,1,1,199801,imports,3003,300339,201112,201201,4162382.00,"Epinephrine and its solutions, prepared for parenteral admin in humans, in bulk",yes,yes,2007->2012,yes,yes,same_subheading,1,1,12,158,158,109,158,3003390000,28,0,3003390000,3001200000;3001900010;3001900020;3001900090;3002100010;3002100021;3002100022;3002100023;3002100029;3002100030;3002100041;3002100042;3002100049;3002100051;3002100059;3002100090;3002110000;3002120011;3002120012;3002120013;3002120019;3002120021;3002120029;3002130000;3002140000;3002150000;3002190000;3002200010;3002200090;3002300010;3002300090;3002410010;3002410090;3002420010;3002420090;3002490010;3002490020;3002490090;3002510000;3002590000;3002900010;3002900011;3002900012;3002900019;3002900020;3002900030;3002900040;3002900050;3002900090;3002900091;3002900092;3002900093;3002900099;3003100000;3003200000;3003310000;3003400000;3003410000;3003420000;3003430000;3003490000;3003600000;3003900030;3003900090;3004100010;3004100090;3004200011;3004200012;3004200013;3004200018;3004200019;3004200080;3004200090;3004310000;3004320000;3004390011;3004390012;3004390013;3004390019;3004390090;3004400030;3004400040;3004400090;3004410000;3004420000;3004430000;3004490010;3004490090;3004500011;3004500012;3004500013;3004500014;3004500019;3004500090;3004600000;3004900011;3004900012;3004900019;3004900021;3004900022;3004900023;3004900024;3004900025;3004900026;3004900027;3004900029;3004900031;3004900032;3004900033;3004900034;3004900035;3004900036;3004900039;3004900042;3004900043;3004900049;3004900050;3004900061;3004900069;3004900071;3004900072;3004900073;3004900074;3004900075;3004900076;3004900077;3004900078;3004900079;3004900090;3005100010;3005100091;3005100099;3005900020;3005900030;3005900040;3005900090;3006100010;3006100090;3006200020;3006200090;3006300010;3006300090;3006400010;3006400090;3006500000;3006600000;3006600010;3006600090;3006701000;3006709000;3006910000;3006920000;3006931000;3006932000;3006933000;3006934000;3006939000,3002100090;3003310000;3003390000;3003900030;3003900090;3004100010;3004100090;3004200011;3004200012;3004200013;3004200018;3004200019;3004200080;3004200090;3004310000;3004320000;3004390011;3004390012;3004390013;3004390019;3004500011;3004500012;3004500013;3004500014;3004500019;3004500090;3004900090;3006600010,
no,declared,174,3003390090,1,1,199801,imports,3003,300339,201112,201201,151533683.00,"Hormones, nes, not containing antibiotics, in bulk, o/t contraceptives",yes,yes,2007->2012,yes,yes,same_subheading,1,1,12,158,158,109,158,3003390000,28,0,3003390000,3001200000;3001900010;3001900020;3001900090;3002100010;3002100021;3002100022;3002100023;3002100029;3002100030;3002100041;3002100042;3002100049;3002100051;3002100059;3002100090;3002110000;3002120011;3002120012;3002120013;3002120019;3002120021;3002120029;3002130000;3002140000;3002150000;3002190000;3002200010;3002200090;3002300010;3002300090;3002410010;3002410090;3002420010;3002420090;3002490010;3002490020;3002490090;3002510000;3002590000;3002900010;3002900011;3002900012;3002900019;3002900020;3002900030;3002900040;3002900050;3002900090;3002900091;3002900092;3002900093;3002900099;3003100000;3003200000;3003310000;3003400000;3003410000;3003420000;3003430000;3003490000;3003600000;3003900030;3003900090;3004100010;3004100090;3004200011;3004200012;3004200013;3004200018;3004200019;3004200080;3004200090;3004310000;3004320000;3004390011;3004390012;3004390013;3004390019;3004390090;3004400030;3004400040;3004400090;3004410000;3004420000;3004430000;3004490010;3004490090;3004500011;3004500012;3004500013;3004500014;3004500019;3004500090;3004600000;3004900011;3004900012;3004900019;3004900021;3004900022;3004900023;3004900024;3004900025;3004900026;3004900027;3004900029;3004900031;3004900032;3004900033;3004900034;3004900035;3004900036;3004900039;3004900042;3004900043;3004900049;3004900050;3004900061;3004900069;3004900071;3004900072;3004900073;3004900074;3004900075;3004900076;3004900077;3004900078;3004900079;3004900090;3005100010;3005100091;3005100099;3005900020;3005900030;3005900040;3005900090;3006100010;3006100090;3006200020;3006200090;3006300010;3006300090;3006400010;3006400090;3006500000;3006600000;3006600010;3006600090;3006701000;3006709000;3006910000;3006920000;3006931000;3006932000;3006933000;3006934000;3006939000,3002100090;3003310000;3003390000;3003900030;3003900090;3004100010;3004100090;3004200011;3004200012;3004200013;3004200018;3004200019;3004200080;3004200090;3004310000;3004320000;3004390011;3004390012;3004390013;3004390019;3004500011;3004500012;3004500013;3004500014;3004500019;3004500090;3004900090;3006600010,
no,declared,342,3003391000,1,1,198801,imports,3003,300339,199712,199801,724092.00,"Epinephrine & its solutions, prepared for parenteral admin in humans, in bulk",yes,no,,no,no,same_subheading,3,3,20,245,245,148,245,3003390010;3003390090,106,0,3003390000;3003390010;3003390090,3001100010;3001100090;3001200000;3001900010;3001900020;3001900090;3002100010;3002100021;3002100022;3002100023;3002100029;3002100030;3002100041;3002100042;3002100049;3002100051;3002100059;3002100060;3002100090;3002110000;3002120011;3002120012;3002120013;3002120019;3002120021;3002120029;3002130000;3002140000;3002150000;3002190000;3002200010;3002200020;3002200030;3002200090;3002300010;3002300090;3002410010;3002410090;3002420010;3002420090;3002490010;3002490020;3002490090;3002510000;3002590000;3002900010;3002900011;3002900012;3002900019;3002900020;3002900030;3002900040;3002900050;3002900090;3002900091;3002900092;3002900093;3002900099;3003100000;3003200000;3003310000;3003310010;3003310090;3003400000;3003410000;3003420000;3003430000;3003490000;3003600000;3003900010;3003900020;3003900030;3003900090;3003900091;3003900099;3004100010;3004100011;3004100012;3004100013;3004100019;3004100020;3004100031;3004100032;3004100090;3004200010;3004200011;3004200012;3004200013;3004200018;3004200019;3004200020;3004200031;3004200039;3004200041;3004200049;3004200051;3004200059;3004200061;3004200062;3004200063;3004200069;3004200071;3004200079;3004200080;3004200090;3004310000;3004310010;3004310090;3004320000;3004320010;3004320011;3004320019;3004320020;3004320081;3004320082;3004320089;3004320090;3004390010;3004390011;3004390012;3004390013;3004390019;3004390081;3004390082;3004390083;3004390084;3004390085;3004390090;3004400010;3004400020;3004400030;3004400040;3004400050;3004400080;3004400090;3004410000;3004420000;3004430000;3004490010;3004490090;3004500010;3004500011;3004500012;3004500013;3004500014;3004500019;3004500020;3004500031;3004500032;3004500039;3004500040;3004500050;3004500061;3004500069;3004500070;3004500090;3004600000;3004900011;3004900012;3004900019;3004900020;3004900021;3004900022;3004900023;3004900024;3004900025;3004900026;3004900027;3004900029;3004900031;3004900032;3004900033;3004900034;3004900035;3004900036;3004900039;3004900041;3004900042;3004900043;3004900049;3004900050;3004900061;3004900069;3004900071;3004900072;3004900073;3004900074;3004900075;3004900076;3004900077;3004900078;3004900079;3004900081;3004900089;3004900090;3005100010;3005100091;3005100099;3005900010;3005900020;3005900030;3005900040;3005900050;3005900060;3005900090;3006100010;3006100090;3006200010;3006200020;3006200090;3006300010;3006300020;3006300090;3006400010;3006400020;3006400030;3006400090;3006500000;3006600000;3006600010;3006600011;3006600019;3006600090;3006701000;3006709000;3006801100;3006801900;3006809010;3006809020;3006809030;3006809041;3006809042;3006809043;3006809050;3006809060;3006910000;3006920000;3006931000;3006932000;3006933000;3006934000;3006939000,3001900010;3001900020;3001900090;3002100010;3002100021;3002100022;3002100023;3002100029;3002100030;3002100041;3002100042;3002100049;3002100051;3002100059;3002300010;3002300090;3002900011;3002900019;3002900020;3002900091;3002900092;3002900099;3003310090;3003390010;3003390090;3003400000;3003900010;3003900020;3003900091;3003900099;3004310010;3004310090;3004320081;3004320089;3004320090;3004390010;3004390081;3004390083;3004390084;3004390085;3004390090;3004400010;3004400020;3004400030;3004400040;3004400080;3004400090;3004500010;3004500020;3004500031;3004500032;3004500039;3004500040;3004500050;3004500061;3004500069;3004500070;3004900011;3004900012;3004900019;3004900020;3004900031;3004900032;3004900033;3004900034;3004900035;3004900036;3004900039;3004900041;3004900042;3004900043;3004900049;3004900050;3004900061;3004900069;3004900071;3004900072;3004900073;3004900074;3004900075;3004900076;3004900077;3004900078;3004900079;3004900081;3004900089;3005100010;3005100091;3005100099;3005900010;3005900020;3005900030;3005900040;3005900050;3005900060;3005900090;3006200010;3006200020;3006200090;3006300010;3006300020;3006300090;3006400010;3006400020;3006400030;3006400090,
no,declared,347,3003399100,1,1,198801,imports,3003,300339,199707,199708,10184.00,"Hormones, containing more than 23% of absolute ethyl alcohol by volume, in bulk",yes,no,,no,no,same_subheading,5,5,29,358,358,261,358,3003390010;3003390090;3003391000;3003399900,0,0,3003390000;3003390010;3003390090;3003391000;3003399900,3001100010;3001100090;3001200000;3001900010;3001900020;3001900090;3001901000;3001902000;3001909000;3002100010;3002100021;3002100022;3002100023;3002100029;3002100030;3002100041;3002100042;3002100049;3002100051;3002100059;3002100060;3002100090;3002101010;3002101021;3002101022;3002101023;3002101029;3002101090;3002102110;3002102120;3002102190;3002102910;3002102990;3002110000;3002120011;3002120012;3002120013;3002120019;3002120021;3002120029;3002130000;3002140000;3002150000;3002190000;3002200010;3002200020;3002200030;3002200090;3002300010;3002300090;3002301000;3002309000;3002410010;3002410090;3002420010;3002420090;3002490010;3002490020;3002490090;3002510000;3002590000;3002900010;3002900011;3002900012;3002900019;3002900020;3002900030;3002900040;3002900050;3002900090;3002900091;3002900092;3002900093;3002900099;3002901011;3002901019;3002901020;3002901030;3002901040;3002909010;3002909030;3002909090;3003100000;3003200000;3003310000;3003310010;3003310090;3003311000;3003319900;3003400000;3003409000;3003410000;3003420000;3003430000;3003490000;3003600000;3003900010;3003900020;3003900030;3003900090;3003900091;3003900099;3003901000;3003909100;3003909910;3003909990;3004100010;3004100011;3004100012;3004100013;3004100019;3004100020;3004100031;3004100032;3004100090;3004200010;3004200011;3004200012;3004200013;3004200018;3004200019;3004200020;3004200031;3004200039;3004200041;3004200049;3004200051;3004200059;3004200061;3004200062;3004200063;3004200069;3004200071;3004200079;3004200080;3004200090;3004310000;3004310010;3004310090;3004311000;3004319900;3004320000;3004320010;3004320011;3004320019;3004320020;3004320081;3004320082;3004320089;3004320090;3004321000;3004329011;3004329019;3004329020;3004390010;3004390011;3004390012;3004390013;3004390019;3004390081;3004390082;3004390083;3004390084;3004390085;3004390090;3004391000;3004399100;3004399910;3004399920;3004399930;3004399940;3004399950;3004399960;3004400010;3004400020;3004400030;3004400040;3004400050;3004400080;3004400090;3004401000;3004409019;3004409030;3004409040;3004409050;3004409070;3004409080;3004409090;3004410000;3004420000;3004430000;3004490010;3004490090;3004500010;3004500011;3004500012;3004500013;3004500014;3004500019;3004500020;3004500031;3004500032;3004500039;3004500040;3004500050;3004500061;3004500069;3004500070;3004500090;3004501000;3004509911;3004509912;3004509919;3004509920;3004509930;3004509941;3004509949;3004509950;3004600000;3004900011;3004900012;3004900019;3004900020;3004900021;3004900022;3004900023;3004900024;3004900025;3004900026;3004900027;3004900029;3004900031;3004900032;3004900033;3004900034;3004900035;3004900036;3004900039;3004900041;3004900042;3004900043;3004900049;3004900050;3004900061;3004900069;3004900071;3004900072;3004900073;3004900074;3004900075;3004900076;3004900077;3004900078;3004900079;3004900081;3004900089;3004900090;3004901010;3004901020;3004901090;3004909100;3004909911;3004909912;3004909913;3004909914;3004909915;3004909916;3004909919;3004909921;3004909922;3004909923;3004909929;3004909930;3004909941;3004909949;3004909950;3004909960;3004909971;3004909979;3004909981;3004909982;3004909983;3004909984;3004909989;3004909991;3004909999;3005100010;3005100091;3005100099;3005101000;3005109100;3005109900;3005900010;3005900020;3005900030;3005900040;3005900050;3005900060;3005900090;3005901000;3005902000;3005903000;3005909100;3005909200;3005909300;3005909900;3006100010;3006100090;3006200010;3006200020;3006200090;3006201000;3006202000;3006209000;3006300010;3006300020;3006300090;3006301000;3006309100;3006309900;3006400010;3006400020;3006400030;3006400090;3006401010;3006401020;3006402000;3006409000;3006500000;3006600000;3006600010;3006600011;3006600019;3006600090;3006701000;3006709000;3006801100;3006801900;3006809010;3006809020;3006809030;3006809041;3006809042;3006809043;3006809050;3006809060;3006910000;3006920000;3006931000;3006932000;3006933000;3006934000;3006939000,,
no,declared,342,3003399900,1,1,198801,imports,3003,300339,199712,199801,41099945.00,"Hormones, nes, not cont antibiotics, in bulk, o/t contraceptives",yes,no,,no,no,same_subheading,3,3,20,245,245,148,245,3003390010;3003390090,106,0,3003390000;3003390010;3003390090,3001100010;3001100090;3001200000;3001900010;3001900020;3001900090;3002100010;3002100021;3002100022;3002100023;3002100029;3002100030;3002100041;3002100042;3002100049;3002100051;3002100059;3002100060;3002100090;3002110000;3002120011;3002120012;3002120013;3002120019;3002120021;3002120029;3002130000;3002140000;3002150000;3002190000;3002200010;3002200020;3002200030;3002200090;3002300010;3002300090;3002410010;3002410090;3002420010;3002420090;3002490010;3002490020;3002490090;3002510000;3002590000;3002900010;3002900011;3002900012;3002900019;3002900020;3002900030;3002900040;3002900050;3002900090;3002900091;3002900092;3002900093;3002900099;3003100000;3003200000;3003310000;3003310010;3003310090;3003400000;3003410000;3003420000;3003430000;3003490000;3003600000;3003900010;3003900020;3003900030;3003900090;3003900091;3003900099;3004100010;3004100011;3004100012;3004100013;3004100019;3004100020;3004100031;3004100032;3004100090;3004200010;3004200011;3004200012;3004200013;3004200018;3004200019;3004200020;3004200031;3004200039;3004200041;3004200049;3004200051;3004200059;3004200061;3004200062;3004200063;3004200069;3004200071;3004200079;3004200080;3004200090;3004310000;3004310010;3004310090;3004320000;3004320010;3004320011;3004320019;3004320020;3004320081;3004320082;3004320089;3004320090;3004390010;3004390011;3004390012;3004390013;3004390019;3004390081;3004390082;3004390083;3004390084;3004390085;3004390090;3004400010;3004400020;3004400030;3004400040;3004400050;3004400080;3004400090;3004410000;3004420000;3004430000;3004490010;3004490090;3004500010;3004500011;3004500012;3004500013;3004500014;3004500019;3004500020;3004500031;3004500032;3004500039;3004500040;3004500050;3004500061;3004500069;3004500070;3004500090;3004600000;3004900011;3004900012;3004900019;3004900020;3004900021;3004900022;3004900023;3004900024;3004900025;3004900026;3004900027;3004900029;3004900031;3004900032;3004900033;3004900034;3004900035;3004900036;3004900039;3004900041;3004900042;3004900043;3004900049;3004900050;3004900061;3004900069;3004900071;3004900072;3004900073;3004900074;3004900075;3004900076;3004900077;3004900078;3004900079;3004900081;3004900089;3004900090;3005100010;3005100091;3005100099;3005900010;3005900020;3005900030;3005900040;3005900050;3005900060;3005900090;3006100010;3006100090;3006200010;3006200020;3006200090;3006300010;3006300020;3006300090;3006400010;3006400020;3006400030;3006400090;3006500000;3006600000;3006600010;3006600011;3006600019;3006600090;3006701000;3006709000;3006801100;3006801900;3006809010;3006809020;3006809030;3006809041;3006809042;3006809043;3006809050;3006809060;3006910000;3006920000;3006931000;3006932000;3006933000;3006934000;3006939000,3001900010;3001900020;3001900090;3002100010;3002100021;3002100022;3002100023;3002100029;3002100030;3002100041;3002100042;3002100049;3002100051;3002100059;3002300010;3002300090;3002900011;3002900019;3002900020;3002900091;3002900092;3002900099;3003310090;3003390010;3003390090;3003400000;3003900010;3003900020;3003900091;3003900099;3004310010;3004310090;3004320081;3004320089;3004320090;3004390010;3004390081;3004390083;3004390084;3004390085;3004390090;3004400010;3004400020;3004400030;3004400040;3004400080;3004400090;3004500010;3004500020;3004500031;3004500032;3004500039;3004500040;3004500050;3004500061;3004500069;3004500070;3004900011;3004900012;3004900019;3004900020;3004900031;3004900032;3004900033;3004900034;3004900035;3004900036;3004900039;3004900041;3004900042;3004900043;3004900049;3004900050;3004900061;3004900069;3004900071;3004900072;3004900073;3004900074;3004900075;3004900076;3004900077;3004900078;3004900079;3004900081;3004900089;3005100010;3005100091;3005100099;3005900010;3005900020;3005900030;3005900040;3005900050;3005900060;3005900090;3006200010;3006200020;3006200090;3006300010;3006300020;3006300090;3006400010;3006400020;3006400030;3006400090,
no,declared,114,3003400000,1,1,199801,imports,3003,300340,201612,201701,112415829.00,"Alkaloids or their derivs, formulated, not cont antibiotics/hormones, in bulk",no,yes,2012->2017,yes,yes,same_heading,11,0,11,132,132,116,132,3003100000;3003200000;3003310000;3003390000;3003410000;3003420000;3003430000;3003490000;3003600000;3003900030;3003900090,23,0,3003100000;3003200000;3003310000;3003390000;3003410000;3003420000;3003430000;3003490000;3003600000;3003900030;3003900090,3001200000;3001900010;3001900020;3001900090;3002110000;3002120011;3002120012;3002120013;3002120019;3002120021;3002120029;3002130000;3002140000;3002150000;3002190000;3002200010;3002200090;3002300010;3002300090;3002410010;3002410090;3002420010;3002420090;3002490010;3002490020;3002490090;3002510000;3002590000;3002900010;3002900020;3002900030;3002900040;3002900050;3002900090;3004100010;3004100090;3004200011;3004200012;3004200013;3004200018;3004200019;3004200080;3004200090;3004310000;3004320000;3004390011;3004390012;3004390013;3004390019;3004390090;3004410000;3004420000;3004430000;3004490010;3004490090;3004500011;3004500012;3004500014;3004500019;3004500090;3004600000;3004900011;3004900012;3004900019;3004900021;3004900022;3004900023;3004900024;3004900025;3004900026;3004900027;3004900029;3004900031;3004900032;3004900033;3004900034;3004900035;3004900036;3004900039;3004900042;3004900043;3004900049;3004900050;3004900061;3004900069;3004900071;3004900072;3004900073;3004900074;3004900075;3004900076;3004900077;3004900078;3004900079;3004900090;3005100010;3005100091;3005100099;3005900020;3005900030;3005900040;3005900090;3006100010;3006100090;3006200020;3006200090;3006300010;3006300090;3006400010;3006400090;3006500000;3006600000;3006701000;3006709000;3006910000;3006920000;3006931000;3006932000;3006933000;3006934000;3006939000,3002110000;3002120011;3002120012;3002120013;3002120019;3002120021;3002120029;3002130000;3002140000;3002150000;3002190000;3002900010;3002900040;3002900050;3002900090;3003430000;3003490000;3003600000;3004410000;3004420000;3004490090;3004600000;3006600000,
no,declared,394,3003401000,1,1,199203,imports,3003,300340,199308,199309,12838.00,"Alkaloids or their derivs, cont more than 23% of absol ethyl alc by vol, in bulk",yes,no,,no,no,same_subheading,2,2,31,371,371,156,371,3003409000,0,0,3003400000;3003409000,3001100010;3001100090;3001200000;3001900010;3001900020;3001900090;3001901000;3001902000;3001909000;3002100010;3002100021;3002100022;3002100023;3002100029;3002100030;3002100041;3002100042;3002100049;3002100051;3002100059;3002100060;3002100090;3002101010;3002101021;3002101022;3002101023;3002101029;3002101090;3002102110;3002102120;3002102190;3002102910;3002102990;3002110000;3002120011;3002120012;3002120013;3002120019;3002120021;3002120029;3002130000;3002140000;3002150000;3002190000;3002200010;3002200020;3002200030;3002200090;3002300010;3002300090;3002301000;3002309000;3002310000;3002391000;3002399000;3002410010;3002410090;3002420010;3002420090;3002490010;3002490020;3002490090;3002510000;3002590000;3002900010;3002900011;3002900012;3002900019;3002900020;3002900030;3002900040;3002900050;3002900090;3002900091;3002900092;3002900093;3002900099;3002901010;3002901011;3002901019;3002901020;3002901030;3002901040;3002909010;3002909020;3002909030;3002909090;3003100000;3003200000;3003310000;3003310010;3003310090;3003311000;3003319900;3003390000;3003390010;3003390090;3003391000;3003399100;3003399900;3003410000;3003420000;3003430000;3003490000;3003600000;3003900010;3003900020;3003900030;3003900090;3003900091;3003900099;3003901000;3003909100;3003909900;3003909910;3003909990;3004100010;3004100011;3004100012;3004100013;3004100019;3004100020;3004100031;3004100032;3004100090;3004200010;3004200011;3004200012;3004200013;3004200018;3004200019;3004200020;3004200031;3004200039;3004200041;3004200049;3004200051;3004200052;3004200059;3004200061;3004200062;3004200063;3004200069;3004200071;3004200079;3004200080;3004200090;3004310000;3004310010;3004310090;3004311000;3004319900;3004320000;3004320010;3004320011;3004320019;3004320020;3004320081;3004320082;3004320089;3004320090;3004321000;3004329011;3004329012;3004329019;3004329020;3004390010;3004390011;3004390012;3004390013;3004390019;3004390081;3004390082;3004390083;3004390084;3004390085;3004390090;3004391000;3004399100;3004399910;3004399920;3004399930;3004399940;3004399950;3004399960;3004400010;3004400020;3004400030;3004400040;3004400050;3004400080;3004400090;3004401000;3004409011;3004409019;3004409020;3004409030;3004409040;3004409050;3004409060;3004409070;3004409080;3004409090;3004410000;3004420000;3004430000;3004490010;3004490090;3004500010;3004500011;3004500012;3004500013;3004500014;3004500019;3004500020;3004500031;3004500032;3004500039;3004500040;3004500050;3004500061;3004500069;3004500070;3004500090;3004501000;3004509100;3004509911;3004509912;3004509919;3004509920;3004509930;3004509941;3004509949;3004509950;3004600000;3004900011;3004900012;3004900019;3004900020;3004900021;3004900022;3004900023;3004900024;3004900025;3004900026;3004900027;3004900029;3004900031;3004900032;3004900033;3004900034;3004900035;3004900036;3004900039;3004900041;3004900042;3004900043;3004900049;3004900050;3004900061;3004900069;3004900071;3004900072;3004900073;3004900074;3004900075;3004900076;3004900077;3004900078;3004900079;3004900081;3004900089;3004900090;3004901010;3004901020;3004901090;3004909100;3004909911;3004909912;3004909913;3004909914;3004909915;3004909916;3004909919;3004909921;3004909922;3004909923;3004909929;3004909930;3004909941;3004909949;3004909950;3004909960;3004909971;3004909979;3004909981;3004909982;3004909983;3004909984;3004909989;3004909991;3004909999;3005100010;3005100091;3005100099;3005101000;3005109100;3005109900;3005900010;3005900020;3005900030;3005900040;3005900050;3005900060;3005900090;3005901000;3005902000;3005903000;3005909100;3005909200;3005909300;3005909900;3006100010;3006100090;3006200010;3006200020;3006200090;3006201000;3006202000;3006209000;3006300010;3006300020;3006300090;3006301000;3006309100;3006309900;3006400010;3006400020;3006400030;3006400090;3006401010;3006401020;3006402000;3006409000;3006500000;3006600000;3006600010;3006600011;3006600019;3006600090;3006701000;3006709000;3006801100;3006801900;3006809010;3006809020;3006809030;3006809041;3006809042;3006809043;3006809050;3006809060;3006910000;3006920000;3006931000;3006932000;3006933000;3006934000;3006939000,,
no,declared,342,3003409000,1,1,198802,imports,3003,300340,199712,199801,3954586.00,"Alkaloids or their derivs, formltd, not cont antibiotics or horm, in bulk, nes",yes,no,,no,no,same_subheading,1,1,20,245,245,148,245,3003400000,106,0,3003400000,3001100010;3001100090;3001200000;3001900010;3001900020;3001900090;3002100010;3002100021;3002100022;3002100023;3002100029;3002100030;3002100041;3002100042;3002100049;3002100051;3002100059;3002100060;3002100090;3002110000;3002120011;3002120012;3002120013;3002120019;3002120021;3002120029;3002130000;3002140000;3002150000;3002190000;3002200010;3002200020;3002200030;3002200090;3002300010;3002300090;3002410010;3002410090;3002420010;3002420090;3002490010;3002490020;3002490090;3002510000;3002590000;3002900010;3002900011;3002900012;3002900019;3002900020;3002900030;3002900040;3002900050;3002900090;3002900091;3002900092;3002900093;3002900099;3003100000;3003200000;3003310000;3003310010;3003310090;3003390000;3003390010;3003390090;3003410000;3003420000;3003430000;3003490000;3003600000;3003900010;3003900020;3003900030;3003900090;3003900091;3003900099;3004100010;3004100011;3004100012;3004100013;3004100019;3004100020;3004100031;3004100032;3004100090;3004200010;3004200011;3004200012;3004200013;3004200018;3004200019;3004200020;3004200031;3004200039;3004200041;3004200049;3004200051;3004200059;3004200061;3004200062;3004200063;3004200069;3004200071;3004200079;3004200080;3004200090;3004310000;3004310010;3004310090;3004320000;3004320010;3004320011;3004320019;3004320020;3004320081;3004320082;3004320089;3004320090;3004390010;3004390011;3004390012;3004390013;3004390019;3004390081;3004390082;3004390083;3004390084;3004390085;3004390090;3004400010;3004400020;3004400030;3004400040;3004400050;3004400080;3004400090;3004410000;3004420000;3004430000;3004490010;3004490090;3004500010;3004500011;3004500012;3004500013;3004500014;3004500019;3004500020;3004500031;3004500032;3004500039;3004500040;3004500050;3004500061;3004500069;3004500070;3004500090;3004600000;3004900011;3004900012;3004900019;3004900020;3004900021;3004900022;3004900023;3004900024;3004900025;3004900026;3004900027;3004900029;3004900031;3004900032;3004900033;3004900034;3004900035;3004900036;3004900039;3004900041;3004900042;3004900043;3004900049;3004900050;3004900061;3004900069;3004900071;3004900072;3004900073;3004900074;3004900075;3004900076;3004900077;3004900078;3004900079;3004900081;3004900089;3004900090;3005100010;3005100091;3005100099;3005900010;3005900020;3005900030;3005900040;3005900050;3005900060;3005900090;3006100010;3006100090;3006200010;3006200020;3006200090;3006300010;3006300020;3006300090;3006400010;3006400020;3006400030;3006400090;3006500000;3006600000;3006600010;3006600011;3006600019;3006600090;3006701000;3006709000;3006801100;3006801900;3006809010;3006809020;3006809030;3006809041;3006809042;3006809043;3006809050;3006809060;3006910000;3006920000;3006931000;3006932000;3006933000;3006934000;3006939000,3001900010;3001900020;3001900090;3002100010;3002100021;3002100022;3002100023;3002100029;3002100030;3002100041;3002100042;3002100049;3002100051;3002100059;3002300010;3002300090;3002900011;3002900019;3002900020;3002900091;3002900092;3002900099;3003310090;3003390010;3003390090;3003400000;3003900010;3003900020;3003900091;3003900099;3004310010;3004310090;3004320081;3004320089;3004320090;3004390010;3004390081;3004390083;3004390084;3004390085;3004390090;3004400010;3004400020;3004400030;3004400040;3004400080;3004400090;3004500010;3004500020;3004500031;3004500032;3004500039;3004500040;3004500050;3004500061;3004500069;3004500070;3004900011;3004900012;3004900019;3004900020;3004900031;3004900032;3004900033;3004900034;3004900035;3004900036;3004900039;3004900041;3004900042;3004900043;3004900049;3004900050;3004900061;3004900069;3004900071;3004900072;3004900073;3004900074;3004900075;3004900076;3004900077;3004900078;3004900079;3004900081;3004900089;3005100010;3005100091;3005100099;3005900010;3005900020;3005900030;3005900040;3005900050;3005900060;3005900090;3006200010;3006200020;3006200090;3006300010;3006300020;3006300090;3006400010;3006400020;3006400030;3006400090,
yes,trade_ceased_only,1,3003410000,1,1,201706,imports,3003,300341,202605,202606,14190.00,"Medicaments,cont ephedrin/salts,mix,therap/prophltc uses,nfrs,o/t No 30.02/05/06",no,no,,no,yes,same_heading,6,0,6,108,108,108,108,3003100000;3003200000;3003390000;3003490000;3003900030;3003900090,0,0,3003100000;3003200000;3003390000;3003490000;3003900030;3003900090,3001200000;3001900010;3001900020;3001900090;3002120011;3002120012;3002120013;3002120019;3002120021;3002120029;3002130000;3002140000;3002150000;3002410010;3002410090;3002420010;3002420090;3002490010;3002490020;3002490090;3002510000;3002590000;3002900020;3002900030;3002900040;3002900090;3004100010;3004100090;3004200011;3004200012;3004200013;3004200018;3004200019;3004200080;3004200090;3004310000;3004320000;3004390011;3004390013;3004390019;3004390090;3004420000;3004430000;3004490010;3004490090;3004500011;3004500012;3004500014;3004500019;3004500090;3004600000;3004900011;3004900012;3004900019;3004900021;3004900022;3004900023;3004900024;3004900025;3004900026;3004900027;3004900029;3004900042;3004900043;3004900049;3004900050;3004900061;3004900069;3004900071;3004900072;3004900073;3004900074;3004900075;3004900076;3004900077;3004900078;3004900079;3004900090;3005100010;3005100091;3005100099;3005900020;3005900030;3005900040;3005900090;3006100010;3006100090;3006300010;3006300090;3006400010;3006400090;3006500000;3006600000;3006701000;3006709000;3006910000;3006920000;3006931000;3006932000;3006933000;3006934000;3006939000,,
no,trade_ceased_only,29,3003420000,1,1,202209,imports,3003,300342,202401,202402,193.00,"Medicaments,cont pseudoephedrine/sa,mix,therap/prophltc,nfrs,o/t No 30.02/05/06",no,no,,no,yes,same_heading,10,0,10,114,114,114,114,3003100000;3003200000;3003310000;3003390000;3003410000;3003430000;3003490000;3003600000;3003900030;3003900090,0,0,3003100000;3003200000;3003310000;3003390000;3003410000;3003430000;3003490000;3003600000;3003900030;3003900090,3001200000;3001900010;3001900020;3001900090;3002120011;3002120012;3002120013;3002120019;3002120021;3002120029;3002130000;3002140000;3002150000;3002410010;3002410090;3002420010;3002420090;3002490010;3002490020;3002490090;3002510000;3002590000;3002900020;3002900030;3002900040;3002900090;3004100010;3004100090;3004200011;3004200012;3004200013;3004200018;3004200019;3004200080;3004200090;3004310000;3004320000;3004390011;3004390012;3004390013;3004390019;3004390090;3004410000;3004420000;3004430000;3004490010;3004490090;3004500011;3004500012;3004500014;3004500019;3004500090;3004600000;3004900011;3004900012;3004900019;3004900021;3004900022;3004900023;3004900024;3004900025;3004900026;3004900027;3004900029;3004900042;3004900043;3004900049;3004900050;3004900061;3004900069;3004900071;3004900072;3004900073;3004900074;3004900075;3004900076;3004900077;3004900078;3004900079;3004900090;3005100010;3005100091;3005100099;3005900020;3005900030;3005900040;3005900090;3006100010;3006100090;3006300010;3006300090;3006400010;3006400090;3006500000;3006600000;3006701000;3006709000;3006910000;3006920000;3006931000;3006932000;3006933000;3006934000;3006939000,,
yes,trade_ceased_only,12,3003430000,1,1,201701,imports,3003,300343,202506,202507,21630.00,"Medicaments,cont norephedrine/salts,mix,therap/prophltc,nfrs,o/t No 30.02/05/06",no,no,,no,yes,same_heading,9,0,9,113,113,113,113,3003100000;3003200000;3003310000;3003390000;3003410000;3003490000;3003600000;3003900030;3003900090,0,0,3003100000;3003200000;3003310000;3003390000;3003410000;3003490000;3003600000;3003900030;3003900090,3001200000;3001900010;3001900020;3001900090;3002120011;3002120012;3002120013;3002120019;3002120021;3002120029;3002130000;3002140000;3002150000;3002410010;3002410090;3002420010;3002420090;3002490010;3002490020;3002490090;3002510000;3002590000;3002900020;3002900030;3002900040;3002900090;3004100010;3004100090;3004200011;3004200012;3004200013;3004200018;3004200019;3004200080;3004200090;3004310000;3004320000;3004390011;3004390012;3004390013;3004390019;3004390090;3004410000;3004420000;3004430000;3004490010;3004490090;3004500011;3004500012;3004500014;3004500019;3004500090;3004600000;3004900011;3004900012;3004900019;3004900021;3004900022;3004900023;3004900024;3004900025;3004900026;3004900027;3004900029;3004900042;3004900043;3004900049;3004900050;3004900061;3004900069;3004900071;3004900072;3004900073;3004900074;3004900075;3004900076;3004900077;3004900078;3004900079;3004900090;3005100010;3005100091;3005100099;3005900020;3005900030;3005900040;3005900090;3006100010;3006100090;3006300010;3006300090;3006400010;3006400090;3006500000;3006600000;3006701000;3006709000;3006910000;3006920000;3006931000;3006932000;3006933000;3006934000;3006939000,,
yes,trade_ceased_only,10,3003600000,1,1,201701,imports,3003,300360,202508,202509,786374.00,"Medicaments,cont antimalarial active principles,mixed,nfrs,o/t No 30.02/05/06",no,no,,no,yes,same_heading,8,0,8,112,112,112,112,3003100000;3003200000;3003310000;3003390000;3003410000;3003490000;3003900030;3003900090,0,0,3003100000;3003200000;3003310000;3003390000;3003410000;3003490000;3003900030;3003900090,3001200000;3001900010;3001900020;3001900090;3002120011;3002120012;3002120013;3002120019;3002120021;3002120029;3002130000;3002140000;3002150000;3002410010;3002410090;3002420010;3002420090;3002490010;3002490020;3002490090;3002510000;3002590000;3002900020;3002900030;3002900040;3002900090;3004100010;3004100090;3004200011;3004200012;3004200013;3004200018;3004200019;3004200080;3004200090;3004310000;3004320000;3004390011;3004390012;3004390013;3004390019;3004390090;3004410000;3004420000;3004430000;3004490010;3004490090;3004500011;3004500012;3004500014;3004500019;3004500090;3004600000;3004900011;3004900012;3004900019;3004900021;3004900022;3004900023;3004900024;3004900025;3004900026;3004900027;3004900029;3004900042;3004900043;3004900049;3004900050;3004900061;3004900069;3004900071;3004900072;3004900073;3004900074;3004900075;3004900076;3004900077;3004900078;3004900079;3004900090;3005100010;3005100091;3005100099;3005900020;3005900030;3005900040;3005900090;3006100010;3006100090;3006300010;3006300090;3006400010;3006400090;3006500000;3006600000;3006701000;3006709000;3006910000;3006920000;3006931000;3006932000;3006933000;3006934000;3006939000,,
no,declared,174,3003900010,1,1,199801,imports,3003,300390,201112,201201,8239452.00,"Fractioned soya oil emulsions, prepr for parenteral admin; mx of amino acids,etc",yes,yes,2007->2012,yes,yes,same_subheading,2,2,12,158,158,109,158,3003900030;3003900090,28,0,3003900030;3003900090,3001200000;3001900010;3001900020;3001900090;3002100010;3002100021;3002100022;3002100023;3002100029;3002100030;3002100041;3002100042;3002100049;3002100051;3002100059;3002100090;3002110000;3002120011;3002120012;3002120013;3002120019;3002120021;3002120029;3002130000;3002140000;3002150000;3002190000;3002200010;3002200090;3002300010;3002300090;3002410010;3002410090;3002420010;3002420090;3002490010;3002490020;3002490090;3002510000;3002590000;3002900010;3002900011;3002900012;3002900019;3002900020;3002900030;3002900040;3002900050;3002900090;3002900091;3002900092;3002900093;3002900099;3003100000;3003200000;3003310000;3003390000;3003400000;3003410000;3003420000;3003430000;3003490000;3003600000;3004100010;3004100090;3004200011;3004200012;3004200013;3004200018;3004200019;3004200080;3004200090;3004310000;3004320000;3004390011;3004390012;3004390013;3004390019;3004390090;3004400030;3004400040;3004400090;3004410000;3004420000;3004430000;3004490010;3004490090;3004500011;3004500012;3004500013;3004500014;3004500019;3004500090;3004600000;3004900011;3004900012;3004900019;3004900021;3004900022;3004900023;3004900024;3004900025;3004900026;3004900027;3004900029;3004900031;3004900032;3004900033;3004900034;3004900035;3004900036;3004900039;3004900042;3004900043;3004900049;3004900050;3004900061;3004900069;3004900071;3004900072;3004900073;3004900074;3004900075;3004900076;3004900077;3004900078;3004900079;3004900090;3005100010;3005100091;3005100099;3005900020;3005900030;3005900040;3005900090;3006100010;3006100090;3006200020;3006200090;3006300010;3006300090;3006400010;3006400090;3006500000;3006600000;3006600010;3006600090;3006701000;3006709000;3006910000;3006920000;3006931000;3006932000;3006933000;3006934000;3006939000,3002100090;3003310000;3003390000;3003900030;3003900090;3004100010;3004100090;3004200011;3004200012;3004200013;3004200018;3004200019;3004200080;3004200090;3004310000;3004320000;3004390011;3004390012;3004390013;3004390019;3004500011;3004500012;3004500013;3004500014;3004500019;3004500090;3004900090;3006600010,
no,declared,174,3003900020,1,1,199801,imports,3003,300390,201112,201201,1506308.00,"Medicaments, nes, cont more than 23% of absolute ethyl alcohol by volume,in bulk",yes,yes,2007->2012,yes,yes,same_subheading,2,2,12,158,158,109,158,3003900030;3003900090,28,0,3003900030;3003900090,3001200000;3001900010;3001900020;3001900090;3002100010;3002100021;3002100022;3002100023;3002100029;3002100030;3002100041;3002100042;3002100049;3002100051;3002100059;3002100090;3002110000;3002120011;3002120012;3002120013;3002120019;3002120021;3002120029;3002130000;3002140000;3002150000;3002190000;3002200010;3002200090;3002300010;3002300090;3002410010;3002410090;3002420010;3002420090;3002490010;3002490020;3002490090;3002510000;3002590000;3002900010;3002900011;3002900012;3002900019;3002900020;3002900030;3002900040;3002900050;3002900090;3002900091;3002900092;3002900093;3002900099;3003100000;3003200000;3003310000;3003390000;3003400000;3003410000;3003420000;3003430000;3003490000;3003600000;3004100010;3004100090;3004200011;3004200012;3004200013;3004200018;3004200019;3004200080;3004200090;3004310000;3004320000;3004390011;3004390012;3004390013;3004390019;3004390090;3004400030;3004400040;3004400090;3004410000;3004420000;3004430000;3004490010;3004490090;3004500011;3004500012;3004500013;3004500014;3004500019;3004500090;3004600000;3004900011;3004900012;3004900019;3004900021;3004900022;3004900023;3004900024;3004900025;3004900026;3004900027;3004900029;3004900031;3004900032;3004900033;3004900034;3004900035;3004900036;3004900039;3004900042;3004900043;3004900049;3004900050;3004900061;3004900069;3004900071;3004900072;3004900073;3004900074;3004900075;3004900076;3004900077;3004900078;3004900079;3004900090;3005100010;3005100091;3005100099;3005900020;3005900030;3005900040;3005900090;3006100010;3006100090;3006200020;3006200090;3006300010;3006300090;3006400010;3006400090;3006500000;3006600000;3006600010;3006600090;3006701000;3006709000;3006910000;3006920000;3006931000;3006932000;3006933000;3006934000;3006939000,3002100090;3003310000;3003390000;3003900030;3003900090;3004100010;3004100090;3004200011;3004200012;3004200013;3004200018;3004200019;3004200080;3004200090;3004310000;3004320000;3004390011;3004390012;3004390013;3004390019;3004500011;3004500012;3004500013;3004500014;3004500019;3004500090;3004900090;3006600010,
no,declared,174,3003900091,1,1,199801,imports,3003,300390,201112,201201,71952532.00,"Medicaments containing acetaminophen, in bulk",yes,yes,2007->2012,yes,yes,same_subheading,2,2,12,158,158,109,158,3003900030;3003900090,28,0,3003900030;3003900090,3001200000;3001900010;3001900020;3001900090;3002100010;3002100021;3002100022;3002100023;3002100029;3002100030;3002100041;3002100042;3002100049;3002100051;3002100059;3002100090;3002110000;3002120011;3002120012;3002120013;3002120019;3002120021;3002120029;3002130000;3002140000;3002150000;3002190000;3002200010;3002200090;3002300010;3002300090;3002410010;3002410090;3002420010;3002420090;3002490010;3002490020;3002490090;3002510000;3002590000;3002900010;3002900011;3002900012;3002900019;3002900020;3002900030;3002900040;3002900050;3002900090;3002900091;3002900092;3002900093;3002900099;3003100000;3003200000;3003310000;3003390000;3003400000;3003410000;3003420000;3003430000;3003490000;3003600000;3004100010;3004100090;3004200011;3004200012;3004200013;3004200018;3004200019;3004200080;3004200090;3004310000;3004320000;3004390011;3004390012;3004390013;3004390019;3004390090;3004400030;3004400040;3004400090;3004410000;3004420000;3004430000;3004490010;3004490090;3004500011;3004500012;3004500013;3004500014;3004500019;3004500090;3004600000;3004900011;3004900012;3004900019;3004900021;3004900022;3004900023;3004900024;3004900025;3004900026;3004900027;3004900029;3004900031;3004900032;3004900033;3004900034;3004900035;3004900036;3004900039;3004900042;3004900043;3004900049;3004900050;3004900061;3004900069;3004900071;3004900072;3004900073;3004900074;3004900075;3004900076;3004900077;3004900078;3004900079;3004900090;3005100010;3005100091;3005100099;3005900020;3005900030;3005900040;3005900090;3006100010;3006100090;3006200020;3006200090;3006300010;3006300090;3006400010;3006400090;3006500000;3006600000;3006600010;3006600090;3006701000;3006709000;3006910000;3006920000;3006931000;3006932000;3006933000;3006934000;3006939000,3002100090;3003310000;3003390000;3003900030;3003900090;3004100010;3004100090;3004200011;3004200012;3004200013;3004200018;3004200019;3004200080;3004200090;3004310000;3004320000;3004390011;3004390012;3004390013;3004390019;3004500011;3004500012;3004500013;3004500014;3004500019;3004500090;3004900090;3006600010,
no,declared,174,3003900099,1,1,199801,imports,3003,300390,201112,201201,1694115004.00,"Medicaments, nes, formulated, in bulk",yes,yes,2007->2012,yes,yes,same_subheading,2,2,12,158,158,109,158,3003900030;3003900090,28,0,3003900030;3003900090,3001200000;3001900010;3001900020;3001900090;3002100010;3002100021;3002100022;3002100023;3002100029;3002100030;3002100041;3002100042;3002100049;3002100051;3002100059;3002100090;3002110000;3002120011;3002120012;3002120013;3002120019;3002120021;3002120029;3002130000;3002140000;3002150000;3002190000;3002200010;3002200090;3002300010;3002300090;3002410010;3002410090;3002420010;3002420090;3002490010;3002490020;3002490090;3002510000;3002590000;3002900010;3002900011;3002900012;3002900019;3002900020;3002900030;3002900040;3002900050;3002900090;3002900091;3002900092;3002900093;3002900099;3003100000;3003200000;3003310000;3003390000;3003400000;3003410000;3003420000;3003430000;3003490000;3003600000;3004100010;3004100090;3004200011;3004200012;3004200013;3004200018;3004200019;3004200080;3004200090;3004310000;3004320000;3004390011;3004390012;3004390013;3004390019;3004390090;3004400030;3004400040;3004400090;3004410000;3004420000;3004430000;3004490010;3004490090;3004500011;3004500012;3004500013;3004500014;3004500019;3004500090;3004600000;3004900011;3004900012;3004900019;3004900021;3004900022;3004900023;3004900024;3004900025;3004900026;3004900027;3004900029;3004900031;3004900032;3004900033;3004900034;3004900035;3004900036;3004900039;3004900042;3004900043;3004900049;3004900050;3004900061;3004900069;3004900071;3004900072;3004900073;3004900074;3004900075;3004900076;3004900077;3004900078;3004900079;3004900090;3005100010;3005100091;3005100099;3005900020;3005900030;3005900040;3005900090;3006100010;3006100090;3006200020;3006200090;3006300010;3006300090;3006400010;3006400090;3006500000;3006600000;3006600010;3006600090;3006701000;3006709000;3006910000;3006920000;3006931000;3006932000;3006933000;3006934000;3006939000,3002100090;3003310000;3003390000;3003900030;3003900090;3004100010;3004100090;3004200011;3004200012;3004200013;3004200018;3004200019;3004200080;3004200090;3004310000;3004320000;3004390011;3004390012;3004390013;3004390019;3004500011;3004500012;3004500013;3004500014;3004500019;3004500090;3004900090;3006600010,
no,declared,342,3003901000,1,1,198801,imports,3003,300390,199712,199801,11827021.00,"Fractioned soya oil emulsions, prepr for parenteral admin; mx of amino acids,etc",yes,no,,no,no,same_subheading,6,6,20,245,245,148,245,3003900010;3003900020;3003900091;3003900099,106,0,3003900010;3003900020;3003900030;3003900090;3003900091;3003900099,3001100010;3001100090;3001200000;3001900010;3001900020;3001900090;3002100010;3002100021;3002100022;3002100023;3002100029;3002100030;3002100041;3002100042;3002100049;3002100051;3002100059;3002100060;3002100090;3002110000;3002120011;3002120012;3002120013;3002120019;3002120021;3002120029;3002130000;3002140000;3002150000;3002190000;3002200010;3002200020;3002200030;3002200090;3002300010;3002300090;3002410010;3002410090;3002420010;3002420090;3002490010;3002490020;3002490090;3002510000;3002590000;3002900010;3002900011;3002900012;3002900019;3002900020;3002900030;3002900040;3002900050;3002900090;3002900091;3002900092;3002900093;3002900099;3003100000;3003200000;3003310000;3003310010;3003310090;3003390000;3003390010;3003390090;3003400000;3003410000;3003420000;3003430000;3003490000;3003600000;3004100010;3004100011;3004100012;3004100013;3004100019;3004100020;3004100031;3004100032;3004100090;3004200010;3004200011;3004200012;3004200013;3004200018;3004200019;3004200020;3004200031;3004200039;3004200041;3004200049;3004200051;3004200059;3004200061;3004200062;3004200063;3004200069;3004200071;3004200079;3004200080;3004200090;3004310000;3004310010;3004310090;3004320000;3004320010;3004320011;3004320019;3004320020;3004320081;3004320082;3004320089;3004320090;3004390010;3004390011;3004390012;3004390013;3004390019;3004390081;3004390082;3004390083;3004390084;3004390085;3004390090;3004400010;3004400020;3004400030;3004400040;3004400050;3004400080;3004400090;3004410000;3004420000;3004430000;3004490010;3004490090;3004500010;3004500011;3004500012;3004500013;3004500014;3004500019;3004500020;3004500031;3004500032;3004500039;3004500040;3004500050;3004500061;3004500069;3004500070;3004500090;3004600000;3004900011;3004900012;3004900019;3004900020;3004900021;3004900022;3004900023;3004900024;3004900025;3004900026;3004900027;3004900029;3004900031;3004900032;3004900033;3004900034;3004900035;3004900036;3004900039;3004900041;3004900042;3004900043;3004900049;3004900050;3004900061;3004900069;3004900071;3004900072;3004900073;3004900074;3004900075;3004900076;3004900077;3004900078;3004900079;3004900081;3004900089;3004900090;3005100010;3005100091;3005100099;3005900010;3005900020;3005900030;3005900040;3005900050;3005900060;3005900090;3006100010;3006100090;3006200010;3006200020;3006200090;3006300010;3006300020;3006300090;3006400010;3006400020;3006400030;3006400090;3006500000;3006600000;3006600010;3006600011;3006600019;3006600090;3006701000;3006709000;3006801100;3006801900;3006809010;3006809020;3006809030;3006809041;3006809042;3006809043;3006809050;3006809060;3006910000;3006920000;3006931000;3006932000;3006933000;3006934000;3006939000,3001900010;3001900020;3001900090;3002100010;3002100021;3002100022;3002100023;3002100029;3002100030;3002100041;3002100042;3002100049;3002100051;3002100059;3002300010;3002300090;3002900011;3002900019;3002900020;3002900091;3002900092;3002900099;3003310090;3003390010;3003390090;3003400000;3003900010;3003900020;3003900091;3003900099;3004310010;3004310090;3004320081;3004320089;3004320090;3004390010;3004390081;3004390083;3004390084;3004390085;3004390090;3004400010;3004400020;3004400030;3004400040;3004400080;3004400090;3004500010;3004500020;3004500031;3004500032;3004500039;3004500040;3004500050;3004500061;3004500069;3004500070;3004900011;3004900012;3004900019;3004900020;3004900031;3004900032;3004900033;3004900034;3004900035;3004900036;3004900039;3004900041;3004900042;3004900043;3004900049;3004900050;3004900061;3004900069;3004900071;3004900072;3004900073;3004900074;3004900075;3004900076;3004900077;3004900078;3004900079;3004900081;3004900089;3005100010;3005100091;3005100099;3005900010;3005900020;3005900030;3005900040;3005900050;3005900060;3005900090;3006200010;3006200020;3006200090;3006300010;3006300020;3006300090;3006400010;3006400020;3006400030;3006400090,
no,declared,342,3003909100,1,1,198801,imports,3003,300390,199712,199801,621683.00,"Medicaments, nes, cont more than 23% of absolute ethyl alcohol by volume,in bulk",yes,no,,no,no,same_subheading,6,6,20,245,245,148,245,3003900010;3003900020;3003900091;3003900099,106,0,3003900010;3003900020;3003900030;3003900090;3003900091;3003900099,3001100010;3001100090;3001200000;3001900010;3001900020;3001900090;3002100010;3002100021;3002100022;3002100023;3002100029;3002100030;3002100041;3002100042;3002100049;3002100051;3002100059;3002100060;3002100090;3002110000;3002120011;3002120012;3002120013;3002120019;3002120021;3002120029;3002130000;3002140000;3002150000;3002190000;3002200010;3002200020;3002200030;3002200090;3002300010;3002300090;3002410010;3002410090;3002420010;3002420090;3002490010;3002490020;3002490090;3002510000;3002590000;3002900010;3002900011;3002900012;3002900019;3002900020;3002900030;3002900040;3002900050;3002900090;3002900091;3002900092;3002900093;3002900099;3003100000;3003200000;3003310000;3003310010;3003310090;3003390000;3003390010;3003390090;3003400000;3003410000;3003420000;3003430000;3003490000;3003600000;3004100010;3004100011;3004100012;3004100013;3004100019;3004100020;3004100031;3004100032;3004100090;3004200010;3004200011;3004200012;3004200013;3004200018;3004200019;3004200020;3004200031;3004200039;3004200041;3004200049;3004200051;3004200059;3004200061;3004200062;3004200063;3004200069;3004200071;3004200079;3004200080;3004200090;3004310000;3004310010;3004310090;3004320000;3004320010;3004320011;3004320019;3004320020;3004320081;3004320082;3004320089;3004320090;3004390010;3004390011;3004390012;3004390013;3004390019;3004390081;3004390082;3004390083;3004390084;3004390085;3004390090;3004400010;3004400020;3004400030;3004400040;3004400050;3004400080;3004400090;3004410000;3004420000;3004430000;3004490010;3004490090;3004500010;3004500011;3004500012;3004500013;3004500014;3004500019;3004500020;3004500031;3004500032;3004500039;3004500040;3004500050;3004500061;3004500069;3004500070;3004500090;3004600000;3004900011;3004900012;3004900019;3004900020;3004900021;3004900022;3004900023;3004900024;3004900025;3004900026;3004900027;3004900029;3004900031;3004900032;3004900033;3004900034;3004900035;3004900036;3004900039;3004900041;3004900042;3004900043;3004900049;3004900050;3004900061;3004900069;3004900071;3004900072;3004900073;3004900074;3004900075;3004900076;3004900077;3004900078;3004900079;3004900081;3004900089;3004900090;3005100010;3005100091;3005100099;3005900010;3005900020;3005900030;3005900040;3005900050;3005900060;3005900090;3006100010;3006100090;3006200010;3006200020;3006200090;3006300010;3006300020;3006300090;3006400010;3006400020;3006400030;3006400090;3006500000;3006600000;3006600010;3006600011;3006600019;3006600090;3006701000;3006709000;3006801100;3006801900;3006809010;3006809020;3006809030;3006809041;3006809042;3006809043;3006809050;3006809060;3006910000;3006920000;3006931000;3006932000;3006933000;3006934000;3006939000,3001900010;3001900020;3001900090;3002100010;3002100021;3002100022;3002100023;3002100029;3002100030;3002100041;3002100042;3002100049;3002100051;3002100059;3002300010;3002300090;3002900011;3002900019;3002900020;3002900091;3002900092;3002900099;3003310090;3003390010;3003390090;3003400000;3003900010;3003900020;3003900091;3003900099;3004310010;3004310090;3004320081;3004320089;3004320090;3004390010;3004390081;3004390083;3004390084;3004390085;3004390090;3004400010;3004400020;3004400030;3004400040;3004400080;3004400090;3004500010;3004500020;3004500031;3004500032;3004500039;3004500040;3004500050;3004500061;3004500069;3004500070;3004900011;3004900012;3004900019;3004900020;3004900031;3004900032;3004900033;3004900034;3004900035;3004900036;3004900039;3004900041;3004900042;3004900043;3004900049;3004900050;3004900061;3004900069;3004900071;3004900072;3004900073;3004900074;3004900075;3004900076;3004900077;3004900078;3004900079;3004900081;3004900089;3005100010;3005100091;3005100099;3005900010;3005900020;3005900030;3005900040;3005900050;3005900060;3005900090;3006200010;3006200020;3006200090;3006300010;3006300020;3006300090;3006400010;3006400020;3006400030;3006400090,
no,declared,378,3003909900,1,1,198801,imports,3003,300390,199412,199501,158198908.00,"Medicaments, nes, formulated, in bulk",yes,no,,no,no,same_subheading,10,10,30,369,369,158,369,3003901000;3003909100;3003909910;3003909990,2,0,3003900010;3003900020;3003900030;3003900090;3003900091;3003900099;3003901000;3003909100;3003909910;3003909990,3001100010;3001100090;3001200000;3001900010;3001900020;3001900090;3001901000;3001902000;3001909000;3002100010;3002100021;3002100022;3002100023;3002100029;3002100030;3002100041;3002100042;3002100049;3002100051;3002100059;3002100060;3002100090;3002101010;3002101021;3002101022;3002101023;3002101029;3002101090;3002102110;3002102120;3002102190;3002102910;3002102990;3002110000;3002120011;3002120012;3002120013;3002120019;3002120021;3002120029;3002130000;3002140000;3002150000;3002190000;3002200010;3002200020;3002200030;3002200090;3002300010;3002300090;3002301000;3002309000;3002310000;3002391000;3002399000;3002410010;3002410090;3002420010;3002420090;3002490010;3002490020;3002490090;3002510000;3002590000;3002900010;3002900011;3002900012;3002900019;3002900020;3002900030;3002900040;3002900050;3002900090;3002900091;3002900092;3002900093;3002900099;3002901010;3002901011;3002901019;3002901020;3002901030;3002901040;3002909010;3002909020;3002909030;3002909090;3003100000;3003200000;3003310000;3003310010;3003310090;3003311000;3003319900;3003390000;3003390010;3003390090;3003391000;3003399100;3003399900;3003400000;3003409000;3003410000;3003420000;3003430000;3003490000;3003600000;3004100010;3004100011;3004100012;3004100013;3004100019;3004100020;3004100031;3004100032;3004100090;3004200010;3004200011;3004200012;3004200013;3004200018;3004200019;3004200020;3004200031;3004200039;3004200041;3004200049;3004200051;3004200052;3004200059;3004200061;3004200062;3004200063;3004200069;3004200071;3004200079;3004200080;3004200090;3004310000;3004310010;3004310090;3004311000;3004319900;3004320000;3004320010;3004320011;3004320019;3004320020;3004320081;3004320082;3004320089;3004320090;3004321000;3004329011;3004329012;3004329019;3004329020;3004390010;3004390011;3004390012;3004390013;3004390019;3004390081;3004390082;3004390083;3004390084;3004390085;3004390090;3004391000;3004399100;3004399910;3004399920;3004399930;3004399940;3004399950;3004399960;3004400010;3004400020;3004400030;3004400040;3004400050;3004400080;3004400090;3004401000;3004409011;3004409019;3004409020;3004409030;3004409040;3004409050;3004409070;3004409080;3004409090;3004410000;3004420000;3004430000;3004490010;3004490090;3004500010;3004500011;3004500012;3004500013;3004500014;3004500019;3004500020;3004500031;3004500032;3004500039;3004500040;3004500050;3004500061;3004500069;3004500070;3004500090;3004501000;3004509100;3004509911;3004509912;3004509919;3004509920;3004509930;3004509941;3004509949;3004509950;3004600000;3004900011;3004900012;3004900019;3004900020;3004900021;3004900022;3004900023;3004900024;3004900025;3004900026;3004900027;3004900029;3004900031;3004900032;3004900033;3004900034;3004900035;3004900036;3004900039;3004900041;3004900042;3004900043;3004900049;3004900050;3004900061;3004900069;3004900071;3004900072;3004900073;3004900074;3004900075;3004900076;3004900077;3004900078;3004900079;3004900081;3004900089;3004900090;3004901010;3004901020;3004901090;3004909100;3004909911;3004909912;3004909913;3004909914;3004909915;3004909916;3004909919;3004909921;3004909922;3004909923;3004909929;3004909930;3004909941;3004909949;3004909950;3004909960;3004909971;3004909979;3004909981;3004909982;3004909983;3004909984;3004909989;3004909991;3004909999;3005100010;3005100091;3005100099;3005101000;3005109100;3005109900;3005900010;3005900020;3005900030;3005900040;3005900050;3005900060;3005900090;3005901000;3005902000;3005903000;3005909100;3005909200;3005909300;3005909900;3006100010;3006100090;3006200010;3006200020;3006200090;3006201000;3006202000;3006209000;3006300010;3006300020;3006300090;3006301000;3006309100;3006309900;3006400010;3006400020;3006400030;3006400090;3006401010;3006401020;3006402000;3006409000;3006500000;3006600000;3006600010;3006600011;3006600019;3006600090;3006701000;3006709000;3006801100;3006801900;3006809010;3006809020;3006809030;3006809041;3006809042;3006809043;3006809050;3006809060;3006910000;3006920000;3006931000;3006932000;3006933000;3006934000;3006939000,3003909910;3003909990,
no,declared,342,3003909910,1,1,199501,imports,3003,300390,199712,199801,10818930.00,"Medicaments containing acetaminophen, in bulk",yes,no,,no,no,same_subheading,6,6,20,245,245,148,245,3003900010;3003900020;3003900091;3003900099,106,0,3003900010;3003900020;3003900030;3003900090;3003900091;3003900099,3001100010;3001100090;3001200000;3001900010;3001900020;3001900090;3002100010;3002100021;3002100022;3002100023;3002100029;3002100030;3002100041;3002100042;3002100049;3002100051;3002100059;3002100060;3002100090;3002110000;3002120011;3002120012;3002120013;3002120019;3002120021;3002120029;3002130000;3002140000;3002150000;3002190000;3002200010;3002200020;3002200030;3002200090;3002300010;3002300090;3002410010;3002410090;3002420010;3002420090;3002490010;3002490020;3002490090;3002510000;3002590000;3002900010;3002900011;3002900012;3002900019;3002900020;3002900030;3002900040;3002900050;3002900090;3002900091;3002900092;3002900093;3002900099;3003100000;3003200000;3003310000;3003310010;3003310090;3003390000;3003390010;3003390090;3003400000;3003410000;3003420000;3003430000;3003490000;3003600000;3004100010;3004100011;3004100012;3004100013;3004100019;3004100020;3004100031;3004100032;3004100090;3004200010;3004200011;3004200012;3004200013;3004200018;3004200019;3004200020;3004200031;3004200039;3004200041;3004200049;3004200051;3004200059;3004200061;3004200062;3004200063;3004200069;3004200071;3004200079;3004200080;3004200090;3004310000;3004310010;3004310090;3004320000;3004320010;3004320011;3004320019;3004320020;3004320081;3004320082;3004320089;3004320090;3004390010;3004390011;3004390012;3004390013;3004390019;3004390081;3004390082;3004390083;3004390084;3004390085;3004390090;3004400010;3004400020;3004400030;3004400040;3004400050;3004400080;3004400090;3004410000;3004420000;3004430000;3004490010;3004490090;3004500010;3004500011;3004500012;3004500013;3004500014;3004500019;3004500020;3004500031;3004500032;3004500039;3004500040;3004500050;3004500061;3004500069;3004500070;3004500090;3004600000;3004900011;3004900012;3004900019;3004900020;3004900021;3004900022;3004900023;3004900024;3004900025;3004900026;3004900027;3004900029;3004900031;3004900032;3004900033;3004900034;3004900035;3004900036;3004900039;3004900041;3004900042;3004900043;3004900049;3004900050;3004900061;3004900069;3004900071;3004900072;3004900073;3004900074;3004900075;3004900076;3004900077;3004900078;3004900079;3004900081;3004900089;3004900090;3005100010;3005100091;3005100099;3005900010;3005900020;3005900030;3005900040;3005900050;3005900060;3005900090;3006100010;3006100090;3006200010;3006200020;3006200090;3006300010;3006300020;3006300090;3006400010;3006400020;3006400030;3006400090;3006500000;3006600000;3006600010;3006600011;3006600019;3006600090;3006701000;3006709000;3006801100;3006801900;3006809010;3006809020;3006809030;3006809041;3006809042;3006809043;3006809050;3006809060;3006910000;3006920000;3006931000;3006932000;3006933000;3006934000;3006939000,3001900010;3001900020;3001900090;3002100010;3002100021;3002100022;3002100023;3002100029;3002100030;3002100041;3002100042;3002100049;3002100051;3002100059;3002300010;3002300090;3002900011;3002900019;3002900020;3002900091;3002900092;3002900099;3003310090;3003390010;3003390090;3003400000;3003900010;3003900020;3003900091;3003900099;3004310010;3004310090;3004320081;3004320089;3004320090;3004390010;3004390081;3004390083;3004390084;3004390085;3004390090;3004400010;3004400020;3004400030;3004400040;3004400080;3004400090;3004500010;3004500020;3004500031;3004500032;3004500039;3004500040;3004500050;3004500061;3004500069;3004500070;3004900011;3004900012;3004900019;3004900020;3004900031;3004900032;3004900033;3004900034;3004900035;3004900036;3004900039;3004900041;3004900042;3004900043;3004900049;3004900050;3004900061;3004900069;3004900071;3004900072;3004900073;3004900074;3004900075;3004900076;3004900077;3004900078;3004900079;3004900081;3004900089;3005100010;3005100091;3005100099;3005900010;3005900020;3005900030;3005900040;3005900050;3005900060;3005900090;3006200010;3006200020;3006200090;3006300010;3006300020;3006300090;3006400010;3006400020;3006400030;3006400090,
no,declared,342,3003909990,1,1,199501,imports,3003,300390,199712,199801,229173341.00,"Medicaments nes, formulated, in bulk",yes,no,,no,no,same_subheading,6,6,20,245,245,148,245,3003900010;3003900020;3003900091;3003900099,106,0,3003900010;3003900020;3003900030;3003900090;3003900091;3003900099,3001100010;3001100090;3001200000;3001900010;3001900020;3001900090;3002100010;3002100021;3002100022;3002100023;3002100029;3002100030;3002100041;3002100042;3002100049;3002100051;3002100059;3002100060;3002100090;3002110000;3002120011;3002120012;3002120013;3002120019;3002120021;3002120029;3002130000;3002140000;3002150000;3002190000;3002200010;3002200020;3002200030;3002200090;3002300010;3002300090;3002410010;3002410090;3002420010;3002420090;3002490010;3002490020;3002490090;3002510000;3002590000;3002900010;3002900011;3002900012;3002900019;3002900020;3002900030;3002900040;3002900050;3002900090;3002900091;3002900092;3002900093;3002900099;3003100000;3003200000;3003310000;3003310010;3003310090;3003390000;3003390010;3003390090;3003400000;3003410000;3003420000;3003430000;3003490000;3003600000;3004100010;3004100011;3004100012;3004100013;3004100019;3004100020;3004100031;3004100032;3004100090;3004200010;3004200011;3004200012;3004200013;3004200018;3004200019;3004200020;3004200031;3004200039;3004200041;3004200049;3004200051;3004200059;3004200061;3004200062;3004200063;3004200069;3004200071;3004200079;3004200080;3004200090;3004310000;3004310010;3004310090;3004320000;3004320010;3004320011;3004320019;3004320020;3004320081;3004320082;3004320089;3004320090;3004390010;3004390011;3004390012;3004390013;3004390019;3004390081;3004390082;3004390083;3004390084;3004390085;3004390090;3004400010;3004400020;3004400030;3004400040;3004400050;3004400080;3004400090;3004410000;3004420000;3004430000;3004490010;3004490090;3004500010;3004500011;3004500012;3004500013;3004500014;3004500019;3004500020;3004500031;3004500032;3004500039;3004500040;3004500050;3004500061;3004500069;3004500070;3004500090;3004600000;3004900011;3004900012;3004900019;3004900020;3004900021;3004900022;3004900023;3004900024;3004900025;3004900026;3004900027;3004900029;3004900031;3004900032;3004900033;3004900034;3004900035;3004900036;3004900039;3004900041;3004900042;3004900043;3004900049;3004900050;3004900061;3004900069;3004900071;3004900072;3004900073;3004900074;3004900075;3004900076;3004900077;3004900078;3004900079;3004900081;3004900089;3004900090;3005100010;3005100091;3005100099;3005900010;3005900020;3005900030;3005900040;3005900050;3005900060;3005900090;3006100010;3006100090;3006200010;3006200020;3006200090;3006300010;3006300020;3006300090;3006400010;3006400020;3006400030;3006400090;3006500000;3006600000;3006600010;3006600011;3006600019;3006600090;3006701000;3006709000;3006801100;3006801900;3006809010;3006809020;3006809030;3006809041;3006809042;3006809043;3006809050;3006809060;3006910000;3006920000;3006931000;3006932000;3006933000;3006934000;3006939000,3001900010;3001900020;3001900090;3002100010;3002100021;3002100022;3002100023;3002100029;3002100030;3002100041;3002100042;3002100049;3002100051;3002100059;3002300010;3002300090;3002900011;3002900019;3002900020;3002900091;3002900092;3002900099;3003310090;3003390010;3003390090;3003400000;3003900010;3003900020;3003900091;3003900099;3004310010;3004310090;3004320081;3004320089;3004320090;3004390010;3004390081;3004390083;3004390084;3004390085;3004390090;3004400010;3004400020;3004400030;3004400040;3004400080;3004400090;3004500010;3004500020;3004500031;3004500032;3004500039;3004500040;3004500050;3004500061;3004500069;3004500070;3004900011;3004900012;3004900019;3004900020;3004900031;3004900032;3004900033;3004900034;3004900035;3004900036;3004900039;3004900041;3004900042;3004900043;3004900049;3004900050;3004900061;3004900069;3004900071;3004900072;3004900073;3004900074;3004900075;3004900076;3004900077;3004900078;3004900079;3004900081;3004900089;3005100010;3005100091;3005100099;3005900010;3005900020;3005900030;3005900040;3005900050;3005900060;3005900090;3006200010;3006200020;3006200090;3006300010;3006300020;3006300090;3006400010;3006400020;3006400030;3006400090,
no,declared,174,3004100011,1,1,198801,imports,3004,300410,201112,201201,9924685.00,"Penicillin G sodium, for human use, in dosage",yes,yes,2007->2012,yes,yes,same_subheading,2,2,65,158,158,109,158,3004100010;3004100090,28,0,3004100010;3004100090,3001200000;3001900010;3001900020;3001900090;3002100010;3002100021;3002100022;3002100023;3002100029;3002100030;3002100041;3002100042;3002100049;3002100051;3002100059;3002100090;3002110000;3002120011;3002120012;3002120013;3002120019;3002120021;3002120029;3002130000;3002140000;3002150000;3002190000;3002200010;3002200090;3002300010;3002300090;3002410010;3002410090;3002420010;3002420090;3002490010;3002490020;3002490090;3002510000;3002590000;3002900010;3002900011;3002900012;3002900019;3002900020;3002900030;3002900040;3002900050;3002900090;3002900091;3002900092;3002900093;3002900099;3003100000;3003200000;3003310000;3003390000;3003400000;3003410000;3003420000;3003430000;3003490000;3003600000;3003900030;3003900090;3004200011;3004200012;3004200013;3004200018;3004200019;3004200080;3004200090;3004310000;3004320000;3004390011;3004390012;3004390013;3004390019;3004390090;3004400030;3004400040;3004400090;3004410000;3004420000;3004430000;3004490010;3004490090;3004500011;3004500012;3004500013;3004500014;3004500019;3004500090;3004600000;3004900011;3004900012;3004900019;3004900021;3004900022;3004900023;3004900024;3004900025;3004900026;3004900027;3004900029;3004900031;3004900032;3004900033;3004900034;3004900035;3004900036;3004900039;3004900042;3004900043;3004900049;3004900050;3004900061;3004900069;3004900071;3004900072;3004900073;3004900074;3004900075;3004900076;3004900077;3004900078;3004900079;3004900090;3005100010;3005100091;3005100099;3005900020;3005900030;3005900040;3005900090;3006100010;3006100090;3006200020;3006200090;3006300010;3006300090;3006400010;3006400090;3006500000;3006600000;3006600010;3006600090;3006701000;3006709000;3006910000;3006920000;3006931000;3006932000;3006933000;3006934000;3006939000,3002100090;3003310000;3003390000;3003900030;3003900090;3004100010;3004100090;3004200011;3004200012;3004200013;3004200018;3004200019;3004200080;3004200090;3004310000;3004320000;3004390011;3004390012;3004390013;3004390019;3004500011;3004500012;3004500013;3004500014;3004500019;3004500090;3004900090;3006600010,
no,declared,175,3004100012,1,1,198801,imports,3004,300410,201111,201112,700053.00,"Penicillin V, for human use, in dosage",yes,yes,2007->2012,yes,yes,same_subheading,8,8,112,222,222,173,222,3004100010;3004100011;3004100013;3004100019;3004100020;3004100031;3004100032;3004100090,0,0,3004100010;3004100011;3004100013;3004100019;3004100020;3004100031;3004100032;3004100090,3001200000;3001900010;3001900020;3001900090;3002100010;3002100021;3002100022;3002100023;3002100029;3002100030;3002100041;3002100042;3002100049;3002100051;3002100059;3002100060;3002100090;3002110000;3002120011;3002120012;3002120013;3002120019;3002120021;3002120029;3002130000;3002140000;3002150000;3002190000;3002200010;3002200020;3002200090;3002300010;3002300090;3002410010;3002410090;3002420010;3002420090;3002490010;3002490020;3002490090;3002510000;3002590000;3002900010;3002900011;3002900012;3002900019;3002900020;3002900030;3002900040;3002900050;3002900090;3002900091;3002900092;3002900093;3002900099;3003100000;3003200000;3003310000;3003310090;3003390000;3003390010;3003390090;3003400000;3003410000;3003420000;3003430000;3003490000;3003600000;3003900010;3003900020;3003900030;3003900090;3003900091;3003900099;3004200010;3004200011;3004200012;3004200013;3004200018;3004200019;3004200020;3004200031;3004200039;3004200041;3004200049;3004200051;3004200059;3004200063;3004200069;3004200071;3004200079;3004200080;3004200090;3004310000;3004310010;3004310090;3004320000;3004320011;3004320019;3004320020;3004390010;3004390011;3004390012;3004390013;3004390019;3004390081;3004390082;3004390083;3004390084;3004390085;3004390090;3004400010;3004400020;3004400030;3004400040;3004400050;3004400080;3004400090;3004410000;3004420000;3004430000;3004490010;3004490090;3004500010;3004500011;3004500012;3004500013;3004500014;3004500019;3004500020;3004500031;3004500032;3004500039;3004500040;3004500050;3004500061;3004500069;3004500070;3004500090;3004600000;3004900011;3004900012;3004900019;3004900020;3004900021;3004900022;3004900023;3004900024;3004900025;3004900026;3004900027;3004900029;3004900031;3004900032;3004900033;3004900034;3004900035;3004900036;3004900039;3004900041;3004900042;3004900043;3004900049;3004900050;3004900061;3004900069;3004900071;3004900072;3004900073;3004900074;3004900075;3004900076;3004900077;3004900078;3004900079;3004900081;3004900089;3004900090;3005100010;3005100091;3005100099;3005900010;3005900020;3005900030;3005900040;3005900050;3005900060;3005900090;3006100010;3006100090;3006200010;3006200020;3006200090;3006300010;3006300020;3006300090;3006400010;3006400020;3006400030;3006400090;3006500000;3006600000;3006600010;3006600019;3006600090;3006701000;3006709000;3006910000;3006920000;3006931000;3006932000;3006933000;3006934000;3006939000,,
no,declared,174,3004100013,1,1,198801,imports,3004,300410,201112,201201,23568551.00,"Amoxycillin, for human use, in dosage",yes,yes,2007->2012,yes,yes,same_subheading,2,2,65,158,158,109,158,3004100010;3004100090,28,0,3004100010;3004100090,3001200000;3001900010;3001900020;3001900090;3002100010;3002100021;3002100022;3002100023;3002100029;3002100030;3002100041;3002100042;3002100049;3002100051;3002100059;3002100090;3002110000;3002120011;3002120012;3002120013;3002120019;3002120021;3002120029;3002130000;3002140000;3002150000;3002190000;3002200010;3002200090;3002300010;3002300090;3002410010;3002410090;3002420010;3002420090;3002490010;3002490020;3002490090;3002510000;3002590000;3002900010;3002900011;3002900012;3002900019;3002900020;3002900030;3002900040;3002900050;3002900090;3002900091;3002900092;3002900093;3002900099;3003100000;3003200000;3003310000;3003390000;3003400000;3003410000;3003420000;3003430000;3003490000;3003600000;3003900030;3003900090;3004200011;3004200012;3004200013;3004200018;3004200019;3004200080;3004200090;3004310000;3004320000;3004390011;3004390012;3004390013;3004390019;3004390090;3004400030;3004400040;3004400090;3004410000;3004420000;3004430000;3004490010;3004490090;3004500011;3004500012;3004500013;3004500014;3004500019;3004500090;3004600000;3004900011;3004900012;3004900019;3004900021;3004900022;3004900023;3004900024;3004900025;3004900026;3004900027;3004900029;3004900031;3004900032;3004900033;3004900034;3004900035;3004900036;3004900039;3004900042;3004900043;3004900049;3004900050;3004900061;3004900069;3004900071;3004900072;3004900073;3004900074;3004900075;3004900076;3004900077;3004900078;3004900079;3004900090;3005100010;3005100091;3005100099;3005900020;3005900030;3005900040;3005900090;3006100010;3006100090;3006200020;3006200090;3006300010;3006300090;3006400010;3006400090;3006500000;3006600000;3006600010;3006600090;3006701000;3006709000;3006910000;3006920000;3006931000;3006932000;3006933000;3006934000;3006939000,3002100090;3003310000;3003390000;3003900030;3003900090;3004100010;3004100090;3004200011;3004200012;3004200013;3004200018;3004200019;3004200080;3004200090;3004310000;3004320000;3004390011;3004390012;3004390013;3004390019;3004500011;3004500012;3004500013;3004500014;3004500019;3004500090;3004900090;3006600010,
no,declared,414,3004100014,1,1,198801,imports,3004,300410,199112,199201,9591808.00,"Amoxycillin for human use, in dosage",yes,no,,no,no,same_subheading,9,9,186,372,372,157,372,3004100011;3004100012;3004100013;3004100019;3004100020;3004100031;3004100032,0,0,3004100010;3004100011;3004100012;3004100013;3004100019;3004100020;3004100031;3004100032;3004100090,3001100010;3001100090;3001200000;3001900010;3001900020;3001900090;3001901000;3001902000;3001909000;3002100010;3002100021;3002100022;3002100023;3002100029;3002100030;3002100041;3002100042;3002100049;3002100051;3002100059;3002100060;3002100090;3002101010;3002101021;3002101022;3002101023;3002101029;3002101090;3002102110;3002102120;3002102190;3002102910;3002102990;3002110000;3002120011;3002120012;3002120013;3002120019;3002120021;3002120029;3002130000;3002140000;3002150000;3002190000;3002200010;3002200020;3002200030;3002200090;3002300010;3002300090;3002301000;3002309000;3002310000;3002391000;3002399000;3002410010;3002410090;3002420010;3002420090;3002490010;3002490020;3002490090;3002510000;3002590000;3002900010;3002900011;3002900012;3002900019;3002900020;3002900030;3002900040;3002900050;3002900090;3002900091;3002900092;3002900093;3002900099;3002901010;3002901011;3002901019;3002901020;3002901030;3002901040;3002909010;3002909020;3002909030;3002909090;3003100000;3003200000;3003310000;3003310010;3003310090;3003311000;3003319900;3003390000;3003390010;3003390090;3003391000;3003399100;3003399900;3003400000;3003401000;3003409000;3003410000;3003420000;3003430000;3003490000;3003600000;3003900010;3003900020;3003900030;3003900090;3003900091;3003900099;3003901000;3003909100;3003909900;3003909910;3003909990;3004200010;3004200011;3004200012;3004200013;3004200018;3004200019;3004200020;3004200031;3004200039;3004200041;3004200049;3004200051;3004200052;3004200059;3004200061;3004200062;3004200063;3004200069;3004200071;3004200079;3004200080;3004200090;3004310000;3004310010;3004310090;3004311000;3004319900;3004320000;3004320010;3004320011;3004320019;3004320020;3004320081;3004320082;3004320089;3004320090;3004321000;3004329011;3004329012;3004329019;3004329020;3004390010;3004390011;3004390012;3004390013;3004390019;3004390081;3004390082;3004390083;3004390084;3004390085;3004390090;3004391000;3004399100;3004399910;3004399920;3004399930;3004399940;3004399950;3004399960;3004400010;3004400020;3004400030;3004400040;3004400050;3004400080;3004400090;3004401000;3004409011;3004409019;3004409020;3004409030;3004409040;3004409050;3004409060;3004409070;3004409080;3004409090;3004410000;3004420000;3004430000;3004490010;3004490090;3004500010;3004500011;3004500012;3004500013;3004500014;3004500019;3004500020;3004500031;3004500032;3004500039;3004500040;3004500050;3004500061;3004500069;3004500070;3004500090;3004501000;3004509100;3004509911;3004509912;3004509919;3004509920;3004509930;3004509941;3004509949;3004509950;3004600000;3004900011;3004900012;3004900019;3004900020;3004900021;3004900022;3004900023;3004900024;3004900025;3004900026;3004900027;3004900029;3004900031;3004900032;3004900033;3004900034;3004900035;3004900036;3004900039;3004900041;3004900042;3004900043;3004900049;3004900050;3004900061;3004900069;3004900071;3004900072;3004900073;3004900074;3004900075;3004900076;3004900077;3004900078;3004900079;3004900081;3004900089;3004900090;3004901010;3004901020;3004901090;3004909100;3004909911;3004909912;3004909913;3004909914;3004909915;3004909916;3004909919;3004909921;3004909922;3004909923;3004909929;3004909930;3004909941;3004909949;3004909950;3004909960;3004909971;3004909979;3004909981;3004909982;3004909983;3004909984;3004909989;3004909991;3004909999;3005100010;3005100091;3005100099;3005101000;3005109100;3005109900;3005900010;3005900020;3005900030;3005900040;3005900050;3005900060;3005900090;3005901000;3005902000;3005903000;3005909100;3005909200;3005909300;3005909900;3006100010;3006100090;3006200010;3006200020;3006200090;3006201000;3006202000;3006209000;3006300010;3006300020;3006300090;3006301000;3006309100;3006309900;3006400010;3006400020;3006400030;3006400090;3006401010;3006401020;3006402000;3006409000;3006500000;3006600000;3006600010;3006600011;3006600019;3006600090;3006701000;3006709000;3006801100;3006801900;3006809010;3006809020;3006809030;3006809041;3006809042;3006809043;3006809050;3006809060;3006910000;3006920000;3006931000;3006932000;3006933000;3006934000;3006939000,,
no,declared,174,3004100019,1,1,198801,imports,3004,300410,201112,201201,488231929.00,"Penicillins or their derivatives, nes, for human use, in dosage",yes,yes,2007->2012,yes,yes,same_subheading,2,2,65,158,158,109,158,3004100010;3004100090,28,0,3004100010;3004100090,3001200000;3001900010;3001900020;3001900090;3002100010;3002100021;3002100022;3002100023;3002100029;3002100030;3002100041;3002100042;3002100049;3002100051;3002100059;3002100090;3002110000;3002120011;3002120012;3002120013;3002120019;3002120021;3002120029;3002130000;3002140000;3002150000;3002190000;3002200010;3002200090;3002300010;3002300090;3002410010;3002410090;3002420010;3002420090;3002490010;3002490020;3002490090;3002510000;3002590000;3002900010;3002900011;3002900012;3002900019;3002900020;3002900030;3002900040;3002900050;3002900090;3002900091;3002900092;3002900093;3002900099;3003100000;3003200000;3003310000;3003390000;3003400000;3003410000;3003420000;3003430000;3003490000;3003600000;3003900030;3003900090;3004200011;3004200012;3004200013;3004200018;3004200019;3004200080;3004200090;3004310000;3004320000;3004390011;3004390012;3004390013;3004390019;3004390090;3004400030;3004400040;3004400090;3004410000;3004420000;3004430000;3004490010;3004490090;3004500011;3004500012;3004500013;3004500014;3004500019;3004500090;3004600000;3004900011;3004900012;3004900019;3004900021;3004900022;3004900023;3004900024;3004900025;3004900026;3004900027;3004900029;3004900031;3004900032;3004900033;3004900034;3004900035;3004900036;3004900039;3004900042;3004900043;3004900049;3004900050;3004900061;3004900069;3004900071;3004900072;3004900073;3004900074;3004900075;3004900076;3004900077;3004900078;3004900079;3004900090;3005100010;3005100091;3005100099;3005900020;3005900030;3005900040;3005900090;3006100010;3006100090;3006200020;3006200090;3006300010;3006300090;3006400010;3006400090;3006500000;3006600000;3006600010;3006600090;3006701000;3006709000;3006910000;3006920000;3006931000;3006932000;3006933000;3006934000;3006939000,3002100090;3003310000;3003390000;3003900030;3003900090;3004100010;3004100090;3004200011;3004200012;3004200013;3004200018;3004200019;3004200080;3004200090;3004310000;3004320000;3004390011;3004390012;3004390013;3004390019;3004500011;3004500012;3004500013;3004500014;3004500019;3004500090;3004900090;3006600010,
no,declared,174,3004100020,1,1,198801,imports,3004,300410,201112,201201,20420808.00,"Streptomycins or their derivatives, for human use, in dosage",yes,yes,2007->2012,yes,yes,same_subheading,2,2,65,158,158,109,158,3004100010;3004100090,28,0,3004100010;3004100090,3001200000;3001900010;3001900020;3001900090;3002100010;3002100021;3002100022;3002100023;3002100029;3002100030;3002100041;3002100042;3002100049;3002100051;3002100059;3002100090;3002110000;3002120011;3002120012;3002120013;3002120019;3002120021;3002120029;3002130000;3002140000;3002150000;3002190000;3002200010;3002200090;3002300010;3002300090;3002410010;3002410090;3002420010;3002420090;3002490010;3002490020;3002490090;3002510000;3002590000;3002900010;3002900011;3002900012;3002900019;3002900020;3002900030;3002900040;3002900050;3002900090;3002900091;3002900092;3002900093;3002900099;3003100000;3003200000;3003310000;3003390000;3003400000;3003410000;3003420000;3003430000;3003490000;3003600000;3003900030;3003900090;3004200011;3004200012;3004200013;3004200018;3004200019;3004200080;3004200090;3004310000;3004320000;3004390011;3004390012;3004390013;3004390019;3004390090;3004400030;3004400040;3004400090;3004410000;3004420000;3004430000;3004490010;3004490090;3004500011;3004500012;3004500013;3004500014;3004500019;3004500090;3004600000;3004900011;3004900012;3004900019;3004900021;3004900022;3004900023;3004900024;3004900025;3004900026;3004900027;3004900029;3004900031;3004900032;3004900033;3004900034;3004900035;3004900036;3004900039;3004900042;3004900043;3004900049;3004900050;3004900061;3004900069;3004900071;3004900072;3004900073;3004900074;3004900075;3004900076;3004900077;3004900078;3004900079;3004900090;3005100010;3005100091;3005100099;3005900020;3005900030;3005900040;3005900090;3006100010;3006100090;3006200020;3006200090;3006300010;3006300090;3006400010;3006400090;3006500000;3006600000;3006600010;3006600090;3006701000;3006709000;3006910000;3006920000;3006931000;3006932000;3006933000;3006934000;3006939000,3002100090;3003310000;3003390000;3003900030;3003900090;3004100010;3004100090;3004200011;3004200012;3004200013;3004200018;3004200019;3004200080;3004200090;3004310000;3004320000;3004390011;3004390012;3004390013;3004390019;3004500011;3004500012;3004500013;3004500014;3004500019;3004500090;3004900090;3006600010,
no,declared,174,3004100031,1,1,198801,imports,3004,300410,201112,201201,95284642.00,"Penicillins or their derivatives, for veterinary use, in dosage",yes,yes,2007->2012,yes,yes,same_subheading,2,2,65,158,158,109,158,3004100010;3004100090,28,0,3004100010;3004100090,3001200000;3001900010;3001900020;3001900090;3002100010;3002100021;3002100022;3002100023;3002100029;3002100030;3002100041;3002100042;3002100049;3002100051;3002100059;3002100090;3002110000;3002120011;3002120012;3002120013;3002120019;3002120021;3002120029;3002130000;3002140000;3002150000;3002190000;3002200010;3002200090;3002300010;3002300090;3002410010;3002410090;3002420010;3002420090;3002490010;3002490020;3002490090;3002510000;3002590000;3002900010;3002900011;3002900012;3002900019;3002900020;3002900030;3002900040;3002900050;3002900090;3002900091;3002900092;3002900093;3002900099;3003100000;3003200000;3003310000;3003390000;3003400000;3003410000;3003420000;3003430000;3003490000;3003600000;3003900030;3003900090;3004200011;3004200012;3004200013;3004200018;3004200019;3004200080;3004200090;3004310000;3004320000;3004390011;3004390012;3004390013;3004390019;3004390090;3004400030;3004400040;3004400090;3004410000;3004420000;3004430000;3004490010;3004490090;3004500011;3004500012;3004500013;3004500014;3004500019;3004500090;3004600000;3004900011;3004900012;3004900019;3004900021;3004900022;3004900023;3004900024;3004900025;3004900026;3004900027;3004900029;3004900031;3004900032;3004900033;3004900034;3004900035;3004900036;3004900039;3004900042;3004900043;3004900049;3004900050;3004900061;3004900069;3004900071;3004900072;3004900073;3004900074;3004900075;3004900076;3004900077;3004900078;3004900079;3004900090;3005100010;3005100091;3005100099;3005900020;3005900030;3005900040;3005900090;3006100010;3006100090;3006200020;3006200090;3006300010;3006300090;3006400010;3006400090;3006500000;3006600000;3006600010;3006600090;3006701000;3006709000;3006910000;3006920000;3006931000;3006932000;3006933000;3006934000;3006939000,3002100090;3003310000;3003390000;3003900030;3003900090;3004100010;3004100090;3004200011;3004200012;3004200013;3004200018;3004200019;3004200080;3004200090;3004310000;3004320000;3004390011;3004390012;3004390013;3004390019;3004500011;3004500012;3004500013;3004500014;3004500019;3004500090;3004900090;3006600010,
no,declared,174,3004100032,1,1,198802,imports,3004,300410,201112,201201,50412716.00,"Streptomycins or their derivatives, for veterinary use, in dosage",yes,yes,2007->2012,yes,yes,same_subheading,2,2,65,158,158,109,158,3004100010;3004100090,28,0,3004100010;3004100090,3001200000;3001900010;3001900020;3001900090;3002100010;3002100021;3002100022;3002100023;3002100029;3002100030;3002100041;3002100042;3002100049;3002100051;3002100059;3002100090;3002110000;3002120011;3002120012;3002120013;3002120019;3002120021;3002120029;3002130000;3002140000;3002150000;3002190000;3002200010;3002200090;3002300010;3002300090;3002410010;3002410090;3002420010;3002420090;3002490010;3002490020;3002490090;3002510000;3002590000;3002900010;3002900011;3002900012;3002900019;3002900020;3002900030;3002900040;3002900050;3002900090;3002900091;3002900092;3002900093;3002900099;3003100000;3003200000;3003310000;3003390000;3003400000;3003410000;3003420000;3003430000;3003490000;3003600000;3003900030;3003900090;3004200011;3004200012;3004200013;3004200018;3004200019;3004200080;3004200090;3004310000;3004320000;3004390011;3004390012;3004390013;3004390019;3004390090;3004400030;3004400040;3004400090;3004410000;3004420000;3004430000;3004490010;3004490090;3004500011;3004500012;3004500013;3004500014;3004500019;3004500090;3004600000;3004900011;3004900012;3004900019;3004900021;3004900022;3004900023;3004900024;3004900025;3004900026;3004900027;3004900029;3004900031;3004900032;3004900033;3004900034;3004900035;3004900036;3004900039;3004900042;3004900043;3004900049;3004900050;3004900061;3004900069;3004900071;3004900072;3004900073;3004900074;3004900075;3004900076;3004900077;3004900078;3004900079;3004900090;3005100010;3005100091;3005100099;3005900020;3005900030;3005900040;3005900090;3006100010;3006100090;3006200020;3006200090;3006300010;3006300090;3006400010;3006400090;3006500000;3006600000;3006600010;3006600090;3006701000;3006709000;3006910000;3006920000;3006931000;3006932000;3006933000;3006934000;3006939000,3002100090;3003310000;3003390000;3003900030;3003900090;3004100010;3004100090;3004200011;3004200012;3004200013;3004200018;3004200019;3004200080;3004200090;3004310000;3004320000;3004390011;3004390012;3004390013;3004390019;3004500011;3004500012;3004500013;3004500014;3004500019;3004500090;3004900090;3006600010,
no,declared,174,3004200010,1,1,198801,imports,3004,300420,201112,201201,47992503.00,"Tetracyclines or their derivatives, for human use, in dosage",yes,yes,2007->2012,yes,yes,same_subheading,7,7,65,158,158,109,158,3004200011;3004200012;3004200013;3004200018;3004200019;3004200080;3004200090,28,0,3004200011;3004200012;3004200013;3004200018;3004200019;3004200080;3004200090,3001200000;3001900010;3001900020;3001900090;3002100010;3002100021;3002100022;3002100023;3002100029;3002100030;3002100041;3002100042;3002100049;3002100051;3002100059;3002100090;3002110000;3002120011;3002120012;3002120013;3002120019;3002120021;3002120029;3002130000;3002140000;3002150000;3002190000;3002200010;3002200090;3002300010;3002300090;3002410010;3002410090;3002420010;3002420090;3002490010;3002490020;3002490090;3002510000;3002590000;3002900010;3002900011;3002900012;3002900019;3002900020;3002900030;3002900040;3002900050;3002900090;3002900091;3002900092;3002900093;3002900099;3003100000;3003200000;3003310000;3003390000;3003400000;3003410000;3003420000;3003430000;3003490000;3003600000;3003900030;3003900090;3004100010;3004100090;3004310000;3004320000;3004390011;3004390012;3004390013;3004390019;3004390090;3004400030;3004400040;3004400090;3004410000;3004420000;3004430000;3004490010;3004490090;3004500011;3004500012;3004500013;3004500014;3004500019;3004500090;3004600000;3004900011;3004900012;3004900019;3004900021;3004900022;3004900023;3004900024;3004900025;3004900026;3004900027;3004900029;3004900031;3004900032;3004900033;3004900034;3004900035;3004900036;3004900039;3004900042;3004900043;3004900049;3004900050;3004900061;3004900069;3004900071;3004900072;3004900073;3004900074;3004900075;3004900076;3004900077;3004900078;3004900079;3004900090;3005100010;3005100091;3005100099;3005900020;3005900030;3005900040;3005900090;3006100010;3006100090;3006200020;3006200090;3006300010;3006300090;3006400010;3006400090;3006500000;3006600000;3006600010;3006600090;3006701000;3006709000;3006910000;3006920000;3006931000;3006932000;3006933000;3006934000;3006939000,3002100090;3003310000;3003390000;3003900030;3003900090;3004100010;3004100090;3004200011;3004200012;3004200013;3004200018;3004200019;3004200080;3004200090;3004310000;3004320000;3004390011;3004390012;3004390013;3004390019;3004500011;3004500012;3004500013;3004500014;3004500019;3004500090;3004900090;3006600010,
no,declared,174,3004200020,1,1,198801,imports,3004,300420,201112,201201,952412146.00,"Cephalosporins, for human use, in dosage",yes,yes,2007->2012,yes,yes,same_subheading,7,7,65,158,158,109,158,3004200011;3004200012;3004200013;3004200018;3004200019;3004200080;3004200090,28,0,3004200011;3004200012;3004200013;3004200018;3004200019;3004200080;3004200090,3001200000;3001900010;3001900020;3001900090;3002100010;3002100021;3002100022;3002100023;3002100029;3002100030;3002100041;3002100042;3002100049;3002100051;3002100059;3002100090;3002110000;3002120011;3002120012;3002120013;3002120019;3002120021;3002120029;3002130000;3002140000;3002150000;3002190000;3002200010;3002200090;3002300010;3002300090;3002410010;3002410090;3002420010;3002420090;3002490010;3002490020;3002490090;3002510000;3002590000;3002900010;3002900011;3002900012;3002900019;3002900020;3002900030;3002900040;3002900050;3002900090;3002900091;3002900092;3002900093;3002900099;3003100000;3003200000;3003310000;3003390000;3003400000;3003410000;3003420000;3003430000;3003490000;3003600000;3003900030;3003900090;3004100010;3004100090;3004310000;3004320000;3004390011;3004390012;3004390013;3004390019;3004390090;3004400030;3004400040;3004400090;3004410000;3004420000;3004430000;3004490010;3004490090;3004500011;3004500012;3004500013;3004500014;3004500019;3004500090;3004600000;3004900011;3004900012;3004900019;3004900021;3004900022;3004900023;3004900024;3004900025;3004900026;3004900027;3004900029;3004900031;3004900032;3004900033;3004900034;3004900035;3004900036;3004900039;3004900042;3004900043;3004900049;3004900050;3004900061;3004900069;3004900071;3004900072;3004900073;3004900074;3004900075;3004900076;3004900077;3004900078;3004900079;3004900090;3005100010;3005100091;3005100099;3005900020;3005900030;3005900040;3005900090;3006100010;3006100090;3006200020;3006200090;3006300010;3006300090;3006400010;3006400090;3006500000;3006600000;3006600010;3006600090;3006701000;3006709000;3006910000;3006920000;3006931000;3006932000;3006933000;3006934000;3006939000,3002100090;3003310000;3003390000;3003900030;3003900090;3004100010;3004100090;3004200011;3004200012;3004200013;3004200018;3004200019;3004200080;3004200090;3004310000;3004320000;3004390011;3004390012;3004390013;3004390019;3004500011;3004500012;3004500013;3004500014;3004500019;3004500090;3004900090;3006600010,
no,declared,174,3004200031,1,1,198801,imports,3004,300420,201112,201201,217132160.00,"Erythromycin, for human use, in dosage",yes,yes,2007->2012,yes,yes,same_subheading,7,7,65,158,158,109,158,3004200011;3004200012;3004200013;3004200018;3004200019;3004200080;3004200090,28,0,3004200011;3004200012;3004200013;3004200018;3004200019;3004200080;3004200090,3001200000;3001900010;3001900020;3001900090;3002100010;3002100021;3002100022;3002100023;3002100029;3002100030;3002100041;3002100042;3002100049;3002100051;3002100059;3002100090;3002110000;3002120011;3002120012;3002120013;3002120019;3002120021;3002120029;3002130000;3002140000;3002150000;3002190000;3002200010;3002200090;3002300010;3002300090;3002410010;3002410090;3002420010;3002420090;3002490010;3002490020;3002490090;3002510000;3002590000;3002900010;3002900011;3002900012;3002900019;3002900020;3002900030;3002900040;3002900050;3002900090;3002900091;3002900092;3002900093;3002900099;3003100000;3003200000;3003310000;3003390000;3003400000;3003410000;3003420000;3003430000;3003490000;3003600000;3003900030;3003900090;3004100010;3004100090;3004310000;3004320000;3004390011;3004390012;3004390013;3004390019;3004390090;3004400030;3004400040;3004400090;3004410000;3004420000;3004430000;3004490010;3004490090;3004500011;3004500012;3004500013;3004500014;3004500019;3004500090;3004600000;3004900011;3004900012;3004900019;3004900021;3004900022;3004900023;3004900024;3004900025;3004900026;3004900027;3004900029;3004900031;3004900032;3004900033;3004900034;3004900035;3004900036;3004900039;3004900042;3004900043;3004900049;3004900050;3004900061;3004900069;3004900071;3004900072;3004900073;3004900074;3004900075;3004900076;3004900077;3004900078;3004900079;3004900090;3005100010;3005100091;3005100099;3005900020;3005900030;3005900040;3005900090;3006100010;3006100090;3006200020;3006200090;3006300010;3006300090;3006400010;3006400090;3006500000;3006600000;3006600010;3006600090;3006701000;3006709000;3006910000;3006920000;3006931000;3006932000;3006933000;3006934000;3006939000,3002100090;3003310000;3003390000;3003900030;3003900090;3004100010;3004100090;3004200011;3004200012;3004200013;3004200018;3004200019;3004200080;3004200090;3004310000;3004320000;3004390011;3004390012;3004390013;3004390019;3004500011;3004500012;3004500013;3004500014;3004500019;3004500090;3004900090;3006600010,
no,declared,174,3004200039,1,1,198801,imports,3004,300420,201112,201201,363544547.00,"Macrolide antibiotics, nes, for human use, in dosage",yes,yes,2007->2012,yes,yes,same_subheading,7,7,65,158,158,109,158,3004200011;3004200012;3004200013;3004200018;3004200019;3004200080;3004200090,28,0,3004200011;3004200012;3004200013;3004200018;3004200019;3004200080;3004200090,3001200000;3001900010;3001900020;3001900090;3002100010;3002100021;3002100022;3002100023;3002100029;3002100030;3002100041;3002100042;3002100049;3002100051;3002100059;3002100090;3002110000;3002120011;3002120012;3002120013;3002120019;3002120021;3002120029;3002130000;3002140000;3002150000;3002190000;3002200010;3002200090;3002300010;3002300090;3002410010;3002410090;3002420010;3002420090;3002490010;3002490020;3002490090;3002510000;3002590000;3002900010;3002900011;3002900012;3002900019;3002900020;3002900030;3002900040;3002900050;3002900090;3002900091;3002900092;3002900093;3002900099;3003100000;3003200000;3003310000;3003390000;3003400000;3003410000;3003420000;3003430000;3003490000;3003600000;3003900030;3003900090;3004100010;3004100090;3004310000;3004320000;3004390011;3004390012;3004390013;3004390019;3004390090;3004400030;3004400040;3004400090;3004410000;3004420000;3004430000;3004490010;3004490090;3004500011;3004500012;3004500013;3004500014;3004500019;3004500090;3004600000;3004900011;3004900012;3004900019;3004900021;3004900022;3004900023;3004900024;3004900025;3004900026;3004900027;3004900029;3004900031;3004900032;3004900033;3004900034;3004900035;3004900036;3004900039;3004900042;3004900043;3004900049;3004900050;3004900061;3004900069;3004900071;3004900072;3004900073;3004900074;3004900075;3004900076;3004900077;3004900078;3004900079;3004900090;3005100010;3005100091;3005100099;3005900020;3005900030;3005900040;3005900090;3006100010;3006100090;3006200020;3006200090;3006300010;3006300090;3006400010;3006400090;3006500000;3006600000;3006600010;3006600090;3006701000;3006709000;3006910000;3006920000;3006931000;3006932000;3006933000;3006934000;3006939000,3002100090;3003310000;3003390000;3003900030;3003900090;3004100010;3004100090;3004200011;3004200012;3004200013;3004200018;3004200019;3004200080;3004200090;3004310000;3004320000;3004390011;3004390012;3004390013;3004390019;3004500011;3004500012;3004500013;3004500014;3004500019;3004500090;3004900090;3006600010,
no,declared,174,3004200041,1,1,198801,imports,3004,300420,201112,201201,23415016.00,"Gentamycins, for human use, in dosage",yes,yes,2007->2012,yes,yes,same_subheading,7,7,65,158,158,109,158,3004200011;3004200012;3004200013;3004200018;3004200019;3004200080;3004200090,28,0,3004200011;3004200012;3004200013;3004200018;3004200019;3004200080;3004200090,3001200000;3001900010;3001900020;3001900090;3002100010;3002100021;3002100022;3002100023;3002100029;3002100030;3002100041;3002100042;3002100049;3002100051;3002100059;3002100090;3002110000;3002120011;3002120012;3002120013;3002120019;3002120021;3002120029;3002130000;3002140000;3002150000;3002190000;3002200010;3002200090;3002300010;3002300090;3002410010;3002410090;3002420010;3002420090;3002490010;3002490020;3002490090;3002510000;3002590000;3002900010;3002900011;3002900012;3002900019;3002900020;3002900030;3002900040;3002900050;3002900090;3002900091;3002900092;3002900093;3002900099;3003100000;3003200000;3003310000;3003390000;3003400000;3003410000;3003420000;3003430000;3003490000;3003600000;3003900030;3003900090;3004100010;3004100090;3004310000;3004320000;3004390011;3004390012;3004390013;3004390019;3004390090;3004400030;3004400040;3004400090;3004410000;3004420000;3004430000;3004490010;3004490090;3004500011;3004500012;3004500013;3004500014;3004500019;3004500090;3004600000;3004900011;3004900012;3004900019;3004900021;3004900022;3004900023;3004900024;3004900025;3004900026;3004900027;3004900029;3004900031;3004900032;3004900033;3004900034;3004900035;3004900036;3004900039;3004900042;3004900043;3004900049;3004900050;3004900061;3004900069;3004900071;3004900072;3004900073;3004900074;3004900075;3004900076;3004900077;3004900078;3004900079;3004900090;3005100010;3005100091;3005100099;3005900020;3005900030;3005900040;3005900090;3006100010;3006100090;3006200020;3006200090;3006300010;3006300090;3006400010;3006400090;3006500000;3006600000;3006600010;3006600090;3006701000;3006709000;3006910000;3006920000;3006931000;3006932000;3006933000;3006934000;3006939000,3002100090;3003310000;3003390000;3003900030;3003900090;3004100010;3004100090;3004200011;3004200012;3004200013;3004200018;3004200019;3004200080;3004200090;3004310000;3004320000;3004390011;3004390012;3004390013;3004390019;3004500011;3004500012;3004500013;3004500014;3004500019;3004500090;3004900090;3006600010,
no,declared,431,3004200042,1,1,198910,imports,3004,300420,199007,199008,4757.00,"Kanamycins, for human use, in dosage",yes,no,,no,no,same_subheading,24,24,191,378,378,161,378,3004200010;3004200020;3004200031;3004200039;3004200041;3004200049;3004200051;3004200052;3004200059;3004200061;3004200062;3004200063;3004200064;3004200066;3004200069;3004200071;3004200079,1,0,3004200010;3004200011;3004200012;3004200013;3004200018;3004200019;3004200020;3004200031;3004200039;3004200041;3004200049;3004200051;3004200052;3004200059;3004200061;3004200062;3004200063;3004200064;3004200066;3004200069;3004200071;3004200079;3004200080;3004200090,3001100010;3001100090;3001200000;3001900010;3001900020;3001900090;3001901000;3001902000;3001909000;3002100010;3002100021;3002100022;3002100023;3002100029;3002100030;3002100041;3002100042;3002100049;3002100051;3002100059;3002100060;3002100090;3002101010;3002101021;3002101022;3002101023;3002101029;3002101090;3002102110;3002102120;3002102190;3002102910;3002102920;3002102990;3002110000;3002120011;3002120012;3002120013;3002120019;3002120021;3002120029;3002130000;3002140000;3002150000;3002190000;3002200010;3002200020;3002200030;3002200090;3002300010;3002300090;3002301000;3002309000;3002310000;3002391000;3002399000;3002410010;3002410090;3002420010;3002420090;3002490010;3002490020;3002490090;3002510000;3002590000;3002900010;3002900011;3002900012;3002900019;3002900020;3002900030;3002900040;3002900050;3002900090;3002900091;3002900092;3002900093;3002900099;3002901010;3002901011;3002901019;3002901020;3002901030;3002901040;3002909010;3002909020;3002909030;3002909090;3003100000;3003200000;3003310000;3003310010;3003310090;3003311000;3003319900;3003390000;3003390010;3003390090;3003391000;3003399100;3003399900;3003400000;3003401000;3003409000;3003410000;3003420000;3003430000;3003490000;3003600000;3003900010;3003900020;3003900030;3003900090;3003900091;3003900099;3003901000;3003909100;3003909900;3003909910;3003909990;3004100010;3004100011;3004100012;3004100013;3004100014;3004100019;3004100020;3004100031;3004100032;3004100090;3004310000;3004310010;3004310090;3004311000;3004319900;3004320000;3004320010;3004320011;3004320019;3004320020;3004320081;3004320082;3004320089;3004320090;3004321000;3004329011;3004329012;3004329019;3004329020;3004390010;3004390011;3004390012;3004390013;3004390019;3004390081;3004390082;3004390083;3004390084;3004390085;3004390090;3004391000;3004399100;3004399910;3004399920;3004399930;3004399940;3004399950;3004399960;3004400010;3004400020;3004400030;3004400040;3004400050;3004400080;3004400090;3004401000;3004409011;3004409019;3004409020;3004409030;3004409040;3004409050;3004409060;3004409070;3004409080;3004409090;3004410000;3004420000;3004430000;3004490010;3004490090;3004500010;3004500011;3004500012;3004500013;3004500014;3004500019;3004500020;3004500031;3004500032;3004500039;3004500040;3004500050;3004500061;3004500069;3004500070;3004500090;3004501000;3004509100;3004509911;3004509912;3004509919;3004509920;3004509930;3004509941;3004509949;3004509950;3004600000;3004900011;3004900012;3004900019;3004900020;3004900021;3004900022;3004900023;3004900024;3004900025;3004900026;3004900027;3004900029;3004900031;3004900032;3004900033;3004900034;3004900035;3004900036;3004900039;3004900041;3004900042;3004900043;3004900049;3004900050;3004900061;3004900069;3004900071;3004900072;3004900073;3004900074;3004900075;3004900076;3004900077;3004900078;3004900079;3004900081;3004900089;3004900090;3004901010;3004901020;3004901090;3004909100;3004909911;3004909912;3004909913;3004909914;3004909915;3004909916;3004909919;3004909921;3004909922;3004909923;3004909929;3004909930;3004909941;3004909949;3004909950;3004909960;3004909971;3004909979;3004909981;3004909982;3004909983;3004909984;3004909989;3004909991;3004909992;3004909993;3004909999;3005100010;3005100091;3005100099;3005101000;3005109100;3005109900;3005900010;3005900020;3005900030;3005900040;3005900050;3005900060;3005900090;3005901000;3005902000;3005903000;3005909100;3005909200;3005909300;3005909900;3006100010;3006100090;3006200010;3006200020;3006200090;3006201000;3006202000;3006209000;3006300010;3006300020;3006300090;3006301000;3006309100;3006309900;3006400010;3006400020;3006400030;3006400090;3006401010;3006401020;3006402000;3006409000;3006500000;3006600000;3006600010;3006600011;3006600019;3006600090;3006701000;3006709000;3006801100;3006801900;3006809010;3006809020;3006809030;3006809041;3006809042;3006809043;3006809050;3006809060;3006910000;3006920000;3006931000;3006932000;3006933000;3006934000;3006939000,3004409011,
no,declared,174,3004200049,1,1,198801,imports,3004,300420,201112,201201,86823169.00,"Aminoglycoside antibiotics, nes, for human use, in dosage",yes,yes,2007->2012,yes,yes,same_subheading,7,7,65,158,158,109,158,3004200011;3004200012;3004200013;3004200018;3004200019;3004200080;3004200090,28,0,3004200011;3004200012;3004200013;3004200018;3004200019;3004200080;3004200090,3001200000;3001900010;3001900020;3001900090;3002100010;3002100021;3002100022;3002100023;3002100029;3002100030;3002100041;3002100042;3002100049;3002100051;3002100059;3002100090;3002110000;3002120011;3002120012;3002120013;3002120019;3002120021;3002120029;3002130000;3002140000;3002150000;3002190000;3002200010;3002200090;3002300010;3002300090;3002410010;3002410090;3002420010;3002420090;3002490010;3002490020;3002490090;3002510000;3002590000;3002900010;3002900011;3002900012;3002900019;3002900020;3002900030;3002900040;3002900050;3002900090;3002900091;3002900092;3002900093;3002900099;3003100000;3003200000;3003310000;3003390000;3003400000;3003410000;3003420000;3003430000;3003490000;3003600000;3003900030;3003900090;3004100010;3004100090;3004310000;3004320000;3004390011;3004390012;3004390013;3004390019;3004390090;3004400030;3004400040;3004400090;3004410000;3004420000;3004430000;3004490010;3004490090;3004500011;3004500012;3004500013;3004500014;3004500019;3004500090;3004600000;3004900011;3004900012;3004900019;3004900021;3004900022;3004900023;3004900024;3004900025;3004900026;3004900027;3004900029;3004900031;3004900032;3004900033;3004900034;3004900035;3004900036;3004900039;3004900042;3004900043;3004900049;3004900050;3004900061;3004900069;3004900071;3004900072;3004900073;3004900074;3004900075;3004900076;3004900077;3004900078;3004900079;3004900090;3005100010;3005100091;3005100099;3005900020;3005900030;3005900040;3005900090;3006100010;3006100090;3006200020;3006200090;3006300010;3006300090;3006400010;3006400090;3006500000;3006600000;3006600010;3006600090;3006701000;3006709000;3006910000;3006920000;3006931000;3006932000;3006933000;3006934000;3006939000,3002100090;3003310000;3003390000;3003900030;3003900090;3004100010;3004100090;3004200011;3004200012;3004200013;3004200018;3004200019;3004200080;3004200090;3004310000;3004320000;3004390011;3004390012;3004390013;3004390019;3004500011;3004500012;3004500013;3004500014;3004500019;3004500090;3004900090;3006600010,
no,declared,174,3004200051,1,1,199003,imports,3004,300420,201112,201201,11061879.00,"Bacitracin, for human use, in dosage",yes,yes,2007->2012,yes,yes,same_subheading,7,7,65,158,158,109,158,3004200011;3004200012;3004200013;3004200018;3004200019;3004200080;3004200090,28,0,3004200011;3004200012;3004200013;3004200018;3004200019;3004200080;3004200090,3001200000;3001900010;3001900020;3001900090;3002100010;3002100021;3002100022;3002100023;3002100029;3002100030;3002100041;3002100042;3002100049;3002100051;3002100059;3002100090;3002110000;3002120011;3002120012;3002120013;3002120019;3002120021;3002120029;3002130000;3002140000;3002150000;3002190000;3002200010;3002200090;3002300010;3002300090;3002410010;3002410090;3002420010;3002420090;3002490010;3002490020;3002490090;3002510000;3002590000;3002900010;3002900011;3002900012;3002900019;3002900020;3002900030;3002900040;3002900050;3002900090;3002900091;3002900092;3002900093;3002900099;3003100000;3003200000;3003310000;3003390000;3003400000;3003410000;3003420000;3003430000;3003490000;3003600000;3003900030;3003900090;3004100010;3004100090;3004310000;3004320000;3004390011;3004390012;3004390013;3004390019;3004390090;3004400030;3004400040;3004400090;3004410000;3004420000;3004430000;3004490010;3004490090;3004500011;3004500012;3004500013;3004500014;3004500019;3004500090;3004600000;3004900011;3004900012;3004900019;3004900021;3004900022;3004900023;3004900024;3004900025;3004900026;3004900027;3004900029;3004900031;3004900032;3004900033;3004900034;3004900035;3004900036;3004900039;3004900042;3004900043;3004900049;3004900050;3004900061;3004900069;3004900071;3004900072;3004900073;3004900074;3004900075;3004900076;3004900077;3004900078;3004900079;3004900090;3005100010;3005100091;3005100099;3005900020;3005900030;3005900040;3005900090;3006100010;3006100090;3006200020;3006200090;3006300010;3006300090;3006400010;3006400090;3006500000;3006600000;3006600010;3006600090;3006701000;3006709000;3006910000;3006920000;3006931000;3006932000;3006933000;3006934000;3006939000,3002100090;3003310000;3003390000;3003900030;3003900090;3004100010;3004100090;3004200011;3004200012;3004200013;3004200018;3004200019;3004200080;3004200090;3004310000;3004320000;3004390011;3004390012;3004390013;3004390019;3004500011;3004500012;3004500013;3004500014;3004500019;3004500090;3004900090;3006600010,
no,declared,355,3004200052,1,1,198801,imports,3004,300420,199611,199612,1094147.00,"Polymyxins, for human use, in dosage",yes,no,,no,no,same_subheading,21,21,184,365,365,156,365,3004200010;3004200020;3004200031;3004200039;3004200041;3004200049;3004200051;3004200059;3004200061;3004200062;3004200063;3004200069;3004200071;3004200079,0,0,3004200010;3004200011;3004200012;3004200013;3004200018;3004200019;3004200020;3004200031;3004200039;3004200041;3004200049;3004200051;3004200059;3004200061;3004200062;3004200063;3004200069;3004200071;3004200079;3004200080;3004200090,3001100010;3001100090;3001200000;3001900010;3001900020;3001900090;3001901000;3001902000;3001909000;3002100010;3002100021;3002100022;3002100023;3002100029;3002100030;3002100041;3002100042;3002100049;3002100051;3002100059;3002100060;3002100090;3002101010;3002101021;3002101022;3002101023;3002101029;3002101090;3002102110;3002102120;3002102190;3002102910;3002102990;3002110000;3002120011;3002120012;3002120013;3002120019;3002120021;3002120029;3002130000;3002140000;3002150000;3002190000;3002200010;3002200020;3002200030;3002200090;3002300010;3002300090;3002301000;3002309000;3002410010;3002410090;3002420010;3002420090;3002490010;3002490020;3002490090;3002510000;3002590000;3002900010;3002900011;3002900012;3002900019;3002900020;3002900030;3002900040;3002900050;3002900090;3002900091;3002900092;3002900093;3002900099;3002901010;3002901011;3002901019;3002901020;3002901030;3002901040;3002909010;3002909020;3002909030;3002909090;3003100000;3003200000;3003310000;3003310010;3003310090;3003311000;3003319900;3003390000;3003390010;3003390090;3003391000;3003399100;3003399900;3003400000;3003409000;3003410000;3003420000;3003430000;3003490000;3003600000;3003900010;3003900020;3003900030;3003900090;3003900091;3003900099;3003901000;3003909100;3003909910;3003909990;3004100010;3004100011;3004100012;3004100013;3004100019;3004100020;3004100031;3004100032;3004100090;3004310000;3004310010;3004310090;3004311000;3004319900;3004320000;3004320010;3004320011;3004320019;3004320020;3004320081;3004320082;3004320089;3004320090;3004321000;3004329011;3004329012;3004329019;3004329020;3004390010;3004390011;3004390012;3004390013;3004390019;3004390081;3004390082;3004390083;3004390084;3004390085;3004390090;3004391000;3004399100;3004399910;3004399920;3004399930;3004399940;3004399950;3004399960;3004400010;3004400020;3004400030;3004400040;3004400050;3004400080;3004400090;3004401000;3004409011;3004409019;3004409020;3004409030;3004409040;3004409050;3004409070;3004409080;3004409090;3004410000;3004420000;3004430000;3004490010;3004490090;3004500010;3004500011;3004500012;3004500013;3004500014;3004500019;3004500020;3004500031;3004500032;3004500039;3004500040;3004500050;3004500061;3004500069;3004500070;3004500090;3004501000;3004509100;3004509911;3004509912;3004509919;3004509920;3004509930;3004509941;3004509949;3004509950;3004600000;3004900011;3004900012;3004900019;3004900020;3004900021;3004900022;3004900023;3004900024;3004900025;3004900026;3004900027;3004900029;3004900031;3004900032;3004900033;3004900034;3004900035;3004900036;3004900039;3004900041;3004900042;3004900043;3004900049;3004900050;3004900061;3004900069;3004900071;3004900072;3004900073;3004900074;3004900075;3004900076;3004900077;3004900078;3004900079;3004900081;3004900089;3004900090;3004901010;3004901020;3004901090;3004909100;3004909911;3004909912;3004909913;3004909914;3004909915;3004909916;3004909919;3004909921;3004909922;3004909923;3004909929;3004909930;3004909941;3004909949;3004909950;3004909960;3004909971;3004909979;3004909981;3004909982;3004909983;3004909984;3004909989;3004909991;3004909999;3005100010;3005100091;3005100099;3005101000;3005109100;3005109900;3005900010;3005900020;3005900030;3005900040;3005900050;3005900060;3005900090;3005901000;3005902000;3005903000;3005909100;3005909200;3005909300;3005909900;3006100010;3006100090;3006200010;3006200020;3006200090;3006201000;3006202000;3006209000;3006300010;3006300020;3006300090;3006301000;3006309100;3006309900;3006400010;3006400020;3006400030;3006400090;3006401010;3006401020;3006402000;3006409000;3006500000;3006600000;3006600010;3006600011;3006600019;3006600090;3006701000;3006709000;3006801100;3006801900;3006809010;3006809020;3006809030;3006809041;3006809042;3006809043;3006809050;3006809060;3006910000;3006920000;3006931000;3006932000;3006933000;3006934000;3006939000,,
no,declared,174,3004200059,1,1,198801,imports,3004,300420,201112,201201,214979963.00,"Polypeptides antibiotics, nes, for human use, in dosage",yes,yes,2007->2012,yes,yes,same_subheading,7,7,65,158,158,109,158,3004200011;3004200012;3004200013;3004200018;3004200019;3004200080;3004200090,28,0,3004200011;3004200012;3004200013;3004200018;3004200019;3004200080;3004200090,3001200000;3001900010;3001900020;3001900090;3002100010;3002100021;3002100022;3002100023;3002100029;3002100030;3002100041;3002100042;3002100049;3002100051;3002100059;3002100090;3002110000;3002120011;3002120012;3002120013;3002120019;3002120021;3002120029;3002130000;3002140000;3002150000;3002190000;3002200010;3002200090;3002300010;3002300090;3002410010;3002410090;3002420010;3002420090;3002490010;3002490020;3002490090;3002510000;3002590000;3002900010;3002900011;3002900012;3002900019;3002900020;3002900030;3002900040;3002900050;3002900090;3002900091;3002900092;3002900093;3002900099;3003100000;3003200000;3003310000;3003390000;3003400000;3003410000;3003420000;3003430000;3003490000;3003600000;3003900030;3003900090;3004100010;3004100090;3004310000;3004320000;3004390011;3004390012;3004390013;3004390019;3004390090;3004400030;3004400040;3004400090;3004410000;3004420000;3004430000;3004490010;3004490090;3004500011;3004500012;3004500013;3004500014;3004500019;3004500090;3004600000;3004900011;3004900012;3004900019;3004900021;3004900022;3004900023;3004900024;3004900025;3004900026;3004900027;3004900029;3004900031;3004900032;3004900033;3004900034;3004900035;3004900036;3004900039;3004900042;3004900043;3004900049;3004900050;3004900061;3004900069;3004900071;3004900072;3004900073;3004900074;3004900075;3004900076;3004900077;3004900078;3004900079;3004900090;3005100010;3005100091;3005100099;3005900020;3005900030;3005900040;3005900090;3006100010;3006100090;3006200020;3006200090;3006300010;3006300090;3006400010;3006400090;3006500000;3006600000;3006600010;3006600090;3006701000;3006709000;3006910000;3006920000;3006931000;3006932000;3006933000;3006934000;3006939000,3002100090;3003310000;3003390000;3003900030;3003900090;3004100010;3004100090;3004200011;3004200012;3004200013;3004200018;3004200019;3004200080;3004200090;3004310000;3004320000;3004390011;3004390012;3004390013;3004390019;3004500011;3004500012;3004500013;3004500014;3004500019;3004500090;3004900090;3006600010,
no,declared,176,3004200061,1,1,198802,imports,3004,300420,201110,201111,2971734.00,"Chloramphenicol, for human use, in dosage",yes,yes,2007->2012,yes,yes,same_subheading,19,19,113,225,225,176,225,3004200010;3004200011;3004200012;3004200013;3004200018;3004200019;3004200020;3004200031;3004200039;3004200041;3004200049;3004200051;3004200059;3004200063;3004200069;3004200071;3004200079;3004200080;3004200090,0,0,3004200010;3004200011;3004200012;3004200013;3004200018;3004200019;3004200020;3004200031;3004200039;3004200041;3004200049;3004200051;3004200059;3004200063;3004200069;3004200071;3004200079;3004200080;3004200090,3001200000;3001900010;3001900020;3001900090;3002100010;3002100021;3002100022;3002100023;3002100029;3002100030;3002100041;3002100042;3002100049;3002100051;3002100059;3002100060;3002100090;3002110000;3002120011;3002120012;3002120013;3002120019;3002120021;3002120029;3002130000;3002140000;3002150000;3002190000;3002200010;3002200020;3002200030;3002200090;3002300010;3002300090;3002410010;3002410090;3002420010;3002420090;3002490010;3002490020;3002490090;3002510000;3002590000;3002900010;3002900011;3002900012;3002900019;3002900020;3002900030;3002900040;3002900050;3002900090;3002900091;3002900092;3002900093;3002900099;3003100000;3003200000;3003310000;3003310090;3003390000;3003390010;3003390090;3003400000;3003410000;3003420000;3003430000;3003490000;3003600000;3003900010;3003900020;3003900030;3003900090;3003900091;3003900099;3004100010;3004100011;3004100012;3004100013;3004100019;3004100020;3004100031;3004100032;3004100090;3004310000;3004310010;3004310090;3004320000;3004320011;3004320019;3004320020;3004390010;3004390011;3004390012;3004390013;3004390019;3004390081;3004390082;3004390083;3004390084;3004390085;3004390090;3004400010;3004400020;3004400030;3004400040;3004400050;3004400080;3004400090;3004410000;3004420000;3004430000;3004490010;3004490090;3004500010;3004500011;3004500012;3004500013;3004500014;3004500019;3004500020;3004500031;3004500032;3004500039;3004500040;3004500050;3004500061;3004500069;3004500070;3004500090;3004600000;3004900011;3004900012;3004900019;3004900020;3004900021;3004900022;3004900023;3004900024;3004900025;3004900026;3004900027;3004900029;3004900031;3004900032;3004900033;3004900034;3004900035;3004900036;3004900039;3004900041;3004900042;3004900043;3004900049;3004900050;3004900061;3004900069;3004900071;3004900072;3004900073;3004900074;3004900075;3004900076;3004900077;3004900078;3004900079;3004900081;3004900089;3004900090;3005100010;3005100091;3005100099;3005900010;3005900020;3005900030;3005900040;3005900050;3005900060;3005900090;3006100010;3006100090;3006200010;3006200020;3006200090;3006300010;3006300020;3006300090;3006400010;3006400020;3006400030;3006400090;3006500000;3006600000;3006600010;3006600011;3006600019;3006600090;3006701000;3006709000;3006910000;3006920000;3006931000;3006932000;3006933000;3006934000;3006939000,,
no,declared,176,3004200062,1,1,198803,imports,3004,300420,201110,201111,11650860.00,"Mitomycin C, for human use, in dosage",yes,yes,2007->2012,yes,yes,same_subheading,19,19,113,225,225,176,225,3004200010;3004200011;3004200012;3004200013;3004200018;3004200019;3004200020;3004200031;3004200039;3004200041;3004200049;3004200051;3004200059;3004200063;3004200069;3004200071;3004200079;3004200080;3004200090,0,0,3004200010;3004200011;3004200012;3004200013;3004200018;3004200019;3004200020;3004200031;3004200039;3004200041;3004200049;3004200051;3004200059;3004200063;3004200069;3004200071;3004200079;3004200080;3004200090,3001200000;3001900010;3001900020;3001900090;3002100010;3002100021;3002100022;3002100023;3002100029;3002100030;3002100041;3002100042;3002100049;3002100051;3002100059;3002100060;3002100090;3002110000;3002120011;3002120012;3002120013;3002120019;3002120021;3002120029;3002130000;3002140000;3002150000;3002190000;3002200010;3002200020;3002200030;3002200090;3002300010;3002300090;3002410010;3002410090;3002420010;3002420090;3002490010;3002490020;3002490090;3002510000;3002590000;3002900010;3002900011;3002900012;3002900019;3002900020;3002900030;3002900040;3002900050;3002900090;3002900091;3002900092;3002900093;3002900099;3003100000;3003200000;3003310000;3003310090;3003390000;3003390010;3003390090;3003400000;3003410000;3003420000;3003430000;3003490000;3003600000;3003900010;3003900020;3003900030;3003900090;3003900091;3003900099;3004100010;3004100011;3004100012;3004100013;3004100019;3004100020;3004100031;3004100032;3004100090;3004310000;3004310010;3004310090;3004320000;3004320011;3004320019;3004320020;3004390010;3004390011;3004390012;3004390013;3004390019;3004390081;3004390082;3004390083;3004390084;3004390085;3004390090;3004400010;3004400020;3004400030;3004400040;3004400050;3004400080;3004400090;3004410000;3004420000;3004430000;3004490010;3004490090;3004500010;3004500011;3004500012;3004500013;3004500014;3004500019;3004500020;3004500031;3004500032;3004500039;3004500040;3004500050;3004500061;3004500069;3004500070;3004500090;3004600000;3004900011;3004900012;3004900019;3004900020;3004900021;3004900022;3004900023;3004900024;3004900025;3004900026;3004900027;3004900029;3004900031;3004900032;3004900033;3004900034;3004900035;3004900036;3004900039;3004900041;3004900042;3004900043;3004900049;3004900050;3004900061;3004900069;3004900071;3004900072;3004900073;3004900074;3004900075;3004900076;3004900077;3004900078;3004900079;3004900081;3004900089;3004900090;3005100010;3005100091;3005100099;3005900010;3005900020;3005900030;3005900040;3005900050;3005900060;3005900090;3006100010;3006100090;3006200010;3006200020;3006200090;3006300010;3006300020;3006300090;3006400010;3006400020;3006400030;3006400090;3006500000;3006600000;3006600010;3006600011;3006600019;3006600090;3006701000;3006709000;3006910000;3006920000;3006931000;3006932000;3006933000;3006934000;3006939000,,
no,declared,174,3004200063,1,1,198801,imports,3004,300420,201112,201201,142830549.00,"Vancomycin, for human use, in dosage",yes,yes,2007->2012,yes,yes,same_subheading,7,7,65,158,158,109,158,3004200011;3004200012;3004200013;3004200018;3004200019;3004200080;3004200090,28,0,3004200011;3004200012;3004200013;3004200018;3004200019;3004200080;3004200090,3001200000;3001900010;3001900020;3001900090;3002100010;3002100021;3002100022;3002100023;3002100029;3002100030;3002100041;3002100042;3002100049;3002100051;3002100059;3002100090;3002110000;3002120011;3002120012;3002120013;3002120019;3002120021;3002120029;3002130000;3002140000;3002150000;3002190000;3002200010;3002200090;3002300010;3002300090;3002410010;3002410090;3002420010;3002420090;3002490010;3002490020;3002490090;3002510000;3002590000;3002900010;3002900011;3002900012;3002900019;3002900020;3002900030;3002900040;3002900050;3002900090;3002900091;3002900092;3002900093;3002900099;3003100000;3003200000;3003310000;3003390000;3003400000;3003410000;3003420000;3003430000;3003490000;3003600000;3003900030;3003900090;3004100010;3004100090;3004310000;3004320000;3004390011;3004390012;3004390013;3004390019;3004390090;3004400030;3004400040;3004400090;3004410000;3004420000;3004430000;3004490010;3004490090;3004500011;3004500012;3004500013;3004500014;3004500019;3004500090;3004600000;3004900011;3004900012;3004900019;3004900021;3004900022;3004900023;3004900024;3004900025;3004900026;3004900027;3004900029;3004900031;3004900032;3004900033;3004900034;3004900035;3004900036;3004900039;3004900042;3004900043;3004900049;3004900050;3004900061;3004900069;3004900071;3004900072;3004900073;3004900074;3004900075;3004900076;3004900077;3004900078;3004900079;3004900090;3005100010;3005100091;3005100099;3005900020;3005900030;3005900040;3005900090;3006100010;3006100090;3006200020;3006200090;3006300010;3006300090;3006400010;3006400090;3006500000;3006600000;3006600010;3006600090;3006701000;3006709000;3006910000;3006920000;3006931000;3006932000;3006933000;3006934000;3006939000,3002100090;3003310000;3003390000;3003900030;3003900090;3004100010;3004100090;3004200011;3004200012;3004200013;3004200018;3004200019;3004200080;3004200090;3004310000;3004320000;3004390011;3004390012;3004390013;3004390019;3004500011;3004500012;3004500013;3004500014;3004500019;3004500090;3004900090;3006600010,
no,declared,414,3004200064,1,1,198801,imports,3004,300420,199112,199201,510594.00,"Lincomycin, for human use, in dosage",yes,no,,no,no,same_subheading,22,22,186,372,372,157,372,3004200010;3004200020;3004200031;3004200039;3004200041;3004200049;3004200051;3004200052;3004200059;3004200061;3004200062;3004200063;3004200069;3004200071;3004200079,0,0,3004200010;3004200011;3004200012;3004200013;3004200018;3004200019;3004200020;3004200031;3004200039;3004200041;3004200049;3004200051;3004200052;3004200059;3004200061;3004200062;3004200063;3004200069;3004200071;3004200079;3004200080;3004200090,3001100010;3001100090;3001200000;3001900010;3001900020;3001900090;3001901000;3001902000;3001909000;3002100010;3002100021;3002100022;3002100023;3002100029;3002100030;3002100041;3002100042;3002100049;3002100051;3002100059;3002100060;3002100090;3002101010;3002101021;3002101022;3002101023;3002101029;3002101090;3002102110;3002102120;3002102190;3002102910;3002102990;3002110000;3002120011;3002120012;3002120013;3002120019;3002120021;3002120029;3002130000;3002140000;3002150000;3002190000;3002200010;3002200020;3002200030;3002200090;3002300010;3002300090;3002301000;3002309000;3002310000;3002391000;3002399000;3002410010;3002410090;3002420010;3002420090;3002490010;3002490020;3002490090;3002510000;3002590000;3002900010;3002900011;3002900012;3002900019;3002900020;3002900030;3002900040;3002900050;3002900090;3002900091;3002900092;3002900093;3002900099;3002901010;3002901011;3002901019;3002901020;3002901030;3002901040;3002909010;3002909020;3002909030;3002909090;3003100000;3003200000;3003310000;3003310010;3003310090;3003311000;3003319900;3003390000;3003390010;3003390090;3003391000;3003399100;3003399900;3003400000;3003401000;3003409000;3003410000;3003420000;3003430000;3003490000;3003600000;3003900010;3003900020;3003900030;3003900090;3003900091;3003900099;3003901000;3003909100;3003909900;3003909910;3003909990;3004100010;3004100011;3004100012;3004100013;3004100019;3004100020;3004100031;3004100032;3004100090;3004310000;3004310010;3004310090;3004311000;3004319900;3004320000;3004320010;3004320011;3004320019;3004320020;3004320081;3004320082;3004320089;3004320090;3004321000;3004329011;3004329012;3004329019;3004329020;3004390010;3004390011;3004390012;3004390013;3004390019;3004390081;3004390082;3004390083;3004390084;3004390085;3004390090;3004391000;3004399100;3004399910;3004399920;3004399930;3004399940;3004399950;3004399960;3004400010;3004400020;3004400030;3004400040;3004400050;3004400080;3004400090;3004401000;3004409011;3004409019;3004409020;3004409030;3004409040;3004409050;3004409060;3004409070;3004409080;3004409090;3004410000;3004420000;3004430000;3004490010;3004490090;3004500010;3004500011;3004500012;3004500013;3004500014;3004500019;3004500020;3004500031;3004500032;3004500039;3004500040;3004500050;3004500061;3004500069;3004500070;3004500090;3004501000;3004509100;3004509911;3004509912;3004509919;3004509920;3004509930;3004509941;3004509949;3004509950;3004600000;3004900011;3004900012;3004900019;3004900020;3004900021;3004900022;3004900023;3004900024;3004900025;3004900026;3004900027;3004900029;3004900031;3004900032;3004900033;3004900034;3004900035;3004900036;3004900039;3004900041;3004900042;3004900043;3004900049;3004900050;3004900061;3004900069;3004900071;3004900072;3004900073;3004900074;3004900075;3004900076;3004900077;3004900078;3004900079;3004900081;3004900089;3004900090;3004901010;3004901020;3004901090;3004909100;3004909911;3004909912;3004909913;3004909914;3004909915;3004909916;3004909919;3004909921;3004909922;3004909923;3004909929;3004909930;3004909941;3004909949;3004909950;3004909960;3004909971;3004909979;3004909981;3004909982;3004909983;3004909984;3004909989;3004909991;3004909999;3005100010;3005100091;3005100099;3005101000;3005109100;3005109900;3005900010;3005900020;3005900030;3005900040;3005900050;3005900060;3005900090;3005901000;3005902000;3005903000;3005909100;3005909200;3005909300;3005909900;3006100010;3006100090;3006200010;3006200020;3006200090;3006201000;3006202000;3006209000;3006300010;3006300020;3006300090;3006301000;3006309100;3006309900;3006400010;3006400020;3006400030;3006400090;3006401010;3006401020;3006402000;3006409000;3006500000;3006600000;3006600010;3006600011;3006600019;3006600090;3006701000;3006709000;3006801100;3006801900;3006809010;3006809020;3006809030;3006809041;3006809042;3006809043;3006809050;3006809060;3006910000;3006920000;3006931000;3006932000;3006933000;3006934000;3006939000,,
no,declared,446,3004200065,1,1,198812,imports,3004,300420,198904,198905,128029.00,"Lincomycin, for human use, in dosage",yes,no,,no,no,same_subheading,25,25,196,384,384,165,384,3004200010;3004200020;3004200031;3004200039;3004200041;3004200042;3004200049;3004200051;3004200052;3004200059;3004200061;3004200062;3004200063;3004200064;3004200066;3004200069;3004200071;3004200079,0,0,3004200010;3004200011;3004200012;3004200013;3004200018;3004200019;3004200020;3004200031;3004200039;3004200041;3004200042;3004200049;3004200051;3004200052;3004200059;3004200061;3004200062;3004200063;3004200064;3004200066;3004200069;3004200071;3004200079;3004200080;3004200090,3001100010;3001100090;3001200000;3001900010;3001900020;3001900090;3001901000;3001902000;3001909000;3002100010;3002100021;3002100022;3002100023;3002100029;3002100030;3002100041;3002100042;3002100049;3002100051;3002100059;3002100060;3002100090;3002101010;3002101021;3002101022;3002101023;3002101029;3002101090;3002102110;3002102120;3002102190;3002102910;3002102920;3002102990;3002110000;3002120011;3002120012;3002120013;3002120019;3002120021;3002120029;3002130000;3002140000;3002150000;3002190000;3002200010;3002200020;3002200030;3002200090;3002300010;3002300090;3002301000;3002309000;3002310000;3002391000;3002399000;3002410010;3002410090;3002420010;3002420090;3002490010;3002490020;3002490090;3002510000;3002590000;3002900010;3002900011;3002900012;3002900019;3002900020;3002900030;3002900040;3002900050;3002900090;3002900091;3002900092;3002900093;3002900099;3002901010;3002901011;3002901019;3002901020;3002901030;3002901040;3002909010;3002909020;3002909030;3002909090;3003100000;3003200000;3003310000;3003310010;3003310090;3003311000;3003319100;3003319900;3003390000;3003390010;3003390090;3003391000;3003399100;3003399900;3003400000;3003401000;3003409000;3003410000;3003420000;3003430000;3003490000;3003600000;3003900010;3003900020;3003900030;3003900090;3003900091;3003900099;3003901000;3003909100;3003909900;3003909910;3003909990;3004100010;3004100011;3004100012;3004100013;3004100014;3004100019;3004100020;3004100031;3004100032;3004100090;3004310000;3004310010;3004310090;3004311000;3004319900;3004320000;3004320010;3004320011;3004320019;3004320020;3004320081;3004320082;3004320089;3004320090;3004321000;3004329011;3004329012;3004329019;3004329020;3004390010;3004390011;3004390012;3004390013;3004390019;3004390081;3004390082;3004390083;3004390084;3004390085;3004390090;3004391000;3004399100;3004399910;3004399920;3004399930;3004399940;3004399950;3004399960;3004400010;3004400020;3004400030;3004400040;3004400050;3004400080;3004400090;3004401000;3004409011;3004409019;3004409020;3004409030;3004409040;3004409050;3004409060;3004409070;3004409080;3004409090;3004410000;3004420000;3004430000;3004490010;3004490090;3004500010;3004500011;3004500012;3004500013;3004500014;3004500019;3004500020;3004500031;3004500032;3004500039;3004500040;3004500050;3004500061;3004500069;3004500070;3004500090;3004501000;3004509100;3004509911;3004509912;3004509919;3004509920;3004509921;3004509922;3004509929;3004509930;3004509941;3004509949;3004509950;3004600000;3004900011;3004900012;3004900019;3004900020;3004900021;3004900022;3004900023;3004900024;3004900025;3004900026;3004900027;3004900029;3004900031;3004900032;3004900033;3004900034;3004900035;3004900036;3004900039;3004900041;3004900042;3004900043;3004900049;3004900050;3004900061;3004900069;3004900071;3004900072;3004900073;3004900074;3004900075;3004900076;3004900077;3004900078;3004900079;3004900081;3004900089;3004900090;3004901010;3004901020;3004901090;3004909100;3004909911;3004909912;3004909913;3004909914;3004909915;3004909916;3004909919;3004909921;3004909922;3004909923;3004909929;3004909930;3004909940;3004909941;3004909949;3004909950;3004909960;3004909971;3004909979;3004909981;3004909982;3004909983;3004909984;3004909989;3004909991;3004909992;3004909993;3004909999;3005100010;3005100091;3005100099;3005101000;3005109100;3005109900;3005900010;3005900020;3005900030;3005900040;3005900050;3005900060;3005900090;3005901000;3005902000;3005903000;3005909100;3005909200;3005909300;3005909900;3006100010;3006100090;3006200010;3006200020;3006200090;3006201000;3006202000;3006209000;3006300010;3006300020;3006300090;3006301000;3006309100;3006309900;3006400010;3006400020;3006400030;3006400090;3006401010;3006401020;3006402000;3006409000;3006500000;3006600000;3006600010;3006600011;3006600019;3006600090;3006701000;3006709000;3006801100;3006801900;3006809010;3006809020;3006809030;3006809041;3006809042;3006809043;3006809050;3006809060;3006910000;3006920000;3006931000;3006932000;3006933000;3006934000;3006939000,,
no,declared,425,3004200066,1,1,198801,imports,3004,300420,199101,199102,185394.00,"Spectinomycin, for human use, in dosage",yes,no,,no,no,same_subheading,23,23,190,377,377,161,377,3004200010;3004200020;3004200031;3004200039;3004200041;3004200049;3004200051;3004200052;3004200059;3004200061;3004200062;3004200063;3004200064;3004200069;3004200071;3004200079,0,0,3004200010;3004200011;3004200012;3004200013;3004200018;3004200019;3004200020;3004200031;3004200039;3004200041;3004200049;3004200051;3004200052;3004200059;3004200061;3004200062;3004200063;3004200064;3004200069;3004200071;3004200079;3004200080;3004200090,3001100010;3001100090;3001200000;3001900010;3001900020;3001900090;3001901000;3001902000;3001909000;3002100010;3002100021;3002100022;3002100023;3002100029;3002100030;3002100041;3002100042;3002100049;3002100051;3002100059;3002100060;3002100090;3002101010;3002101021;3002101022;3002101023;3002101029;3002101090;3002102110;3002102120;3002102190;3002102910;3002102920;3002102990;3002110000;3002120011;3002120012;3002120013;3002120019;3002120021;3002120029;3002130000;3002140000;3002150000;3002190000;3002200010;3002200020;3002200030;3002200090;3002300010;3002300090;3002301000;3002309000;3002310000;3002391000;3002399000;3002410010;3002410090;3002420010;3002420090;3002490010;3002490020;3002490090;3002510000;3002590000;3002900010;3002900011;3002900012;3002900019;3002900020;3002900030;3002900040;3002900050;3002900090;3002900091;3002900092;3002900093;3002900099;3002901010;3002901011;3002901019;3002901020;3002901030;3002901040;3002909010;3002909020;3002909030;3002909090;3003100000;3003200000;3003310000;3003310010;3003310090;3003311000;3003319900;3003390000;3003390010;3003390090;3003391000;3003399100;3003399900;3003400000;3003401000;3003409000;3003410000;3003420000;3003430000;3003490000;3003600000;3003900010;3003900020;3003900030;3003900090;3003900091;3003900099;3003901000;3003909100;3003909900;3003909910;3003909990;3004100010;3004100011;3004100012;3004100013;3004100014;3004100019;3004100020;3004100031;3004100032;3004100090;3004310000;3004310010;3004310090;3004311000;3004319900;3004320000;3004320010;3004320011;3004320019;3004320020;3004320081;3004320082;3004320089;3004320090;3004321000;3004329011;3004329012;3004329019;3004329020;3004390010;3004390011;3004390012;3004390013;3004390019;3004390081;3004390082;3004390083;3004390084;3004390085;3004390090;3004391000;3004399100;3004399910;3004399920;3004399930;3004399940;3004399950;3004399960;3004400010;3004400020;3004400030;3004400040;3004400050;3004400080;3004400090;3004401000;3004409011;3004409019;3004409020;3004409030;3004409040;3004409050;3004409060;3004409070;3004409080;3004409090;3004410000;3004420000;3004430000;3004490010;3004490090;3004500010;3004500011;3004500012;3004500013;3004500014;3004500019;3004500020;3004500031;3004500032;3004500039;3004500040;3004500050;3004500061;3004500069;3004500070;3004500090;3004501000;3004509100;3004509911;3004509912;3004509919;3004509920;3004509930;3004509941;3004509949;3004509950;3004600000;3004900011;3004900012;3004900019;3004900020;3004900021;3004900022;3004900023;3004900024;3004900025;3004900026;3004900027;3004900029;3004900031;3004900032;3004900033;3004900034;3004900035;3004900036;3004900039;3004900041;3004900042;3004900043;3004900049;3004900050;3004900061;3004900069;3004900071;3004900072;3004900073;3004900074;3004900075;3004900076;3004900077;3004900078;3004900079;3004900081;3004900089;3004900090;3004901010;3004901020;3004901090;3004909100;3004909911;3004909912;3004909913;3004909914;3004909915;3004909916;3004909919;3004909921;3004909922;3004909923;3004909929;3004909930;3004909941;3004909949;3004909950;3004909960;3004909971;3004909979;3004909981;3004909982;3004909983;3004909984;3004909989;3004909991;3004909992;3004909993;3004909999;3005100010;3005100091;3005100099;3005101000;3005109100;3005109900;3005900010;3005900020;3005900030;3005900040;3005900050;3005900060;3005900090;3005901000;3005902000;3005903000;3005909100;3005909200;3005909300;3005909900;3006100010;3006100090;3006200010;3006200020;3006200090;3006201000;3006202000;3006209000;3006300010;3006300020;3006300090;3006301000;3006309100;3006309900;3006400010;3006400020;3006400030;3006400090;3006401010;3006401020;3006402000;3006409000;3006500000;3006600000;3006600010;3006600011;3006600019;3006600090;3006701000;3006709000;3006801100;3006801900;3006809010;3006809020;3006809030;3006809041;3006809042;3006809043;3006809050;3006809060;3006910000;3006920000;3006931000;3006932000;3006933000;3006934000;3006939000,,
no,declared,174,3004200069,1,1,198801,imports,3004,300420,201112,201201,2133828374.00,"Antibiotics, nes, for human use, in dosage",yes,yes,2007->2012,yes,yes,same_subheading,7,7,65,158,158,109,158,3004200011;3004200012;3004200013;3004200018;3004200019;3004200080;3004200090,28,0,3004200011;3004200012;3004200013;3004200018;3004200019;3004200080;3004200090,3001200000;3001900010;3001900020;3001900090;3002100010;3002100021;3002100022;3002100023;3002100029;3002100030;3002100041;3002100042;3002100049;3002100051;3002100059;3002100090;3002110000;3002120011;3002120012;3002120013;3002120019;3002120021;3002120029;3002130000;3002140000;3002150000;3002190000;3002200010;3002200090;3002300010;3002300090;3002410010;3002410090;3002420010;3002420090;3002490010;3002490020;3002490090;3002510000;3002590000;3002900010;3002900011;3002900012;3002900019;3002900020;3002900030;3002900040;3002900050;3002900090;3002900091;3002900092;3002900093;3002900099;3003100000;3003200000;3003310000;3003390000;3003400000;3003410000;3003420000;3003430000;3003490000;3003600000;3003900030;3003900090;3004100010;3004100090;3004310000;3004320000;3004390011;3004390012;3004390013;3004390019;3004390090;3004400030;3004400040;3004400090;3004410000;3004420000;3004430000;3004490010;3004490090;3004500011;3004500012;3004500013;3004500014;3004500019;3004500090;3004600000;3004900011;3004900012;3004900019;3004900021;3004900022;3004900023;3004900024;3004900025;3004900026;3004900027;3004900029;3004900031;3004900032;3004900033;3004900034;3004900035;3004900036;3004900039;3004900042;3004900043;3004900049;3004900050;3004900061;3004900069;3004900071;3004900072;3004900073;3004900074;3004900075;3004900076;3004900077;3004900078;3004900079;3004900090;3005100010;3005100091;3005100099;3005900020;3005900030;3005900040;3005900090;3006100010;3006100090;3006200020;3006200090;3006300010;3006300090;3006400010;3006400090;3006500000;3006600000;3006600010;3006600090;3006701000;3006709000;3006910000;3006920000;3006931000;3006932000;3006933000;3006934000;3006939000,3002100090;3003310000;3003390000;3003900030;3003900090;3004100010;3004100090;3004200011;3004200012;3004200013;3004200018;3004200019;3004200080;3004200090;3004310000;3004320000;3004390011;3004390012;3004390013;3004390019;3004500011;3004500012;3004500013;3004500014;3004500019;3004500090;3004900090;3006600010,
no,declared,450,3004200070,1,1,198801,imports,3004,300420,198812,198901,4291483.00,"Antibiotics, nes, for vet use, in dosage",yes,no,,no,no,same_subheading,26,26,197,385,385,163,385,3004200010;3004200020;3004200031;3004200039;3004200041;3004200042;3004200049;3004200052;3004200059;3004200061;3004200062;3004200063;3004200064;3004200065;3004200066;3004200069;3004200071;3004200079,2,0,3004200010;3004200011;3004200012;3004200013;3004200018;3004200019;3004200020;3004200031;3004200039;3004200041;3004200042;3004200049;3004200051;3004200052;3004200059;3004200061;3004200062;3004200063;3004200064;3004200065;3004200066;3004200069;3004200071;3004200079;3004200080;3004200090,3001100010;3001100090;3001200000;3001900010;3001900020;3001900090;3001901000;3001902000;3001909000;3002100010;3002100021;3002100022;3002100023;3002100029;3002100030;3002100041;3002100042;3002100049;3002100051;3002100059;3002100060;3002100090;3002101010;3002101021;3002101022;3002101023;3002101029;3002101090;3002102110;3002102120;3002102190;3002102910;3002102920;3002102990;3002110000;3002120011;3002120012;3002120013;3002120019;3002120021;3002120029;3002130000;3002140000;3002150000;3002190000;3002200010;3002200020;3002200030;3002200090;3002300010;3002300090;3002301000;3002309000;3002310000;3002391000;3002399000;3002410010;3002410090;3002420010;3002420090;3002490010;3002490020;3002490090;3002510000;3002590000;3002900010;3002900011;3002900012;3002900019;3002900020;3002900030;3002900040;3002900050;3002900090;3002900091;3002900092;3002900093;3002900099;3002901010;3002901011;3002901019;3002901020;3002901030;3002901040;3002909010;3002909020;3002909030;3002909090;3003100000;3003200000;3003310000;3003310010;3003310090;3003311000;3003319100;3003319900;3003390000;3003390010;3003390090;3003391000;3003399100;3003399900;3003400000;3003401000;3003409000;3003410000;3003420000;3003430000;3003490000;3003600000;3003900010;3003900020;3003900030;3003900090;3003900091;3003900099;3003901000;3003909100;3003909900;3003909910;3003909990;3004100010;3004100011;3004100012;3004100013;3004100014;3004100019;3004100020;3004100031;3004100032;3004100090;3004310000;3004310010;3004310090;3004311000;3004319900;3004320000;3004320010;3004320011;3004320019;3004320020;3004320081;3004320082;3004320089;3004320090;3004321000;3004329011;3004329012;3004329019;3004329020;3004390010;3004390011;3004390012;3004390013;3004390019;3004390081;3004390082;3004390083;3004390084;3004390085;3004390090;3004391000;3004399100;3004399910;3004399920;3004399930;3004399940;3004399950;3004399960;3004400010;3004400020;3004400030;3004400040;3004400050;3004400080;3004400090;3004401000;3004409011;3004409019;3004409020;3004409030;3004409040;3004409050;3004409060;3004409070;3004409080;3004409090;3004410000;3004420000;3004430000;3004490010;3004490090;3004500010;3004500011;3004500012;3004500013;3004500014;3004500019;3004500020;3004500031;3004500032;3004500039;3004500040;3004500050;3004500061;3004500069;3004500070;3004500090;3004501000;3004509100;3004509911;3004509912;3004509919;3004509920;3004509921;3004509922;3004509929;3004509930;3004509941;3004509949;3004509950;3004600000;3004900011;3004900012;3004900019;3004900020;3004900021;3004900022;3004900023;3004900024;3004900025;3004900026;3004900027;3004900029;3004900031;3004900032;3004900033;3004900034;3004900035;3004900036;3004900039;3004900041;3004900042;3004900043;3004900049;3004900050;3004900061;3004900069;3004900071;3004900072;3004900073;3004900074;3004900075;3004900076;3004900077;3004900078;3004900079;3004900081;3004900089;3004900090;3004901010;3004901020;3004901090;3004909100;3004909911;3004909912;3004909913;3004909914;3004909915;3004909916;3004909919;3004909921;3004909922;3004909923;3004909929;3004909930;3004909940;3004909941;3004909949;3004909950;3004909960;3004909971;3004909979;3004909981;3004909982;3004909983;3004909984;3004909989;3004909991;3004909992;3004909993;3004909999;3005100010;3005100091;3005100099;3005101000;3005109100;3005109900;3005900010;3005900020;3005900030;3005900040;3005900050;3005900060;3005900090;3005901000;3005902000;3005903000;3005909100;3005909200;3005909300;3005909900;3006100010;3006100090;3006200010;3006200020;3006200090;3006201000;3006202000;3006209000;3006300010;3006300020;3006300090;3006301000;3006309100;3006309900;3006400010;3006400020;3006400030;3006400090;3006401010;3006401020;3006402000;3006409000;3006500000;3006600000;3006600010;3006600011;3006600019;3006600090;3006701000;3006709000;3006801100;3006801900;3006809010;3006809020;3006809030;3006809041;3006809042;3006809043;3006809050;3006809060;3006910000;3006920000;3006931000;3006932000;3006933000;3006934000;3006939000,3004200071;3004200079,
no,declared,174,3004200071,1,1,198901,imports,3004,300420,201112,201201,347629609.00,"Ivermectin, for veterinary use, in dosage",yes,yes,2007->2012,yes,yes,same_subheading,7,7,65,158,158,109,158,3004200011;3004200012;3004200013;3004200018;3004200019;3004200080;3004200090,28,0,3004200011;3004200012;3004200013;3004200018;3004200019;3004200080;3004200090,3001200000;3001900010;3001900020;3001900090;3002100010;3002100021;3002100022;3002100023;3002100029;3002100030;3002100041;3002100042;3002100049;3002100051;3002100059;3002100090;3002110000;3002120011;3002120012;3002120013;3002120019;3002120021;3002120029;3002130000;3002140000;3002150000;3002190000;3002200010;3002200090;3002300010;3002300090;3002410010;3002410090;3002420010;3002420090;3002490010;3002490020;3002490090;3002510000;3002590000;3002900010;3002900011;3002900012;3002900019;3002900020;3002900030;3002900040;3002900050;3002900090;3002900091;3002900092;3002900093;3002900099;3003100000;3003200000;3003310000;3003390000;3003400000;3003410000;3003420000;3003430000;3003490000;3003600000;3003900030;3003900090;3004100010;3004100090;3004310000;3004320000;3004390011;3004390012;3004390013;3004390019;3004390090;3004400030;3004400040;3004400090;3004410000;3004420000;3004430000;3004490010;3004490090;3004500011;3004500012;3004500013;3004500014;3004500019;3004500090;3004600000;3004900011;3004900012;3004900019;3004900021;3004900022;3004900023;3004900024;3004900025;3004900026;3004900027;3004900029;3004900031;3004900032;3004900033;3004900034;3004900035;3004900036;3004900039;3004900042;3004900043;3004900049;3004900050;3004900061;3004900069;3004900071;3004900072;3004900073;3004900074;3004900075;3004900076;3004900077;3004900078;3004900079;3004900090;3005100010;3005100091;3005100099;3005900020;3005900030;3005900040;3005900090;3006100010;3006100090;3006200020;3006200090;3006300010;3006300090;3006400010;3006400090;3006500000;3006600000;3006600010;3006600090;3006701000;3006709000;3006910000;3006920000;3006931000;3006932000;3006933000;3006934000;3006939000,3002100090;3003310000;3003390000;3003900030;3003900090;3004100010;3004100090;3004200011;3004200012;3004200013;3004200018;3004200019;3004200080;3004200090;3004310000;3004320000;3004390011;3004390012;3004390013;3004390019;3004500011;3004500012;3004500013;3004500014;3004500019;3004500090;3004900090;3006600010,
no,declared,174,3004200079,1,1,198901,imports,3004,300420,201112,201201,741387848.00,"Antibiotics, nes, for veterinary use, in dosage",yes,yes,2007->2012,yes,yes,same_subheading,7,7,65,158,158,109,158,3004200011;3004200012;3004200013;3004200018;3004200019;3004200080;3004200090,28,0,3004200011;3004200012;3004200013;3004200018;3004200019;3004200080;3004200090,3001200000;3001900010;3001900020;3001900090;3002100010;3002100021;3002100022;3002100023;3002100029;3002100030;3002100041;3002100042;3002100049;3002100051;3002100059;3002100090;3002110000;3002120011;3002120012;3002120013;3002120019;3002120021;3002120029;3002130000;3002140000;3002150000;3002190000;3002200010;3002200090;3002300010;3002300090;3002410010;3002410090;3002420010;3002420090;3002490010;3002490020;3002490090;3002510000;3002590000;3002900010;3002900011;3002900012;3002900019;3002900020;3002900030;3002900040;3002900050;3002900090;3002900091;3002900092;3002900093;3002900099;3003100000;3003200000;3003310000;3003390000;3003400000;3003410000;3003420000;3003430000;3003490000;3003600000;3003900030;3003900090;3004100010;3004100090;3004310000;3004320000;3004390011;3004390012;3004390013;3004390019;3004390090;3004400030;3004400040;3004400090;3004410000;3004420000;3004430000;3004490010;3004490090;3004500011;3004500012;3004500013;3004500014;3004500019;3004500090;3004600000;3004900011;3004900012;3004900019;3004900021;3004900022;3004900023;3004900024;3004900025;3004900026;3004900027;3004900029;3004900031;3004900032;3004900033;3004900034;3004900035;3004900036;3004900039;3004900042;3004900043;3004900049;3004900050;3004900061;3004900069;3004900071;3004900072;3004900073;3004900074;3004900075;3004900076;3004900077;3004900078;3004900079;3004900090;3005100010;3005100091;3005100099;3005900020;3005900030;3005900040;3005900090;3006100010;3006100090;3006200020;3006200090;3006300010;3006300090;3006400010;3006400090;3006500000;3006600000;3006600010;3006600090;3006701000;3006709000;3006910000;3006920000;3006931000;3006932000;3006933000;3006934000;3006939000,3002100090;3003310000;3003390000;3003900030;3003900090;3004100010;3004100090;3004200011;3004200012;3004200013;3004200018;3004200019;3004200080;3004200090;3004310000;3004320000;3004390011;3004390012;3004390013;3004390019;3004500011;3004500012;3004500013;3004500014;3004500019;3004500090;3004900090;3006600010,
no,declared,174,3004310010,1,1,199801,imports,3004,300431,201112,201201,1770683777.00,"Insulin, w/n mixed w zinc,globin or protamine, prepr for parentl admin,in dosage",yes,yes,2007->2012,yes,yes,same_subheading,1,1,65,158,158,109,158,3004310000,28,0,3004310000,3001200000;3001900010;3001900020;3001900090;3002100010;3002100021;3002100022;3002100023;3002100029;3002100030;3002100041;3002100042;3002100049;3002100051;3002100059;3002100090;3002110000;3002120011;3002120012;3002120013;3002120019;3002120021;3002120029;3002130000;3002140000;3002150000;3002190000;3002200010;3002200090;3002300010;3002300090;3002410010;3002410090;3002420010;3002420090;3002490010;3002490020;3002490090;3002510000;3002590000;3002900010;3002900011;3002900012;3002900019;3002900020;3002900030;3002900040;3002900050;3002900090;3002900091;3002900092;3002900093;3002900099;3003100000;3003200000;3003310000;3003390000;3003400000;3003410000;3003420000;3003430000;3003490000;3003600000;3003900030;3003900090;3004100010;3004100090;3004200011;3004200012;3004200013;3004200018;3004200019;3004200080;3004200090;3004320000;3004390011;3004390012;3004390013;3004390019;3004390090;3004400030;3004400040;3004400090;3004410000;3004420000;3004430000;3004490010;3004490090;3004500011;3004500012;3004500013;3004500014;3004500019;3004500090;3004600000;3004900011;3004900012;3004900019;3004900021;3004900022;3004900023;3004900024;3004900025;3004900026;3004900027;3004900029;3004900031;3004900032;3004900033;3004900034;3004900035;3004900036;3004900039;3004900042;3004900043;3004900049;3004900050;3004900061;3004900069;3004900071;3004900072;3004900073;3004900074;3004900075;3004900076;3004900077;3004900078;3004900079;3004900090;3005100010;3005100091;3005100099;3005900020;3005900030;3005900040;3005900090;3006100010;3006100090;3006200020;3006200090;3006300010;3006300090;3006400010;3006400090;3006500000;3006600000;3006600010;3006600090;3006701000;3006709000;3006910000;3006920000;3006931000;3006932000;3006933000;3006934000;3006939000,3002100090;3003310000;3003390000;3003900030;3003900090;3004100010;3004100090;3004200011;3004200012;3004200013;3004200018;3004200019;3004200080;3004200090;3004310000;3004320000;3004390011;3004390012;3004390013;3004390019;3004500011;3004500012;3004500013;3004500014;3004500019;3004500090;3004900090;3006600010,
no,declared,174,3004310090,1,1,199801,imports,3004,300431,201112,201201,7272310.00,"Insulin, nes, for human use, in dosage",yes,yes,2007->2012,yes,yes,same_subheading,1,1,65,158,158,109,158,3004310000,28,0,3004310000,3001200000;3001900010;3001900020;3001900090;3002100010;3002100021;3002100022;3002100023;3002100029;3002100030;3002100041;3002100042;3002100049;3002100051;3002100059;3002100090;3002110000;3002120011;3002120012;3002120013;3002120019;3002120021;3002120029;3002130000;3002140000;3002150000;3002190000;3002200010;3002200090;3002300010;3002300090;3002410010;3002410090;3002420010;3002420090;3002490010;3002490020;3002490090;3002510000;3002590000;3002900010;3002900011;3002900012;3002900019;3002900020;3002900030;3002900040;3002900050;3002900090;3002900091;3002900092;3002900093;3002900099;3003100000;3003200000;3003310000;3003390000;3003400000;3003410000;3003420000;3003430000;3003490000;3003600000;3003900030;3003900090;3004100010;3004100090;3004200011;3004200012;3004200013;3004200018;3004200019;3004200080;3004200090;3004320000;3004390011;3004390012;3004390013;3004390019;3004390090;3004400030;3004400040;3004400090;3004410000;3004420000;3004430000;3004490010;3004490090;3004500011;3004500012;3004500013;3004500014;3004500019;3004500090;3004600000;3004900011;3004900012;3004900019;3004900021;3004900022;3004900023;3004900024;3004900025;3004900026;3004900027;3004900029;3004900031;3004900032;3004900033;3004900034;3004900035;3004900036;3004900039;3004900042;3004900043;3004900049;3004900050;3004900061;3004900069;3004900071;3004900072;3004900073;3004900074;3004900075;3004900076;3004900077;3004900078;3004900079;3004900090;3005100010;3005100091;3005100099;3005900020;3005900030;3005900040;3005900090;3006100010;3006100090;3006200020;3006200090;3006300010;3006300090;3006400010;3006400090;3006500000;3006600000;3006600010;3006600090;3006701000;3006709000;3006910000;3006920000;3006931000;3006932000;3006933000;3006934000;3006939000,3002100090;3003310000;3003390000;3003900030;3003900090;3004100010;3004100090;3004200011;3004200012;3004200013;3004200018;3004200019;3004200080;3004200090;3004310000;3004320000;3004390011;3004390012;3004390013;3004390019;3004500011;3004500012;3004500013;3004500014;3004500019;3004500090;3004900090;3006600010,
no,declared,342,3004311000,1,1,198801,imports,3004,300431,199712,199801,266955474.00,"Insulin, w/n mixed w zinc, globin or protamine, prepr for parentl admin, in dos",yes,no,,no,no,same_subheading,3,3,120,245,245,148,245,3004310010;3004310090,106,0,3004310000;3004310010;3004310090,3001100010;3001100090;3001200000;3001900010;3001900020;3001900090;3002100010;3002100021;3002100022;3002100023;3002100029;3002100030;3002100041;3002100042;3002100049;3002100051;3002100059;3002100060;3002100090;3002110000;3002120011;3002120012;3002120013;3002120019;3002120021;3002120029;3002130000;3002140000;3002150000;3002190000;3002200010;3002200020;3002200030;3002200090;3002300010;3002300090;3002410010;3002410090;3002420010;3002420090;3002490010;3002490020;3002490090;3002510000;3002590000;3002900010;3002900011;3002900012;3002900019;3002900020;3002900030;3002900040;3002900050;3002900090;3002900091;3002900092;3002900093;3002900099;3003100000;3003200000;3003310000;3003310010;3003310090;3003390000;3003390010;3003390090;3003400000;3003410000;3003420000;3003430000;3003490000;3003600000;3003900010;3003900020;3003900030;3003900090;3003900091;3003900099;3004100010;3004100011;3004100012;3004100013;3004100019;3004100020;3004100031;3004100032;3004100090;3004200010;3004200011;3004200012;3004200013;3004200018;3004200019;3004200020;3004200031;3004200039;3004200041;3004200049;3004200051;3004200059;3004200061;3004200062;3004200063;3004200069;3004200071;3004200079;3004200080;3004200090;3004320000;3004320010;3004320011;3004320019;3004320020;3004320081;3004320082;3004320089;3004320090;3004390010;3004390011;3004390012;3004390013;3004390019;3004390081;3004390082;3004390083;3004390084;3004390085;3004390090;3004400010;3004400020;3004400030;3004400040;3004400050;3004400080;3004400090;3004410000;3004420000;3004430000;3004490010;3004490090;3004500010;3004500011;3004500012;3004500013;3004500014;3004500019;3004500020;3004500031;3004500032;3004500039;3004500040;3004500050;3004500061;3004500069;3004500070;3004500090;3004600000;3004900011;3004900012;3004900019;3004900020;3004900021;3004900022;3004900023;3004900024;3004900025;3004900026;3004900027;3004900029;3004900031;3004900032;3004900033;3004900034;3004900035;3004900036;3004900039;3004900041;3004900042;3004900043;3004900049;3004900050;3004900061;3004900069;3004900071;3004900072;3004900073;3004900074;3004900075;3004900076;3004900077;3004900078;3004900079;3004900081;3004900089;3004900090;3005100010;3005100091;3005100099;3005900010;3005900020;3005900030;3005900040;3005900050;3005900060;3005900090;3006100010;3006100090;3006200010;3006200020;3006200090;3006300010;3006300020;3006300090;3006400010;3006400020;3006400030;3006400090;3006500000;3006600000;3006600010;3006600011;3006600019;3006600090;3006701000;3006709000;3006801100;3006801900;3006809010;3006809020;3006809030;3006809041;3006809042;3006809043;3006809050;3006809060;3006910000;3006920000;3006931000;3006932000;3006933000;3006934000;3006939000,3001900010;3001900020;3001900090;3002100010;3002100021;3002100022;3002100023;3002100029;3002100030;3002100041;3002100042;3002100049;3002100051;3002100059;3002300010;3002300090;3002900011;3002900019;3002900020;3002900091;3002900092;3002900099;3003310090;3003390010;3003390090;3003400000;3003900010;3003900020;3003900091;3003900099;3004310010;3004310090;3004320081;3004320089;3004320090;3004390010;3004390081;3004390083;3004390084;3004390085;3004390090;3004400010;3004400020;3004400030;3004400040;3004400080;3004400090;3004500010;3004500020;3004500031;3004500032;3004500039;3004500040;3004500050;3004500061;3004500069;3004500070;3004900011;3004900012;3004900019;3004900020;3004900031;3004900032;3004900033;3004900034;3004900035;3004900036;3004900039;3004900041;3004900042;3004900043;3004900049;3004900050;3004900061;3004900069;3004900071;3004900072;3004900073;3004900074;3004900075;3004900076;3004900077;3004900078;3004900079;3004900081;3004900089;3005100010;3005100091;3005100099;3005900010;3005900020;3005900030;3005900040;3005900050;3005900060;3005900090;3006200010;3006200020;3006200090;3006300010;3006300020;3006300090;3006400010;3006400020;3006400030;3006400090,
no,declared,342,3004319900,1,1,198801,imports,3004,300431,199712,199801,1727839.00,"Insulin, nes, for human use, in dosage",yes,no,,no,no,same_subheading,3,3,120,245,245,148,245,3004310010;3004310090,106,0,3004310000;3004310010;3004310090,3001100010;3001100090;3001200000;3001900010;3001900020;3001900090;3002100010;3002100021;3002100022;3002100023;3002100029;3002100030;3002100041;3002100042;3002100049;3002100051;3002100059;3002100060;3002100090;3002110000;3002120011;3002120012;3002120013;3002120019;3002120021;3002120029;3002130000;3002140000;3002150000;3002190000;3002200010;3002200020;3002200030;3002200090;3002300010;3002300090;3002410010;3002410090;3002420010;3002420090;3002490010;3002490020;3002490090;3002510000;3002590000;3002900010;3002900011;3002900012;3002900019;3002900020;3002900030;3002900040;3002900050;3002900090;3002900091;3002900092;3002900093;3002900099;3003100000;3003200000;3003310000;3003310010;3003310090;3003390000;3003390010;3003390090;3003400000;3003410000;3003420000;3003430000;3003490000;3003600000;3003900010;3003900020;3003900030;3003900090;3003900091;3003900099;3004100010;3004100011;3004100012;3004100013;3004100019;3004100020;3004100031;3004100032;3004100090;3004200010;3004200011;3004200012;3004200013;3004200018;3004200019;3004200020;3004200031;3004200039;3004200041;3004200049;3004200051;3004200059;3004200061;3004200062;3004200063;3004200069;3004200071;3004200079;3004200080;3004200090;3004320000;3004320010;3004320011;3004320019;3004320020;3004320081;3004320082;3004320089;3004320090;3004390010;3004390011;3004390012;3004390013;3004390019;3004390081;3004390082;3004390083;3004390084;3004390085;3004390090;3004400010;3004400020;3004400030;3004400040;3004400050;3004400080;3004400090;3004410000;3004420000;3004430000;3004490010;3004490090;3004500010;3004500011;3004500012;3004500013;3004500014;3004500019;3004500020;3004500031;3004500032;3004500039;3004500040;3004500050;3004500061;3004500069;3004500070;3004500090;3004600000;3004900011;3004900012;3004900019;3004900020;3004900021;3004900022;3004900023;3004900024;3004900025;3004900026;3004900027;3004900029;3004900031;3004900032;3004900033;3004900034;3004900035;3004900036;3004900039;3004900041;3004900042;3004900043;3004900049;3004900050;3004900061;3004900069;3004900071;3004900072;3004900073;3004900074;3004900075;3004900076;3004900077;3004900078;3004900079;3004900081;3004900089;3004900090;3005100010;3005100091;3005100099;3005900010;3005900020;3005900030;3005900040;3005900050;3005900060;3005900090;3006100010;3006100090;3006200010;3006200020;3006200090;3006300010;3006300020;3006300090;3006400010;3006400020;3006400030;3006400090;3006500000;3006600000;3006600010;3006600011;3006600019;3006600090;3006701000;3006709000;3006801100;3006801900;3006809010;3006809020;3006809030;3006809041;3006809042;3006809043;3006809050;3006809060;3006910000;3006920000;3006931000;3006932000;3006933000;3006934000;3006939000,3001900010;3001900020;3001900090;3002100010;3002100021;3002100022;3002100023;3002100029;3002100030;3002100041;3002100042;3002100049;3002100051;3002100059;3002300010;3002300090;3002900011;3002900019;3002900020;3002900091;3002900092;3002900099;3003310090;3003390010;3003390090;3003400000;3003900010;3003900020;3003900091;3003900099;3004310010;3004310090;3004320081;3004320089;3004320090;3004390010;3004390081;3004390083;3004390084;3004390085;3004390090;3004400010;3004400020;3004400030;3004400040;3004400080;3004400090;3004500010;3004500020;3004500031;3004500032;3004500039;3004500040;3004500050;3004500061;3004500069;3004500070;3004900011;3004900012;3004900019;3004900020;3004900031;3004900032;3004900033;3004900034;3004900035;3004900036;3004900039;3004900041;3004900042;3004900043;3004900049;3004900050;3004900061;3004900069;3004900071;3004900072;3004900073;3004900074;3004900075;3004900076;3004900077;3004900078;3004900079;3004900081;3004900089;3005100010;3005100091;3005100099;3005900010;3005900020;3005900030;3005900040;3005900050;3005900060;3005900090;3006200010;3006200020;3006200090;3006300010;3006300020;3006300090;3006400010;3006400020;3006400030;3006400090,
no,declared,294,3004320010,1,1,199803,imports,3004,300432,200112,200201,929148.00,"Adrenal cortical horm, cont more than 23% of abs ethyl alc by vol, in dosage",yes,yes,1996->2002,no,no,same_subheading,4,4,115,240,240,157,240,3004320011;3004320019;3004320020,8,0,3004320000;3004320011;3004320019;3004320020,3001100010;3001100090;3001200000;3001900010;3001900020;3001900090;3002100010;3002100021;3002100022;3002100023;3002100029;3002100030;3002100041;3002100042;3002100049;3002100051;3002100059;3002100060;3002100090;3002110000;3002120011;3002120012;3002120013;3002120019;3002120021;3002120029;3002130000;3002140000;3002150000;3002190000;3002200010;3002200020;3002200030;3002200090;3002300010;3002300090;3002410010;3002410090;3002420010;3002420090;3002490010;3002490020;3002490090;3002510000;3002590000;3002900010;3002900011;3002900012;3002900019;3002900020;3002900030;3002900040;3002900050;3002900090;3002900091;3002900092;3002900093;3002900099;3003100000;3003200000;3003310000;3003310010;3003310090;3003390000;3003390010;3003390090;3003400000;3003410000;3003420000;3003430000;3003490000;3003600000;3003900010;3003900020;3003900030;3003900090;3003900091;3003900099;3004100010;3004100011;3004100012;3004100013;3004100019;3004100020;3004100031;3004100032;3004100090;3004200010;3004200011;3004200012;3004200013;3004200018;3004200019;3004200020;3004200031;3004200039;3004200041;3004200049;3004200051;3004200059;3004200061;3004200062;3004200063;3004200069;3004200071;3004200079;3004200080;3004200090;3004310000;3004310010;3004310090;3004390010;3004390011;3004390012;3004390013;3004390019;3004390081;3004390082;3004390083;3004390084;3004390085;3004390090;3004400010;3004400020;3004400030;3004400040;3004400050;3004400080;3004400090;3004410000;3004420000;3004430000;3004490010;3004490090;3004500010;3004500011;3004500012;3004500013;3004500014;3004500019;3004500020;3004500031;3004500032;3004500039;3004500040;3004500050;3004500061;3004500069;3004500070;3004500090;3004600000;3004900011;3004900012;3004900019;3004900020;3004900021;3004900022;3004900023;3004900024;3004900025;3004900026;3004900027;3004900029;3004900031;3004900032;3004900033;3004900034;3004900035;3004900036;3004900039;3004900041;3004900042;3004900043;3004900049;3004900050;3004900061;3004900069;3004900071;3004900072;3004900073;3004900074;3004900075;3004900076;3004900077;3004900078;3004900079;3004900081;3004900089;3004900090;3005100010;3005100091;3005100099;3005900010;3005900020;3005900030;3005900040;3005900050;3005900060;3005900090;3006100010;3006100090;3006200010;3006200020;3006200090;3006300010;3006300020;3006300090;3006400010;3006400020;3006400030;3006400090;3006500000;3006600000;3006600010;3006600011;3006600019;3006600090;3006701000;3006709000;3006801100;3006801900;3006809010;3006809020;3006809030;3006809041;3006809042;3006809043;3006809050;3006809060;3006910000;3006920000;3006931000;3006932000;3006933000;3006934000;3006939000,3004320011;3004320019;3004320020;3006701000;3006709000;3006801900;3006809010;3006809060,
no,declared,174,3004320011,1,1,200201,imports,3004,300432,201112,201201,30740274.00,"Hydrocortisone, for human use, in dosage",yes,yes,2007->2012,yes,yes,same_subheading,1,1,65,158,158,109,158,3004320000,28,0,3004320000,3001200000;3001900010;3001900020;3001900090;3002100010;3002100021;3002100022;3002100023;3002100029;3002100030;3002100041;3002100042;3002100049;3002100051;3002100059;3002100090;3002110000;3002120011;3002120012;3002120013;3002120019;3002120021;3002120029;3002130000;3002140000;3002150000;3002190000;3002200010;3002200090;3002300010;3002300090;3002410010;3002410090;3002420010;3002420090;3002490010;3002490020;3002490090;3002510000;3002590000;3002900010;3002900011;3002900012;3002900019;3002900020;3002900030;3002900040;3002900050;3002900090;3002900091;3002900092;3002900093;3002900099;3003100000;3003200000;3003310000;3003390000;3003400000;3003410000;3003420000;3003430000;3003490000;3003600000;3003900030;3003900090;3004100010;3004100090;3004200011;3004200012;3004200013;3004200018;3004200019;3004200080;3004200090;3004310000;3004390011;3004390012;3004390013;3004390019;3004390090;3004400030;3004400040;3004400090;3004410000;3004420000;3004430000;3004490010;3004490090;3004500011;3004500012;3004500013;3004500014;3004500019;3004500090;3004600000;3004900011;3004900012;3004900019;3004900021;3004900022;3004900023;3004900024;3004900025;3004900026;3004900027;3004900029;3004900031;3004900032;3004900033;3004900034;3004900035;3004900036;3004900039;3004900042;3004900043;3004900049;3004900050;3004900061;3004900069;3004900071;3004900072;3004900073;3004900074;3004900075;3004900076;3004900077;3004900078;3004900079;3004900090;3005100010;3005100091;3005100099;3005900020;3005900030;3005900040;3005900090;3006100010;3006100090;3006200020;3006200090;3006300010;3006300090;3006400010;3006400090;3006500000;3006600000;3006600010;3006600090;3006701000;3006709000;3006910000;3006920000;3006931000;3006932000;3006933000;3006934000;3006939000,3002100090;3003310000;3003390000;3003900030;3003900090;3004100010;3004100090;3004200011;3004200012;3004200013;3004200018;3004200019;3004200080;3004200090;3004310000;3004320000;3004390011;3004390012;3004390013;3004390019;3004500011;3004500012;3004500013;3004500014;3004500019;3004500090;3004900090;3006600010,
no,declared,174,3004320019,1,1,200201,imports,3004,300432,201112,201201,578742262.00,"Medicaments containing corticosteroid hormones, for human use, nes",yes,yes,2007->2012,yes,yes,same_subheading,1,1,65,158,158,109,158,3004320000,28,0,3004320000,3001200000;3001900010;3001900020;3001900090;3002100010;3002100021;3002100022;3002100023;3002100029;3002100030;3002100041;3002100042;3002100049;3002100051;3002100059;3002100090;3002110000;3002120011;3002120012;3002120013;3002120019;3002120021;3002120029;3002130000;3002140000;3002150000;3002190000;3002200010;3002200090;3002300010;3002300090;3002410010;3002410090;3002420010;3002420090;3002490010;3002490020;3002490090;3002510000;3002590000;3002900010;3002900011;3002900012;3002900019;3002900020;3002900030;3002900040;3002900050;3002900090;3002900091;3002900092;3002900093;3002900099;3003100000;3003200000;3003310000;3003390000;3003400000;3003410000;3003420000;3003430000;3003490000;3003600000;3003900030;3003900090;3004100010;3004100090;3004200011;3004200012;3004200013;3004200018;3004200019;3004200080;3004200090;3004310000;3004390011;3004390012;3004390013;3004390019;3004390090;3004400030;3004400040;3004400090;3004410000;3004420000;3004430000;3004490010;3004490090;3004500011;3004500012;3004500013;3004500014;3004500019;3004500090;3004600000;3004900011;3004900012;3004900019;3004900021;3004900022;3004900023;3004900024;3004900025;3004900026;3004900027;3004900029;3004900031;3004900032;3004900033;3004900034;3004900035;3004900036;3004900039;3004900042;3004900043;3004900049;3004900050;3004900061;3004900069;3004900071;3004900072;3004900073;3004900074;3004900075;3004900076;3004900077;3004900078;3004900079;3004900090;3005100010;3005100091;3005100099;3005900020;3005900030;3005900040;3005900090;3006100010;3006100090;3006200020;3006200090;3006300010;3006300090;3006400010;3006400090;3006500000;3006600000;3006600010;3006600090;3006701000;3006709000;3006910000;3006920000;3006931000;3006932000;3006933000;3006934000;3006939000,3002100090;3003310000;3003390000;3003900030;3003900090;3004100010;3004100090;3004200011;3004200012;3004200013;3004200018;3004200019;3004200080;3004200090;3004310000;3004320000;3004390011;3004390012;3004390013;3004390019;3004500011;3004500012;3004500013;3004500014;3004500019;3004500090;3004900090;3006600010,
no,declared,174,3004320020,1,1,200201,imports,3004,300432,201112,201201,13895452.00,"Corticosteriod hormones, for veterinary use, in dosage",yes,yes,2007->2012,yes,yes,same_subheading,1,1,65,158,158,109,158,3004320000,28,0,3004320000,3001200000;3001900010;3001900020;3001900090;3002100010;3002100021;3002100022;3002100023;3002100029;3002100030;3002100041;3002100042;3002100049;3002100051;3002100059;3002100090;3002110000;3002120011;3002120012;3002120013;3002120019;3002120021;3002120029;3002130000;3002140000;3002150000;3002190000;3002200010;3002200090;3002300010;3002300090;3002410010;3002410090;3002420010;3002420090;3002490010;3002490020;3002490090;3002510000;3002590000;3002900010;3002900011;3002900012;3002900019;3002900020;3002900030;3002900040;3002900050;3002900090;3002900091;3002900092;3002900093;3002900099;3003100000;3003200000;3003310000;3003390000;3003400000;3003410000;3003420000;3003430000;3003490000;3003600000;3003900030;3003900090;3004100010;3004100090;3004200011;3004200012;3004200013;3004200018;3004200019;3004200080;3004200090;3004310000;3004390011;3004390012;3004390013;3004390019;3004390090;3004400030;3004400040;3004400090;3004410000;3004420000;3004430000;3004490010;3004490090;3004500011;3004500012;3004500013;3004500014;3004500019;3004500090;3004600000;3004900011;3004900012;3004900019;3004900021;3004900022;3004900023;3004900024;3004900025;3004900026;3004900027;3004900029;3004900031;3004900032;3004900033;3004900034;3004900035;3004900036;3004900039;3004900042;3004900043;3004900049;3004900050;3004900061;3004900069;3004900071;3004900072;3004900073;3004900074;3004900075;3004900076;3004900077;3004900078;3004900079;3004900090;3005100010;3005100091;3005100099;3005900020;3005900030;3005900040;3005900090;3006100010;3006100090;3006200020;3006200090;3006300010;3006300090;3006400010;3006400090;3006500000;3006600000;3006600010;3006600090;3006701000;3006709000;3006910000;3006920000;3006931000;3006932000;3006933000;3006934000;3006939000,3002100090;3003310000;3003390000;3003900030;3003900090;3004100010;3004100090;3004200011;3004200012;3004200013;3004200018;3004200019;3004200080;3004200090;3004310000;3004320000;3004390011;3004390012;3004390013;3004390019;3004500011;3004500012;3004500013;3004500014;3004500019;3004500090;3004900090;3006600010,
no,declared,294,3004320081,1,1,199801,imports,3004,300432,200112,200201,10422499.00,"Hydrocortisone, for human use, in dosage",yes,yes,1996->2002,no,no,same_subheading,4,4,115,240,240,157,240,3004320011;3004320019;3004320020,8,0,3004320000;3004320011;3004320019;3004320020,3001100010;3001100090;3001200000;3001900010;3001900020;3001900090;3002100010;3002100021;3002100022;3002100023;3002100029;3002100030;3002100041;3002100042;3002100049;3002100051;3002100059;3002100060;3002100090;3002110000;3002120011;3002120012;3002120013;3002120019;3002120021;3002120029;3002130000;3002140000;3002150000;3002190000;3002200010;3002200020;3002200030;3002200090;3002300010;3002300090;3002410010;3002410090;3002420010;3002420090;3002490010;3002490020;3002490090;3002510000;3002590000;3002900010;3002900011;3002900012;3002900019;3002900020;3002900030;3002900040;3002900050;3002900090;3002900091;3002900092;3002900093;3002900099;3003100000;3003200000;3003310000;3003310010;3003310090;3003390000;3003390010;3003390090;3003400000;3003410000;3003420000;3003430000;3003490000;3003600000;3003900010;3003900020;3003900030;3003900090;3003900091;3003900099;3004100010;3004100011;3004100012;3004100013;3004100019;3004100020;3004100031;3004100032;3004100090;3004200010;3004200011;3004200012;3004200013;3004200018;3004200019;3004200020;3004200031;3004200039;3004200041;3004200049;3004200051;3004200059;3004200061;3004200062;3004200063;3004200069;3004200071;3004200079;3004200080;3004200090;3004310000;3004310010;3004310090;3004390010;3004390011;3004390012;3004390013;3004390019;3004390081;3004390082;3004390083;3004390084;3004390085;3004390090;3004400010;3004400020;3004400030;3004400040;3004400050;3004400080;3004400090;3004410000;3004420000;3004430000;3004490010;3004490090;3004500010;3004500011;3004500012;3004500013;3004500014;3004500019;3004500020;3004500031;3004500032;3004500039;3004500040;3004500050;3004500061;3004500069;3004500070;3004500090;3004600000;3004900011;3004900012;3004900019;3004900020;3004900021;3004900022;3004900023;3004900024;3004900025;3004900026;3004900027;3004900029;3004900031;3004900032;3004900033;3004900034;3004900035;3004900036;3004900039;3004900041;3004900042;3004900043;3004900049;3004900050;3004900061;3004900069;3004900071;3004900072;3004900073;3004900074;3004900075;3004900076;3004900077;3004900078;3004900079;3004900081;3004900089;3004900090;3005100010;3005100091;3005100099;3005900010;3005900020;3005900030;3005900040;3005900050;3005900060;3005900090;3006100010;3006100090;3006200010;3006200020;3006200090;3006300010;3006300020;3006300090;3006400010;3006400020;3006400030;3006400090;3006500000;3006600000;3006600010;3006600011;3006600019;3006600090;3006701000;3006709000;3006801100;3006801900;3006809010;3006809020;3006809030;3006809041;3006809042;3006809043;3006809050;3006809060;3006910000;3006920000;3006931000;3006932000;3006933000;3006934000;3006939000,3004320011;3004320019;3004320020;3006701000;3006709000;3006801900;3006809010;3006809060,
no,declared,295,3004320082,1,1,200011,imports,3004,300432,200111,200112,25.00,"Betamethasone, for human use, in dosage",yes,yes,1996->2002,no,no,same_subheading,8,8,119,244,244,161,244,3004320010;3004320011;3004320019;3004320020;3004320081;3004320089;3004320090,0,0,3004320000;3004320010;3004320011;3004320019;3004320020;3004320081;3004320089;3004320090,3001100010;3001100090;3001200000;3001900010;3001900020;3001900090;3002100010;3002100021;3002100022;3002100023;3002100029;3002100030;3002100041;3002100042;3002100049;3002100051;3002100059;3002100060;3002100090;3002110000;3002120011;3002120012;3002120013;3002120019;3002120021;3002120029;3002130000;3002140000;3002150000;3002190000;3002200010;3002200020;3002200030;3002200090;3002300010;3002300090;3002410010;3002410090;3002420010;3002420090;3002490010;3002490020;3002490090;3002510000;3002590000;3002900010;3002900011;3002900012;3002900019;3002900020;3002900030;3002900040;3002900050;3002900090;3002900091;3002900092;3002900093;3002900099;3003100000;3003200000;3003310000;3003310010;3003310090;3003390000;3003390010;3003390090;3003400000;3003410000;3003420000;3003430000;3003490000;3003600000;3003900010;3003900020;3003900030;3003900090;3003900091;3003900099;3004100010;3004100011;3004100012;3004100013;3004100019;3004100020;3004100031;3004100032;3004100090;3004200010;3004200011;3004200012;3004200013;3004200018;3004200019;3004200020;3004200031;3004200039;3004200041;3004200049;3004200051;3004200059;3004200061;3004200062;3004200063;3004200069;3004200071;3004200079;3004200080;3004200090;3004310000;3004310010;3004310090;3004390010;3004390011;3004390012;3004390013;3004390019;3004390081;3004390082;3004390083;3004390084;3004390085;3004390090;3004400010;3004400020;3004400030;3004400040;3004400050;3004400080;3004400090;3004410000;3004420000;3004430000;3004490010;3004490090;3004500010;3004500011;3004500012;3004500013;3004500014;3004500019;3004500020;3004500031;3004500032;3004500039;3004500040;3004500050;3004500061;3004500069;3004500070;3004500090;3004600000;3004900011;3004900012;3004900019;3004900020;3004900021;3004900022;3004900023;3004900024;3004900025;3004900026;3004900027;3004900029;3004900031;3004900032;3004900033;3004900034;3004900035;3004900036;3004900039;3004900041;3004900042;3004900043;3004900049;3004900050;3004900061;3004900069;3004900071;3004900072;3004900073;3004900074;3004900075;3004900076;3004900077;3004900078;3004900079;3004900081;3004900089;3004900090;3005100010;3005100091;3005100099;3005900010;3005900020;3005900030;3005900040;3005900050;3005900060;3005900090;3006100010;3006100090;3006200010;3006200020;3006200090;3006300010;3006300020;3006300090;3006400010;3006400020;3006400030;3006400090;3006500000;3006600000;3006600010;3006600011;3006600019;3006600090;3006701000;3006709000;3006801100;3006801900;3006809010;3006809020;3006809030;3006809041;3006809042;3006809043;3006809050;3006809060;3006910000;3006920000;3006931000;3006932000;3006933000;3006934000;3006939000,,
no,declared,294,3004320089,1,1,199801,imports,3004,300432,200112,200201,128397239.00,"Adrenal cortical hormones, nes, for human use, in dosage",yes,yes,1996->2002,no,no,same_subheading,4,4,115,240,240,157,240,3004320011;3004320019;3004320020,8,0,3004320000;3004320011;3004320019;3004320020,3001100010;3001100090;3001200000;3001900010;3001900020;3001900090;3002100010;3002100021;3002100022;3002100023;3002100029;3002100030;3002100041;3002100042;3002100049;3002100051;3002100059;3002100060;3002100090;3002110000;3002120011;3002120012;3002120013;3002120019;3002120021;3002120029;3002130000;3002140000;3002150000;3002190000;3002200010;3002200020;3002200030;3002200090;3002300010;3002300090;3002410010;3002410090;3002420010;3002420090;3002490010;3002490020;3002490090;3002510000;3002590000;3002900010;3002900011;3002900012;3002900019;3002900020;3002900030;3002900040;3002900050;3002900090;3002900091;3002900092;3002900093;3002900099;3003100000;3003200000;3003310000;3003310010;3003310090;3003390000;3003390010;3003390090;3003400000;3003410000;3003420000;3003430000;3003490000;3003600000;3003900010;3003900020;3003900030;3003900090;3003900091;3003900099;3004100010;3004100011;3004100012;3004100013;3004100019;3004100020;3004100031;3004100032;3004100090;3004200010;3004200011;3004200012;3004200013;3004200018;3004200019;3004200020;3004200031;3004200039;3004200041;3004200049;3004200051;3004200059;3004200061;3004200062;3004200063;3004200069;3004200071;3004200079;3004200080;3004200090;3004310000;3004310010;3004310090;3004390010;3004390011;3004390012;3004390013;3004390019;3004390081;3004390082;3004390083;3004390084;3004390085;3004390090;3004400010;3004400020;3004400030;3004400040;3004400050;3004400080;3004400090;3004410000;3004420000;3004430000;3004490010;3004490090;3004500010;3004500011;3004500012;3004500013;3004500014;3004500019;3004500020;3004500031;3004500032;3004500039;3004500040;3004500050;3004500061;3004500069;3004500070;3004500090;3004600000;3004900011;3004900012;3004900019;3004900020;3004900021;3004900022;3004900023;3004900024;3004900025;3004900026;3004900027;3004900029;3004900031;3004900032;3004900033;3004900034;3004900035;3004900036;3004900039;3004900041;3004900042;3004900043;3004900049;3004900050;3004900061;3004900069;3004900071;3004900072;3004900073;3004900074;3004900075;3004900076;3004900077;3004900078;3004900079;3004900081;3004900089;3004900090;3005100010;3005100091;3005100099;3005900010;3005900020;3005900030;3005900040;3005900050;3005900060;3005900090;3006100010;3006100090;3006200010;3006200020;3006200090;3006300010;3006300020;3006300090;3006400010;3006400020;3006400030;3006400090;3006500000;3006600000;3006600010;3006600011;3006600019;3006600090;3006701000;3006709000;3006801100;3006801900;3006809010;3006809020;3006809030;3006809041;3006809042;3006809043;3006809050;3006809060;3006910000;3006920000;3006931000;3006932000;3006933000;3006934000;3006939000,3004320011;3004320019;3004320020;3006701000;3006709000;3006801900;3006809010;3006809060,
no,declared,294,3004320090,1,1,199801,imports,3004,300432,200112,200201,38149408.00,"Adrenal cortical hormones, for vet use, in dosage",yes,yes,1996->2002,no,no,same_subheading,4,4,115,240,240,157,240,3004320011;3004320019;3004320020,8,0,3004320000;3004320011;3004320019;3004320020,3001100010;3001100090;3001200000;3001900010;3001900020;3001900090;3002100010;3002100021;3002100022;3002100023;3002100029;3002100030;3002100041;3002100042;3002100049;3002100051;3002100059;3002100060;3002100090;3002110000;3002120011;3002120012;3002120013;3002120019;3002120021;3002120029;3002130000;3002140000;3002150000;3002190000;3002200010;3002200020;3002200030;3002200090;3002300010;3002300090;3002410010;3002410090;3002420010;3002420090;3002490010;3002490020;3002490090;3002510000;3002590000;3002900010;3002900011;3002900012;3002900019;3002900020;3002900030;3002900040;3002900050;3002900090;3002900091;3002900092;3002900093;3002900099;3003100000;3003200000;3003310000;3003310010;3003310090;3003390000;3003390010;3003390090;3003400000;3003410000;3003420000;3003430000;3003490000;3003600000;3003900010;3003900020;3003900030;3003900090;3003900091;3003900099;3004100010;3004100011;3004100012;3004100013;3004100019;3004100020;3004100031;3004100032;3004100090;3004200010;3004200011;3004200012;3004200013;3004200018;3004200019;3004200020;3004200031;3004200039;3004200041;3004200049;3004200051;3004200059;3004200061;3004200062;3004200063;3004200069;3004200071;3004200079;3004200080;3004200090;3004310000;3004310010;3004310090;3004390010;3004390011;3004390012;3004390013;3004390019;3004390081;3004390082;3004390083;3004390084;3004390085;3004390090;3004400010;3004400020;3004400030;3004400040;3004400050;3004400080;3004400090;3004410000;3004420000;3004430000;3004490010;3004490090;3004500010;3004500011;3004500012;3004500013;3004500014;3004500019;3004500020;3004500031;3004500032;3004500039;3004500040;3004500050;3004500061;3004500069;3004500070;3004500090;3004600000;3004900011;3004900012;3004900019;3004900020;3004900021;3004900022;3004900023;3004900024;3004900025;3004900026;3004900027;3004900029;3004900031;3004900032;3004900033;3004900034;3004900035;3004900036;3004900039;3004900041;3004900042;3004900043;3004900049;3004900050;3004900061;3004900069;3004900071;3004900072;3004900073;3004900074;3004900075;3004900076;3004900077;3004900078;3004900079;3004900081;3004900089;3004900090;3005100010;3005100091;3005100099;3005900010;3005900020;3005900030;3005900040;3005900050;3005900060;3005900090;3006100010;3006100090;3006200010;3006200020;3006200090;3006300010;3006300020;3006300090;3006400010;3006400020;3006400030;3006400090;3006500000;3006600000;3006600010;3006600011;3006600019;3006600090;3006701000;3006709000;3006801100;3006801900;3006809010;3006809020;3006809030;3006809041;3006809042;3006809043;3006809050;3006809060;3006910000;3006920000;3006931000;3006932000;3006933000;3006934000;3006939000,3004320011;3004320019;3004320020;3006701000;3006709000;3006801900;3006809010;3006809060,
no,declared,342,3004321000,1,1,198906,imports,3004,300432,199712,199801,1805132.00,"Adrenal cortical horm, cont more than 23% of abs ethyl alc by vol, in dosage",yes,no,,no,no,same_subheading,9,9,120,245,245,148,245,3004320010;3004320081;3004320089;3004320090,106,0,3004320000;3004320010;3004320011;3004320019;3004320020;3004320081;3004320082;3004320089;3004320090,3001100010;3001100090;3001200000;3001900010;3001900020;3001900090;3002100010;3002100021;3002100022;3002100023;3002100029;3002100030;3002100041;3002100042;3002100049;3002100051;3002100059;3002100060;3002100090;3002110000;3002120011;3002120012;3002120013;3002120019;3002120021;3002120029;3002130000;3002140000;3002150000;3002190000;3002200010;3002200020;3002200030;3002200090;3002300010;3002300090;3002410010;3002410090;3002420010;3002420090;3002490010;3002490020;3002490090;3002510000;3002590000;3002900010;3002900011;3002900012;3002900019;3002900020;3002900030;3002900040;3002900050;3002900090;3002900091;3002900092;3002900093;3002900099;3003100000;3003200000;3003310000;3003310010;3003310090;3003390000;3003390010;3003390090;3003400000;3003410000;3003420000;3003430000;3003490000;3003600000;3003900010;3003900020;3003900030;3003900090;3003900091;3003900099;3004100010;3004100011;3004100012;3004100013;3004100019;3004100020;3004100031;3004100032;3004100090;3004200010;3004200011;3004200012;3004200013;3004200018;3004200019;3004200020;3004200031;3004200039;3004200041;3004200049;3004200051;3004200059;3004200061;3004200062;3004200063;3004200069;3004200071;3004200079;3004200080;3004200090;3004310000;3004310010;3004310090;3004390010;3004390011;3004390012;3004390013;3004390019;3004390081;3004390082;3004390083;3004390084;3004390085;3004390090;3004400010;3004400020;3004400030;3004400040;3004400050;3004400080;3004400090;3004410000;3004420000;3004430000;3004490010;3004490090;3004500010;3004500011;3004500012;3004500013;3004500014;3004500019;3004500020;3004500031;3004500032;3004500039;3004500040;3004500050;3004500061;3004500069;3004500070;3004500090;3004600000;3004900011;3004900012;3004900019;3004900020;3004900021;3004900022;3004900023;3004900024;3004900025;3004900026;3004900027;3004900029;3004900031;3004900032;3004900033;3004900034;3004900035;3004900036;3004900039;3004900041;3004900042;3004900043;3004900049;3004900050;3004900061;3004900069;3004900071;3004900072;3004900073;3004900074;3004900075;3004900076;3004900077;3004900078;3004900079;3004900081;3004900089;3004900090;3005100010;3005100091;3005100099;3005900010;3005900020;3005900030;3005900040;3005900050;3005900060;3005900090;3006100010;3006100090;3006200010;3006200020;3006200090;3006300010;3006300020;3006300090;3006400010;3006400020;3006400030;3006400090;3006500000;3006600000;3006600010;3006600011;3006600019;3006600090;3006701000;3006709000;3006801100;3006801900;3006809010;3006809020;3006809030;3006809041;3006809042;3006809043;3006809050;3006809060;3006910000;3006920000;3006931000;3006932000;3006933000;3006934000;3006939000,3001900010;3001900020;3001900090;3002100010;3002100021;3002100022;3002100023;3002100029;3002100030;3002100041;3002100042;3002100049;3002100051;3002100059;3002300010;3002300090;3002900011;3002900019;3002900020;3002900091;3002900092;3002900099;3003310090;3003390010;3003390090;3003400000;3003900010;3003900020;3003900091;3003900099;3004310010;3004310090;3004320081;3004320089;3004320090;3004390010;3004390081;3004390083;3004390084;3004390085;3004390090;3004400010;3004400020;3004400030;3004400040;3004400080;3004400090;3004500010;3004500020;3004500031;3004500032;3004500039;3004500040;3004500050;3004500061;3004500069;3004500070;3004900011;3004900012;3004900019;3004900020;3004900031;3004900032;3004900033;3004900034;3004900035;3004900036;3004900039;3004900041;3004900042;3004900043;3004900049;3004900050;3004900061;3004900069;3004900071;3004900072;3004900073;3004900074;3004900075;3004900076;3004900077;3004900078;3004900079;3004900081;3004900089;3005100010;3005100091;3005100099;3005900010;3005900020;3005900030;3005900040;3005900050;3005900060;3005900090;3006200010;3006200020;3006200090;3006300010;3006300020;3006300090;3006400010;3006400020;3006400030;3006400090,
no,declared,342,3004329011,1,1,198801,imports,3004,300432,199712,199801,23749181.00,"Hydrocortisone, for human use, in dosage",yes,no,,no,no,same_subheading,9,9,120,245,245,148,245,3004320010;3004320081;3004320089;3004320090,106,0,3004320000;3004320010;3004320011;3004320019;3004320020;3004320081;3004320082;3004320089;3004320090,3001100010;3001100090;3001200000;3001900010;3001900020;3001900090;3002100010;3002100021;3002100022;3002100023;3002100029;3002100030;3002100041;3002100042;3002100049;3002100051;3002100059;3002100060;3002100090;3002110000;3002120011;3002120012;3002120013;3002120019;3002120021;3002120029;3002130000;3002140000;3002150000;3002190000;3002200010;3002200020;3002200030;3002200090;3002300010;3002300090;3002410010;3002410090;3002420010;3002420090;3002490010;3002490020;3002490090;3002510000;3002590000;3002900010;3002900011;3002900012;3002900019;3002900020;3002900030;3002900040;3002900050;3002900090;3002900091;3002900092;3002900093;3002900099;3003100000;3003200000;3003310000;3003310010;3003310090;3003390000;3003390010;3003390090;3003400000;3003410000;3003420000;3003430000;3003490000;3003600000;3003900010;3003900020;3003900030;3003900090;3003900091;3003900099;3004100010;3004100011;3004100012;3004100013;3004100019;3004100020;3004100031;3004100032;3004100090;3004200010;3004200011;3004200012;3004200013;3004200018;3004200019;3004200020;3004200031;3004200039;3004200041;3004200049;3004200051;3004200059;3004200061;3004200062;3004200063;3004200069;3004200071;3004200079;3004200080;3004200090;3004310000;3004310010;3004310090;3004390010;3004390011;3004390012;3004390013;3004390019;3004390081;3004390082;3004390083;3004390084;3004390085;3004390090;3004400010;3004400020;3004400030;3004400040;3004400050;3004400080;3004400090;3004410000;3004420000;3004430000;3004490010;3004490090;3004500010;3004500011;3004500012;3004500013;3004500014;3004500019;3004500020;3004500031;3004500032;3004500039;3004500040;3004500050;3004500061;3004500069;3004500070;3004500090;3004600000;3004900011;3004900012;3004900019;3004900020;3004900021;3004900022;3004900023;3004900024;3004900025;3004900026;3004900027;3004900029;3004900031;3004900032;3004900033;3004900034;3004900035;3004900036;3004900039;3004900041;3004900042;3004900043;3004900049;3004900050;3004900061;3004900069;3004900071;3004900072;3004900073;3004900074;3004900075;3004900076;3004900077;3004900078;3004900079;3004900081;3004900089;3004900090;3005100010;3005100091;3005100099;3005900010;3005900020;3005900030;3005900040;3005900050;3005900060;3005900090;3006100010;3006100090;3006200010;3006200020;3006200090;3006300010;3006300020;3006300090;3006400010;3006400020;3006400030;3006400090;3006500000;3006600000;3006600010;3006600011;3006600019;3006600090;3006701000;3006709000;3006801100;3006801900;3006809010;3006809020;3006809030;3006809041;3006809042;3006809043;3006809050;3006809060;3006910000;3006920000;3006931000;3006932000;3006933000;3006934000;3006939000,3001900010;3001900020;3001900090;3002100010;3002100021;3002100022;3002100023;3002100029;3002100030;3002100041;3002100042;3002100049;3002100051;3002100059;3002300010;3002300090;3002900011;3002900019;3002900020;3002900091;3002900092;3002900099;3003310090;3003390010;3003390090;3003400000;3003900010;3003900020;3003900091;3003900099;3004310010;3004310090;3004320081;3004320089;3004320090;3004390010;3004390081;3004390083;3004390084;3004390085;3004390090;3004400010;3004400020;3004400030;3004400040;3004400080;3004400090;3004500010;3004500020;3004500031;3004500032;3004500039;3004500040;3004500050;3004500061;3004500069;3004500070;3004900011;3004900012;3004900019;3004900020;3004900031;3004900032;3004900033;3004900034;3004900035;3004900036;3004900039;3004900041;3004900042;3004900043;3004900049;3004900050;3004900061;3004900069;3004900071;3004900072;3004900073;3004900074;3004900075;3004900076;3004900077;3004900078;3004900079;3004900081;3004900089;3005100010;3005100091;3005100099;3005900010;3005900020;3005900030;3005900040;3005900050;3005900060;3005900090;3006200010;3006200020;3006200090;3006300010;3006300020;3006300090;3006400010;3006400020;3006400030;3006400090,
no,declared,348,3004329012,1,1,198803,imports,3004,300432,199706,199707,1190222.00,"Betamethasone, for human use, in dosage",yes,no,,no,no,same_subheading,13,13,181,360,360,263,360,3004320010;3004320081;3004320089;3004320090;3004321000;3004329011;3004329019;3004329020,0,0,3004320000;3004320010;3004320011;3004320019;3004320020;3004320081;3004320082;3004320089;3004320090;3004321000;3004329011;3004329019;3004329020,3001100010;3001100090;3001200000;3001900010;3001900020;3001900090;3001901000;3001902000;3001909000;3002100010;3002100021;3002100022;3002100023;3002100029;3002100030;3002100041;3002100042;3002100049;3002100051;3002100059;3002100060;3002100090;3002101010;3002101021;3002101022;3002101023;3002101029;3002101090;3002102110;3002102120;3002102190;3002102910;3002102990;3002110000;3002120011;3002120012;3002120013;3002120019;3002120021;3002120029;3002130000;3002140000;3002150000;3002190000;3002200010;3002200020;3002200030;3002200090;3002300010;3002300090;3002301000;3002309000;3002410010;3002410090;3002420010;3002420090;3002490010;3002490020;3002490090;3002510000;3002590000;3002900010;3002900011;3002900012;3002900019;3002900020;3002900030;3002900040;3002900050;3002900090;3002900091;3002900092;3002900093;3002900099;3002901011;3002901019;3002901020;3002901030;3002901040;3002909010;3002909030;3002909090;3003100000;3003200000;3003310000;3003310010;3003310090;3003311000;3003319900;3003390000;3003390010;3003390090;3003391000;3003399100;3003399900;3003400000;3003409000;3003410000;3003420000;3003430000;3003490000;3003600000;3003900010;3003900020;3003900030;3003900090;3003900091;3003900099;3003901000;3003909100;3003909910;3003909990;3004100010;3004100011;3004100012;3004100013;3004100019;3004100020;3004100031;3004100032;3004100090;3004200010;3004200011;3004200012;3004200013;3004200018;3004200019;3004200020;3004200031;3004200039;3004200041;3004200049;3004200051;3004200059;3004200061;3004200062;3004200063;3004200069;3004200071;3004200079;3004200080;3004200090;3004310000;3004310010;3004310090;3004311000;3004319900;3004390010;3004390011;3004390012;3004390013;3004390019;3004390081;3004390082;3004390083;3004390084;3004390085;3004390090;3004391000;3004399100;3004399910;3004399920;3004399930;3004399940;3004399950;3004399960;3004400010;3004400020;3004400030;3004400040;3004400050;3004400080;3004400090;3004401000;3004409019;3004409020;3004409030;3004409040;3004409050;3004409070;3004409080;3004409090;3004410000;3004420000;3004430000;3004490010;3004490090;3004500010;3004500011;3004500012;3004500013;3004500014;3004500019;3004500020;3004500031;3004500032;3004500039;3004500040;3004500050;3004500061;3004500069;3004500070;3004500090;3004501000;3004509911;3004509912;3004509919;3004509920;3004509930;3004509941;3004509949;3004509950;3004600000;3004900011;3004900012;3004900019;3004900020;3004900021;3004900022;3004900023;3004900024;3004900025;3004900026;3004900027;3004900029;3004900031;3004900032;3004900033;3004900034;3004900035;3004900036;3004900039;3004900041;3004900042;3004900043;3004900049;3004900050;3004900061;3004900069;3004900071;3004900072;3004900073;3004900074;3004900075;3004900076;3004900077;3004900078;3004900079;3004900081;3004900089;3004900090;3004901010;3004901020;3004901090;3004909100;3004909911;3004909912;3004909913;3004909914;3004909915;3004909916;3004909919;3004909921;3004909922;3004909923;3004909929;3004909930;3004909941;3004909949;3004909950;3004909960;3004909971;3004909979;3004909981;3004909982;3004909983;3004909984;3004909989;3004909991;3004909999;3005100010;3005100091;3005100099;3005101000;3005109100;3005109900;3005900010;3005900020;3005900030;3005900040;3005900050;3005900060;3005900090;3005901000;3005902000;3005903000;3005909100;3005909200;3005909300;3005909900;3006100010;3006100090;3006200010;3006200020;3006200090;3006201000;3006202000;3006209000;3006300010;3006300020;3006300090;3006301000;3006309100;3006309900;3006400010;3006400020;3006400030;3006400090;3006401010;3006401020;3006402000;3006409000;3006500000;3006600000;3006600010;3006600011;3006600019;3006600090;3006701000;3006709000;3006801100;3006801900;3006809010;3006809020;3006809030;3006809041;3006809042;3006809043;3006809050;3006809060;3006910000;3006920000;3006931000;3006932000;3006933000;3006934000;3006939000,,
no,declared,342,3004329019,1,1,198801,imports,3004,300432,199712,199801,195552129.00,"Adrenal cortical hormones, nes, for human use, in dosage",yes,no,,no,no,same_subheading,9,9,120,245,245,148,245,3004320010;3004320081;3004320089;3004320090,106,0,3004320000;3004320010;3004320011;3004320019;3004320020;3004320081;3004320082;3004320089;3004320090,3001100010;3001100090;3001200000;3001900010;3001900020;3001900090;3002100010;3002100021;3002100022;3002100023;3002100029;3002100030;3002100041;3002100042;3002100049;3002100051;3002100059;3002100060;3002100090;3002110000;3002120011;3002120012;3002120013;3002120019;3002120021;3002120029;3002130000;3002140000;3002150000;3002190000;3002200010;3002200020;3002200030;3002200090;3002300010;3002300090;3002410010;3002410090;3002420010;3002420090;3002490010;3002490020;3002490090;3002510000;3002590000;3002900010;3002900011;3002900012;3002900019;3002900020;3002900030;3002900040;3002900050;3002900090;3002900091;3002900092;3002900093;3002900099;3003100000;3003200000;3003310000;3003310010;3003310090;3003390000;3003390010;3003390090;3003400000;3003410000;3003420000;3003430000;3003490000;3003600000;3003900010;3003900020;3003900030;3003900090;3003900091;3003900099;3004100010;3004100011;3004100012;3004100013;3004100019;3004100020;3004100031;3004100032;3004100090;3004200010;3004200011;3004200012;3004200013;3004200018;3004200019;3004200020;3004200031;3004200039;3004200041;3004200049;3004200051;3004200059;3004200061;3004200062;3004200063;3004200069;3004200071;3004200079;3004200080;3004200090;3004310000;3004310010;3004310090;3004390010;3004390011;3004390012;3004390013;3004390019;3004390081;3004390082;3004390083;3004390084;3004390085;3004390090;3004400010;3004400020;3004400030;3004400040;3004400050;3004400080;3004400090;3004410000;3004420000;3004430000;3004490010;3004490090;3004500010;3004500011;3004500012;3004500013;3004500014;3004500019;3004500020;3004500031;3004500032;3004500039;3004500040;3004500050;3004500061;3004500069;3004500070;3004500090;3004600000;3004900011;3004900012;3004900019;3004900020;3004900021;3004900022;3004900023;3004900024;3004900025;3004900026;3004900027;3004900029;3004900031;3004900032;3004900033;3004900034;3004900035;3004900036;3004900039;3004900041;3004900042;3004900043;3004900049;3004900050;3004900061;3004900069;3004900071;3004900072;3004900073;3004900074;3004900075;3004900076;3004900077;3004900078;3004900079;3004900081;3004900089;3004900090;3005100010;3005100091;3005100099;3005900010;3005900020;3005900030;3005900040;3005900050;3005900060;3005900090;3006100010;3006100090;3006200010;3006200020;3006200090;3006300010;3006300020;3006300090;3006400010;3006400020;3006400030;3006400090;3006500000;3006600000;3006600010;3006600011;3006600019;3006600090;3006701000;3006709000;3006801100;3006801900;3006809010;3006809020;3006809030;3006809041;3006809042;3006809043;3006809050;3006809060;3006910000;3006920000;3006931000;3006932000;3006933000;3006934000;3006939000,3001900010;3001900020;3001900090;3002100010;3002100021;3002100022;3002100023;3002100029;3002100030;3002100041;3002100042;3002100049;3002100051;3002100059;3002300010;3002300090;3002900011;3002900019;3002900020;3002900091;3002900092;3002900099;3003310090;3003390010;3003390090;3003400000;3003900010;3003900020;3003900091;3003900099;3004310010;3004310090;3004320081;3004320089;3004320090;3004390010;3004390081;3004390083;3004390084;3004390085;3004390090;3004400010;3004400020;3004400030;3004400040;3004400080;3004400090;3004500010;3004500020;3004500031;3004500032;3004500039;3004500040;3004500050;3004500061;3004500069;3004500070;3004900011;3004900012;3004900019;3004900020;3004900031;3004900032;3004900033;3004900034;3004900035;3004900036;3004900039;3004900041;3004900042;3004900043;3004900049;3004900050;3004900061;3004900069;3004900071;3004900072;3004900073;3004900074;3004900075;3004900076;3004900077;3004900078;3004900079;3004900081;3004900089;3005100010;3005100091;3005100099;3005900010;3005900020;3005900030;3005900040;3005900050;3005900060;3005900090;3006200010;3006200020;3006200090;3006300010;3006300020;3006300090;3006400010;3006400020;3006400030;3006400090,
no,declared,342,3004329020,1,1,198802,imports,3004,300432,199712,199801,9284228.00,"Adrenal cortical hormones, for vet use, in dosage",yes,no,,no,no,same_subheading,9,9,120,245,245,148,245,3004320010;3004320081;3004320089;3004320090,106,0,3004320000;3004320010;3004320011;3004320019;3004320020;3004320081;3004320082;3004320089;3004320090,3001100010;3001100090;3001200000;3001900010;3001900020;3001900090;3002100010;3002100021;3002100022;3002100023;3002100029;3002100030;3002100041;3002100042;3002100049;3002100051;3002100059;3002100060;3002100090;3002110000;3002120011;3002120012;3002120013;3002120019;3002120021;3002120029;3002130000;3002140000;3002150000;3002190000;3002200010;3002200020;3002200030;3002200090;3002300010;3002300090;3002410010;3002410090;3002420010;3002420090;3002490010;3002490020;3002490090;3002510000;3002590000;3002900010;3002900011;3002900012;3002900019;3002900020;3002900030;3002900040;3002900050;3002900090;3002900091;3002900092;3002900093;3002900099;3003100000;3003200000;3003310000;3003310010;3003310090;3003390000;3003390010;3003390090;3003400000;3003410000;3003420000;3003430000;3003490000;3003600000;3003900010;3003900020;3003900030;3003900090;3003900091;3003900099;3004100010;3004100011;3004100012;3004100013;3004100019;3004100020;3004100031;3004100032;3004100090;3004200010;3004200011;3004200012;3004200013;3004200018;3004200019;3004200020;3004200031;3004200039;3004200041;3004200049;3004200051;3004200059;3004200061;3004200062;3004200063;3004200069;3004200071;3004200079;3004200080;3004200090;3004310000;3004310010;3004310090;3004390010;3004390011;3004390012;3004390013;3004390019;3004390081;3004390082;3004390083;3004390084;3004390085;3004390090;3004400010;3004400020;3004400030;3004400040;3004400050;3004400080;3004400090;3004410000;3004420000;3004430000;3004490010;3004490090;3004500010;3004500011;3004500012;3004500013;3004500014;3004500019;3004500020;3004500031;3004500032;3004500039;3004500040;3004500050;3004500061;3004500069;3004500070;3004500090;3004600000;3004900011;3004900012;3004900019;3004900020;3004900021;3004900022;3004900023;3004900024;3004900025;3004900026;3004900027;3004900029;3004900031;3004900032;3004900033;3004900034;3004900035;3004900036;3004900039;3004900041;3004900042;3004900043;3004900049;3004900050;3004900061;3004900069;3004900071;3004900072;3004900073;3004900074;3004900075;3004900076;3004900077;3004900078;3004900079;3004900081;3004900089;3004900090;3005100010;3005100091;3005100099;3005900010;3005900020;3005900030;3005900040;3005900050;3005900060;3005900090;3006100010;3006100090;3006200010;3006200020;3006200090;3006300010;3006300020;3006300090;3006400010;3006400020;3006400030;3006400090;3006500000;3006600000;3006600010;3006600011;3006600019;3006600090;3006701000;3006709000;3006801100;3006801900;3006809010;3006809020;3006809030;3006809041;3006809042;3006809043;3006809050;3006809060;3006910000;3006920000;3006931000;3006932000;3006933000;3006934000;3006939000,3001900010;3001900020;3001900090;3002100010;3002100021;3002100022;3002100023;3002100029;3002100030;3002100041;3002100042;3002100049;3002100051;3002100059;3002300010;3002300090;3002900011;3002900019;3002900020;3002900091;3002900092;3002900099;3003310090;3003390010;3003390090;3003400000;3003900010;3003900020;3003900091;3003900099;3004310010;3004310090;3004320081;3004320089;3004320090;3004390010;3004390081;3004390083;3004390084;3004390085;3004390090;3004400010;3004400020;3004400030;3004400040;3004400080;3004400090;3004500010;3004500020;3004500031;3004500032;3004500039;3004500040;3004500050;3004500061;3004500069;3004500070;3004900011;3004900012;3004900019;3004900020;3004900031;3004900032;3004900033;3004900034;3004900035;3004900036;3004900039;3004900041;3004900042;3004900043;3004900049;3004900050;3004900061;3004900069;3004900071;3004900072;3004900073;3004900074;3004900075;3004900076;3004900077;3004900078;3004900079;3004900081;3004900089;3005100010;3005100091;3005100099;3005900010;3005900020;3005900030;3005900040;3005900050;3005900060;3005900090;3006200010;3006200020;3006200090;3006300010;3006300020;3006300090;3006400010;3006400020;3006400030;3006400090,
no,declared,174,3004390010,1,1,199801,imports,3004,300439,201112,201201,220635457.00,"Epinephrine & its sol & pituitary extrc, prepr for parentl admin in hum, in dos",yes,yes,2007->2012,yes,yes,same_subheading,5,5,65,158,158,109,158,3004390011;3004390012;3004390013;3004390019;3004390090,28,0,3004390011;3004390012;3004390013;3004390019;3004390090,3001200000;3001900010;3001900020;3001900090;3002100010;3002100021;3002100022;3002100023;3002100029;3002100030;3002100041;3002100042;3002100049;3002100051;3002100059;3002100090;3002110000;3002120011;3002120012;3002120013;3002120019;3002120021;3002120029;3002130000;3002140000;3002150000;3002190000;3002200010;3002200090;3002300010;3002300090;3002410010;3002410090;3002420010;3002420090;3002490010;3002490020;3002490090;3002510000;3002590000;3002900010;3002900011;3002900012;3002900019;3002900020;3002900030;3002900040;3002900050;3002900090;3002900091;3002900092;3002900093;3002900099;3003100000;3003200000;3003310000;3003390000;3003400000;3003410000;3003420000;3003430000;3003490000;3003600000;3003900030;3003900090;3004100010;3004100090;3004200011;3004200012;3004200013;3004200018;3004200019;3004200080;3004200090;3004310000;3004320000;3004400030;3004400040;3004400090;3004410000;3004420000;3004430000;3004490010;3004490090;3004500011;3004500012;3004500013;3004500014;3004500019;3004500090;3004600000;3004900011;3004900012;3004900019;3004900021;3004900022;3004900023;3004900024;3004900025;3004900026;3004900027;3004900029;3004900031;3004900032;3004900033;3004900034;3004900035;3004900036;3004900039;3004900042;3004900043;3004900049;3004900050;3004900061;3004900069;3004900071;3004900072;3004900073;3004900074;3004900075;3004900076;3004900077;3004900078;3004900079;3004900090;3005100010;3005100091;3005100099;3005900020;3005900030;3005900040;3005900090;3006100010;3006100090;3006200020;3006200090;3006300010;3006300090;3006400010;3006400090;3006500000;3006600000;3006600010;3006600090;3006701000;3006709000;3006910000;3006920000;3006931000;3006932000;3006933000;3006934000;3006939000,3002100090;3003310000;3003390000;3003900030;3003900090;3004100010;3004100090;3004200011;3004200012;3004200013;3004200018;3004200019;3004200080;3004200090;3004310000;3004320000;3004390011;3004390012;3004390013;3004390019;3004500011;3004500012;3004500013;3004500014;3004500019;3004500090;3004900090;3006600010,
yes,trade_ceased_only,1,3004390012,1,1,201201,imports,3004,300439,202605,202606,184895196.00,"Medi,cont anterior pituitary hormones,f human,doses/pack frs,o/t No 30.02/05/06",yes,no,,no,yes,same_subheading,4,4,52,108,108,108,108,3004390011;3004390013;3004390019;3004390090,0,0,3004390011;3004390013;3004390019;3004390090,3001200000;3001900010;3001900020;3001900090;3002120011;3002120012;3002120013;3002120019;3002120021;3002120029;3002130000;3002140000;3002150000;3002410010;3002410090;3002420010;3002420090;3002490010;3002490020;3002490090;3002510000;3002590000;3002900020;3002900030;3002900040;3002900090;3003100000;3003200000;3003390000;3003490000;3003900030;3003900090;3004100010;3004100090;3004200011;3004200012;3004200013;3004200018;3004200019;3004200080;3004200090;3004310000;3004320000;3004420000;3004430000;3004490010;3004490090;3004500011;3004500012;3004500014;3004500019;3004500090;3004600000;3004900011;3004900012;3004900019;3004900021;3004900022;3004900023;3004900024;3004900025;3004900026;3004900027;3004900029;3004900042;3004900043;3004900049;3004900050;3004900061;3004900069;3004900071;3004900072;3004900073;3004900074;3004900075;3004900076;3004900077;3004900078;3004900079;3004900090;3005100010;3005100091;3005100099;3005900020;3005900030;3005900040;3005900090;3006100010;3006100090;3006300010;3006300090;3006400010;3006400090;3006500000;3006600000;3006701000;3006709000;3006910000;3006920000;3006931000;3006932000;3006933000;3006934000;3006939000,,
no,declared,174,3004390081,1,1,199801,imports,3004,300439,201112,201201,199276643.00,"Anterior pituitary hormones, for human use, in dosage",yes,yes,2007->2012,yes,yes,same_subheading,5,5,65,158,158,109,158,3004390011;3004390012;3004390013;3004390019;3004390090,28,0,3004390011;3004390012;3004390013;3004390019;3004390090,3001200000;3001900010;3001900020;3001900090;3002100010;3002100021;3002100022;3002100023;3002100029;3002100030;3002100041;3002100042;3002100049;3002100051;3002100059;3002100090;3002110000;3002120011;3002120012;3002120013;3002120019;3002120021;3002120029;3002130000;3002140000;3002150000;3002190000;3002200010;3002200090;3002300010;3002300090;3002410010;3002410090;3002420010;3002420090;3002490010;3002490020;3002490090;3002510000;3002590000;3002900010;3002900011;3002900012;3002900019;3002900020;3002900030;3002900040;3002900050;3002900090;3002900091;3002900092;3002900093;3002900099;3003100000;3003200000;3003310000;3003390000;3003400000;3003410000;3003420000;3003430000;3003490000;3003600000;3003900030;3003900090;3004100010;3004100090;3004200011;3004200012;3004200013;3004200018;3004200019;3004200080;3004200090;3004310000;3004320000;3004400030;3004400040;3004400090;3004410000;3004420000;3004430000;3004490010;3004490090;3004500011;3004500012;3004500013;3004500014;3004500019;3004500090;3004600000;3004900011;3004900012;3004900019;3004900021;3004900022;3004900023;3004900024;3004900025;3004900026;3004900027;3004900029;3004900031;3004900032;3004900033;3004900034;3004900035;3004900036;3004900039;3004900042;3004900043;3004900049;3004900050;3004900061;3004900069;3004900071;3004900072;3004900073;3004900074;3004900075;3004900076;3004900077;3004900078;3004900079;3004900090;3005100010;3005100091;3005100099;3005900020;3005900030;3005900040;3005900090;3006100010;3006100090;3006200020;3006200090;3006300010;3006300090;3006400010;3006400090;3006500000;3006600000;3006600010;3006600090;3006701000;3006709000;3006910000;3006920000;3006931000;3006932000;3006933000;3006934000;3006939000,3002100090;3003310000;3003390000;3003900030;3003900090;3004100010;3004100090;3004200011;3004200012;3004200013;3004200018;3004200019;3004200080;3004200090;3004310000;3004320000;3004390011;3004390012;3004390013;3004390019;3004500011;3004500012;3004500013;3004500014;3004500019;3004500090;3004900090;3006600010,
no,declared,174,3004390082,1,1,199806,imports,3004,300439,201112,201201,19967091.00,"Posterior pituitary hormones, for human use, in dosage",yes,yes,2007->2012,yes,yes,same_subheading,5,5,65,158,158,109,158,3004390011;3004390012;3004390013;3004390019;3004390090,28,0,3004390011;3004390012;3004390013;3004390019;3004390090,3001200000;3001900010;3001900020;3001900090;3002100010;3002100021;3002100022;3002100023;3002100029;3002100030;3002100041;3002100042;3002100049;3002100051;3002100059;3002100090;3002110000;3002120011;3002120012;3002120013;3002120019;3002120021;3002120029;3002130000;3002140000;3002150000;3002190000;3002200010;3002200090;3002300010;3002300090;3002410010;3002410090;3002420010;3002420090;3002490010;3002490020;3002490090;3002510000;3002590000;3002900010;3002900011;3002900012;3002900019;3002900020;3002900030;3002900040;3002900050;3002900090;3002900091;3002900092;3002900093;3002900099;3003100000;3003200000;3003310000;3003390000;3003400000;3003410000;3003420000;3003430000;3003490000;3003600000;3003900030;3003900090;3004100010;3004100090;3004200011;3004200012;3004200013;3004200018;3004200019;3004200080;3004200090;3004310000;3004320000;3004400030;3004400040;3004400090;3004410000;3004420000;3004430000;3004490010;3004490090;3004500011;3004500012;3004500013;3004500014;3004500019;3004500090;3004600000;3004900011;3004900012;3004900019;3004900021;3004900022;3004900023;3004900024;3004900025;3004900026;3004900027;3004900029;3004900031;3004900032;3004900033;3004900034;3004900035;3004900036;3004900039;3004900042;3004900043;3004900049;3004900050;3004900061;3004900069;3004900071;3004900072;3004900073;3004900074;3004900075;3004900076;3004900077;3004900078;3004900079;3004900090;3005100010;3005100091;3005100099;3005900020;3005900030;3005900040;3005900090;3006100010;3006100090;3006200020;3006200090;3006300010;3006300090;3006400010;3006400090;3006500000;3006600000;3006600010;3006600090;3006701000;3006709000;3006910000;3006920000;3006931000;3006932000;3006933000;3006934000;3006939000,3002100090;3003310000;3003390000;3003900030;3003900090;3004100010;3004100090;3004200011;3004200012;3004200013;3004200018;3004200019;3004200080;3004200090;3004310000;3004320000;3004390011;3004390012;3004390013;3004390019;3004500011;3004500012;3004500013;3004500014;3004500019;3004500090;3004900090;3006600010,
no,declared,174,3004390083,1,1,199801,imports,3004,300439,201112,201201,416139189.00,"Unmixed single estrogens, for human use, in dosage",yes,yes,2007->2012,yes,yes,same_subheading,5,5,65,158,158,109,158,3004390011;3004390012;3004390013;3004390019;3004390090,28,0,3004390011;3004390012;3004390013;3004390019;3004390090,3001200000;3001900010;3001900020;3001900090;3002100010;3002100021;3002100022;3002100023;3002100029;3002100030;3002100041;3002100042;3002100049;3002100051;3002100059;3002100090;3002110000;3002120011;3002120012;3002120013;3002120019;3002120021;3002120029;3002130000;3002140000;3002150000;3002190000;3002200010;3002200090;3002300010;3002300090;3002410010;3002410090;3002420010;3002420090;3002490010;3002490020;3002490090;3002510000;3002590000;3002900010;3002900011;3002900012;3002900019;3002900020;3002900030;3002900040;3002900050;3002900090;3002900091;3002900092;3002900093;3002900099;3003100000;3003200000;3003310000;3003390000;3003400000;3003410000;3003420000;3003430000;3003490000;3003600000;3003900030;3003900090;3004100010;3004100090;3004200011;3004200012;3004200013;3004200018;3004200019;3004200080;3004200090;3004310000;3004320000;3004400030;3004400040;3004400090;3004410000;3004420000;3004430000;3004490010;3004490090;3004500011;3004500012;3004500013;3004500014;3004500019;3004500090;3004600000;3004900011;3004900012;3004900019;3004900021;3004900022;3004900023;3004900024;3004900025;3004900026;3004900027;3004900029;3004900031;3004900032;3004900033;3004900034;3004900035;3004900036;3004900039;3004900042;3004900043;3004900049;3004900050;3004900061;3004900069;3004900071;3004900072;3004900073;3004900074;3004900075;3004900076;3004900077;3004900078;3004900079;3004900090;3005100010;3005100091;3005100099;3005900020;3005900030;3005900040;3005900090;3006100010;3006100090;3006200020;3006200090;3006300010;3006300090;3006400010;3006400090;3006500000;3006600000;3006600010;3006600090;3006701000;3006709000;3006910000;3006920000;3006931000;3006932000;3006933000;3006934000;3006939000,3002100090;3003310000;3003390000;3003900030;3003900090;3004100010;3004100090;3004200011;3004200012;3004200013;3004200018;3004200019;3004200080;3004200090;3004310000;3004320000;3004390011;3004390012;3004390013;3004390019;3004500011;3004500012;3004500013;3004500014;3004500019;3004500090;3004900090;3006600010,
no,declared,174,3004390084,1,1,199801,imports,3004,300439,201112,201201,34360926.00,"Unmixed single progestational hormones, for human use, in dosage",yes,yes,2007->2012,yes,yes,same_subheading,5,5,65,158,158,109,158,3004390011;3004390012;3004390013;3004390019;3004390090,28,0,3004390011;3004390012;3004390013;3004390019;3004390090,3001200000;3001900010;3001900020;3001900090;3002100010;3002100021;3002100022;3002100023;3002100029;3002100030;3002100041;3002100042;3002100049;3002100051;3002100059;3002100090;3002110000;3002120011;3002120012;3002120013;3002120019;3002120021;3002120029;3002130000;3002140000;3002150000;3002190000;3002200010;3002200090;3002300010;3002300090;3002410010;3002410090;3002420010;3002420090;3002490010;3002490020;3002490090;3002510000;3002590000;3002900010;3002900011;3002900012;3002900019;3002900020;3002900030;3002900040;3002900050;3002900090;3002900091;3002900092;3002900093;3002900099;3003100000;3003200000;3003310000;3003390000;3003400000;3003410000;3003420000;3003430000;3003490000;3003600000;3003900030;3003900090;3004100010;3004100090;3004200011;3004200012;3004200013;3004200018;3004200019;3004200080;3004200090;3004310000;3004320000;3004400030;3004400040;3004400090;3004410000;3004420000;3004430000;3004490010;3004490090;3004500011;3004500012;3004500013;3004500014;3004500019;3004500090;3004600000;3004900011;3004900012;3004900019;3004900021;3004900022;3004900023;3004900024;3004900025;3004900026;3004900027;3004900029;3004900031;3004900032;3004900033;3004900034;3004900035;3004900036;3004900039;3004900042;3004900043;3004900049;3004900050;3004900061;3004900069;3004900071;3004900072;3004900073;3004900074;3004900075;3004900076;3004900077;3004900078;3004900079;3004900090;3005100010;3005100091;3005100099;3005900020;3005900030;3005900040;3005900090;3006100010;3006100090;3006200020;3006200090;3006300010;3006300090;3006400010;3006400090;3006500000;3006600000;3006600010;3006600090;3006701000;3006709000;3006910000;3006920000;3006931000;3006932000;3006933000;3006934000;3006939000,3002100090;3003310000;3003390000;3003900030;3003900090;3004100010;3004100090;3004200011;3004200012;3004200013;3004200018;3004200019;3004200080;3004200090;3004310000;3004320000;3004390011;3004390012;3004390013;3004390019;3004500011;3004500012;3004500013;3004500014;3004500019;3004500090;3004900090;3006600010,
no,declared,174,3004390085,1,1,199801,imports,3004,300439,201112,201201,3103568844.00,"Hormones, nes, for human use, in dosage",yes,yes,2007->2012,yes,yes,same_subheading,5,5,65,158,158,109,158,3004390011;3004390012;3004390013;3004390019;3004390090,28,0,3004390011;3004390012;3004390013;3004390019;3004390090,3001200000;3001900010;3001900020;3001900090;3002100010;3002100021;3002100022;3002100023;3002100029;3002100030;3002100041;3002100042;3002100049;3002100051;3002100059;3002100090;3002110000;3002120011;3002120012;3002120013;3002120019;3002120021;3002120029;3002130000;3002140000;3002150000;3002190000;3002200010;3002200090;3002300010;3002300090;3002410010;3002410090;3002420010;3002420090;3002490010;3002490020;3002490090;3002510000;3002590000;3002900010;3002900011;3002900012;3002900019;3002900020;3002900030;3002900040;3002900050;3002900090;3002900091;3002900092;3002900093;3002900099;3003100000;3003200000;3003310000;3003390000;3003400000;3003410000;3003420000;3003430000;3003490000;3003600000;3003900030;3003900090;3004100010;3004100090;3004200011;3004200012;3004200013;3004200018;3004200019;3004200080;3004200090;3004310000;3004320000;3004400030;3004400040;3004400090;3004410000;3004420000;3004430000;3004490010;3004490090;3004500011;3004500012;3004500013;3004500014;3004500019;3004500090;3004600000;3004900011;3004900012;3004900019;3004900021;3004900022;3004900023;3004900024;3004900025;3004900026;3004900027;3004900029;3004900031;3004900032;3004900033;3004900034;3004900035;3004900036;3004900039;3004900042;3004900043;3004900049;3004900050;3004900061;3004900069;3004900071;3004900072;3004900073;3004900074;3004900075;3004900076;3004900077;3004900078;3004900079;3004900090;3005100010;3005100091;3005100099;3005900020;3005900030;3005900040;3005900090;3006100010;3006100090;3006200020;3006200090;3006300010;3006300090;3006400010;3006400090;3006500000;3006600000;3006600010;3006600090;3006701000;3006709000;3006910000;3006920000;3006931000;3006932000;3006933000;3006934000;3006939000,3002100090;3003310000;3003390000;3003900030;3003900090;3004100010;3004100090;3004200011;3004200012;3004200013;3004200018;3004200019;3004200080;3004200090;3004310000;3004320000;3004390011;3004390012;3004390013;3004390019;3004500011;3004500012;3004500013;3004500014;3004500019;3004500090;3004900090;3006600010,
no,declared,342,3004391000,1,1,198802,imports,3004,300439,199712,199801,28343955.00,"Epinephrine & its sol & pituitary extrc, prepr for parentl admin in hum, in dos",yes,no,,no,no,same_subheading,11,11,120,245,245,148,245,3004390010;3004390081;3004390082;3004390083;3004390084;3004390085;3004390090,106,0,3004390010;3004390011;3004390012;3004390013;3004390019;3004390081;3004390082;3004390083;3004390084;3004390085;3004390090,3001100010;3001100090;3001200000;3001900010;3001900020;3001900090;3002100010;3002100021;3002100022;3002100023;3002100029;3002100030;3002100041;3002100042;3002100049;3002100051;3002100059;3002100060;3002100090;3002110000;3002120011;3002120012;3002120013;3002120019;3002120021;3002120029;3002130000;3002140000;3002150000;3002190000;3002200010;3002200020;3002200030;3002200090;3002300010;3002300090;3002410010;3002410090;3002420010;3002420090;3002490010;3002490020;3002490090;3002510000;3002590000;3002900010;3002900011;3002900012;3002900019;3002900020;3002900030;3002900040;3002900050;3002900090;3002900091;3002900092;3002900093;3002900099;3003100000;3003200000;3003310000;3003310010;3003310090;3003390000;3003390010;3003390090;3003400000;3003410000;3003420000;3003430000;3003490000;3003600000;3003900010;3003900020;3003900030;3003900090;3003900091;3003900099;3004100010;3004100011;3004100012;3004100013;3004100019;3004100020;3004100031;3004100032;3004100090;3004200010;3004200011;3004200012;3004200013;3004200018;3004200019;3004200020;3004200031;3004200039;3004200041;3004200049;3004200051;3004200059;3004200061;3004200062;3004200063;3004200069;3004200071;3004200079;3004200080;3004200090;3004310000;3004310010;3004310090;3004320000;3004320010;3004320011;3004320019;3004320020;3004320081;3004320082;3004320089;3004320090;3004400010;3004400020;3004400030;3004400040;3004400050;3004400080;3004400090;3004410000;3004420000;3004430000;3004490010;3004490090;3004500010;3004500011;3004500012;3004500013;3004500014;3004500019;3004500020;3004500031;3004500032;3004500039;3004500040;3004500050;3004500061;3004500069;3004500070;3004500090;3004600000;3004900011;3004900012;3004900019;3004900020;3004900021;3004900022;3004900023;3004900024;3004900025;3004900026;3004900027;3004900029;3004900031;3004900032;3004900033;3004900034;3004900035;3004900036;3004900039;3004900041;3004900042;3004900043;3004900049;3004900050;3004900061;3004900069;3004900071;3004900072;3004900073;3004900074;3004900075;3004900076;3004900077;3004900078;3004900079;3004900081;3004900089;3004900090;3005100010;3005100091;3005100099;3005900010;3005900020;3005900030;3005900040;3005900050;3005900060;3005900090;3006100010;3006100090;3006200010;3006200020;3006200090;3006300010;3006300020;3006300090;3006400010;3006400020;3006400030;3006400090;3006500000;3006600000;3006600010;3006600011;3006600019;3006600090;3006701000;3006709000;3006801100;3006801900;3006809010;3006809020;3006809030;3006809041;3006809042;3006809043;3006809050;3006809060;3006910000;3006920000;3006931000;3006932000;3006933000;3006934000;3006939000,3001900010;3001900020;3001900090;3002100010;3002100021;3002100022;3002100023;3002100029;3002100030;3002100041;3002100042;3002100049;3002100051;3002100059;3002300010;3002300090;3002900011;3002900019;3002900020;3002900091;3002900092;3002900099;3003310090;3003390010;3003390090;3003400000;3003900010;3003900020;3003900091;3003900099;3004310010;3004310090;3004320081;3004320089;3004320090;3004390010;3004390081;3004390083;3004390084;3004390085;3004390090;3004400010;3004400020;3004400030;3004400040;3004400080;3004400090;3004500010;3004500020;3004500031;3004500032;3004500039;3004500040;3004500050;3004500061;3004500069;3004500070;3004900011;3004900012;3004900019;3004900020;3004900031;3004900032;3004900033;3004900034;3004900035;3004900036;3004900039;3004900041;3004900042;3004900043;3004900049;3004900050;3004900061;3004900069;3004900071;3004900072;3004900073;3004900074;3004900075;3004900076;3004900077;3004900078;3004900079;3004900081;3004900089;3005100010;3005100091;3005100099;3005900010;3005900020;3005900030;3005900040;3005900050;3005900060;3005900090;3006200010;3006200020;3006200090;3006300010;3006300020;3006300090;3006400010;3006400020;3006400030;3006400090,
no,declared,345,3004399100,1,1,198802,imports,3004,300439,199709,199710,288996.00,"Hormones, nes, cont more than 23% of abs ethy alc by vol, in dosage",yes,no,,no,no,same_subheading,18,18,179,356,356,259,356,3004390010;3004390081;3004390082;3004390083;3004390084;3004390085;3004390090;3004391000;3004399910;3004399920;3004399930;3004399940;3004399950;3004399960,0,0,3004390010;3004390011;3004390012;3004390013;3004390019;3004390081;3004390082;3004390083;3004390084;3004390085;3004390090;3004391000;3004399910;3004399920;3004399930;3004399940;3004399950;3004399960,3001100010;3001100090;3001200000;3001900010;3001900020;3001900090;3001901000;3001902000;3001909000;3002100010;3002100021;3002100022;3002100023;3002100029;3002100030;3002100041;3002100042;3002100049;3002100051;3002100059;3002100060;3002100090;3002101010;3002101021;3002101022;3002101023;3002101029;3002101090;3002102110;3002102120;3002102190;3002102910;3002102990;3002110000;3002120011;3002120012;3002120013;3002120019;3002120021;3002120029;3002130000;3002140000;3002150000;3002190000;3002200010;3002200020;3002200030;3002200090;3002300010;3002300090;3002301000;3002309000;3002410010;3002410090;3002420010;3002420090;3002490010;3002490020;3002490090;3002510000;3002590000;3002900010;3002900011;3002900012;3002900019;3002900020;3002900030;3002900040;3002900050;3002900090;3002900091;3002900092;3002900093;3002900099;3002901011;3002901019;3002901020;3002901030;3002901040;3002909010;3002909090;3003100000;3003200000;3003310000;3003310010;3003310090;3003311000;3003319900;3003390000;3003390010;3003390090;3003391000;3003399900;3003400000;3003409000;3003410000;3003420000;3003430000;3003490000;3003600000;3003900010;3003900020;3003900030;3003900090;3003900091;3003900099;3003901000;3003909100;3003909910;3003909990;3004100010;3004100011;3004100012;3004100013;3004100019;3004100020;3004100031;3004100032;3004100090;3004200010;3004200011;3004200012;3004200013;3004200018;3004200019;3004200020;3004200031;3004200039;3004200041;3004200049;3004200051;3004200059;3004200061;3004200062;3004200063;3004200069;3004200071;3004200079;3004200080;3004200090;3004310000;3004310010;3004310090;3004311000;3004319900;3004320000;3004320010;3004320011;3004320019;3004320020;3004320081;3004320082;3004320089;3004320090;3004321000;3004329011;3004329019;3004329020;3004400010;3004400020;3004400030;3004400040;3004400050;3004400080;3004400090;3004401000;3004409019;3004409030;3004409040;3004409050;3004409070;3004409080;3004409090;3004410000;3004420000;3004430000;3004490010;3004490090;3004500010;3004500011;3004500012;3004500013;3004500014;3004500019;3004500020;3004500031;3004500032;3004500039;3004500040;3004500050;3004500061;3004500069;3004500070;3004500090;3004501000;3004509911;3004509912;3004509919;3004509920;3004509930;3004509941;3004509949;3004509950;3004600000;3004900011;3004900012;3004900019;3004900020;3004900021;3004900022;3004900023;3004900024;3004900025;3004900026;3004900027;3004900029;3004900031;3004900032;3004900033;3004900034;3004900035;3004900036;3004900039;3004900041;3004900042;3004900043;3004900049;3004900050;3004900061;3004900069;3004900071;3004900072;3004900073;3004900074;3004900075;3004900076;3004900077;3004900078;3004900079;3004900081;3004900089;3004900090;3004901010;3004901020;3004901090;3004909100;3004909911;3004909912;3004909913;3004909914;3004909915;3004909916;3004909919;3004909921;3004909922;3004909923;3004909929;3004909930;3004909941;3004909949;3004909950;3004909960;3004909971;3004909979;3004909981;3004909982;3004909983;3004909984;3004909989;3004909991;3004909999;3005100010;3005100091;3005100099;3005101000;3005109100;3005109900;3005900010;3005900020;3005900030;3005900040;3005900050;3005900060;3005900090;3005901000;3005902000;3005903000;3005909100;3005909200;3005909300;3005909900;3006100010;3006100090;3006200010;3006200020;3006200090;3006201000;3006202000;3006209000;3006300010;3006300020;3006300090;3006301000;3006309100;3006309900;3006400010;3006400020;3006400030;3006400090;3006401010;3006401020;3006402000;3006409000;3006500000;3006600000;3006600010;3006600011;3006600019;3006600090;3006701000;3006709000;3006801100;3006801900;3006809010;3006809020;3006809030;3006809041;3006809042;3006809043;3006809050;3006809060;3006910000;3006920000;3006931000;3006932000;3006933000;3006934000;3006939000,,
no,declared,342,3004399910,1,1,198801,imports,3004,300439,199712,199801,97455853.00,"Anterior pituitary hormones, for human use, in dosage",yes,no,,no,no,same_subheading,11,11,120,245,245,148,245,3004390010;3004390081;3004390082;3004390083;3004390084;3004390085;3004390090,106,0,3004390010;3004390011;3004390012;3004390013;3004390019;3004390081;3004390082;3004390083;3004390084;3004390085;3004390090,3001100010;3001100090;3001200000;3001900010;3001900020;3001900090;3002100010;3002100021;3002100022;3002100023;3002100029;3002100030;3002100041;3002100042;3002100049;3002100051;3002100059;3002100060;3002100090;3002110000;3002120011;3002120012;3002120013;3002120019;3002120021;3002120029;3002130000;3002140000;3002150000;3002190000;3002200010;3002200020;3002200030;3002200090;3002300010;3002300090;3002410010;3002410090;3002420010;3002420090;3002490010;3002490020;3002490090;3002510000;3002590000;3002900010;3002900011;3002900012;3002900019;3002900020;3002900030;3002900040;3002900050;3002900090;3002900091;3002900092;3002900093;3002900099;3003100000;3003200000;3003310000;3003310010;3003310090;3003390000;3003390010;3003390090;3003400000;3003410000;3003420000;3003430000;3003490000;3003600000;3003900010;3003900020;3003900030;3003900090;3003900091;3003900099;3004100010;3004100011;3004100012;3004100013;3004100019;3004100020;3004100031;3004100032;3004100090;3004200010;3004200011;3004200012;3004200013;3004200018;3004200019;3004200020;3004200031;3004200039;3004200041;3004200049;3004200051;3004200059;3004200061;3004200062;3004200063;3004200069;3004200071;3004200079;3004200080;3004200090;3004310000;3004310010;3004310090;3004320000;3004320010;3004320011;3004320019;3004320020;3004320081;3004320082;3004320089;3004320090;3004400010;3004400020;3004400030;3004400040;3004400050;3004400080;3004400090;3004410000;3004420000;3004430000;3004490010;3004490090;3004500010;3004500011;3004500012;3004500013;3004500014;3004500019;3004500020;3004500031;3004500032;3004500039;3004500040;3004500050;3004500061;3004500069;3004500070;3004500090;3004600000;3004900011;3004900012;3004900019;3004900020;3004900021;3004900022;3004900023;3004900024;3004900025;3004900026;3004900027;3004900029;3004900031;3004900032;3004900033;3004900034;3004900035;3004900036;3004900039;3004900041;3004900042;3004900043;3004900049;3004900050;3004900061;3004900069;3004900071;3004900072;3004900073;3004900074;3004900075;3004900076;3004900077;3004900078;3004900079;3004900081;3004900089;3004900090;3005100010;3005100091;3005100099;3005900010;3005900020;3005900030;3005900040;3005900050;3005900060;3005900090;3006100010;3006100090;3006200010;3006200020;3006200090;3006300010;3006300020;3006300090;3006400010;3006400020;3006400030;3006400090;3006500000;3006600000;3006600010;3006600011;3006600019;3006600090;3006701000;3006709000;3006801100;3006801900;3006809010;3006809020;3006809030;3006809041;3006809042;3006809043;3006809050;3006809060;3006910000;3006920000;3006931000;3006932000;3006933000;3006934000;3006939000,3001900010;3001900020;3001900090;3002100010;3002100021;3002100022;3002100023;3002100029;3002100030;3002100041;3002100042;3002100049;3002100051;3002100059;3002300010;3002300090;3002900011;3002900019;3002900020;3002900091;3002900092;3002900099;3003310090;3003390010;3003390090;3003400000;3003900010;3003900020;3003900091;3003900099;3004310010;3004310090;3004320081;3004320089;3004320090;3004390010;3004390081;3004390083;3004390084;3004390085;3004390090;3004400010;3004400020;3004400030;3004400040;3004400080;3004400090;3004500010;3004500020;3004500031;3004500032;3004500039;3004500040;3004500050;3004500061;3004500069;3004500070;3004900011;3004900012;3004900019;3004900020;3004900031;3004900032;3004900033;3004900034;3004900035;3004900036;3004900039;3004900041;3004900042;3004900043;3004900049;3004900050;3004900061;3004900069;3004900071;3004900072;3004900073;3004900074;3004900075;3004900076;3004900077;3004900078;3004900079;3004900081;3004900089;3005100010;3005100091;3005100099;3005900010;3005900020;3005900030;3005900040;3005900050;3005900060;3005900090;3006200010;3006200020;3006200090;3006300010;3006300020;3006300090;3006400010;3006400020;3006400030;3006400090,
no,declared,342,3004399920,1,1,198801,imports,3004,300439,199712,199801,1779924.00,"Posterior pituitary hormones, for human use, in dosage",yes,no,,no,no,same_subheading,11,11,120,245,245,148,245,3004390010;3004390081;3004390082;3004390083;3004390084;3004390085;3004390090,106,0,3004390010;3004390011;3004390012;3004390013;3004390019;3004390081;3004390082;3004390083;3004390084;3004390085;3004390090,3001100010;3001100090;3001200000;3001900010;3001900020;3001900090;3002100010;3002100021;3002100022;3002100023;3002100029;3002100030;3002100041;3002100042;3002100049;3002100051;3002100059;3002100060;3002100090;3002110000;3002120011;3002120012;3002120013;3002120019;3002120021;3002120029;3002130000;3002140000;3002150000;3002190000;3002200010;3002200020;3002200030;3002200090;3002300010;3002300090;3002410010;3002410090;3002420010;3002420090;3002490010;3002490020;3002490090;3002510000;3002590000;3002900010;3002900011;3002900012;3002900019;3002900020;3002900030;3002900040;3002900050;3002900090;3002900091;3002900092;3002900093;3002900099;3003100000;3003200000;3003310000;3003310010;3003310090;3003390000;3003390010;3003390090;3003400000;3003410000;3003420000;3003430000;3003490000;3003600000;3003900010;3003900020;3003900030;3003900090;3003900091;3003900099;3004100010;3004100011;3004100012;3004100013;3004100019;3004100020;3004100031;3004100032;3004100090;3004200010;3004200011;3004200012;3004200013;3004200018;3004200019;3004200020;3004200031;3004200039;3004200041;3004200049;3004200051;3004200059;3004200061;3004200062;3004200063;3004200069;3004200071;3004200079;3004200080;3004200090;3004310000;3004310010;3004310090;3004320000;3004320010;3004320011;3004320019;3004320020;3004320081;3004320082;3004320089;3004320090;3004400010;3004400020;3004400030;3004400040;3004400050;3004400080;3004400090;3004410000;3004420000;3004430000;3004490010;3004490090;3004500010;3004500011;3004500012;3004500013;3004500014;3004500019;3004500020;3004500031;3004500032;3004500039;3004500040;3004500050;3004500061;3004500069;3004500070;3004500090;3004600000;3004900011;3004900012;3004900019;3004900020;3004900021;3004900022;3004900023;3004900024;3004900025;3004900026;3004900027;3004900029;3004900031;3004900032;3004900033;3004900034;3004900035;3004900036;3004900039;3004900041;3004900042;3004900043;3004900049;3004900050;3004900061;3004900069;3004900071;3004900072;3004900073;3004900074;3004900075;3004900076;3004900077;3004900078;3004900079;3004900081;3004900089;3004900090;3005100010;3005100091;3005100099;3005900010;3005900020;3005900030;3005900040;3005900050;3005900060;3005900090;3006100010;3006100090;3006200010;3006200020;3006200090;3006300010;3006300020;3006300090;3006400010;3006400020;3006400030;3006400090;3006500000;3006600000;3006600010;3006600011;3006600019;3006600090;3006701000;3006709000;3006801100;3006801900;3006809010;3006809020;3006809030;3006809041;3006809042;3006809043;3006809050;3006809060;3006910000;3006920000;3006931000;3006932000;3006933000;3006934000;3006939000,3001900010;3001900020;3001900090;3002100010;3002100021;3002100022;3002100023;3002100029;3002100030;3002100041;3002100042;3002100049;3002100051;3002100059;3002300010;3002300090;3002900011;3002900019;3002900020;3002900091;3002900092;3002900099;3003310090;3003390010;3003390090;3003400000;3003900010;3003900020;3003900091;3003900099;3004310010;3004310090;3004320081;3004320089;3004320090;3004390010;3004390081;3004390083;3004390084;3004390085;3004390090;3004400010;3004400020;3004400030;3004400040;3004400080;3004400090;3004500010;3004500020;3004500031;3004500032;3004500039;3004500040;3004500050;3004500061;3004500069;3004500070;3004900011;3004900012;3004900019;3004900020;3004900031;3004900032;3004900033;3004900034;3004900035;3004900036;3004900039;3004900041;3004900042;3004900043;3004900049;3004900050;3004900061;3004900069;3004900071;3004900072;3004900073;3004900074;3004900075;3004900076;3004900077;3004900078;3004900079;3004900081;3004900089;3005100010;3005100091;3005100099;3005900010;3005900020;3005900030;3005900040;3005900050;3005900060;3005900090;3006200010;3006200020;3006200090;3006300010;3006300020;3006300090;3006400010;3006400020;3006400030;3006400090,
no,declared,342,3004399930,1,1,198801,imports,3004,300439,199712,199801,125015221.00,"Unmixed single estrogens, for human use, in dosage",yes,no,,no,no,same_subheading,11,11,120,245,245,148,245,3004390010;3004390081;3004390082;3004390083;3004390084;3004390085;3004390090,106,0,3004390010;3004390011;3004390012;3004390013;3004390019;3004390081;3004390082;3004390083;3004390084;3004390085;3004390090,3001100010;3001100090;3001200000;3001900010;3001900020;3001900090;3002100010;3002100021;3002100022;3002100023;3002100029;3002100030;3002100041;3002100042;3002100049;3002100051;3002100059;3002100060;3002100090;3002110000;3002120011;3002120012;3002120013;3002120019;3002120021;3002120029;3002130000;3002140000;3002150000;3002190000;3002200010;3002200020;3002200030;3002200090;3002300010;3002300090;3002410010;3002410090;3002420010;3002420090;3002490010;3002490020;3002490090;3002510000;3002590000;3002900010;3002900011;3002900012;3002900019;3002900020;3002900030;3002900040;3002900050;3002900090;3002900091;3002900092;3002900093;3002900099;3003100000;3003200000;3003310000;3003310010;3003310090;3003390000;3003390010;3003390090;3003400000;3003410000;3003420000;3003430000;3003490000;3003600000;3003900010;3003900020;3003900030;3003900090;3003900091;3003900099;3004100010;3004100011;3004100012;3004100013;3004100019;3004100020;3004100031;3004100032;3004100090;3004200010;3004200011;3004200012;3004200013;3004200018;3004200019;3004200020;3004200031;3004200039;3004200041;3004200049;3004200051;3004200059;3004200061;3004200062;3004200063;3004200069;3004200071;3004200079;3004200080;3004200090;3004310000;3004310010;3004310090;3004320000;3004320010;3004320011;3004320019;3004320020;3004320081;3004320082;3004320089;3004320090;3004400010;3004400020;3004400030;3004400040;3004400050;3004400080;3004400090;3004410000;3004420000;3004430000;3004490010;3004490090;3004500010;3004500011;3004500012;3004500013;3004500014;3004500019;3004500020;3004500031;3004500032;3004500039;3004500040;3004500050;3004500061;3004500069;3004500070;3004500090;3004600000;3004900011;3004900012;3004900019;3004900020;3004900021;3004900022;3004900023;3004900024;3004900025;3004900026;3004900027;3004900029;3004900031;3004900032;3004900033;3004900034;3004900035;3004900036;3004900039;3004900041;3004900042;3004900043;3004900049;3004900050;3004900061;3004900069;3004900071;3004900072;3004900073;3004900074;3004900075;3004900076;3004900077;3004900078;3004900079;3004900081;3004900089;3004900090;3005100010;3005100091;3005100099;3005900010;3005900020;3005900030;3005900040;3005900050;3005900060;3005900090;3006100010;3006100090;3006200010;3006200020;3006200090;3006300010;3006300020;3006300090;3006400010;3006400020;3006400030;3006400090;3006500000;3006600000;3006600010;3006600011;3006600019;3006600090;3006701000;3006709000;3006801100;3006801900;3006809010;3006809020;3006809030;3006809041;3006809042;3006809043;3006809050;3006809060;3006910000;3006920000;3006931000;3006932000;3006933000;3006934000;3006939000,3001900010;3001900020;3001900090;3002100010;3002100021;3002100022;3002100023;3002100029;3002100030;3002100041;3002100042;3002100049;3002100051;3002100059;3002300010;3002300090;3002900011;3002900019;3002900020;3002900091;3002900092;3002900099;3003310090;3003390010;3003390090;3003400000;3003900010;3003900020;3003900091;3003900099;3004310010;3004310090;3004320081;3004320089;3004320090;3004390010;3004390081;3004390083;3004390084;3004390085;3004390090;3004400010;3004400020;3004400030;3004400040;3004400080;3004400090;3004500010;3004500020;3004500031;3004500032;3004500039;3004500040;3004500050;3004500061;3004500069;3004500070;3004900011;3004900012;3004900019;3004900020;3004900031;3004900032;3004900033;3004900034;3004900035;3004900036;3004900039;3004900041;3004900042;3004900043;3004900049;3004900050;3004900061;3004900069;3004900071;3004900072;3004900073;3004900074;3004900075;3004900076;3004900077;3004900078;3004900079;3004900081;3004900089;3005100010;3005100091;3005100099;3005900010;3005900020;3005900030;3005900040;3005900050;3005900060;3005900090;3006200010;3006200020;3006200090;3006300010;3006300020;3006300090;3006400010;3006400020;3006400030;3006400090,
no,declared,343,3004399940,1,1,198801,imports,3004,300439,199711,199712,29990842.00,"Unmixed single progestational hormones, for human use, in dosage",yes,no,,no,no,same_subheading,17,17,176,352,352,255,352,3004390010;3004390081;3004390082;3004390083;3004390084;3004390085;3004390090;3004391000;3004399910;3004399920;3004399930;3004399950;3004399960,0,0,3004390010;3004390011;3004390012;3004390013;3004390019;3004390081;3004390082;3004390083;3004390084;3004390085;3004390090;3004391000;3004399910;3004399920;3004399930;3004399950;3004399960,3001100010;3001100090;3001200000;3001900010;3001900020;3001900090;3001901000;3001902000;3001909000;3002100010;3002100021;3002100022;3002100023;3002100029;3002100030;3002100041;3002100042;3002100049;3002100051;3002100059;3002100060;3002100090;3002101010;3002101021;3002101022;3002101023;3002101029;3002101090;3002102110;3002102120;3002102190;3002102910;3002102990;3002110000;3002120011;3002120012;3002120013;3002120019;3002120021;3002120029;3002130000;3002140000;3002150000;3002190000;3002200010;3002200020;3002200030;3002200090;3002300010;3002300090;3002301000;3002309000;3002410010;3002410090;3002420010;3002420090;3002490010;3002490020;3002490090;3002510000;3002590000;3002900010;3002900011;3002900012;3002900019;3002900020;3002900030;3002900040;3002900050;3002900090;3002900091;3002900092;3002900093;3002900099;3002901011;3002901019;3002901020;3002901030;3002901040;3002909010;3002909090;3003100000;3003200000;3003310000;3003310010;3003310090;3003319900;3003390000;3003390010;3003390090;3003391000;3003399900;3003400000;3003409000;3003410000;3003420000;3003430000;3003490000;3003600000;3003900010;3003900020;3003900030;3003900090;3003900091;3003900099;3003901000;3003909100;3003909910;3003909990;3004100010;3004100011;3004100012;3004100013;3004100019;3004100020;3004100031;3004100032;3004100090;3004200010;3004200011;3004200012;3004200013;3004200018;3004200019;3004200020;3004200031;3004200039;3004200041;3004200049;3004200051;3004200059;3004200061;3004200062;3004200063;3004200069;3004200071;3004200079;3004200080;3004200090;3004310000;3004310010;3004310090;3004311000;3004319900;3004320000;3004320010;3004320011;3004320019;3004320020;3004320081;3004320082;3004320089;3004320090;3004321000;3004329011;3004329019;3004329020;3004400010;3004400020;3004400030;3004400040;3004400050;3004400080;3004400090;3004401000;3004409019;3004409050;3004409070;3004409080;3004409090;3004410000;3004420000;3004430000;3004490010;3004490090;3004500010;3004500011;3004500012;3004500013;3004500014;3004500019;3004500020;3004500031;3004500032;3004500039;3004500040;3004500050;3004500061;3004500069;3004500070;3004500090;3004501000;3004509911;3004509912;3004509919;3004509920;3004509930;3004509941;3004509949;3004509950;3004600000;3004900011;3004900012;3004900019;3004900020;3004900021;3004900022;3004900023;3004900024;3004900025;3004900026;3004900027;3004900029;3004900031;3004900032;3004900033;3004900034;3004900035;3004900036;3004900039;3004900041;3004900042;3004900043;3004900049;3004900050;3004900061;3004900069;3004900071;3004900072;3004900073;3004900074;3004900075;3004900076;3004900077;3004900078;3004900079;3004900081;3004900089;3004900090;3004901010;3004901020;3004901090;3004909100;3004909911;3004909912;3004909913;3004909914;3004909915;3004909916;3004909919;3004909921;3004909922;3004909923;3004909929;3004909930;3004909941;3004909949;3004909950;3004909960;3004909971;3004909979;3004909981;3004909982;3004909983;3004909984;3004909989;3004909991;3004909999;3005100010;3005100091;3005100099;3005101000;3005109100;3005109900;3005900010;3005900020;3005900030;3005900040;3005900050;3005900060;3005900090;3005901000;3005902000;3005903000;3005909100;3005909200;3005909300;3005909900;3006100010;3006100090;3006200010;3006200020;3006200090;3006201000;3006202000;3006209000;3006300010;3006300020;3006300090;3006301000;3006309100;3006309900;3006400010;3006400020;3006400030;3006400090;3006401010;3006401020;3006402000;3006409000;3006500000;3006600000;3006600010;3006600011;3006600019;3006600090;3006701000;3006709000;3006801100;3006801900;3006809010;3006809020;3006809030;3006809041;3006809042;3006809043;3006809050;3006809060;3006910000;3006920000;3006931000;3006932000;3006933000;3006934000;3006939000,,
no,declared,342,3004399950,1,1,198801,imports,3004,300439,199712,199801,313061021.00,"Hormones, nes, for human use, in dosage",yes,no,,no,no,same_subheading,11,11,120,245,245,148,245,3004390010;3004390081;3004390082;3004390083;3004390084;3004390085;3004390090,106,0,3004390010;3004390011;3004390012;3004390013;3004390019;3004390081;3004390082;3004390083;3004390084;3004390085;3004390090,3001100010;3001100090;3001200000;3001900010;3001900020;3001900090;3002100010;3002100021;3002100022;3002100023;3002100029;3002100030;3002100041;3002100042;3002100049;3002100051;3002100059;3002100060;3002100090;3002110000;3002120011;3002120012;3002120013;3002120019;3002120021;3002120029;3002130000;3002140000;3002150000;3002190000;3002200010;3002200020;3002200030;3002200090;3002300010;3002300090;3002410010;3002410090;3002420010;3002420090;3002490010;3002490020;3002490090;3002510000;3002590000;3002900010;3002900011;3002900012;3002900019;3002900020;3002900030;3002900040;3002900050;3002900090;3002900091;3002900092;3002900093;3002900099;3003100000;3003200000;3003310000;3003310010;3003310090;3003390000;3003390010;3003390090;3003400000;3003410000;3003420000;3003430000;3003490000;3003600000;3003900010;3003900020;3003900030;3003900090;3003900091;3003900099;3004100010;3004100011;3004100012;3004100013;3004100019;3004100020;3004100031;3004100032;3004100090;3004200010;3004200011;3004200012;3004200013;3004200018;3004200019;3004200020;3004200031;3004200039;3004200041;3004200049;3004200051;3004200059;3004200061;3004200062;3004200063;3004200069;3004200071;3004200079;3004200080;3004200090;3004310000;3004310010;3004310090;3004320000;3004320010;3004320011;3004320019;3004320020;3004320081;3004320082;3004320089;3004320090;3004400010;3004400020;3004400030;3004400040;3004400050;3004400080;3004400090;3004410000;3004420000;3004430000;3004490010;3004490090;3004500010;3004500011;3004500012;3004500013;3004500014;3004500019;3004500020;3004500031;3004500032;3004500039;3004500040;3004500050;3004500061;3004500069;3004500070;3004500090;3004600000;3004900011;3004900012;3004900019;3004900020;3004900021;3004900022;3004900023;3004900024;3004900025;3004900026;3004900027;3004900029;3004900031;3004900032;3004900033;3004900034;3004900035;3004900036;3004900039;3004900041;3004900042;3004900043;3004900049;3004900050;3004900061;3004900069;3004900071;3004900072;3004900073;3004900074;3004900075;3004900076;3004900077;3004900078;3004900079;3004900081;3004900089;3004900090;3005100010;3005100091;3005100099;3005900010;3005900020;3005900030;3005900040;3005900050;3005900060;3005900090;3006100010;3006100090;3006200010;3006200020;3006200090;3006300010;3006300020;3006300090;3006400010;3006400020;3006400030;3006400090;3006500000;3006600000;3006600010;3006600011;3006600019;3006600090;3006701000;3006709000;3006801100;3006801900;3006809010;3006809020;3006809030;3006809041;3006809042;3006809043;3006809050;3006809060;3006910000;3006920000;3006931000;3006932000;3006933000;3006934000;3006939000,3001900010;3001900020;3001900090;3002100010;3002100021;3002100022;3002100023;3002100029;3002100030;3002100041;3002100042;3002100049;3002100051;3002100059;3002300010;3002300090;3002900011;3002900019;3002900020;3002900091;3002900092;3002900099;3003310090;3003390010;3003390090;3003400000;3003900010;3003900020;3003900091;3003900099;3004310010;3004310090;3004320081;3004320089;3004320090;3004390010;3004390081;3004390083;3004390084;3004390085;3004390090;3004400010;3004400020;3004400030;3004400040;3004400080;3004400090;3004500010;3004500020;3004500031;3004500032;3004500039;3004500040;3004500050;3004500061;3004500069;3004500070;3004900011;3004900012;3004900019;3004900020;3004900031;3004900032;3004900033;3004900034;3004900035;3004900036;3004900039;3004900041;3004900042;3004900043;3004900049;3004900050;3004900061;3004900069;3004900071;3004900072;3004900073;3004900074;3004900075;3004900076;3004900077;3004900078;3004900079;3004900081;3004900089;3005100010;3005100091;3005100099;3005900010;3005900020;3005900030;3005900040;3005900050;3005900060;3005900090;3006200010;3006200020;3006200090;3006300010;3006300020;3006300090;3006400010;3006400020;3006400030;3006400090,
no,declared,342,3004399960,1,1,198801,imports,3004,300439,199712,199801,39767037.00,"Hormones, nes, for vet use, in dosage",yes,no,,no,no,same_subheading,11,11,120,245,245,148,245,3004390010;3004390081;3004390082;3004390083;3004390084;3004390085;3004390090,106,0,3004390010;3004390011;3004390012;3004390013;3004390019;3004390081;3004390082;3004390083;3004390084;3004390085;3004390090,3001100010;3001100090;3001200000;3001900010;3001900020;3001900090;3002100010;3002100021;3002100022;3002100023;3002100029;3002100030;3002100041;3002100042;3002100049;3002100051;3002100059;3002100060;3002100090;3002110000;3002120011;3002120012;3002120013;3002120019;3002120021;3002120029;3002130000;3002140000;3002150000;3002190000;3002200010;3002200020;3002200030;3002200090;3002300010;3002300090;3002410010;3002410090;3002420010;3002420090;3002490010;3002490020;3002490090;3002510000;3002590000;3002900010;3002900011;3002900012;3002900019;3002900020;3002900030;3002900040;3002900050;3002900090;3002900091;3002900092;3002900093;3002900099;3003100000;3003200000;3003310000;3003310010;3003310090;3003390000;3003390010;3003390090;3003400000;3003410000;3003420000;3003430000;3003490000;3003600000;3003900010;3003900020;3003900030;3003900090;3003900091;3003900099;3004100010;3004100011;3004100012;3004100013;3004100019;3004100020;3004100031;3004100032;3004100090;3004200010;3004200011;3004200012;3004200013;3004200018;3004200019;3004200020;3004200031;3004200039;3004200041;3004200049;3004200051;3004200059;3004200061;3004200062;3004200063;3004200069;3004200071;3004200079;3004200080;3004200090;3004310000;3004310010;3004310090;3004320000;3004320010;3004320011;3004320019;3004320020;3004320081;3004320082;3004320089;3004320090;3004400010;3004400020;3004400030;3004400040;3004400050;3004400080;3004400090;3004410000;3004420000;3004430000;3004490010;3004490090;3004500010;3004500011;3004500012;3004500013;3004500014;3004500019;3004500020;3004500031;3004500032;3004500039;3004500040;3004500050;3004500061;3004500069;3004500070;3004500090;3004600000;3004900011;3004900012;3004900019;3004900020;3004900021;3004900022;3004900023;3004900024;3004900025;3004900026;3004900027;3004900029;3004900031;3004900032;3004900033;3004900034;3004900035;3004900036;3004900039;3004900041;3004900042;3004900043;3004900049;3004900050;3004900061;3004900069;3004900071;3004900072;3004900073;3004900074;3004900075;3004900076;3004900077;3004900078;3004900079;3004900081;3004900089;3004900090;3005100010;3005100091;3005100099;3005900010;3005900020;3005900030;3005900040;3005900050;3005900060;3005900090;3006100010;3006100090;3006200010;3006200020;3006200090;3006300010;3006300020;3006300090;3006400010;3006400020;3006400030;3006400090;3006500000;3006600000;3006600010;3006600011;3006600019;3006600090;3006701000;3006709000;3006801100;3006801900;3006809010;3006809020;3006809030;3006809041;3006809042;3006809043;3006809050;3006809060;3006910000;3006920000;3006931000;3006932000;3006933000;3006934000;3006939000,3001900010;3001900020;3001900090;3002100010;3002100021;3002100022;3002100023;3002100029;3002100030;3002100041;3002100042;3002100049;3002100051;3002100059;3002300010;3002300090;3002900011;3002900019;3002900020;3002900091;3002900092;3002900099;3003310090;3003390010;3003390090;3003400000;3003900010;3003900020;3003900091;3003900099;3004310010;3004310090;3004320081;3004320089;3004320090;3004390010;3004390081;3004390083;3004390084;3004390085;3004390090;3004400010;3004400020;3004400030;3004400040;3004400080;3004400090;3004500010;3004500020;3004500031;3004500032;3004500039;3004500040;3004500050;3004500061;3004500069;3004500070;3004900011;3004900012;3004900019;3004900020;3004900031;3004900032;3004900033;3004900034;3004900035;3004900036;3004900039;3004900041;3004900042;3004900043;3004900049;3004900050;3004900061;3004900069;3004900071;3004900072;3004900073;3004900074;3004900075;3004900076;3004900077;3004900078;3004900079;3004900081;3004900089;3005100010;3005100091;3005100099;3005900010;3005900020;3005900030;3005900040;3005900050;3005900060;3005900090;3006200010;3006200020;3006200090;3006300010;3006300020;3006300090;3006400010;3006400020;3006400030;3006400090,
no,declared,174,3004400010,1,1,199801,imports,3004,300440,201112,201201,125087424.00,"Codeine or its derivatives, for human use, in dosage",yes,yes,2007->2012,yes,yes,same_subheading,3,3,65,158,158,109,158,3004400030;3004400040;3004400090,28,0,3004400030;3004400040;3004400090,3001200000;3001900010;3001900020;3001900090;3002100010;3002100021;3002100022;3002100023;3002100029;3002100030;3002100041;3002100042;3002100049;3002100051;3002100059;3002100090;3002110000;3002120011;3002120012;3002120013;3002120019;3002120021;3002120029;3002130000;3002140000;3002150000;3002190000;3002200010;3002200090;3002300010;3002300090;3002410010;3002410090;3002420010;3002420090;3002490010;3002490020;3002490090;3002510000;3002590000;3002900010;3002900011;3002900012;3002900019;3002900020;3002900030;3002900040;3002900050;3002900090;3002900091;3002900092;3002900093;3002900099;3003100000;3003200000;3003310000;3003390000;3003400000;3003410000;3003420000;3003430000;3003490000;3003600000;3003900030;3003900090;3004100010;3004100090;3004200011;3004200012;3004200013;3004200018;3004200019;3004200080;3004200090;3004310000;3004320000;3004390011;3004390012;3004390013;3004390019;3004390090;3004410000;3004420000;3004430000;3004490010;3004490090;3004500011;3004500012;3004500013;3004500014;3004500019;3004500090;3004600000;3004900011;3004900012;3004900019;3004900021;3004900022;3004900023;3004900024;3004900025;3004900026;3004900027;3004900029;3004900031;3004900032;3004900033;3004900034;3004900035;3004900036;3004900039;3004900042;3004900043;3004900049;3004900050;3004900061;3004900069;3004900071;3004900072;3004900073;3004900074;3004900075;3004900076;3004900077;3004900078;3004900079;3004900090;3005100010;3005100091;3005100099;3005900020;3005900030;3005900040;3005900090;3006100010;3006100090;3006200020;3006200090;3006300010;3006300090;3006400010;3006400090;3006500000;3006600000;3006600010;3006600090;3006701000;3006709000;3006910000;3006920000;3006931000;3006932000;3006933000;3006934000;3006939000,3002100090;3003310000;3003390000;3003900030;3003900090;3004100010;3004100090;3004200011;3004200012;3004200013;3004200018;3004200019;3004200080;3004200090;3004310000;3004320000;3004390011;3004390012;3004390013;3004390019;3004500011;3004500012;3004500013;3004500014;3004500019;3004500090;3004900090;3006600010,
no,declared,174,3004400020,1,1,199801,imports,3004,300440,201112,201201,17487958.00,"Vincristine, for human use, in dosage",yes,yes,2007->2012,yes,yes,same_subheading,3,3,65,158,158,109,158,3004400030;3004400040;3004400090,28,0,3004400030;3004400040;3004400090,3001200000;3001900010;3001900020;3001900090;3002100010;3002100021;3002100022;3002100023;3002100029;3002100030;3002100041;3002100042;3002100049;3002100051;3002100059;3002100090;3002110000;3002120011;3002120012;3002120013;3002120019;3002120021;3002120029;3002130000;3002140000;3002150000;3002190000;3002200010;3002200090;3002300010;3002300090;3002410010;3002410090;3002420010;3002420090;3002490010;3002490020;3002490090;3002510000;3002590000;3002900010;3002900011;3002900012;3002900019;3002900020;3002900030;3002900040;3002900050;3002900090;3002900091;3002900092;3002900093;3002900099;3003100000;3003200000;3003310000;3003390000;3003400000;3003410000;3003420000;3003430000;3003490000;3003600000;3003900030;3003900090;3004100010;3004100090;3004200011;3004200012;3004200013;3004200018;3004200019;3004200080;3004200090;3004310000;3004320000;3004390011;3004390012;3004390013;3004390019;3004390090;3004410000;3004420000;3004430000;3004490010;3004490090;3004500011;3004500012;3004500013;3004500014;3004500019;3004500090;3004600000;3004900011;3004900012;3004900019;3004900021;3004900022;3004900023;3004900024;3004900025;3004900026;3004900027;3004900029;3004900031;3004900032;3004900033;3004900034;3004900035;3004900036;3004900039;3004900042;3004900043;3004900049;3004900050;3004900061;3004900069;3004900071;3004900072;3004900073;3004900074;3004900075;3004900076;3004900077;3004900078;3004900079;3004900090;3005100010;3005100091;3005100099;3005900020;3005900030;3005900040;3005900090;3006100010;3006100090;3006200020;3006200090;3006300010;3006300090;3006400010;3006400090;3006500000;3006600000;3006600010;3006600090;3006701000;3006709000;3006910000;3006920000;3006931000;3006932000;3006933000;3006934000;3006939000,3002100090;3003310000;3003390000;3003900030;3003900090;3004100010;3004100090;3004200011;3004200012;3004200013;3004200018;3004200019;3004200080;3004200090;3004310000;3004320000;3004390011;3004390012;3004390013;3004390019;3004500011;3004500012;3004500013;3004500014;3004500019;3004500090;3004900090;3006600010,
no,declared,114,3004400030,1,1,199801,imports,3004,300440,201612,201701,101935277.00,"Theophylline, for human use, in dosage",no,yes,2012->2017,yes,yes,same_heading,61,0,61,132,132,116,132,3004100010;3004100090;3004200011;3004200012;3004200013;3004200018;3004200019;3004200080;3004200090;3004310000;3004320000;3004390011;3004390012;3004390013;3004390019;3004390090;3004410000;3004420000;3004430000;3004490010;3004490090;3004500011;3004500012;3004500014;3004500019;3004500090;3004600000;3004900011;3004900012;3004900019;3004900022;3004900023;3004900024;3004900025;3004900026;3004900027;3004900029;3004900031;3004900032;3004900033;3004900034;3004900035;3004900036;3004900039;3004900042;3004900043;3004900049;3004900050;3004900061;3004900069;3004900071;3004900072;3004900073;3004900074;3004900075;3004900076;3004900077;3004900078;3004900079;3004900090,23,0,3004100010;3004100090;3004200011;3004200012;3004200013;3004200018;3004200019;3004200080;3004200090;3004310000;3004320000;3004390011;3004390012;3004390013;3004390019;3004390090;3004410000;3004420000;3004430000;3004490010;3004490090;3004500011;3004500012;3004500014;3004500019;3004500090;3004600000;3004900011;3004900012;3004900019;3004900021;3004900022;3004900023;3004900024;3004900025;3004900026;3004900027;3004900029;3004900031;3004900032;3004900033;3004900034;3004900035;3004900036;3004900039;3004900042;3004900043;3004900049;3004900050;3004900061;3004900069;3004900071;3004900072;3004900073;3004900074;3004900075;3004900076;3004900077;3004900078;3004900079;3004900090,3001200000;3001900010;3001900020;3001900090;3002110000;3002120011;3002120012;3002120013;3002120019;3002120021;3002120029;3002130000;3002140000;3002150000;3002190000;3002200010;3002200090;3002300010;3002300090;3002410010;3002410090;3002420010;3002420090;3002490010;3002490020;3002490090;3002510000;3002590000;3002900010;3002900020;3002900030;3002900040;3002900050;3002900090;3003100000;3003200000;3003310000;3003390000;3003410000;3003420000;3003430000;3003490000;3003600000;3003900030;3003900090;3005100010;3005100091;3005100099;3005900020;3005900030;3005900040;3005900090;3006100010;3006100090;3006200020;3006200090;3006300010;3006300090;3006400010;3006400090;3006500000;3006600000;3006701000;3006709000;3006910000;3006920000;3006931000;3006932000;3006933000;3006934000;3006939000,3002110000;3002120011;3002120012;3002120013;3002120019;3002120021;3002120029;3002130000;3002140000;3002150000;3002190000;3002900010;3002900040;3002900050;3002900090;3003430000;3003490000;3003600000;3004410000;3004420000;3004490090;3004600000;3006600000,
no,declared,114,3004400040,1,1,199801,imports,3004,300440,201612,201701,1572159979.00,"Morphine or its derivatives, for human use, in dosage",no,yes,2012->2017,yes,yes,same_heading,61,0,61,132,132,116,132,3004100010;3004100090;3004200011;3004200012;3004200013;3004200018;3004200019;3004200080;3004200090;3004310000;3004320000;3004390011;3004390012;3004390013;3004390019;3004390090;3004410000;3004420000;3004430000;3004490010;3004490090;3004500011;3004500012;3004500014;3004500019;3004500090;3004600000;3004900011;3004900012;3004900019;3004900022;3004900023;3004900024;3004900025;3004900026;3004900027;3004900029;3004900031;3004900032;3004900033;3004900034;3004900035;3004900036;3004900039;3004900042;3004900043;3004900049;3004900050;3004900061;3004900069;3004900071;3004900072;3004900073;3004900074;3004900075;3004900076;3004900077;3004900078;3004900079;3004900090,23,0,3004100010;3004100090;3004200011;3004200012;3004200013;3004200018;3004200019;3004200080;3004200090;3004310000;3004320000;3004390011;3004390012;3004390013;3004390019;3004390090;3004410000;3004420000;3004430000;3004490010;3004490090;3004500011;3004500012;3004500014;3004500019;3004500090;3004600000;3004900011;3004900012;3004900019;3004900021;3004900022;3004900023;3004900024;3004900025;3004900026;3004900027;3004900029;3004900031;3004900032;3004900033;3004900034;3004900035;3004900036;3004900039;3004900042;3004900043;3004900049;3004900050;3004900061;3004900069;3004900071;3004900072;3004900073;3004900074;3004900075;3004900076;3004900077;3004900078;3004900079;3004900090,3001200000;3001900010;3001900020;3001900090;3002110000;3002120011;3002120012;3002120013;3002120019;3002120021;3002120029;3002130000;3002140000;3002150000;3002190000;3002200010;3002200090;3002300010;3002300090;3002410010;3002410090;3002420010;3002420090;3002490010;3002490020;3002490090;3002510000;3002590000;3002900010;3002900020;3002900030;3002900040;3002900050;3002900090;3003100000;3003200000;3003310000;3003390000;3003410000;3003420000;3003430000;3003490000;3003600000;3003900030;3003900090;3005100010;3005100091;3005100099;3005900020;3005900030;3005900040;3005900090;3006100010;3006100090;3006200020;3006200090;3006300010;3006300090;3006400010;3006400090;3006500000;3006600000;3006701000;3006709000;3006910000;3006920000;3006931000;3006932000;3006933000;3006934000;3006939000,3002110000;3002120011;3002120012;3002120013;3002120019;3002120021;3002120029;3002130000;3002140000;3002150000;3002190000;3002900010;3002900040;3002900050;3002900090;3003430000;3003490000;3003600000;3004410000;3004420000;3004490090;3004600000;3006600000,
no,declared,174,3004400050,1,1,199803,imports,3004,300440,201112,201201,6586271.00,"Aminophylline, for human use, in dosage",yes,yes,2007->2012,yes,yes,same_subheading,3,3,65,158,158,109,158,3004400030;3004400040;3004400090,28,0,3004400030;3004400040;3004400090,3001200000;3001900010;3001900020;3001900090;3002100010;3002100021;3002100022;3002100023;3002100029;3002100030;3002100041;3002100042;3002100049;3002100051;3002100059;3002100090;3002110000;3002120011;3002120012;3002120013;3002120019;3002120021;3002120029;3002130000;3002140000;3002150000;3002190000;3002200010;3002200090;3002300010;3002300090;3002410010;3002410090;3002420010;3002420090;3002490010;3002490020;3002490090;3002510000;3002590000;3002900010;3002900011;3002900012;3002900019;3002900020;3002900030;3002900040;3002900050;3002900090;3002900091;3002900092;3002900093;3002900099;3003100000;3003200000;3003310000;3003390000;3003400000;3003410000;3003420000;3003430000;3003490000;3003600000;3003900030;3003900090;3004100010;3004100090;3004200011;3004200012;3004200013;3004200018;3004200019;3004200080;3004200090;3004310000;3004320000;3004390011;3004390012;3004390013;3004390019;3004390090;3004410000;3004420000;3004430000;3004490010;3004490090;3004500011;3004500012;3004500013;3004500014;3004500019;3004500090;3004600000;3004900011;3004900012;3004900019;3004900021;3004900022;3004900023;3004900024;3004900025;3004900026;3004900027;3004900029;3004900031;3004900032;3004900033;3004900034;3004900035;3004900036;3004900039;3004900042;3004900043;3004900049;3004900050;3004900061;3004900069;3004900071;3004900072;3004900073;3004900074;3004900075;3004900076;3004900077;3004900078;3004900079;3004900090;3005100010;3005100091;3005100099;3005900020;3005900030;3005900040;3005900090;3006100010;3006100090;3006200020;3006200090;3006300010;3006300090;3006400010;3006400090;3006500000;3006600000;3006600010;3006600090;3006701000;3006709000;3006910000;3006920000;3006931000;3006932000;3006933000;3006934000;3006939000,3002100090;3003310000;3003390000;3003900030;3003900090;3004100010;3004100090;3004200011;3004200012;3004200013;3004200018;3004200019;3004200080;3004200090;3004310000;3004320000;3004390011;3004390012;3004390013;3004390019;3004500011;3004500012;3004500013;3004500014;3004500019;3004500090;3004900090;3006600010,
no,declared,174,3004400080,1,1,199801,imports,3004,300440,201112,201201,47146103.00,"Narcotic veg alkaloids or their narc derivs, nes, for human use, in dosage",yes,yes,2007->2012,yes,yes,same_subheading,3,3,65,158,158,109,158,3004400030;3004400040;3004400090,28,0,3004400030;3004400040;3004400090,3001200000;3001900010;3001900020;3001900090;3002100010;3002100021;3002100022;3002100023;3002100029;3002100030;3002100041;3002100042;3002100049;3002100051;3002100059;3002100090;3002110000;3002120011;3002120012;3002120013;3002120019;3002120021;3002120029;3002130000;3002140000;3002150000;3002190000;3002200010;3002200090;3002300010;3002300090;3002410010;3002410090;3002420010;3002420090;3002490010;3002490020;3002490090;3002510000;3002590000;3002900010;3002900011;3002900012;3002900019;3002900020;3002900030;3002900040;3002900050;3002900090;3002900091;3002900092;3002900093;3002900099;3003100000;3003200000;3003310000;3003390000;3003400000;3003410000;3003420000;3003430000;3003490000;3003600000;3003900030;3003900090;3004100010;3004100090;3004200011;3004200012;3004200013;3004200018;3004200019;3004200080;3004200090;3004310000;3004320000;3004390011;3004390012;3004390013;3004390019;3004390090;3004410000;3004420000;3004430000;3004490010;3004490090;3004500011;3004500012;3004500013;3004500014;3004500019;3004500090;3004600000;3004900011;3004900012;3004900019;3004900021;3004900022;3004900023;3004900024;3004900025;3004900026;3004900027;3004900029;3004900031;3004900032;3004900033;3004900034;3004900035;3004900036;3004900039;3004900042;3004900043;3004900049;3004900050;3004900061;3004900069;3004900071;3004900072;3004900073;3004900074;3004900075;3004900076;3004900077;3004900078;3004900079;3004900090;3005100010;3005100091;3005100099;3005900020;3005900030;3005900040;3005900090;3006100010;3006100090;3006200020;3006200090;3006300010;3006300090;3006400010;3006400090;3006500000;3006600000;3006600010;3006600090;3006701000;3006709000;3006910000;3006920000;3006931000;3006932000;3006933000;3006934000;3006939000,3002100090;3003310000;3003390000;3003900030;3003900090;3004100010;3004100090;3004200011;3004200012;3004200013;3004200018;3004200019;3004200080;3004200090;3004310000;3004320000;3004390011;3004390012;3004390013;3004390019;3004500011;3004500012;3004500013;3004500014;3004500019;3004500090;3004900090;3006600010,
no,declared,114,3004400090,1,1,199801,imports,3004,300440,201612,201701,584366588.00,"Non-narc veg alkaloids or their non-narc derivatives,nes,for human use,in dosage",no,yes,2012->2017,yes,yes,same_heading,61,0,61,132,132,116,132,3004100010;3004100090;3004200011;3004200012;3004200013;3004200018;3004200019;3004200080;3004200090;3004310000;3004320000;3004390011;3004390012;3004390013;3004390019;3004390090;3004410000;3004420000;3004430000;3004490010;3004490090;3004500011;3004500012;3004500014;3004500019;3004500090;3004600000;3004900011;3004900012;3004900019;3004900022;3004900023;3004900024;3004900025;3004900026;3004900027;3004900029;3004900031;3004900032;3004900033;3004900034;3004900035;3004900036;3004900039;3004900042;3004900043;3004900049;3004900050;3004900061;3004900069;3004900071;3004900072;3004900073;3004900074;3004900075;3004900076;3004900077;3004900078;3004900079;3004900090,23,0,3004100010;3004100090;3004200011;3004200012;3004200013;3004200018;3004200019;3004200080;3004200090;3004310000;3004320000;3004390011;3004390012;3004390013;3004390019;3004390090;3004410000;3004420000;3004430000;3004490010;3004490090;3004500011;3004500012;3004500014;3004500019;3004500090;3004600000;3004900011;3004900012;3004900019;3004900021;3004900022;3004900023;3004900024;3004900025;3004900026;3004900027;3004900029;3004900031;3004900032;3004900033;3004900034;3004900035;3004900036;3004900039;3004900042;3004900043;3004900049;3004900050;3004900061;3004900069;3004900071;3004900072;3004900073;3004900074;3004900075;3004900076;3004900077;3004900078;3004900079;3004900090,3001200000;3001900010;3001900020;3001900090;3002110000;3002120011;3002120012;3002120013;3002120019;3002120021;3002120029;3002130000;3002140000;3002150000;3002190000;3002200010;3002200090;3002300010;3002300090;3002410010;3002410090;3002420010;3002420090;3002490010;3002490020;3002490090;3002510000;3002590000;3002900010;3002900020;3002900030;3002900040;3002900050;3002900090;3003100000;3003200000;3003310000;3003390000;3003410000;3003420000;3003430000;3003490000;3003600000;3003900030;3003900090;3005100010;3005100091;3005100099;3005900020;3005900030;3005900040;3005900090;3006100010;3006100090;3006200020;3006200090;3006300010;3006300090;3006400010;3006400090;3006500000;3006600000;3006701000;3006709000;3006910000;3006920000;3006931000;3006932000;3006933000;3006934000;3006939000,3002110000;3002120011;3002120012;3002120013;3002120019;3002120021;3002120029;3002130000;3002140000;3002150000;3002190000;3002900010;3002900040;3002900050;3002900090;3003430000;3003490000;3003600000;3004410000;3004420000;3004490090;3004600000;3006600000,
no,declared,342,3004401000,1,1,198803,imports,3004,300440,199712,199801,207577.00,"Alkaloids or their derivs, cont more than 23% of abs ethyl alc by vol, in dosage",yes,no,,no,no,same_subheading,8,7,120,245,245,148,245,3003400000;3004400010;3004400020;3004400030;3004400040;3004400050;3004400080;3004400090,106,1,3003400000;3004400010;3004400020;3004400030;3004400040;3004400050;3004400080;3004400090,3001100010;3001100090;3001200000;3001900010;3001900020;3001900090;3002100010;3002100021;3002100022;3002100023;3002100029;3002100030;3002100041;3002100042;3002100049;3002100051;3002100059;3002100060;3002100090;3002110000;3002120011;3002120012;3002120013;3002120019;3002120021;3002120029;3002130000;3002140000;3002150000;3002190000;3002200010;3002200020;3002200030;3002200090;3002300010;3002300090;3002410010;3002410090;3002420010;3002420090;3002490010;3002490020;3002490090;3002510000;3002590000;3002900010;3002900011;3002900012;3002900019;3002900020;3002900030;3002900040;3002900050;3002900090;3002900091;3002900092;3002900093;3002900099;3003100000;3003200000;3003310000;3003310010;3003310090;3003390000;3003390010;3003390090;3003410000;3003420000;3003430000;3003490000;3003600000;3003900010;3003900020;3003900030;3003900090;3003900091;3003900099;3004100010;3004100011;3004100012;3004100013;3004100019;3004100020;3004100031;3004100032;3004100090;3004200010;3004200011;3004200012;3004200013;3004200018;3004200019;3004200020;3004200031;3004200039;3004200041;3004200049;3004200051;3004200059;3004200061;3004200062;3004200063;3004200069;3004200071;3004200079;3004200080;3004200090;3004310000;3004310010;3004310090;3004320000;3004320010;3004320011;3004320019;3004320020;3004320081;3004320082;3004320089;3004320090;3004390010;3004390011;3004390012;3004390013;3004390019;3004390081;3004390082;3004390083;3004390084;3004390085;3004390090;3004410000;3004420000;3004430000;3004490010;3004490090;3004500010;3004500011;3004500012;3004500013;3004500014;3004500019;3004500020;3004500031;3004500032;3004500039;3004500040;3004500050;3004500061;3004500069;3004500070;3004500090;3004600000;3004900011;3004900012;3004900019;3004900020;3004900021;3004900022;3004900023;3004900024;3004900025;3004900026;3004900027;3004900029;3004900031;3004900032;3004900033;3004900034;3004900035;3004900036;3004900039;3004900041;3004900042;3004900043;3004900049;3004900050;3004900061;3004900069;3004900071;3004900072;3004900073;3004900074;3004900075;3004900076;3004900077;3004900078;3004900079;3004900081;3004900089;3004900090;3005100010;3005100091;3005100099;3005900010;3005900020;3005900030;3005900040;3005900050;3005900060;3005900090;3006100010;3006100090;3006200010;3006200020;3006200090;3006300010;3006300020;3006300090;3006400010;3006400020;3006400030;3006400090;3006500000;3006600000;3006600010;3006600011;3006600019;3006600090;3006701000;3006709000;3006801100;3006801900;3006809010;3006809020;3006809030;3006809041;3006809042;3006809043;3006809050;3006809060;3006910000;3006920000;3006931000;3006932000;3006933000;3006934000;3006939000,3001900010;3001900020;3001900090;3002100010;3002100021;3002100022;3002100023;3002100029;3002100030;3002100041;3002100042;3002100049;3002100051;3002100059;3002300010;3002300090;3002900011;3002900019;3002900020;3002900091;3002900092;3002900099;3003310090;3003390010;3003390090;3003400000;3003900010;3003900020;3003900091;3003900099;3004310010;3004310090;3004320081;3004320089;3004320090;3004390010;3004390081;3004390083;3004390084;3004390085;3004390090;3004400010;3004400020;3004400030;3004400040;3004400080;3004400090;3004500010;3004500020;3004500031;3004500032;3004500039;3004500040;3004500050;3004500061;3004500069;3004500070;3004900011;3004900012;3004900019;3004900020;3004900031;3004900032;3004900033;3004900034;3004900035;3004900036;3004900039;3004900041;3004900042;3004900043;3004900049;3004900050;3004900061;3004900069;3004900071;3004900072;3004900073;3004900074;3004900075;3004900076;3004900077;3004900078;3004900079;3004900081;3004900089;3005100010;3005100091;3005100099;3005900010;3005900020;3005900030;3005900040;3005900050;3005900060;3005900090;3006200010;3006200020;3006200090;3006300010;3006300020;3006300090;3006400010;3006400020;3006400030;3006400090,3003400000
no,declared,354,3004409011,1,1,199008,imports,3004,300440,199612,199701,111515.00,"Codeine phosphate, for human use, in dosage",yes,no,,no,no,same_subheading,16,16,183,363,363,260,363,3004400010;3004400020;3004400030;3004400040;3004400080;3004400090;3004401000;3004409019;3004409020;3004409030;3004409040;3004409050;3004409070;3004409080;3004409090,2,0,3004400010;3004400020;3004400030;3004400040;3004400050;3004400080;3004400090;3004401000;3004409019;3004409020;3004409030;3004409040;3004409050;3004409070;3004409080;3004409090,3001100010;3001100090;3001200000;3001900010;3001900020;3001900090;3001901000;3001902000;3001909000;3002100010;3002100021;3002100022;3002100023;3002100029;3002100030;3002100041;3002100042;3002100049;3002100051;3002100059;3002100060;3002100090;3002101010;3002101021;3002101022;3002101023;3002101029;3002101090;3002102110;3002102120;3002102190;3002102910;3002102990;3002110000;3002120011;3002120012;3002120013;3002120019;3002120021;3002120029;3002130000;3002140000;3002150000;3002190000;3002200010;3002200020;3002200030;3002200090;3002300010;3002300090;3002301000;3002309000;3002410010;3002410090;3002420010;3002420090;3002490010;3002490020;3002490090;3002510000;3002590000;3002900010;3002900011;3002900012;3002900019;3002900020;3002900030;3002900040;3002900050;3002900090;3002900091;3002900092;3002900093;3002900099;3002901011;3002901019;3002901020;3002901030;3002901040;3002909010;3002909020;3002909030;3002909090;3003100000;3003200000;3003310000;3003310010;3003310090;3003311000;3003319900;3003390000;3003390010;3003390090;3003391000;3003399100;3003399900;3003400000;3003409000;3003410000;3003420000;3003430000;3003490000;3003600000;3003900010;3003900020;3003900030;3003900090;3003900091;3003900099;3003901000;3003909100;3003909910;3003909990;3004100010;3004100011;3004100012;3004100013;3004100019;3004100020;3004100031;3004100032;3004100090;3004200010;3004200011;3004200012;3004200013;3004200018;3004200019;3004200020;3004200031;3004200039;3004200041;3004200049;3004200051;3004200059;3004200061;3004200062;3004200063;3004200069;3004200071;3004200079;3004200080;3004200090;3004310000;3004310010;3004310090;3004311000;3004319900;3004320000;3004320010;3004320011;3004320019;3004320020;3004320081;3004320082;3004320089;3004320090;3004321000;3004329011;3004329012;3004329019;3004329020;3004390010;3004390011;3004390012;3004390013;3004390019;3004390081;3004390082;3004390083;3004390084;3004390085;3004390090;3004391000;3004399100;3004399910;3004399920;3004399930;3004399940;3004399950;3004399960;3004410000;3004420000;3004430000;3004490010;3004490090;3004500010;3004500011;3004500012;3004500013;3004500014;3004500019;3004500020;3004500031;3004500032;3004500039;3004500040;3004500050;3004500061;3004500069;3004500070;3004500090;3004501000;3004509100;3004509911;3004509912;3004509919;3004509920;3004509930;3004509941;3004509949;3004509950;3004600000;3004900011;3004900012;3004900019;3004900020;3004900021;3004900022;3004900023;3004900024;3004900025;3004900026;3004900027;3004900029;3004900031;3004900032;3004900033;3004900034;3004900035;3004900036;3004900039;3004900041;3004900042;3004900043;3004900049;3004900050;3004900061;3004900069;3004900071;3004900072;3004900073;3004900074;3004900075;3004900076;3004900077;3004900078;3004900079;3004900081;3004900089;3004900090;3004901010;3004901020;3004901090;3004909100;3004909911;3004909912;3004909913;3004909914;3004909915;3004909916;3004909919;3004909921;3004909922;3004909923;3004909929;3004909930;3004909941;3004909949;3004909950;3004909960;3004909971;3004909979;3004909981;3004909982;3004909983;3004909984;3004909989;3004909991;3004909999;3005100010;3005100091;3005100099;3005101000;3005109100;3005109900;3005900010;3005900020;3005900030;3005900040;3005900050;3005900060;3005900090;3005901000;3005902000;3005903000;3005909100;3005909200;3005909300;3005909900;3006100010;3006100090;3006200010;3006200020;3006200090;3006201000;3006202000;3006209000;3006300010;3006300020;3006300090;3006301000;3006309100;3006309900;3006400010;3006400020;3006400030;3006400090;3006401010;3006401020;3006402000;3006409000;3006500000;3006600000;3006600010;3006600011;3006600019;3006600090;3006701000;3006709000;3006801100;3006801900;3006809010;3006809020;3006809030;3006809041;3006809042;3006809043;3006809050;3006809060;3006910000;3006920000;3006931000;3006932000;3006933000;3006934000;3006939000,3002901011;3002901019,
no,declared,342,3004409019,1,1,198801,imports,3004,300440,199712,199801,10263737.00,"Codeine or its derivs nes, for human use, in dosage",yes,no,,no,no,same_subheading,7,7,120,245,245,148,245,3004400010;3004400020;3004400030;3004400040;3004400050;3004400080;3004400090,106,0,3004400010;3004400020;3004400030;3004400040;3004400050;3004400080;3004400090,3001100010;3001100090;3001200000;3001900010;3001900020;3001900090;3002100010;3002100021;3002100022;3002100023;3002100029;3002100030;3002100041;3002100042;3002100049;3002100051;3002100059;3002100060;3002100090;3002110000;3002120011;3002120012;3002120013;3002120019;3002120021;3002120029;3002130000;3002140000;3002150000;3002190000;3002200010;3002200020;3002200030;3002200090;3002300010;3002300090;3002410010;3002410090;3002420010;3002420090;3002490010;3002490020;3002490090;3002510000;3002590000;3002900010;3002900011;3002900012;3002900019;3002900020;3002900030;3002900040;3002900050;3002900090;3002900091;3002900092;3002900093;3002900099;3003100000;3003200000;3003310000;3003310010;3003310090;3003390000;3003390010;3003390090;3003400000;3003410000;3003420000;3003430000;3003490000;3003600000;3003900010;3003900020;3003900030;3003900090;3003900091;3003900099;3004100010;3004100011;3004100012;3004100013;3004100019;3004100020;3004100031;3004100032;3004100090;3004200010;3004200011;3004200012;3004200013;3004200018;3004200019;3004200020;3004200031;3004200039;3004200041;3004200049;3004200051;3004200059;3004200061;3004200062;3004200063;3004200069;3004200071;3004200079;3004200080;3004200090;3004310000;3004310010;3004310090;3004320000;3004320010;3004320011;3004320019;3004320020;3004320081;3004320082;3004320089;3004320090;3004390010;3004390011;3004390012;3004390013;3004390019;3004390081;3004390082;3004390083;3004390084;3004390085;3004390090;3004410000;3004420000;3004430000;3004490010;3004490090;3004500010;3004500011;3004500012;3004500013;3004500014;3004500019;3004500020;3004500031;3004500032;3004500039;3004500040;3004500050;3004500061;3004500069;3004500070;3004500090;3004600000;3004900011;3004900012;3004900019;3004900020;3004900021;3004900022;3004900023;3004900024;3004900025;3004900026;3004900027;3004900029;3004900031;3004900032;3004900033;3004900034;3004900035;3004900036;3004900039;3004900041;3004900042;3004900043;3004900049;3004900050;3004900061;3004900069;3004900071;3004900072;3004900073;3004900074;3004900075;3004900076;3004900077;3004900078;3004900079;3004900081;3004900089;3004900090;3005100010;3005100091;3005100099;3005900010;3005900020;3005900030;3005900040;3005900050;3005900060;3005900090;3006100010;3006100090;3006200010;3006200020;3006200090;3006300010;3006300020;3006300090;3006400010;3006400020;3006400030;3006400090;3006500000;3006600000;3006600010;3006600011;3006600019;3006600090;3006701000;3006709000;3006801100;3006801900;3006809010;3006809020;3006809030;3006809041;3006809042;3006809043;3006809050;3006809060;3006910000;3006920000;3006931000;3006932000;3006933000;3006934000;3006939000,3001900010;3001900020;3001900090;3002100010;3002100021;3002100022;3002100023;3002100029;3002100030;3002100041;3002100042;3002100049;3002100051;3002100059;3002300010;3002300090;3002900011;3002900019;3002900020;3002900091;3002900092;3002900099;3003310090;3003390010;3003390090;3003400000;3003900010;3003900020;3003900091;3003900099;3004310010;3004310090;3004320081;3004320089;3004320090;3004390010;3004390081;3004390083;3004390084;3004390085;3004390090;3004400010;3004400020;3004400030;3004400040;3004400080;3004400090;3004500010;3004500020;3004500031;3004500032;3004500039;3004500040;3004500050;3004500061;3004500069;3004500070;3004900011;3004900012;3004900019;3004900020;3004900031;3004900032;3004900033;3004900034;3004900035;3004900036;3004900039;3004900041;3004900042;3004900043;3004900049;3004900050;3004900061;3004900069;3004900071;3004900072;3004900073;3004900074;3004900075;3004900076;3004900077;3004900078;3004900079;3004900081;3004900089;3005100010;3005100091;3005100099;3005900010;3005900020;3005900030;3005900040;3005900050;3005900060;3005900090;3006200010;3006200020;3006200090;3006300010;3006300020;3006300090;3006400010;3006400020;3006400030;3006400090,
no,declared,347,3004409020,1,1,198802,imports,3004,300440,199707,199708,4869341.00,"Quinidine sulphate, for human use, in dosage",yes,no,,no,no,same_subheading,15,15,180,358,358,261,358,3004400010;3004400020;3004400030;3004400040;3004400050;3004400080;3004400090;3004401000;3004409019;3004409030;3004409040;3004409050;3004409070;3004409080;3004409090,0,0,3004400010;3004400020;3004400030;3004400040;3004400050;3004400080;3004400090;3004401000;3004409019;3004409030;3004409040;3004409050;3004409070;3004409080;3004409090,3001100010;3001100090;3001200000;3001900010;3001900020;3001900090;3001901000;3001902000;3001909000;3002100010;3002100021;3002100022;3002100023;3002100029;3002100030;3002100041;3002100042;3002100049;3002100051;3002100059;3002100060;3002100090;3002101010;3002101021;3002101022;3002101023;3002101029;3002101090;3002102110;3002102120;3002102190;3002102910;3002102990;3002110000;3002120011;3002120012;3002120013;3002120019;3002120021;3002120029;3002130000;3002140000;3002150000;3002190000;3002200010;3002200020;3002200030;3002200090;3002300010;3002300090;3002301000;3002309000;3002410010;3002410090;3002420010;3002420090;3002490010;3002490020;3002490090;3002510000;3002590000;3002900010;3002900011;3002900012;3002900019;3002900020;3002900030;3002900040;3002900050;3002900090;3002900091;3002900092;3002900093;3002900099;3002901011;3002901019;3002901020;3002901030;3002901040;3002909010;3002909030;3002909090;3003100000;3003200000;3003310000;3003310010;3003310090;3003311000;3003319900;3003390000;3003390010;3003390090;3003391000;3003399900;3003400000;3003409000;3003410000;3003420000;3003430000;3003490000;3003600000;3003900010;3003900020;3003900030;3003900090;3003900091;3003900099;3003901000;3003909100;3003909910;3003909990;3004100010;3004100011;3004100012;3004100013;3004100019;3004100020;3004100031;3004100032;3004100090;3004200010;3004200011;3004200012;3004200013;3004200018;3004200019;3004200020;3004200031;3004200039;3004200041;3004200049;3004200051;3004200059;3004200061;3004200062;3004200063;3004200069;3004200071;3004200079;3004200080;3004200090;3004310000;3004310010;3004310090;3004311000;3004319900;3004320000;3004320010;3004320011;3004320019;3004320020;3004320081;3004320082;3004320089;3004320090;3004321000;3004329011;3004329019;3004329020;3004390010;3004390011;3004390012;3004390013;3004390019;3004390081;3004390082;3004390083;3004390084;3004390085;3004390090;3004391000;3004399100;3004399910;3004399920;3004399930;3004399940;3004399950;3004399960;3004410000;3004420000;3004430000;3004490010;3004490090;3004500010;3004500011;3004500012;3004500013;3004500014;3004500019;3004500020;3004500031;3004500032;3004500039;3004500040;3004500050;3004500061;3004500069;3004500070;3004500090;3004501000;3004509911;3004509912;3004509919;3004509920;3004509930;3004509941;3004509949;3004509950;3004600000;3004900011;3004900012;3004900019;3004900020;3004900021;3004900022;3004900023;3004900024;3004900025;3004900026;3004900027;3004900029;3004900031;3004900032;3004900033;3004900034;3004900035;3004900036;3004900039;3004900041;3004900042;3004900043;3004900049;3004900050;3004900061;3004900069;3004900071;3004900072;3004900073;3004900074;3004900075;3004900076;3004900077;3004900078;3004900079;3004900081;3004900089;3004900090;3004901010;3004901020;3004901090;3004909100;3004909911;3004909912;3004909913;3004909914;3004909915;3004909916;3004909919;3004909921;3004909922;3004909923;3004909929;3004909930;3004909941;3004909949;3004909950;3004909960;3004909971;3004909979;3004909981;3004909982;3004909983;3004909984;3004909989;3004909991;3004909999;3005100010;3005100091;3005100099;3005101000;3005109100;3005109900;3005900010;3005900020;3005900030;3005900040;3005900050;3005900060;3005900090;3005901000;3005902000;3005903000;3005909100;3005909200;3005909300;3005909900;3006100010;3006100090;3006200010;3006200020;3006200090;3006201000;3006202000;3006209000;3006300010;3006300020;3006300090;3006301000;3006309100;3006309900;3006400010;3006400020;3006400030;3006400090;3006401010;3006401020;3006402000;3006409000;3006500000;3006600000;3006600010;3006600011;3006600019;3006600090;3006701000;3006709000;3006801100;3006801900;3006809010;3006809020;3006809030;3006809041;3006809042;3006809043;3006809050;3006809060;3006910000;3006920000;3006931000;3006932000;3006933000;3006934000;3006939000,,
no,declared,343,3004409030,1,1,198802,imports,3004,300440,199711,199712,2496656.00,"Vincristine, for human use, in dosage",yes,no,,no,no,same_subheading,13,13,176,352,352,255,352,3004400010;3004400020;3004400030;3004400040;3004400050;3004400080;3004400090;3004401000;3004409019;3004409050;3004409070;3004409080;3004409090,0,0,3004400010;3004400020;3004400030;3004400040;3004400050;3004400080;3004400090;3004401000;3004409019;3004409050;3004409070;3004409080;3004409090,3001100010;3001100090;3001200000;3001900010;3001900020;3001900090;3001901000;3001902000;3001909000;3002100010;3002100021;3002100022;3002100023;3002100029;3002100030;3002100041;3002100042;3002100049;3002100051;3002100059;3002100060;3002100090;3002101010;3002101021;3002101022;3002101023;3002101029;3002101090;3002102110;3002102120;3002102190;3002102910;3002102990;3002110000;3002120011;3002120012;3002120013;3002120019;3002120021;3002120029;3002130000;3002140000;3002150000;3002190000;3002200010;3002200020;3002200030;3002200090;3002300010;3002300090;3002301000;3002309000;3002410010;3002410090;3002420010;3002420090;3002490010;3002490020;3002490090;3002510000;3002590000;3002900010;3002900011;3002900012;3002900019;3002900020;3002900030;3002900040;3002900050;3002900090;3002900091;3002900092;3002900093;3002900099;3002901011;3002901019;3002901020;3002901030;3002901040;3002909010;3002909090;3003100000;3003200000;3003310000;3003310010;3003310090;3003319900;3003390000;3003390010;3003390090;3003391000;3003399900;3003400000;3003409000;3003410000;3003420000;3003430000;3003490000;3003600000;3003900010;3003900020;3003900030;3003900090;3003900091;3003900099;3003901000;3003909100;3003909910;3003909990;3004100010;3004100011;3004100012;3004100013;3004100019;3004100020;3004100031;3004100032;3004100090;3004200010;3004200011;3004200012;3004200013;3004200018;3004200019;3004200020;3004200031;3004200039;3004200041;3004200049;3004200051;3004200059;3004200061;3004200062;3004200063;3004200069;3004200071;3004200079;3004200080;3004200090;3004310000;3004310010;3004310090;3004311000;3004319900;3004320000;3004320010;3004320011;3004320019;3004320020;3004320081;3004320082;3004320089;3004320090;3004321000;3004329011;3004329019;3004329020;3004390010;3004390011;3004390012;3004390013;3004390019;3004390081;3004390082;3004390083;3004390084;3004390085;3004390090;3004391000;3004399910;3004399920;3004399930;3004399950;3004399960;3004410000;3004420000;3004430000;3004490010;3004490090;3004500010;3004500011;3004500012;3004500013;3004500014;3004500019;3004500020;3004500031;3004500032;3004500039;3004500040;3004500050;3004500061;3004500069;3004500070;3004500090;3004501000;3004509911;3004509912;3004509919;3004509920;3004509930;3004509941;3004509949;3004509950;3004600000;3004900011;3004900012;3004900019;3004900020;3004900021;3004900022;3004900023;3004900024;3004900025;3004900026;3004900027;3004900029;3004900031;3004900032;3004900033;3004900034;3004900035;3004900036;3004900039;3004900041;3004900042;3004900043;3004900049;3004900050;3004900061;3004900069;3004900071;3004900072;3004900073;3004900074;3004900075;3004900076;3004900077;3004900078;3004900079;3004900081;3004900089;3004900090;3004901010;3004901020;3004901090;3004909100;3004909911;3004909912;3004909913;3004909914;3004909915;3004909916;3004909919;3004909921;3004909922;3004909923;3004909929;3004909930;3004909941;3004909949;3004909950;3004909960;3004909971;3004909979;3004909981;3004909982;3004909983;3004909984;3004909989;3004909991;3004909999;3005100010;3005100091;3005100099;3005101000;3005109100;3005109900;3005900010;3005900020;3005900030;3005900040;3005900050;3005900060;3005900090;3005901000;3005902000;3005903000;3005909100;3005909200;3005909300;3005909900;3006100010;3006100090;3006200010;3006200020;3006200090;3006201000;3006202000;3006209000;3006300010;3006300020;3006300090;3006301000;3006309100;3006309900;3006400010;3006400020;3006400030;3006400090;3006401010;3006401020;3006402000;3006409000;3006500000;3006600000;3006600010;3006600011;3006600019;3006600090;3006701000;3006709000;3006801100;3006801900;3006809010;3006809020;3006809030;3006809041;3006809042;3006809043;3006809050;3006809060;3006910000;3006920000;3006931000;3006932000;3006933000;3006934000;3006939000,,
no,declared,343,3004409040,1,1,198801,imports,3004,300440,199711,199712,9473686.00,"Theophylline, for human use, in dosage",yes,no,,no,no,same_subheading,13,13,176,352,352,255,352,3004400010;3004400020;3004400030;3004400040;3004400050;3004400080;3004400090;3004401000;3004409019;3004409050;3004409070;3004409080;3004409090,0,0,3004400010;3004400020;3004400030;3004400040;3004400050;3004400080;3004400090;3004401000;3004409019;3004409050;3004409070;3004409080;3004409090,3001100010;3001100090;3001200000;3001900010;3001900020;3001900090;3001901000;3001902000;3001909000;3002100010;3002100021;3002100022;3002100023;3002100029;3002100030;3002100041;3002100042;3002100049;3002100051;3002100059;3002100060;3002100090;3002101010;3002101021;3002101022;3002101023;3002101029;3002101090;3002102110;3002102120;3002102190;3002102910;3002102990;3002110000;3002120011;3002120012;3002120013;3002120019;3002120021;3002120029;3002130000;3002140000;3002150000;3002190000;3002200010;3002200020;3002200030;3002200090;3002300010;3002300090;3002301000;3002309000;3002410010;3002410090;3002420010;3002420090;3002490010;3002490020;3002490090;3002510000;3002590000;3002900010;3002900011;3002900012;3002900019;3002900020;3002900030;3002900040;3002900050;3002900090;3002900091;3002900092;3002900093;3002900099;3002901011;3002901019;3002901020;3002901030;3002901040;3002909010;3002909090;3003100000;3003200000;3003310000;3003310010;3003310090;3003319900;3003390000;3003390010;3003390090;3003391000;3003399900;3003400000;3003409000;3003410000;3003420000;3003430000;3003490000;3003600000;3003900010;3003900020;3003900030;3003900090;3003900091;3003900099;3003901000;3003909100;3003909910;3003909990;3004100010;3004100011;3004100012;3004100013;3004100019;3004100020;3004100031;3004100032;3004100090;3004200010;3004200011;3004200012;3004200013;3004200018;3004200019;3004200020;3004200031;3004200039;3004200041;3004200049;3004200051;3004200059;3004200061;3004200062;3004200063;3004200069;3004200071;3004200079;3004200080;3004200090;3004310000;3004310010;3004310090;3004311000;3004319900;3004320000;3004320010;3004320011;3004320019;3004320020;3004320081;3004320082;3004320089;3004320090;3004321000;3004329011;3004329019;3004329020;3004390010;3004390011;3004390012;3004390013;3004390019;3004390081;3004390082;3004390083;3004390084;3004390085;3004390090;3004391000;3004399910;3004399920;3004399930;3004399950;3004399960;3004410000;3004420000;3004430000;3004490010;3004490090;3004500010;3004500011;3004500012;3004500013;3004500014;3004500019;3004500020;3004500031;3004500032;3004500039;3004500040;3004500050;3004500061;3004500069;3004500070;3004500090;3004501000;3004509911;3004509912;3004509919;3004509920;3004509930;3004509941;3004509949;3004509950;3004600000;3004900011;3004900012;3004900019;3004900020;3004900021;3004900022;3004900023;3004900024;3004900025;3004900026;3004900027;3004900029;3004900031;3004900032;3004900033;3004900034;3004900035;3004900036;3004900039;3004900041;3004900042;3004900043;3004900049;3004900050;3004900061;3004900069;3004900071;3004900072;3004900073;3004900074;3004900075;3004900076;3004900077;3004900078;3004900079;3004900081;3004900089;3004900090;3004901010;3004901020;3004901090;3004909100;3004909911;3004909912;3004909913;3004909914;3004909915;3004909916;3004909919;3004909921;3004909922;3004909923;3004909929;3004909930;3004909941;3004909949;3004909950;3004909960;3004909971;3004909979;3004909981;3004909982;3004909983;3004909984;3004909989;3004909991;3004909999;3005100010;3005100091;3005100099;3005101000;3005109100;3005109900;3005900010;3005900020;3005900030;3005900040;3005900050;3005900060;3005900090;3005901000;3005902000;3005903000;3005909100;3005909200;3005909300;3005909900;3006100010;3006100090;3006200010;3006200020;3006200090;3006201000;3006202000;3006209000;3006300010;3006300020;3006300090;3006301000;3006309100;3006309900;3006400010;3006400020;3006400030;3006400090;3006401010;3006401020;3006402000;3006409000;3006500000;3006600000;3006600010;3006600011;3006600019;3006600090;3006701000;3006709000;3006801100;3006801900;3006809010;3006809020;3006809030;3006809041;3006809042;3006809043;3006809050;3006809060;3006910000;3006920000;3006931000;3006932000;3006933000;3006934000;3006939000,,
no,declared,342,3004409050,1,1,198801,imports,3004,300440,199712,199801,41902526.00,"Morphine or its derivs, for human use, in dosage",yes,no,,no,no,same_subheading,7,7,120,245,245,148,245,3004400010;3004400020;3004400030;3004400040;3004400050;3004400080;3004400090,106,0,3004400010;3004400020;3004400030;3004400040;3004400050;3004400080;3004400090,3001100010;3001100090;3001200000;3001900010;3001900020;3001900090;3002100010;3002100021;3002100022;3002100023;3002100029;3002100030;3002100041;3002100042;3002100049;3002100051;3002100059;3002100060;3002100090;3002110000;3002120011;3002120012;3002120013;3002120019;3002120021;3002120029;3002130000;3002140000;3002150000;3002190000;3002200010;3002200020;3002200030;3002200090;3002300010;3002300090;3002410010;3002410090;3002420010;3002420090;3002490010;3002490020;3002490090;3002510000;3002590000;3002900010;3002900011;3002900012;3002900019;3002900020;3002900030;3002900040;3002900050;3002900090;3002900091;3002900092;3002900093;3002900099;3003100000;3003200000;3003310000;3003310010;3003310090;3003390000;3003390010;3003390090;3003400000;3003410000;3003420000;3003430000;3003490000;3003600000;3003900010;3003900020;3003900030;3003900090;3003900091;3003900099;3004100010;3004100011;3004100012;3004100013;3004100019;3004100020;3004100031;3004100032;3004100090;3004200010;3004200011;3004200012;3004200013;3004200018;3004200019;3004200020;3004200031;3004200039;3004200041;3004200049;3004200051;3004200059;3004200061;3004200062;3004200063;3004200069;3004200071;3004200079;3004200080;3004200090;3004310000;3004310010;3004310090;3004320000;3004320010;3004320011;3004320019;3004320020;3004320081;3004320082;3004320089;3004320090;3004390010;3004390011;3004390012;3004390013;3004390019;3004390081;3004390082;3004390083;3004390084;3004390085;3004390090;3004410000;3004420000;3004430000;3004490010;3004490090;3004500010;3004500011;3004500012;3004500013;3004500014;3004500019;3004500020;3004500031;3004500032;3004500039;3004500040;3004500050;3004500061;3004500069;3004500070;3004500090;3004600000;3004900011;3004900012;3004900019;3004900020;3004900021;3004900022;3004900023;3004900024;3004900025;3004900026;3004900027;3004900029;3004900031;3004900032;3004900033;3004900034;3004900035;3004900036;3004900039;3004900041;3004900042;3004900043;3004900049;3004900050;3004900061;3004900069;3004900071;3004900072;3004900073;3004900074;3004900075;3004900076;3004900077;3004900078;3004900079;3004900081;3004900089;3004900090;3005100010;3005100091;3005100099;3005900010;3005900020;3005900030;3005900040;3005900050;3005900060;3005900090;3006100010;3006100090;3006200010;3006200020;3006200090;3006300010;3006300020;3006300090;3006400010;3006400020;3006400030;3006400090;3006500000;3006600000;3006600010;3006600011;3006600019;3006600090;3006701000;3006709000;3006801100;3006801900;3006809010;3006809020;3006809030;3006809041;3006809042;3006809043;3006809050;3006809060;3006910000;3006920000;3006931000;3006932000;3006933000;3006934000;3006939000,3001900010;3001900020;3001900090;3002100010;3002100021;3002100022;3002100023;3002100029;3002100030;3002100041;3002100042;3002100049;3002100051;3002100059;3002300010;3002300090;3002900011;3002900019;3002900020;3002900091;3002900092;3002900099;3003310090;3003390010;3003390090;3003400000;3003900010;3003900020;3003900091;3003900099;3004310010;3004310090;3004320081;3004320089;3004320090;3004390010;3004390081;3004390083;3004390084;3004390085;3004390090;3004400010;3004400020;3004400030;3004400040;3004400080;3004400090;3004500010;3004500020;3004500031;3004500032;3004500039;3004500040;3004500050;3004500061;3004500069;3004500070;3004900011;3004900012;3004900019;3004900020;3004900031;3004900032;3004900033;3004900034;3004900035;3004900036;3004900039;3004900041;3004900042;3004900043;3004900049;3004900050;3004900061;3004900069;3004900071;3004900072;3004900073;3004900074;3004900075;3004900076;3004900077;3004900078;3004900079;3004900081;3004900089;3005100010;3005100091;3005100099;3005900010;3005900020;3005900030;3005900040;3005900050;3005900060;3005900090;3006200010;3006200020;3006200090;3006300010;3006300020;3006300090;3006400010;3006400020;3006400030;3006400090,
no,declared,387,3004409060,1,1,199111,imports,3004,300440,199403,199404,217467.00,"Cocaine or its derivs, for human use, in dosage",yes,no,,no,no,same_subheading,17,17,185,370,370,157,370,3004401000;3004409011;3004409019;3004409020;3004409030;3004409040;3004409050;3004409070;3004409080;3004409090,0,0,3004400010;3004400020;3004400030;3004400040;3004400050;3004400080;3004400090;3004401000;3004409011;3004409019;3004409020;3004409030;3004409040;3004409050;3004409070;3004409080;3004409090,3001100010;3001100090;3001200000;3001900010;3001900020;3001900090;3001901000;3001902000;3001909000;3002100010;3002100021;3002100022;3002100023;3002100029;3002100030;3002100041;3002100042;3002100049;3002100051;3002100059;3002100060;3002100090;3002101010;3002101021;3002101022;3002101023;3002101029;3002101090;3002102110;3002102120;3002102190;3002102910;3002102990;3002110000;3002120011;3002120012;3002120013;3002120019;3002120021;3002120029;3002130000;3002140000;3002150000;3002190000;3002200010;3002200020;3002200030;3002200090;3002300010;3002300090;3002301000;3002309000;3002310000;3002391000;3002399000;3002410010;3002410090;3002420010;3002420090;3002490010;3002490020;3002490090;3002510000;3002590000;3002900010;3002900011;3002900012;3002900019;3002900020;3002900030;3002900040;3002900050;3002900090;3002900091;3002900092;3002900093;3002900099;3002901010;3002901011;3002901019;3002901020;3002901030;3002901040;3002909010;3002909020;3002909030;3002909090;3003100000;3003200000;3003310000;3003310010;3003310090;3003311000;3003319900;3003390000;3003390010;3003390090;3003391000;3003399100;3003399900;3003400000;3003409000;3003410000;3003420000;3003430000;3003490000;3003600000;3003900010;3003900020;3003900030;3003900090;3003900091;3003900099;3003901000;3003909100;3003909900;3003909910;3003909990;3004100010;3004100011;3004100012;3004100013;3004100019;3004100020;3004100031;3004100032;3004100090;3004200010;3004200011;3004200012;3004200013;3004200018;3004200019;3004200020;3004200031;3004200039;3004200041;3004200049;3004200051;3004200052;3004200059;3004200061;3004200062;3004200063;3004200069;3004200071;3004200079;3004200080;3004200090;3004310000;3004310010;3004310090;3004311000;3004319900;3004320000;3004320010;3004320011;3004320019;3004320020;3004320081;3004320082;3004320089;3004320090;3004321000;3004329011;3004329012;3004329019;3004329020;3004390010;3004390011;3004390012;3004390013;3004390019;3004390081;3004390082;3004390083;3004390084;3004390085;3004390090;3004391000;3004399100;3004399910;3004399920;3004399930;3004399940;3004399950;3004399960;3004410000;3004420000;3004430000;3004490010;3004490090;3004500010;3004500011;3004500012;3004500013;3004500014;3004500019;3004500020;3004500031;3004500032;3004500039;3004500040;3004500050;3004500061;3004500069;3004500070;3004500090;3004501000;3004509100;3004509911;3004509912;3004509919;3004509920;3004509930;3004509941;3004509949;3004509950;3004600000;3004900011;3004900012;3004900019;3004900020;3004900021;3004900022;3004900023;3004900024;3004900025;3004900026;3004900027;3004900029;3004900031;3004900032;3004900033;3004900034;3004900035;3004900036;3004900039;3004900041;3004900042;3004900043;3004900049;3004900050;3004900061;3004900069;3004900071;3004900072;3004900073;3004900074;3004900075;3004900076;3004900077;3004900078;3004900079;3004900081;3004900089;3004900090;3004901010;3004901020;3004901090;3004909100;3004909911;3004909912;3004909913;3004909914;3004909915;3004909916;3004909919;3004909921;3004909922;3004909923;3004909929;3004909930;3004909941;3004909949;3004909950;3004909960;3004909971;3004909979;3004909981;3004909982;3004909983;3004909984;3004909989;3004909991;3004909999;3005100010;3005100091;3005100099;3005101000;3005109100;3005109900;3005900010;3005900020;3005900030;3005900040;3005900050;3005900060;3005900090;3005901000;3005902000;3005903000;3005909100;3005909200;3005909300;3005909900;3006100010;3006100090;3006200010;3006200020;3006200090;3006201000;3006202000;3006209000;3006300010;3006300020;3006300090;3006301000;3006309100;3006309900;3006400010;3006400020;3006400030;3006400090;3006401010;3006401020;3006402000;3006409000;3006500000;3006600000;3006600010;3006600011;3006600019;3006600090;3006701000;3006709000;3006801100;3006801900;3006809010;3006809020;3006809030;3006809041;3006809042;3006809043;3006809050;3006809060;3006910000;3006920000;3006931000;3006932000;3006933000;3006934000;3006939000,,
no,declared,342,3004409070,1,1,198805,imports,3004,300440,199712,199801,1778947.00,"Aminophylline, for human use, in dosage",yes,no,,no,no,same_subheading,7,7,120,245,245,148,245,3004400010;3004400020;3004400030;3004400040;3004400050;3004400080;3004400090,106,0,3004400010;3004400020;3004400030;3004400040;3004400050;3004400080;3004400090,3001100010;3001100090;3001200000;3001900010;3001900020;3001900090;3002100010;3002100021;3002100022;3002100023;3002100029;3002100030;3002100041;3002100042;3002100049;3002100051;3002100059;3002100060;3002100090;3002110000;3002120011;3002120012;3002120013;3002120019;3002120021;3002120029;3002130000;3002140000;3002150000;3002190000;3002200010;3002200020;3002200030;3002200090;3002300010;3002300090;3002410010;3002410090;3002420010;3002420090;3002490010;3002490020;3002490090;3002510000;3002590000;3002900010;3002900011;3002900012;3002900019;3002900020;3002900030;3002900040;3002900050;3002900090;3002900091;3002900092;3002900093;3002900099;3003100000;3003200000;3003310000;3003310010;3003310090;3003390000;3003390010;3003390090;3003400000;3003410000;3003420000;3003430000;3003490000;3003600000;3003900010;3003900020;3003900030;3003900090;3003900091;3003900099;3004100010;3004100011;3004100012;3004100013;3004100019;3004100020;3004100031;3004100032;3004100090;3004200010;3004200011;3004200012;3004200013;3004200018;3004200019;3004200020;3004200031;3004200039;3004200041;3004200049;3004200051;3004200059;3004200061;3004200062;3004200063;3004200069;3004200071;3004200079;3004200080;3004200090;3004310000;3004310010;3004310090;3004320000;3004320010;3004320011;3004320019;3004320020;3004320081;3004320082;3004320089;3004320090;3004390010;3004390011;3004390012;3004390013;3004390019;3004390081;3004390082;3004390083;3004390084;3004390085;3004390090;3004410000;3004420000;3004430000;3004490010;3004490090;3004500010;3004500011;3004500012;3004500013;3004500014;3004500019;3004500020;3004500031;3004500032;3004500039;3004500040;3004500050;3004500061;3004500069;3004500070;3004500090;3004600000;3004900011;3004900012;3004900019;3004900020;3004900021;3004900022;3004900023;3004900024;3004900025;3004900026;3004900027;3004900029;3004900031;3004900032;3004900033;3004900034;3004900035;3004900036;3004900039;3004900041;3004900042;3004900043;3004900049;3004900050;3004900061;3004900069;3004900071;3004900072;3004900073;3004900074;3004900075;3004900076;3004900077;3004900078;3004900079;3004900081;3004900089;3004900090;3005100010;3005100091;3005100099;3005900010;3005900020;3005900030;3005900040;3005900050;3005900060;3005900090;3006100010;3006100090;3006200010;3006200020;3006200090;3006300010;3006300020;3006300090;3006400010;3006400020;3006400030;3006400090;3006500000;3006600000;3006600010;3006600011;3006600019;3006600090;3006701000;3006709000;3006801100;3006801900;3006809010;3006809020;3006809030;3006809041;3006809042;3006809043;3006809050;3006809060;3006910000;3006920000;3006931000;3006932000;3006933000;3006934000;3006939000,3001900010;3001900020;3001900090;3002100010;3002100021;3002100022;3002100023;3002100029;3002100030;3002100041;3002100042;3002100049;3002100051;3002100059;3002300010;3002300090;3002900011;3002900019;3002900020;3002900091;3002900092;3002900099;3003310090;3003390010;3003390090;3003400000;3003900010;3003900020;3003900091;3003900099;3004310010;3004310090;3004320081;3004320089;3004320090;3004390010;3004390081;3004390083;3004390084;3004390085;3004390090;3004400010;3004400020;3004400030;3004400040;3004400080;3004400090;3004500010;3004500020;3004500031;3004500032;3004500039;3004500040;3004500050;3004500061;3004500069;3004500070;3004900011;3004900012;3004900019;3004900020;3004900031;3004900032;3004900033;3004900034;3004900035;3004900036;3004900039;3004900041;3004900042;3004900043;3004900049;3004900050;3004900061;3004900069;3004900071;3004900072;3004900073;3004900074;3004900075;3004900076;3004900077;3004900078;3004900079;3004900081;3004900089;3005100010;3005100091;3005100099;3005900010;3005900020;3005900030;3005900040;3005900050;3005900060;3005900090;3006200010;3006200020;3006200090;3006300010;3006300020;3006300090;3006400010;3006400020;3006400030;3006400090,
no,declared,342,3004409080,1,1,198802,imports,3004,300440,199712,199801,22494169.00,"Narcotic veg alkaloids or their narc derivs, nes, for human use, in dosage",yes,no,,no,no,same_subheading,7,7,120,245,245,148,245,3004400010;3004400020;3004400030;3004400040;3004400050;3004400080;3004400090,106,0,3004400010;3004400020;3004400030;3004400040;3004400050;3004400080;3004400090,3001100010;3001100090;3001200000;3001900010;3001900020;3001900090;3002100010;3002100021;3002100022;3002100023;3002100029;3002100030;3002100041;3002100042;3002100049;3002100051;3002100059;3002100060;3002100090;3002110000;3002120011;3002120012;3002120013;3002120019;3002120021;3002120029;3002130000;3002140000;3002150000;3002190000;3002200010;3002200020;3002200030;3002200090;3002300010;3002300090;3002410010;3002410090;3002420010;3002420090;3002490010;3002490020;3002490090;3002510000;3002590000;3002900010;3002900011;3002900012;3002900019;3002900020;3002900030;3002900040;3002900050;3002900090;3002900091;3002900092;3002900093;3002900099;3003100000;3003200000;3003310000;3003310010;3003310090;3003390000;3003390010;3003390090;3003400000;3003410000;3003420000;3003430000;3003490000;3003600000;3003900010;3003900020;3003900030;3003900090;3003900091;3003900099;3004100010;3004100011;3004100012;3004100013;3004100019;3004100020;3004100031;3004100032;3004100090;3004200010;3004200011;3004200012;3004200013;3004200018;3004200019;3004200020;3004200031;3004200039;3004200041;3004200049;3004200051;3004200059;3004200061;3004200062;3004200063;3004200069;3004200071;3004200079;3004200080;3004200090;3004310000;3004310010;3004310090;3004320000;3004320010;3004320011;3004320019;3004320020;3004320081;3004320082;3004320089;3004320090;3004390010;3004390011;3004390012;3004390013;3004390019;3004390081;3004390082;3004390083;3004390084;3004390085;3004390090;3004410000;3004420000;3004430000;3004490010;3004490090;3004500010;3004500011;3004500012;3004500013;3004500014;3004500019;3004500020;3004500031;3004500032;3004500039;3004500040;3004500050;3004500061;3004500069;3004500070;3004500090;3004600000;3004900011;3004900012;3004900019;3004900020;3004900021;3004900022;3004900023;3004900024;3004900025;3004900026;3004900027;3004900029;3004900031;3004900032;3004900033;3004900034;3004900035;3004900036;3004900039;3004900041;3004900042;3004900043;3004900049;3004900050;3004900061;3004900069;3004900071;3004900072;3004900073;3004900074;3004900075;3004900076;3004900077;3004900078;3004900079;3004900081;3004900089;3004900090;3005100010;3005100091;3005100099;3005900010;3005900020;3005900030;3005900040;3005900050;3005900060;3005900090;3006100010;3006100090;3006200010;3006200020;3006200090;3006300010;3006300020;3006300090;3006400010;3006400020;3006400030;3006400090;3006500000;3006600000;3006600010;3006600011;3006600019;3006600090;3006701000;3006709000;3006801100;3006801900;3006809010;3006809020;3006809030;3006809041;3006809042;3006809043;3006809050;3006809060;3006910000;3006920000;3006931000;3006932000;3006933000;3006934000;3006939000,3001900010;3001900020;3001900090;3002100010;3002100021;3002100022;3002100023;3002100029;3002100030;3002100041;3002100042;3002100049;3002100051;3002100059;3002300010;3002300090;3002900011;3002900019;3002900020;3002900091;3002900092;3002900099;3003310090;3003390010;3003390090;3003400000;3003900010;3003900020;3003900091;3003900099;3004310010;3004310090;3004320081;3004320089;3004320090;3004390010;3004390081;3004390083;3004390084;3004390085;3004390090;3004400010;3004400020;3004400030;3004400040;3004400080;3004400090;3004500010;3004500020;3004500031;3004500032;3004500039;3004500040;3004500050;3004500061;3004500069;3004500070;3004900011;3004900012;3004900019;3004900020;3004900031;3004900032;3004900033;3004900034;3004900035;3004900036;3004900039;3004900041;3004900042;3004900043;3004900049;3004900050;3004900061;3004900069;3004900071;3004900072;3004900073;3004900074;3004900075;3004900076;3004900077;3004900078;3004900079;3004900081;3004900089;3005100010;3005100091;3005100099;3005900010;3005900020;3005900030;3005900040;3005900050;3005900060;3005900090;3006200010;3006200020;3006200090;3006300010;3006300020;3006300090;3006400010;3006400020;3006400030;3006400090,
no,declared,342,3004409090,1,1,198801,imports,3004,300440,199712,199801,172848913.00,"Non-narc veg alkaloids or their non-narc derivs, nes, for human use, in dosage",yes,no,,no,no,same_subheading,7,7,120,245,245,148,245,3004400010;3004400020;3004400030;3004400040;3004400050;3004400080;3004400090,106,0,3004400010;3004400020;3004400030;3004400040;3004400050;3004400080;3004400090,3001100010;3001100090;3001200000;3001900010;3001900020;3001900090;3002100010;3002100021;3002100022;3002100023;3002100029;3002100030;3002100041;3002100042;3002100049;3002100051;3002100059;3002100060;3002100090;3002110000;3002120011;3002120012;3002120013;3002120019;3002120021;3002120029;3002130000;3002140000;3002150000;3002190000;3002200010;3002200020;3002200030;3002200090;3002300010;3002300090;3002410010;3002410090;3002420010;3002420090;3002490010;3002490020;3002490090;3002510000;3002590000;3002900010;3002900011;3002900012;3002900019;3002900020;3002900030;3002900040;3002900050;3002900090;3002900091;3002900092;3002900093;3002900099;3003100000;3003200000;3003310000;3003310010;3003310090;3003390000;3003390010;3003390090;3003400000;3003410000;3003420000;3003430000;3003490000;3003600000;3003900010;3003900020;3003900030;3003900090;3003900091;3003900099;3004100010;3004100011;3004100012;3004100013;3004100019;3004100020;3004100031;3004100032;3004100090;3004200010;3004200011;3004200012;3004200013;3004200018;3004200019;3004200020;3004200031;3004200039;3004200041;3004200049;3004200051;3004200059;3004200061;3004200062;3004200063;3004200069;3004200071;3004200079;3004200080;3004200090;3004310000;3004310010;3004310090;3004320000;3004320010;3004320011;3004320019;3004320020;3004320081;3004320082;3004320089;3004320090;3004390010;3004390011;3004390012;3004390013;3004390019;3004390081;3004390082;3004390083;3004390084;3004390085;3004390090;3004410000;3004420000;3004430000;3004490010;3004490090;3004500010;3004500011;3004500012;3004500013;3004500014;3004500019;3004500020;3004500031;3004500032;3004500039;3004500040;3004500050;3004500061;3004500069;3004500070;3004500090;3004600000;3004900011;3004900012;3004900019;3004900020;3004900021;3004900022;3004900023;3004900024;3004900025;3004900026;3004900027;3004900029;3004900031;3004900032;3004900033;3004900034;3004900035;3004900036;3004900039;3004900041;3004900042;3004900043;3004900049;3004900050;3004900061;3004900069;3004900071;3004900072;3004900073;3004900074;3004900075;3004900076;3004900077;3004900078;3004900079;3004900081;3004900089;3004900090;3005100010;3005100091;3005100099;3005900010;3005900020;3005900030;3005900040;3005900050;3005900060;3005900090;3006100010;3006100090;3006200010;3006200020;3006200090;3006300010;3006300020;3006300090;3006400010;3006400020;3006400030;3006400090;3006500000;3006600000;3006600010;3006600011;3006600019;3006600090;3006701000;3006709000;3006801100;3006801900;3006809010;3006809020;3006809030;3006809041;3006809042;3006809043;3006809050;3006809060;3006910000;3006920000;3006931000;3006932000;3006933000;3006934000;3006939000,3001900010;3001900020;3001900090;3002100010;3002100021;3002100022;3002100023;3002100029;3002100030;3002100041;3002100042;3002100049;3002100051;3002100059;3002300010;3002300090;3002900011;3002900019;3002900020;3002900091;3002900092;3002900099;3003310090;3003390010;3003390090;3003400000;3003900010;3003900020;3003900091;3003900099;3004310010;3004310090;3004320081;3004320089;3004320090;3004390010;3004390081;3004390083;3004390084;3004390085;3004390090;3004400010;3004400020;3004400030;3004400040;3004400080;3004400090;3004500010;3004500020;3004500031;3004500032;3004500039;3004500040;3004500050;3004500061;3004500069;3004500070;3004900011;3004900012;3004900019;3004900020;3004900031;3004900032;3004900033;3004900034;3004900035;3004900036;3004900039;3004900041;3004900042;3004900043;3004900049;3004900050;3004900061;3004900069;3004900071;3004900072;3004900073;3004900074;3004900075;3004900076;3004900077;3004900078;3004900079;3004900081;3004900089;3005100010;3005100091;3005100099;3005900010;3005900020;3005900030;3005900040;3005900050;3005900060;3005900090;3006200010;3006200020;3006200090;3006300010;3006300020;3006300090;3006400010;3006400020;3006400030;3006400090,
yes,trade_ceased_only,1,3004410000,1,1,201701,imports,3004,300441,202605,202606,8250035.00,"Medicaments,cont ephedrin/salts,therap/prophltc,in doses/frs,o/t No 30.02/05/06",no,no,,no,yes,same_heading,52,0,52,108,108,108,108,3004100010;3004100090;3004200011;3004200012;3004200013;3004200018;3004200019;3004200080;3004200090;3004310000;3004320000;3004390011;3004390013;3004390019;3004390090;3004420000;3004430000;3004490010;3004490090;3004500011;3004500012;3004500014;3004500019;3004500090;3004600000;3004900011;3004900012;3004900019;3004900021;3004900022;3004900023;3004900024;3004900025;3004900026;3004900027;3004900029;3004900042;3004900043;3004900049;3004900050;3004900061;3004900069;3004900071;3004900072;3004900073;3004900074;3004900075;3004900076;3004900077;3004900078;3004900079;3004900090,0,0,3004100010;3004100090;3004200011;3004200012;3004200013;3004200018;3004200019;3004200080;3004200090;3004310000;3004320000;3004390011;3004390013;3004390019;3004390090;3004420000;3004430000;3004490010;3004490090;3004500011;3004500012;3004500014;3004500019;3004500090;3004600000;3004900011;3004900012;3004900019;3004900021;3004900022;3004900023;3004900024;3004900025;3004900026;3004900027;3004900029;3004900042;3004900043;3004900049;3004900050;3004900061;3004900069;3004900071;3004900072;3004900073;3004900074;3004900075;3004900076;3004900077;3004900078;3004900079;3004900090,3001200000;3001900010;3001900020;3001900090;3002120011;3002120012;3002120013;3002120019;3002120021;3002120029;3002130000;3002140000;3002150000;3002410010;3002410090;3002420010;3002420090;3002490010;3002490020;3002490090;3002510000;3002590000;3002900020;3002900030;3002900040;3002900090;3003100000;3003200000;3003390000;3003490000;3003900030;3003900090;3005100010;3005100091;3005100099;3005900020;3005900030;3005900040;3005900090;3006100010;3006100090;3006300010;3006300090;3006400010;3006400090;3006500000;3006600000;3006701000;3006709000;3006910000;3006920000;3006931000;3006932000;3006933000;3006934000;3006939000,,
no,declared,174,3004500010,1,1,199801,imports,3004,300450,201112,201201,37019078.00,"Mx of amino acids & vitamins,& mx of amino acids, protein hydrolysates & vit,etc",yes,yes,2007->2012,yes,yes,same_subheading,6,6,65,158,158,109,158,3004500011;3004500012;3004500013;3004500014;3004500019;3004500090,28,0,3004500011;3004500012;3004500013;3004500014;3004500019;3004500090,3001200000;3001900010;3001900020;3001900090;3002100010;3002100021;3002100022;3002100023;3002100029;3002100030;3002100041;3002100042;3002100049;3002100051;3002100059;3002100090;3002110000;3002120011;3002120012;3002120013;3002120019;3002120021;3002120029;3002130000;3002140000;3002150000;3002190000;3002200010;3002200090;3002300010;3002300090;3002410010;3002410090;3002420010;3002420090;3002490010;3002490020;3002490090;3002510000;3002590000;3002900010;3002900011;3002900012;3002900019;3002900020;3002900030;3002900040;3002900050;3002900090;3002900091;3002900092;3002900093;3002900099;3003100000;3003200000;3003310000;3003390000;3003400000;3003410000;3003420000;3003430000;3003490000;3003600000;3003900030;3003900090;3004100010;3004100090;3004200011;3004200012;3004200013;3004200018;3004200019;3004200080;3004200090;3004310000;3004320000;3004390011;3004390012;3004390013;3004390019;3004390090;3004400030;3004400040;3004400090;3004410000;3004420000;3004430000;3004490010;3004490090;3004600000;3004900011;3004900012;3004900019;3004900021;3004900022;3004900023;3004900024;3004900025;3004900026;3004900027;3004900029;3004900031;3004900032;3004900033;3004900034;3004900035;3004900036;3004900039;3004900042;3004900043;3004900049;3004900050;3004900061;3004900069;3004900071;3004900072;3004900073;3004900074;3004900075;3004900076;3004900077;3004900078;3004900079;3004900090;3005100010;3005100091;3005100099;3005900020;3005900030;3005900040;3005900090;3006100010;3006100090;3006200020;3006200090;3006300010;3006300090;3006400010;3006400090;3006500000;3006600000;3006600010;3006600090;3006701000;3006709000;3006910000;3006920000;3006931000;3006932000;3006933000;3006934000;3006939000,3002100090;3003310000;3003390000;3003900030;3003900090;3004100010;3004100090;3004200011;3004200012;3004200013;3004200018;3004200019;3004200080;3004200090;3004310000;3004320000;3004390011;3004390012;3004390013;3004390019;3004500011;3004500012;3004500013;3004500014;3004500019;3004500090;3004900090;3006600010,
no,declared,114,3004500013,1,1,201201,imports,3004,300450,201612,201701,20568179.00,"Medicaments cont multivitamins not mixed with other suppl,for hum use,in dosage",yes,yes,2012->2017,yes,yes,same_subheading,5,5,61,132,132,116,132,3004500011;3004500012;3004500014;3004500019;3004500090,23,0,3004500011;3004500012;3004500014;3004500019;3004500090,3001200000;3001900010;3001900020;3001900090;3002110000;3002120011;3002120012;3002120013;3002120019;3002120021;3002120029;3002130000;3002140000;3002150000;3002190000;3002200010;3002200090;3002300010;3002300090;3002410010;3002410090;3002420010;3002420090;3002490010;3002490020;3002490090;3002510000;3002590000;3002900010;3002900020;3002900030;3002900040;3002900050;3002900090;3003100000;3003200000;3003310000;3003390000;3003410000;3003420000;3003430000;3003490000;3003600000;3003900030;3003900090;3004100010;3004100090;3004200011;3004200012;3004200013;3004200018;3004200019;3004200080;3004200090;3004310000;3004320000;3004390011;3004390012;3004390013;3004390019;3004390090;3004410000;3004420000;3004430000;3004490010;3004490090;3004600000;3004900011;3004900012;3004900019;3004900021;3004900022;3004900023;3004900024;3004900025;3004900026;3004900027;3004900029;3004900031;3004900032;3004900033;3004900034;3004900035;3004900036;3004900039;3004900042;3004900043;3004900049;3004900050;3004900061;3004900069;3004900071;3004900072;3004900073;3004900074;3004900075;3004900076;3004900077;3004900078;3004900079;3004900090;3005100010;3005100091;3005100099;3005900020;3005900030;3005900040;3005900090;3006100010;3006100090;3006200020;3006200090;3006300010;3006300090;3006400010;3006400090;3006500000;3006600000;3006701000;3006709000;3006910000;3006920000;3006931000;3006932000;3006933000;3006934000;3006939000,3002110000;3002120011;3002120012;3002120013;3002120019;3002120021;3002120029;3002130000;3002140000;3002150000;3002190000;3002900010;3002900040;3002900050;3002900090;3003430000;3003490000;3003600000;3004410000;3004420000;3004490090;3004600000;3006600000,
no,declared,174,3004500020,1,1,199801,imports,3004,300450,201112,201201,7548977.00,"Vitamins, cont more than 23% of abs ethyl alc by vol, for human use, in dosage",yes,yes,2007->2012,yes,yes,same_subheading,6,6,65,158,158,109,158,3004500011;3004500012;3004500013;3004500014;3004500019;3004500090,28,0,3004500011;3004500012;3004500013;3004500014;3004500019;3004500090,3001200000;3001900010;3001900020;3001900090;3002100010;3002100021;3002100022;3002100023;3002100029;3002100030;3002100041;3002100042;3002100049;3002100051;3002100059;3002100090;3002110000;3002120011;3002120012;3002120013;3002120019;3002120021;3002120029;3002130000;3002140000;3002150000;3002190000;3002200010;3002200090;3002300010;3002300090;3002410010;3002410090;3002420010;3002420090;3002490010;3002490020;3002490090;3002510000;3002590000;3002900010;3002900011;3002900012;3002900019;3002900020;3002900030;3002900040;3002900050;3002900090;3002900091;3002900092;3002900093;3002900099;3003100000;3003200000;3003310000;3003390000;3003400000;3003410000;3003420000;3003430000;3003490000;3003600000;3003900030;3003900090;3004100010;3004100090;3004200011;3004200012;3004200013;3004200018;3004200019;3004200080;3004200090;3004310000;3004320000;3004390011;3004390012;3004390013;3004390019;3004390090;3004400030;3004400040;3004400090;3004410000;3004420000;3004430000;3004490010;3004490090;3004600000;3004900011;3004900012;3004900019;3004900021;3004900022;3004900023;3004900024;3004900025;3004900026;3004900027;3004900029;3004900031;3004900032;3004900033;3004900034;3004900035;3004900036;3004900039;3004900042;3004900043;3004900049;3004900050;3004900061;3004900069;3004900071;3004900072;3004900073;3004900074;3004900075;3004900076;3004900077;3004900078;3004900079;3004900090;3005100010;3005100091;3005100099;3005900020;3005900030;3005900040;3005900090;3006100010;3006100090;3006200020;3006200090;3006300010;3006300090;3006400010;3006400090;3006500000;3006600000;3006600010;3006600090;3006701000;3006709000;3006910000;3006920000;3006931000;3006932000;3006933000;3006934000;3006939000,3002100090;3003310000;3003390000;3003900030;3003900090;3004100010;3004100090;3004200011;3004200012;3004200013;3004200018;3004200019;3004200080;3004200090;3004310000;3004320000;3004390011;3004390012;3004390013;3004390019;3004500011;3004500012;3004500013;3004500014;3004500019;3004500090;3004900090;3006600010,
no,declared,174,3004500031,1,1,199801,imports,3004,300450,201112,201201,25564446.00,"Vitamin C only, for human use, in dosage",yes,yes,2007->2012,yes,yes,same_subheading,6,6,65,158,158,109,158,3004500011;3004500012;3004500013;3004500014;3004500019;3004500090,28,0,3004500011;3004500012;3004500013;3004500014;3004500019;3004500090,3001200000;3001900010;3001900020;3001900090;3002100010;3002100021;3002100022;3002100023;3002100029;3002100030;3002100041;3002100042;3002100049;3002100051;3002100059;3002100090;3002110000;3002120011;3002120012;3002120013;3002120019;3002120021;3002120029;3002130000;3002140000;3002150000;3002190000;3002200010;3002200090;3002300010;3002300090;3002410010;3002410090;3002420010;3002420090;3002490010;3002490020;3002490090;3002510000;3002590000;3002900010;3002900011;3002900012;3002900019;3002900020;3002900030;3002900040;3002900050;3002900090;3002900091;3002900092;3002900093;3002900099;3003100000;3003200000;3003310000;3003390000;3003400000;3003410000;3003420000;3003430000;3003490000;3003600000;3003900030;3003900090;3004100010;3004100090;3004200011;3004200012;3004200013;3004200018;3004200019;3004200080;3004200090;3004310000;3004320000;3004390011;3004390012;3004390013;3004390019;3004390090;3004400030;3004400040;3004400090;3004410000;3004420000;3004430000;3004490010;3004490090;3004600000;3004900011;3004900012;3004900019;3004900021;3004900022;3004900023;3004900024;3004900025;3004900026;3004900027;3004900029;3004900031;3004900032;3004900033;3004900034;3004900035;3004900036;3004900039;3004900042;3004900043;3004900049;3004900050;3004900061;3004900069;3004900071;3004900072;3004900073;3004900074;3004900075;3004900076;3004900077;3004900078;3004900079;3004900090;3005100010;3005100091;3005100099;3005900020;3005900030;3005900040;3005900090;3006100010;3006100090;3006200020;3006200090;3006300010;3006300090;3006400010;3006400090;3006500000;3006600000;3006600010;3006600090;3006701000;3006709000;3006910000;3006920000;3006931000;3006932000;3006933000;3006934000;3006939000,3002100090;3003310000;3003390000;3003900030;3003900090;3004100010;3004100090;3004200011;3004200012;3004200013;3004200018;3004200019;3004200080;3004200090;3004310000;3004320000;3004390011;3004390012;3004390013;3004390019;3004500011;3004500012;3004500013;3004500014;3004500019;3004500090;3004900090;3006600010,
no,declared,174,3004500032,1,1,199801,imports,3004,300450,201112,201201,50770658.00,"Vitamin E only, for human use, in dosage",yes,yes,2007->2012,yes,yes,same_subheading,6,6,65,158,158,109,158,3004500011;3004500012;3004500013;3004500014;3004500019;3004500090,28,0,3004500011;3004500012;3004500013;3004500014;3004500019;3004500090,3001200000;3001900010;3001900020;3001900090;3002100010;3002100021;3002100022;3002100023;3002100029;3002100030;3002100041;3002100042;3002100049;3002100051;3002100059;3002100090;3002110000;3002120011;3002120012;3002120013;3002120019;3002120021;3002120029;3002130000;3002140000;3002150000;3002190000;3002200010;3002200090;3002300010;3002300090;3002410010;3002410090;3002420010;3002420090;3002490010;3002490020;3002490090;3002510000;3002590000;3002900010;3002900011;3002900012;3002900019;3002900020;3002900030;3002900040;3002900050;3002900090;3002900091;3002900092;3002900093;3002900099;3003100000;3003200000;3003310000;3003390000;3003400000;3003410000;3003420000;3003430000;3003490000;3003600000;3003900030;3003900090;3004100010;3004100090;3004200011;3004200012;3004200013;3004200018;3004200019;3004200080;3004200090;3004310000;3004320000;3004390011;3004390012;3004390013;3004390019;3004390090;3004400030;3004400040;3004400090;3004410000;3004420000;3004430000;3004490010;3004490090;3004600000;3004900011;3004900012;3004900019;3004900021;3004900022;3004900023;3004900024;3004900025;3004900026;3004900027;3004900029;3004900031;3004900032;3004900033;3004900034;3004900035;3004900036;3004900039;3004900042;3004900043;3004900049;3004900050;3004900061;3004900069;3004900071;3004900072;3004900073;3004900074;3004900075;3004900076;3004900077;3004900078;3004900079;3004900090;3005100010;3005100091;3005100099;3005900020;3005900030;3005900040;3005900090;3006100010;3006100090;3006200020;3006200090;3006300010;3006300090;3006400010;3006400090;3006500000;3006600000;3006600010;3006600090;3006701000;3006709000;3006910000;3006920000;3006931000;3006932000;3006933000;3006934000;3006939000,3002100090;3003310000;3003390000;3003900030;3003900090;3004100010;3004100090;3004200011;3004200012;3004200013;3004200018;3004200019;3004200080;3004200090;3004310000;3004320000;3004390011;3004390012;3004390013;3004390019;3004500011;3004500012;3004500013;3004500014;3004500019;3004500090;3004900090;3006600010,
no,declared,174,3004500039,1,1,199801,imports,3004,300450,201112,201201,165618033.00,"Single vitamin only, nes, for human use, in dosage",yes,yes,2007->2012,yes,yes,same_subheading,6,6,65,158,158,109,158,3004500011;3004500012;3004500013;3004500014;3004500019;3004500090,28,0,3004500011;3004500012;3004500013;3004500014;3004500019;3004500090,3001200000;3001900010;3001900020;3001900090;3002100010;3002100021;3002100022;3002100023;3002100029;3002100030;3002100041;3002100042;3002100049;3002100051;3002100059;3002100090;3002110000;3002120011;3002120012;3002120013;3002120019;3002120021;3002120029;3002130000;3002140000;3002150000;3002190000;3002200010;3002200090;3002300010;3002300090;3002410010;3002410090;3002420010;3002420090;3002490010;3002490020;3002490090;3002510000;3002590000;3002900010;3002900011;3002900012;3002900019;3002900020;3002900030;3002900040;3002900050;3002900090;3002900091;3002900092;3002900093;3002900099;3003100000;3003200000;3003310000;3003390000;3003400000;3003410000;3003420000;3003430000;3003490000;3003600000;3003900030;3003900090;3004100010;3004100090;3004200011;3004200012;3004200013;3004200018;3004200019;3004200080;3004200090;3004310000;3004320000;3004390011;3004390012;3004390013;3004390019;3004390090;3004400030;3004400040;3004400090;3004410000;3004420000;3004430000;3004490010;3004490090;3004600000;3004900011;3004900012;3004900019;3004900021;3004900022;3004900023;3004900024;3004900025;3004900026;3004900027;3004900029;3004900031;3004900032;3004900033;3004900034;3004900035;3004900036;3004900039;3004900042;3004900043;3004900049;3004900050;3004900061;3004900069;3004900071;3004900072;3004900073;3004900074;3004900075;3004900076;3004900077;3004900078;3004900079;3004900090;3005100010;3005100091;3005100099;3005900020;3005900030;3005900040;3005900090;3006100010;3006100090;3006200020;3006200090;3006300010;3006300090;3006400010;3006400090;3006500000;3006600000;3006600010;3006600090;3006701000;3006709000;3006910000;3006920000;3006931000;3006932000;3006933000;3006934000;3006939000,3002100090;3003310000;3003390000;3003900030;3003900090;3004100010;3004100090;3004200011;3004200012;3004200013;3004200018;3004200019;3004200080;3004200090;3004310000;3004320000;3004390011;3004390012;3004390013;3004390019;3004500011;3004500012;3004500013;3004500014;3004500019;3004500090;3004900090;3006600010,
no,declared,174,3004500040,1,1,199801,imports,3004,300450,201112,201201,121157561.00,"Single vitamin mixed w other supplements, for human use, in dosage",yes,yes,2007->2012,yes,yes,same_subheading,6,6,65,158,158,109,158,3004500011;3004500012;3004500013;3004500014;3004500019;3004500090,28,0,3004500011;3004500012;3004500013;3004500014;3004500019;3004500090,3001200000;3001900010;3001900020;3001900090;3002100010;3002100021;3002100022;3002100023;3002100029;3002100030;3002100041;3002100042;3002100049;3002100051;3002100059;3002100090;3002110000;3002120011;3002120012;3002120013;3002120019;3002120021;3002120029;3002130000;3002140000;3002150000;3002190000;3002200010;3002200090;3002300010;3002300090;3002410010;3002410090;3002420010;3002420090;3002490010;3002490020;3002490090;3002510000;3002590000;3002900010;3002900011;3002900012;3002900019;3002900020;3002900030;3002900040;3002900050;3002900090;3002900091;3002900092;3002900093;3002900099;3003100000;3003200000;3003310000;3003390000;3003400000;3003410000;3003420000;3003430000;3003490000;3003600000;3003900030;3003900090;3004100010;3004100090;3004200011;3004200012;3004200013;3004200018;3004200019;3004200080;3004200090;3004310000;3004320000;3004390011;3004390012;3004390013;3004390019;3004390090;3004400030;3004400040;3004400090;3004410000;3004420000;3004430000;3004490010;3004490090;3004600000;3004900011;3004900012;3004900019;3004900021;3004900022;3004900023;3004900024;3004900025;3004900026;3004900027;3004900029;3004900031;3004900032;3004900033;3004900034;3004900035;3004900036;3004900039;3004900042;3004900043;3004900049;3004900050;3004900061;3004900069;3004900071;3004900072;3004900073;3004900074;3004900075;3004900076;3004900077;3004900078;3004900079;3004900090;3005100010;3005100091;3005100099;3005900020;3005900030;3005900040;3005900090;3006100010;3006100090;3006200020;3006200090;3006300010;3006300090;3006400010;3006400090;3006500000;3006600000;3006600010;3006600090;3006701000;3006709000;3006910000;3006920000;3006931000;3006932000;3006933000;3006934000;3006939000,3002100090;3003310000;3003390000;3003900030;3003900090;3004100010;3004100090;3004200011;3004200012;3004200013;3004200018;3004200019;3004200080;3004200090;3004310000;3004320000;3004390011;3004390012;3004390013;3004390019;3004500011;3004500012;3004500013;3004500014;3004500019;3004500090;3004900090;3006600010,
no,declared,174,3004500050,1,1,199801,imports,3004,300450,201112,201201,62436289.00,"Multivitamins not mixed with other supplements, for human use, in dosage",yes,yes,2007->2012,yes,yes,same_subheading,6,6,65,158,158,109,158,3004500011;3004500012;3004500013;3004500014;3004500019;3004500090,28,0,3004500011;3004500012;3004500013;3004500014;3004500019;3004500090,3001200000;3001900010;3001900020;3001900090;3002100010;3002100021;3002100022;3002100023;3002100029;3002100030;3002100041;3002100042;3002100049;3002100051;3002100059;3002100090;3002110000;3002120011;3002120012;3002120013;3002120019;3002120021;3002120029;3002130000;3002140000;3002150000;3002190000;3002200010;3002200090;3002300010;3002300090;3002410010;3002410090;3002420010;3002420090;3002490010;3002490020;3002490090;3002510000;3002590000;3002900010;3002900011;3002900012;3002900019;3002900020;3002900030;3002900040;3002900050;3002900090;3002900091;3002900092;3002900093;3002900099;3003100000;3003200000;3003310000;3003390000;3003400000;3003410000;3003420000;3003430000;3003490000;3003600000;3003900030;3003900090;3004100010;3004100090;3004200011;3004200012;3004200013;3004200018;3004200019;3004200080;3004200090;3004310000;3004320000;3004390011;3004390012;3004390013;3004390019;3004390090;3004400030;3004400040;3004400090;3004410000;3004420000;3004430000;3004490010;3004490090;3004600000;3004900011;3004900012;3004900019;3004900021;3004900022;3004900023;3004900024;3004900025;3004900026;3004900027;3004900029;3004900031;3004900032;3004900033;3004900034;3004900035;3004900036;3004900039;3004900042;3004900043;3004900049;3004900050;3004900061;3004900069;3004900071;3004900072;3004900073;3004900074;3004900075;3004900076;3004900077;3004900078;3004900079;3004900090;3005100010;3005100091;3005100099;3005900020;3005900030;3005900040;3005900090;3006100010;3006100090;3006200020;3006200090;3006300010;3006300090;3006400010;3006400090;3006500000;3006600000;3006600010;3006600090;3006701000;3006709000;3006910000;3006920000;3006931000;3006932000;3006933000;3006934000;3006939000,3002100090;3003310000;3003390000;3003900030;3003900090;3004100010;3004100090;3004200011;3004200012;3004200013;3004200018;3004200019;3004200080;3004200090;3004310000;3004320000;3004390011;3004390012;3004390013;3004390019;3004500011;3004500012;3004500013;3004500014;3004500019;3004500090;3004900090;3006600010,
no,declared,174,3004500061,1,1,199801,imports,3004,300450,201112,201201,60566515.00,"Vitamins-iron preparation, for human use, in dosage",yes,yes,2007->2012,yes,yes,same_subheading,6,6,65,158,158,109,158,3004500011;3004500012;3004500013;3004500014;3004500019;3004500090,28,0,3004500011;3004500012;3004500013;3004500014;3004500019;3004500090,3001200000;3001900010;3001900020;3001900090;3002100010;3002100021;3002100022;3002100023;3002100029;3002100030;3002100041;3002100042;3002100049;3002100051;3002100059;3002100090;3002110000;3002120011;3002120012;3002120013;3002120019;3002120021;3002120029;3002130000;3002140000;3002150000;3002190000;3002200010;3002200090;3002300010;3002300090;3002410010;3002410090;3002420010;3002420090;3002490010;3002490020;3002490090;3002510000;3002590000;3002900010;3002900011;3002900012;3002900019;3002900020;3002900030;3002900040;3002900050;3002900090;3002900091;3002900092;3002900093;3002900099;3003100000;3003200000;3003310000;3003390000;3003400000;3003410000;3003420000;3003430000;3003490000;3003600000;3003900030;3003900090;3004100010;3004100090;3004200011;3004200012;3004200013;3004200018;3004200019;3004200080;3004200090;3004310000;3004320000;3004390011;3004390012;3004390013;3004390019;3004390090;3004400030;3004400040;3004400090;3004410000;3004420000;3004430000;3004490010;3004490090;3004600000;3004900011;3004900012;3004900019;3004900021;3004900022;3004900023;3004900024;3004900025;3004900026;3004900027;3004900029;3004900031;3004900032;3004900033;3004900034;3004900035;3004900036;3004900039;3004900042;3004900043;3004900049;3004900050;3004900061;3004900069;3004900071;3004900072;3004900073;3004900074;3004900075;3004900076;3004900077;3004900078;3004900079;3004900090;3005100010;3005100091;3005100099;3005900020;3005900030;3005900040;3005900090;3006100010;3006100090;3006200020;3006200090;3006300010;3006300090;3006400010;3006400090;3006500000;3006600000;3006600010;3006600090;3006701000;3006709000;3006910000;3006920000;3006931000;3006932000;3006933000;3006934000;3006939000,3002100090;3003310000;3003390000;3003900030;3003900090;3004100010;3004100090;3004200011;3004200012;3004200013;3004200018;3004200019;3004200080;3004200090;3004310000;3004320000;3004390011;3004390012;3004390013;3004390019;3004500011;3004500012;3004500013;3004500014;3004500019;3004500090;3004900090;3006600010,
no,declared,174,3004500069,1,1,199801,imports,3004,300450,201112,201201,602021188.00,"Multivitamins mixed with other supplements, nes, for human use, in dosage",yes,yes,2007->2012,yes,yes,same_subheading,6,6,65,158,158,109,158,3004500011;3004500012;3004500013;3004500014;3004500019;3004500090,28,0,3004500011;3004500012;3004500013;3004500014;3004500019;3004500090,3001200000;3001900010;3001900020;3001900090;3002100010;3002100021;3002100022;3002100023;3002100029;3002100030;3002100041;3002100042;3002100049;3002100051;3002100059;3002100090;3002110000;3002120011;3002120012;3002120013;3002120019;3002120021;3002120029;3002130000;3002140000;3002150000;3002190000;3002200010;3002200090;3002300010;3002300090;3002410010;3002410090;3002420010;3002420090;3002490010;3002490020;3002490090;3002510000;3002590000;3002900010;3002900011;3002900012;3002900019;3002900020;3002900030;3002900040;3002900050;3002900090;3002900091;3002900092;3002900093;3002900099;3003100000;3003200000;3003310000;3003390000;3003400000;3003410000;3003420000;3003430000;3003490000;3003600000;3003900030;3003900090;3004100010;3004100090;3004200011;3004200012;3004200013;3004200018;3004200019;3004200080;3004200090;3004310000;3004320000;3004390011;3004390012;3004390013;3004390019;3004390090;3004400030;3004400040;3004400090;3004410000;3004420000;3004430000;3004490010;3004490090;3004600000;3004900011;3004900012;3004900019;3004900021;3004900022;3004900023;3004900024;3004900025;3004900026;3004900027;3004900029;3004900031;3004900032;3004900033;3004900034;3004900035;3004900036;3004900039;3004900042;3004900043;3004900049;3004900050;3004900061;3004900069;3004900071;3004900072;3004900073;3004900074;3004900075;3004900076;3004900077;3004900078;3004900079;3004900090;3005100010;3005100091;3005100099;3005900020;3005900030;3005900040;3005900090;3006100010;3006100090;3006200020;3006200090;3006300010;3006300090;3006400010;3006400090;3006500000;3006600000;3006600010;3006600090;3006701000;3006709000;3006910000;3006920000;3006931000;3006932000;3006933000;3006934000;3006939000,3002100090;3003310000;3003390000;3003900030;3003900090;3004100010;3004100090;3004200011;3004200012;3004200013;3004200018;3004200019;3004200080;3004200090;3004310000;3004320000;3004390011;3004390012;3004390013;3004390019;3004500011;3004500012;3004500013;3004500014;3004500019;3004500090;3004900090;3006600010,
no,declared,174,3004500070,1,1,199801,imports,3004,300450,201112,201201,48205931.00,"Vitamins & their derivatives, nes, for veterinary use, in dosage",yes,yes,2007->2012,yes,yes,same_subheading,6,6,65,158,158,109,158,3004500011;3004500012;3004500013;3004500014;3004500019;3004500090,28,0,3004500011;3004500012;3004500013;3004500014;3004500019;3004500090,3001200000;3001900010;3001900020;3001900090;3002100010;3002100021;3002100022;3002100023;3002100029;3002100030;3002100041;3002100042;3002100049;3002100051;3002100059;3002100090;3002110000;3002120011;3002120012;3002120013;3002120019;3002120021;3002120029;3002130000;3002140000;3002150000;3002190000;3002200010;3002200090;3002300010;3002300090;3002410010;3002410090;3002420010;3002420090;3002490010;3002490020;3002490090;3002510000;3002590000;3002900010;3002900011;3002900012;3002900019;3002900020;3002900030;3002900040;3002900050;3002900090;3002900091;3002900092;3002900093;3002900099;3003100000;3003200000;3003310000;3003390000;3003400000;3003410000;3003420000;3003430000;3003490000;3003600000;3003900030;3003900090;3004100010;3004100090;3004200011;3004200012;3004200013;3004200018;3004200019;3004200080;3004200090;3004310000;3004320000;3004390011;3004390012;3004390013;3004390019;3004390090;3004400030;3004400040;3004400090;3004410000;3004420000;3004430000;3004490010;3004490090;3004600000;3004900011;3004900012;3004900019;3004900021;3004900022;3004900023;3004900024;3004900025;3004900026;3004900027;3004900029;3004900031;3004900032;3004900033;3004900034;3004900035;3004900036;3004900039;3004900042;3004900043;3004900049;3004900050;3004900061;3004900069;3004900071;3004900072;3004900073;3004900074;3004900075;3004900076;3004900077;3004900078;3004900079;3004900090;3005100010;3005100091;3005100099;3005900020;3005900030;3005900040;3005900090;3006100010;3006100090;3006200020;3006200090;3006300010;3006300090;3006400010;3006400090;3006500000;3006600000;3006600010;3006600090;3006701000;3006709000;3006910000;3006920000;3006931000;3006932000;3006933000;3006934000;3006939000,3002100090;3003310000;3003390000;3003900030;3003900090;3004100010;3004100090;3004200011;3004200012;3004200013;3004200018;3004200019;3004200080;3004200090;3004310000;3004320000;3004390011;3004390012;3004390013;3004390019;3004500011;3004500012;3004500013;3004500014;3004500019;3004500090;3004900090;3006600010,
no,declared,342,3004501000,1,1,198801,imports,3004,300450,199712,199801,29913272.00,"Mx of amino acids & vitamins,& mx of amino acids, protein hydrolysates & vit,etc",yes,no,,no,no,same_subheading,16,16,120,245,245,148,245,3004500010;3004500020;3004500031;3004500032;3004500039;3004500040;3004500050;3004500061;3004500069;3004500070,106,0,3004500010;3004500011;3004500012;3004500013;3004500014;3004500019;3004500020;3004500031;3004500032;3004500039;3004500040;3004500050;3004500061;3004500069;3004500070;3004500090,3001100010;3001100090;3001200000;3001900010;3001900020;3001900090;3002100010;3002100021;3002100022;3002100023;3002100029;3002100030;3002100041;3002100042;3002100049;3002100051;3002100059;3002100060;3002100090;3002110000;3002120011;3002120012;3002120013;3002120019;3002120021;3002120029;3002130000;3002140000;3002150000;3002190000;3002200010;3002200020;3002200030;3002200090;3002300010;3002300090;3002410010;3002410090;3002420010;3002420090;3002490010;3002490020;3002490090;3002510000;3002590000;3002900010;3002900011;3002900012;3002900019;3002900020;3002900030;3002900040;3002900050;3002900090;3002900091;3002900092;3002900093;3002900099;3003100000;3003200000;3003310000;3003310010;3003310090;3003390000;3003390010;3003390090;3003400000;3003410000;3003420000;3003430000;3003490000;3003600000;3003900010;3003900020;3003900030;3003900090;3003900091;3003900099;3004100010;3004100011;3004100012;3004100013;3004100019;3004100020;3004100031;3004100032;3004100090;3004200010;3004200011;3004200012;3004200013;3004200018;3004200019;3004200020;3004200031;3004200039;3004200041;3004200049;3004200051;3004200059;3004200061;3004200062;3004200063;3004200069;3004200071;3004200079;3004200080;3004200090;3004310000;3004310010;3004310090;3004320000;3004320010;3004320011;3004320019;3004320020;3004320081;3004320082;3004320089;3004320090;3004390010;3004390011;3004390012;3004390013;3004390019;3004390081;3004390082;3004390083;3004390084;3004390085;3004390090;3004400010;3004400020;3004400030;3004400040;3004400050;3004400080;3004400090;3004410000;3004420000;3004430000;3004490010;3004490090;3004600000;3004900011;3004900012;3004900019;3004900020;3004900021;3004900022;3004900023;3004900024;3004900025;3004900026;3004900027;3004900029;3004900031;3004900032;3004900033;3004900034;3004900035;3004900036;3004900039;3004900041;3004900042;3004900043;3004900049;3004900050;3004900061;3004900069;3004900071;3004900072;3004900073;3004900074;3004900075;3004900076;3004900077;3004900078;3004900079;3004900081;3004900089;3004900090;3005100010;3005100091;3005100099;3005900010;3005900020;3005900030;3005900040;3005900050;3005900060;3005900090;3006100010;3006100090;3006200010;3006200020;3006200090;3006300010;3006300020;3006300090;3006400010;3006400020;3006400030;3006400090;3006500000;3006600000;3006600010;3006600011;3006600019;3006600090;3006701000;3006709000;3006801100;3006801900;3006809010;3006809020;3006809030;3006809041;3006809042;3006809043;3006809050;3006809060;3006910000;3006920000;3006931000;3006932000;3006933000;3006934000;3006939000,3001900010;3001900020;3001900090;3002100010;3002100021;3002100022;3002100023;3002100029;3002100030;3002100041;3002100042;3002100049;3002100051;3002100059;3002300010;3002300090;3002900011;3002900019;3002900020;3002900091;3002900092;3002900099;3003310090;3003390010;3003390090;3003400000;3003900010;3003900020;3003900091;3003900099;3004310010;3004310090;3004320081;3004320089;3004320090;3004390010;3004390081;3004390083;3004390084;3004390085;3004390090;3004400010;3004400020;3004400030;3004400040;3004400080;3004400090;3004500010;3004500020;3004500031;3004500032;3004500039;3004500040;3004500050;3004500061;3004500069;3004500070;3004900011;3004900012;3004900019;3004900020;3004900031;3004900032;3004900033;3004900034;3004900035;3004900036;3004900039;3004900041;3004900042;3004900043;3004900049;3004900050;3004900061;3004900069;3004900071;3004900072;3004900073;3004900074;3004900075;3004900076;3004900077;3004900078;3004900079;3004900081;3004900089;3005100010;3005100091;3005100099;3005900010;3005900020;3005900030;3005900040;3005900050;3005900060;3005900090;3006200010;3006200020;3006200090;3006300010;3006300020;3006300090;3006400010;3006400020;3006400030;3006400090,
no,declared,348,3004509100,1,1,198801,imports,3004,300450,199706,199707,405203.00,"Vitamins, cont more than 23% of abs ethyl alc by vol, for human use, in dosage",yes,no,,no,no,same_subheading,25,25,181,360,360,263,360,3004500010;3004500020;3004500031;3004500032;3004500039;3004500040;3004500050;3004500061;3004500069;3004500070;3004501000;3004509911;3004509912;3004509919;3004509920;3004509930;3004509941;3004509949;3004509950,0,0,3004500010;3004500011;3004500012;3004500013;3004500014;3004500019;3004500020;3004500031;3004500032;3004500039;3004500040;3004500050;3004500061;3004500069;3004500070;3004500090;3004501000;3004509911;3004509912;3004509919;3004509920;3004509930;3004509941;3004509949;3004509950,3001100010;3001100090;3001200000;3001900010;3001900020;3001900090;3001901000;3001902000;3001909000;3002100010;3002100021;3002100022;3002100023;3002100029;3002100030;3002100041;3002100042;3002100049;3002100051;3002100059;3002100060;3002100090;3002101010;3002101021;3002101022;3002101023;3002101029;3002101090;3002102110;3002102120;3002102190;3002102910;3002102990;3002110000;3002120011;3002120012;3002120013;3002120019;3002120021;3002120029;3002130000;3002140000;3002150000;3002190000;3002200010;3002200020;3002200030;3002200090;3002300010;3002300090;3002301000;3002309000;3002410010;3002410090;3002420010;3002420090;3002490010;3002490020;3002490090;3002510000;3002590000;3002900010;3002900011;3002900012;3002900019;3002900020;3002900030;3002900040;3002900050;3002900090;3002900091;3002900092;3002900093;3002900099;3002901011;3002901019;3002901020;3002901030;3002901040;3002909010;3002909030;3002909090;3003100000;3003200000;3003310000;3003310010;3003310090;3003311000;3003319900;3003390000;3003390010;3003390090;3003391000;3003399100;3003399900;3003400000;3003409000;3003410000;3003420000;3003430000;3003490000;3003600000;3003900010;3003900020;3003900030;3003900090;3003900091;3003900099;3003901000;3003909100;3003909910;3003909990;3004100010;3004100011;3004100012;3004100013;3004100019;3004100020;3004100031;3004100032;3004100090;3004200010;3004200011;3004200012;3004200013;3004200018;3004200019;3004200020;3004200031;3004200039;3004200041;3004200049;3004200051;3004200059;3004200061;3004200062;3004200063;3004200069;3004200071;3004200079;3004200080;3004200090;3004310000;3004310010;3004310090;3004311000;3004319900;3004320000;3004320010;3004320011;3004320019;3004320020;3004320081;3004320082;3004320089;3004320090;3004321000;3004329011;3004329019;3004329020;3004390010;3004390011;3004390012;3004390013;3004390019;3004390081;3004390082;3004390083;3004390084;3004390085;3004390090;3004391000;3004399100;3004399910;3004399920;3004399930;3004399940;3004399950;3004399960;3004400010;3004400020;3004400030;3004400040;3004400050;3004400080;3004400090;3004401000;3004409019;3004409020;3004409030;3004409040;3004409050;3004409070;3004409080;3004409090;3004410000;3004420000;3004430000;3004490010;3004490090;3004600000;3004900011;3004900012;3004900019;3004900020;3004900021;3004900022;3004900023;3004900024;3004900025;3004900026;3004900027;3004900029;3004900031;3004900032;3004900033;3004900034;3004900035;3004900036;3004900039;3004900041;3004900042;3004900043;3004900049;3004900050;3004900061;3004900069;3004900071;3004900072;3004900073;3004900074;3004900075;3004900076;3004900077;3004900078;3004900079;3004900081;3004900089;3004900090;3004901010;3004901020;3004901090;3004909100;3004909911;3004909912;3004909913;3004909914;3004909915;3004909916;3004909919;3004909921;3004909922;3004909923;3004909929;3004909930;3004909941;3004909949;3004909950;3004909960;3004909971;3004909979;3004909981;3004909982;3004909983;3004909984;3004909989;3004909991;3004909999;3005100010;3005100091;3005100099;3005101000;3005109100;3005109900;3005900010;3005900020;3005900030;3005900040;3005900050;3005900060;3005900090;3005901000;3005902000;3005903000;3005909100;3005909200;3005909300;3005909900;3006100010;3006100090;3006200010;3006200020;3006200090;3006201000;3006202000;3006209000;3006300010;3006300020;3006300090;3006301000;3006309100;3006309900;3006400010;3006400020;3006400030;3006400090;3006401010;3006401020;3006402000;3006409000;3006500000;3006600000;3006600010;3006600011;3006600019;3006600090;3006701000;3006709000;3006801100;3006801900;3006809010;3006809020;3006809030;3006809041;3006809042;3006809043;3006809050;3006809060;3006910000;3006920000;3006931000;3006932000;3006933000;3006934000;3006939000,,
no,declared,342,3004509911,1,1,198801,imports,3004,300450,199712,199801,34612678.00,"Vitamin C only, for human use, in dosage",yes,no,,no,no,same_subheading,16,16,120,245,245,148,245,3004500010;3004500020;3004500031;3004500032;3004500039;3004500040;3004500050;3004500061;3004500069;3004500070,106,0,3004500010;3004500011;3004500012;3004500013;3004500014;3004500019;3004500020;3004500031;3004500032;3004500039;3004500040;3004500050;3004500061;3004500069;3004500070;3004500090,3001100010;3001100090;3001200000;3001900010;3001900020;3001900090;3002100010;3002100021;3002100022;3002100023;3002100029;3002100030;3002100041;3002100042;3002100049;3002100051;3002100059;3002100060;3002100090;3002110000;3002120011;3002120012;3002120013;3002120019;3002120021;3002120029;3002130000;3002140000;3002150000;3002190000;3002200010;3002200020;3002200030;3002200090;3002300010;3002300090;3002410010;3002410090;3002420010;3002420090;3002490010;3002490020;3002490090;3002510000;3002590000;3002900010;3002900011;3002900012;3002900019;3002900020;3002900030;3002900040;3002900050;3002900090;3002900091;3002900092;3002900093;3002900099;3003100000;3003200000;3003310000;3003310010;3003310090;3003390000;3003390010;3003390090;3003400000;3003410000;3003420000;3003430000;3003490000;3003600000;3003900010;3003900020;3003900030;3003900090;3003900091;3003900099;3004100010;3004100011;3004100012;3004100013;3004100019;3004100020;3004100031;3004100032;3004100090;3004200010;3004200011;3004200012;3004200013;3004200018;3004200019;3004200020;3004200031;3004200039;3004200041;3004200049;3004200051;3004200059;3004200061;3004200062;3004200063;3004200069;3004200071;3004200079;3004200080;3004200090;3004310000;3004310010;3004310090;3004320000;3004320010;3004320011;3004320019;3004320020;3004320081;3004320082;3004320089;3004320090;3004390010;3004390011;3004390012;3004390013;3004390019;3004390081;3004390082;3004390083;3004390084;3004390085;3004390090;3004400010;3004400020;3004400030;3004400040;3004400050;3004400080;3004400090;3004410000;3004420000;3004430000;3004490010;3004490090;3004600000;3004900011;3004900012;3004900019;3004900020;3004900021;3004900022;3004900023;3004900024;3004900025;3004900026;3004900027;3004900029;3004900031;3004900032;3004900033;3004900034;3004900035;3004900036;3004900039;3004900041;3004900042;3004900043;3004900049;3004900050;3004900061;3004900069;3004900071;3004900072;3004900073;3004900074;3004900075;3004900076;3004900077;3004900078;3004900079;3004900081;3004900089;3004900090;3005100010;3005100091;3005100099;3005900010;3005900020;3005900030;3005900040;3005900050;3005900060;3005900090;3006100010;3006100090;3006200010;3006200020;3006200090;3006300010;3006300020;3006300090;3006400010;3006400020;3006400030;3006400090;3006500000;3006600000;3006600010;3006600011;3006600019;3006600090;3006701000;3006709000;3006801100;3006801900;3006809010;3006809020;3006809030;3006809041;3006809042;3006809043;3006809050;3006809060;3006910000;3006920000;3006931000;3006932000;3006933000;3006934000;3006939000,3001900010;3001900020;3001900090;3002100010;3002100021;3002100022;3002100023;3002100029;3002100030;3002100041;3002100042;3002100049;3002100051;3002100059;3002300010;3002300090;3002900011;3002900019;3002900020;3002900091;3002900092;3002900099;3003310090;3003390010;3003390090;3003400000;3003900010;3003900020;3003900091;3003900099;3004310010;3004310090;3004320081;3004320089;3004320090;3004390010;3004390081;3004390083;3004390084;3004390085;3004390090;3004400010;3004400020;3004400030;3004400040;3004400080;3004400090;3004500010;3004500020;3004500031;3004500032;3004500039;3004500040;3004500050;3004500061;3004500069;3004500070;3004900011;3004900012;3004900019;3004900020;3004900031;3004900032;3004900033;3004900034;3004900035;3004900036;3004900039;3004900041;3004900042;3004900043;3004900049;3004900050;3004900061;3004900069;3004900071;3004900072;3004900073;3004900074;3004900075;3004900076;3004900077;3004900078;3004900079;3004900081;3004900089;3005100010;3005100091;3005100099;3005900010;3005900020;3005900030;3005900040;3005900050;3005900060;3005900090;3006200010;3006200020;3006200090;3006300010;3006300020;3006300090;3006400010;3006400020;3006400030;3006400090,
no,declared,342,3004509912,1,1,198801,imports,3004,300450,199712,199801,20986151.00,"Vitamin E only, for human use, in dosage",yes,no,,no,no,same_subheading,16,16,120,245,245,148,245,3004500010;3004500020;3004500031;3004500032;3004500039;3004500040;3004500050;3004500061;3004500069;3004500070,106,0,3004500010;3004500011;3004500012;3004500013;3004500014;3004500019;3004500020;3004500031;3004500032;3004500039;3004500040;3004500050;3004500061;3004500069;3004500070;3004500090,3001100010;3001100090;3001200000;3001900010;3001900020;3001900090;3002100010;3002100021;3002100022;3002100023;3002100029;3002100030;3002100041;3002100042;3002100049;3002100051;3002100059;3002100060;3002100090;3002110000;3002120011;3002120012;3002120013;3002120019;3002120021;3002120029;3002130000;3002140000;3002150000;3002190000;3002200010;3002200020;3002200030;3002200090;3002300010;3002300090;3002410010;3002410090;3002420010;3002420090;3002490010;3002490020;3002490090;3002510000;3002590000;3002900010;3002900011;3002900012;3002900019;3002900020;3002900030;3002900040;3002900050;3002900090;3002900091;3002900092;3002900093;3002900099;3003100000;3003200000;3003310000;3003310010;3003310090;3003390000;3003390010;3003390090;3003400000;3003410000;3003420000;3003430000;3003490000;3003600000;3003900010;3003900020;3003900030;3003900090;3003900091;3003900099;3004100010;3004100011;3004100012;3004100013;3004100019;3004100020;3004100031;3004100032;3004100090;3004200010;3004200011;3004200012;3004200013;3004200018;3004200019;3004200020;3004200031;3004200039;3004200041;3004200049;3004200051;3004200059;3004200061;3004200062;3004200063;3004200069;3004200071;3004200079;3004200080;3004200090;3004310000;3004310010;3004310090;3004320000;3004320010;3004320011;3004320019;3004320020;3004320081;3004320082;3004320089;3004320090;3004390010;3004390011;3004390012;3004390013;3004390019;3004390081;3004390082;3004390083;3004390084;3004390085;3004390090;3004400010;3004400020;3004400030;3004400040;3004400050;3004400080;3004400090;3004410000;3004420000;3004430000;3004490010;3004490090;3004600000;3004900011;3004900012;3004900019;3004900020;3004900021;3004900022;3004900023;3004900024;3004900025;3004900026;3004900027;3004900029;3004900031;3004900032;3004900033;3004900034;3004900035;3004900036;3004900039;3004900041;3004900042;3004900043;3004900049;3004900050;3004900061;3004900069;3004900071;3004900072;3004900073;3004900074;3004900075;3004900076;3004900077;3004900078;3004900079;3004900081;3004900089;3004900090;3005100010;3005100091;3005100099;3005900010;3005900020;3005900030;3005900040;3005900050;3005900060;3005900090;3006100010;3006100090;3006200010;3006200020;3006200090;3006300010;3006300020;3006300090;3006400010;3006400020;3006400030;3006400090;3006500000;3006600000;3006600010;3006600011;3006600019;3006600090;3006701000;3006709000;3006801100;3006801900;3006809010;3006809020;3006809030;3006809041;3006809042;3006809043;3006809050;3006809060;3006910000;3006920000;3006931000;3006932000;3006933000;3006934000;3006939000,3001900010;3001900020;3001900090;3002100010;3002100021;3002100022;3002100023;3002100029;3002100030;3002100041;3002100042;3002100049;3002100051;3002100059;3002300010;3002300090;3002900011;3002900019;3002900020;3002900091;3002900092;3002900099;3003310090;3003390010;3003390090;3003400000;3003900010;3003900020;3003900091;3003900099;3004310010;3004310090;3004320081;3004320089;3004320090;3004390010;3004390081;3004390083;3004390084;3004390085;3004390090;3004400010;3004400020;3004400030;3004400040;3004400080;3004400090;3004500010;3004500020;3004500031;3004500032;3004500039;3004500040;3004500050;3004500061;3004500069;3004500070;3004900011;3004900012;3004900019;3004900020;3004900031;3004900032;3004900033;3004900034;3004900035;3004900036;3004900039;3004900041;3004900042;3004900043;3004900049;3004900050;3004900061;3004900069;3004900071;3004900072;3004900073;3004900074;3004900075;3004900076;3004900077;3004900078;3004900079;3004900081;3004900089;3005100010;3005100091;3005100099;3005900010;3005900020;3005900030;3005900040;3005900050;3005900060;3005900090;3006200010;3006200020;3006200090;3006300010;3006300020;3006300090;3006400010;3006400020;3006400030;3006400090,
no,declared,342,3004509919,1,1,198801,imports,3004,300450,199712,199801,70973832.00,"Single vitamin only, nes, for human use, in dosage",yes,no,,no,no,same_subheading,16,16,120,245,245,148,245,3004500010;3004500020;3004500031;3004500032;3004500039;3004500040;3004500050;3004500061;3004500069;3004500070,106,0,3004500010;3004500011;3004500012;3004500013;3004500014;3004500019;3004500020;3004500031;3004500032;3004500039;3004500040;3004500050;3004500061;3004500069;3004500070;3004500090,3001100010;3001100090;3001200000;3001900010;3001900020;3001900090;3002100010;3002100021;3002100022;3002100023;3002100029;3002100030;3002100041;3002100042;3002100049;3002100051;3002100059;3002100060;3002100090;3002110000;3002120011;3002120012;3002120013;3002120019;3002120021;3002120029;3002130000;3002140000;3002150000;3002190000;3002200010;3002200020;3002200030;3002200090;3002300010;3002300090;3002410010;3002410090;3002420010;3002420090;3002490010;3002490020;3002490090;3002510000;3002590000;3002900010;3002900011;3002900012;3002900019;3002900020;3002900030;3002900040;3002900050;3002900090;3002900091;3002900092;3002900093;3002900099;3003100000;3003200000;3003310000;3003310010;3003310090;3003390000;3003390010;3003390090;3003400000;3003410000;3003420000;3003430000;3003490000;3003600000;3003900010;3003900020;3003900030;3003900090;3003900091;3003900099;3004100010;3004100011;3004100012;3004100013;3004100019;3004100020;3004100031;3004100032;3004100090;3004200010;3004200011;3004200012;3004200013;3004200018;3004200019;3004200020;3004200031;3004200039;3004200041;3004200049;3004200051;3004200059;3004200061;3004200062;3004200063;3004200069;3004200071;3004200079;3004200080;3004200090;3004310000;3004310010;3004310090;3004320000;3004320010;3004320011;3004320019;3004320020;3004320081;3004320082;3004320089;3004320090;3004390010;3004390011;3004390012;3004390013;3004390019;3004390081;3004390082;3004390083;3004390084;3004390085;3004390090;3004400010;3004400020;3004400030;3004400040;3004400050;3004400080;3004400090;3004410000;3004420000;3004430000;3004490010;3004490090;3004600000;3004900011;3004900012;3004900019;3004900020;3004900021;3004900022;3004900023;3004900024;3004900025;3004900026;3004900027;3004900029;3004900031;3004900032;3004900033;3004900034;3004900035;3004900036;3004900039;3004900041;3004900042;3004900043;3004900049;3004900050;3004900061;3004900069;3004900071;3004900072;3004900073;3004900074;3004900075;3004900076;3004900077;3004900078;3004900079;3004900081;3004900089;3004900090;3005100010;3005100091;3005100099;3005900010;3005900020;3005900030;3005900040;3005900050;3005900060;3005900090;3006100010;3006100090;3006200010;3006200020;3006200090;3006300010;3006300020;3006300090;3006400010;3006400020;3006400030;3006400090;3006500000;3006600000;3006600010;3006600011;3006600019;3006600090;3006701000;3006709000;3006801100;3006801900;3006809010;3006809020;3006809030;3006809041;3006809042;3006809043;3006809050;3006809060;3006910000;3006920000;3006931000;3006932000;3006933000;3006934000;3006939000,3001900010;3001900020;3001900090;3002100010;3002100021;3002100022;3002100023;3002100029;3002100030;3002100041;3002100042;3002100049;3002100051;3002100059;3002300010;3002300090;3002900011;3002900019;3002900020;3002900091;3002900092;3002900099;3003310090;3003390010;3003390090;3003400000;3003900010;3003900020;3003900091;3003900099;3004310010;3004310090;3004320081;3004320089;3004320090;3004390010;3004390081;3004390083;3004390084;3004390085;3004390090;3004400010;3004400020;3004400030;3004400040;3004400080;3004400090;3004500010;3004500020;3004500031;3004500032;3004500039;3004500040;3004500050;3004500061;3004500069;3004500070;3004900011;3004900012;3004900019;3004900020;3004900031;3004900032;3004900033;3004900034;3004900035;3004900036;3004900039;3004900041;3004900042;3004900043;3004900049;3004900050;3004900061;3004900069;3004900071;3004900072;3004900073;3004900074;3004900075;3004900076;3004900077;3004900078;3004900079;3004900081;3004900089;3005100010;3005100091;3005100099;3005900010;3005900020;3005900030;3005900040;3005900050;3005900060;3005900090;3006200010;3006200020;3006200090;3006300010;3006300020;3006300090;3006400010;3006400020;3006400030;3006400090,
no,declared,342,3004509920,1,1,199001,imports,3004,300450,199712,199801,18411892.00,"Single vitamin mixed w o supplements, for human use, in dosage",yes,no,,no,no,same_subheading,16,16,120,245,245,148,245,3004500010;3004500020;3004500031;3004500032;3004500039;3004500040;3004500050;3004500061;3004500069;3004500070,106,0,3004500010;3004500011;3004500012;3004500013;3004500014;3004500019;3004500020;3004500031;3004500032;3004500039;3004500040;3004500050;3004500061;3004500069;3004500070;3004500090,3001100010;3001100090;3001200000;3001900010;3001900020;3001900090;3002100010;3002100021;3002100022;3002100023;3002100029;3002100030;3002100041;3002100042;3002100049;3002100051;3002100059;3002100060;3002100090;3002110000;3002120011;3002120012;3002120013;3002120019;3002120021;3002120029;3002130000;3002140000;3002150000;3002190000;3002200010;3002200020;3002200030;3002200090;3002300010;3002300090;3002410010;3002410090;3002420010;3002420090;3002490010;3002490020;3002490090;3002510000;3002590000;3002900010;3002900011;3002900012;3002900019;3002900020;3002900030;3002900040;3002900050;3002900090;3002900091;3002900092;3002900093;3002900099;3003100000;3003200000;3003310000;3003310010;3003310090;3003390000;3003390010;3003390090;3003400000;3003410000;3003420000;3003430000;3003490000;3003600000;3003900010;3003900020;3003900030;3003900090;3003900091;3003900099;3004100010;3004100011;3004100012;3004100013;3004100019;3004100020;3004100031;3004100032;3004100090;3004200010;3004200011;3004200012;3004200013;3004200018;3004200019;3004200020;3004200031;3004200039;3004200041;3004200049;3004200051;3004200059;3004200061;3004200062;3004200063;3004200069;3004200071;3004200079;3004200080;3004200090;3004310000;3004310010;3004310090;3004320000;3004320010;3004320011;3004320019;3004320020;3004320081;3004320082;3004320089;3004320090;3004390010;3004390011;3004390012;3004390013;3004390019;3004390081;3004390082;3004390083;3004390084;3004390085;3004390090;3004400010;3004400020;3004400030;3004400040;3004400050;3004400080;3004400090;3004410000;3004420000;3004430000;3004490010;3004490090;3004600000;3004900011;3004900012;3004900019;3004900020;3004900021;3004900022;3004900023;3004900024;3004900025;3004900026;3004900027;3004900029;3004900031;3004900032;3004900033;3004900034;3004900035;3004900036;3004900039;3004900041;3004900042;3004900043;3004900049;3004900050;3004900061;3004900069;3004900071;3004900072;3004900073;3004900074;3004900075;3004900076;3004900077;3004900078;3004900079;3004900081;3004900089;3004900090;3005100010;3005100091;3005100099;3005900010;3005900020;3005900030;3005900040;3005900050;3005900060;3005900090;3006100010;3006100090;3006200010;3006200020;3006200090;3006300010;3006300020;3006300090;3006400010;3006400020;3006400030;3006400090;3006500000;3006600000;3006600010;3006600011;3006600019;3006600090;3006701000;3006709000;3006801100;3006801900;3006809010;3006809020;3006809030;3006809041;3006809042;3006809043;3006809050;3006809060;3006910000;3006920000;3006931000;3006932000;3006933000;3006934000;3006939000,3001900010;3001900020;3001900090;3002100010;3002100021;3002100022;3002100023;3002100029;3002100030;3002100041;3002100042;3002100049;3002100051;3002100059;3002300010;3002300090;3002900011;3002900019;3002900020;3002900091;3002900092;3002900099;3003310090;3003390010;3003390090;3003400000;3003900010;3003900020;3003900091;3003900099;3004310010;3004310090;3004320081;3004320089;3004320090;3004390010;3004390081;3004390083;3004390084;3004390085;3004390090;3004400010;3004400020;3004400030;3004400040;3004400080;3004400090;3004500010;3004500020;3004500031;3004500032;3004500039;3004500040;3004500050;3004500061;3004500069;3004500070;3004900011;3004900012;3004900019;3004900020;3004900031;3004900032;3004900033;3004900034;3004900035;3004900036;3004900039;3004900041;3004900042;3004900043;3004900049;3004900050;3004900061;3004900069;3004900071;3004900072;3004900073;3004900074;3004900075;3004900076;3004900077;3004900078;3004900079;3004900081;3004900089;3005100010;3005100091;3005100099;3005900010;3005900020;3005900030;3005900040;3005900050;3005900060;3005900090;3006200010;3006200020;3006200090;3006300010;3006300020;3006300090;3006400010;3006400020;3006400030;3006400090,
no,declared,438,3004509921,1,1,198801,imports,3004,300450,198912,199001,1445854.00,"Vitamins-iron preparation, for human use, in dosage",yes,no,,no,no,same_subheading,26,26,192,380,380,162,380,3004501000;3004509100;3004509911;3004509912;3004509919;3004509920;3004509930;3004509941;3004509949;3004509950,15,0,3004500010;3004500011;3004500012;3004500013;3004500014;3004500019;3004500020;3004500031;3004500032;3004500039;3004500040;3004500050;3004500061;3004500069;3004500070;3004500090;3004501000;3004509100;3004509911;3004509912;3004509919;3004509920;3004509930;3004509941;3004509949;3004509950,3001100010;3001100090;3001200000;3001900010;3001900020;3001900090;3001901000;3001902000;3001909000;3002100010;3002100021;3002100022;3002100023;3002100029;3002100030;3002100041;3002100042;3002100049;3002100051;3002100059;3002100060;3002100090;3002101010;3002101021;3002101022;3002101023;3002101029;3002101090;3002102110;3002102120;3002102190;3002102910;3002102920;3002102990;3002110000;3002120011;3002120012;3002120013;3002120019;3002120021;3002120029;3002130000;3002140000;3002150000;3002190000;3002200010;3002200020;3002200030;3002200090;3002300010;3002300090;3002301000;3002309000;3002310000;3002391000;3002399000;3002410010;3002410090;3002420010;3002420090;3002490010;3002490020;3002490090;3002510000;3002590000;3002900010;3002900011;3002900012;3002900019;3002900020;3002900030;3002900040;3002900050;3002900090;3002900091;3002900092;3002900093;3002900099;3002901010;3002901011;3002901019;3002901020;3002901030;3002901040;3002909010;3002909020;3002909030;3002909090;3003100000;3003200000;3003310000;3003310010;3003310090;3003311000;3003319100;3003319900;3003390000;3003390010;3003390090;3003391000;3003399100;3003399900;3003400000;3003401000;3003409000;3003410000;3003420000;3003430000;3003490000;3003600000;3003900010;3003900020;3003900030;3003900090;3003900091;3003900099;3003901000;3003909100;3003909900;3003909910;3003909990;3004100010;3004100011;3004100012;3004100013;3004100014;3004100019;3004100020;3004100031;3004100032;3004100090;3004200010;3004200011;3004200012;3004200013;3004200018;3004200019;3004200020;3004200031;3004200039;3004200041;3004200042;3004200049;3004200051;3004200052;3004200059;3004200061;3004200062;3004200063;3004200064;3004200066;3004200069;3004200071;3004200079;3004200080;3004200090;3004310000;3004310010;3004310090;3004311000;3004319900;3004320000;3004320010;3004320011;3004320019;3004320020;3004320081;3004320082;3004320089;3004320090;3004321000;3004329011;3004329012;3004329019;3004329020;3004390010;3004390011;3004390012;3004390013;3004390019;3004390081;3004390082;3004390083;3004390084;3004390085;3004390090;3004391000;3004399100;3004399910;3004399920;3004399930;3004399940;3004399950;3004399960;3004400010;3004400020;3004400030;3004400040;3004400050;3004400080;3004400090;3004401000;3004409011;3004409019;3004409020;3004409030;3004409040;3004409050;3004409060;3004409070;3004409080;3004409090;3004410000;3004420000;3004430000;3004490010;3004490090;3004600000;3004900011;3004900012;3004900019;3004900020;3004900021;3004900022;3004900023;3004900024;3004900025;3004900026;3004900027;3004900029;3004900031;3004900032;3004900033;3004900034;3004900035;3004900036;3004900039;3004900041;3004900042;3004900043;3004900049;3004900050;3004900061;3004900069;3004900071;3004900072;3004900073;3004900074;3004900075;3004900076;3004900077;3004900078;3004900079;3004900081;3004900089;3004900090;3004901010;3004901020;3004901090;3004909100;3004909911;3004909912;3004909913;3004909914;3004909915;3004909916;3004909919;3004909921;3004909922;3004909923;3004909929;3004909930;3004909941;3004909949;3004909950;3004909960;3004909971;3004909979;3004909981;3004909982;3004909983;3004909984;3004909989;3004909991;3004909992;3004909993;3004909999;3005100010;3005100091;3005100099;3005101000;3005109100;3005109900;3005900010;3005900020;3005900030;3005900040;3005900050;3005900060;3005900090;3005901000;3005902000;3005903000;3005909100;3005909200;3005909300;3005909900;3006100010;3006100090;3006200010;3006200020;3006200090;3006201000;3006202000;3006209000;3006300010;3006300020;3006300090;3006301000;3006309100;3006309900;3006400010;3006400020;3006400030;3006400090;3006401010;3006401020;3006402000;3006409000;3006500000;3006600000;3006600010;3006600011;3006600019;3006600090;3006701000;3006709000;3006801100;3006801900;3006809010;3006809020;3006809030;3006809041;3006809042;3006809043;3006809050;3006809060;3006910000;3006920000;3006931000;3006932000;3006933000;3006934000;3006939000,3002101023;3004509920;3004509930;3004509941;3004509949;3004509950;3004909915;3004909922;3004909923;3004909941;3004909949;3004909971;3004909979;3004909983;3004909984,
no,declared,438,3004509922,1,1,198801,imports,3004,300450,198912,199001,11347774.00,"Multivitamins not mixed with o supplements, for human use, in dosage",yes,no,,no,no,same_subheading,26,26,192,380,380,162,380,3004501000;3004509100;3004509911;3004509912;3004509919;3004509920;3004509930;3004509941;3004509949;3004509950,15,0,3004500010;3004500011;3004500012;3004500013;3004500014;3004500019;3004500020;3004500031;3004500032;3004500039;3004500040;3004500050;3004500061;3004500069;3004500070;3004500090;3004501000;3004509100;3004509911;3004509912;3004509919;3004509920;3004509930;3004509941;3004509949;3004509950,3001100010;3001100090;3001200000;3001900010;3001900020;3001900090;3001901000;3001902000;3001909000;3002100010;3002100021;3002100022;3002100023;3002100029;3002100030;3002100041;3002100042;3002100049;3002100051;3002100059;3002100060;3002100090;3002101010;3002101021;3002101022;3002101023;3002101029;3002101090;3002102110;3002102120;3002102190;3002102910;3002102920;3002102990;3002110000;3002120011;3002120012;3002120013;3002120019;3002120021;3002120029;3002130000;3002140000;3002150000;3002190000;3002200010;3002200020;3002200030;3002200090;3002300010;3002300090;3002301000;3002309000;3002310000;3002391000;3002399000;3002410010;3002410090;3002420010;3002420090;3002490010;3002490020;3002490090;3002510000;3002590000;3002900010;3002900011;3002900012;3002900019;3002900020;3002900030;3002900040;3002900050;3002900090;3002900091;3002900092;3002900093;3002900099;3002901010;3002901011;3002901019;3002901020;3002901030;3002901040;3002909010;3002909020;3002909030;3002909090;3003100000;3003200000;3003310000;3003310010;3003310090;3003311000;3003319100;3003319900;3003390000;3003390010;3003390090;3003391000;3003399100;3003399900;3003400000;3003401000;3003409000;3003410000;3003420000;3003430000;3003490000;3003600000;3003900010;3003900020;3003900030;3003900090;3003900091;3003900099;3003901000;3003909100;3003909900;3003909910;3003909990;3004100010;3004100011;3004100012;3004100013;3004100014;3004100019;3004100020;3004100031;3004100032;3004100090;3004200010;3004200011;3004200012;3004200013;3004200018;3004200019;3004200020;3004200031;3004200039;3004200041;3004200042;3004200049;3004200051;3004200052;3004200059;3004200061;3004200062;3004200063;3004200064;3004200066;3004200069;3004200071;3004200079;3004200080;3004200090;3004310000;3004310010;3004310090;3004311000;3004319900;3004320000;3004320010;3004320011;3004320019;3004320020;3004320081;3004320082;3004320089;3004320090;3004321000;3004329011;3004329012;3004329019;3004329020;3004390010;3004390011;3004390012;3004390013;3004390019;3004390081;3004390082;3004390083;3004390084;3004390085;3004390090;3004391000;3004399100;3004399910;3004399920;3004399930;3004399940;3004399950;3004399960;3004400010;3004400020;3004400030;3004400040;3004400050;3004400080;3004400090;3004401000;3004409011;3004409019;3004409020;3004409030;3004409040;3004409050;3004409060;3004409070;3004409080;3004409090;3004410000;3004420000;3004430000;3004490010;3004490090;3004600000;3004900011;3004900012;3004900019;3004900020;3004900021;3004900022;3004900023;3004900024;3004900025;3004900026;3004900027;3004900029;3004900031;3004900032;3004900033;3004900034;3004900035;3004900036;3004900039;3004900041;3004900042;3004900043;3004900049;3004900050;3004900061;3004900069;3004900071;3004900072;3004900073;3004900074;3004900075;3004900076;3004900077;3004900078;3004900079;3004900081;3004900089;3004900090;3004901010;3004901020;3004901090;3004909100;3004909911;3004909912;3004909913;3004909914;3004909915;3004909916;3004909919;3004909921;3004909922;3004909923;3004909929;3004909930;3004909941;3004909949;3004909950;3004909960;3004909971;3004909979;3004909981;3004909982;3004909983;3004909984;3004909989;3004909991;3004909992;3004909993;3004909999;3005100010;3005100091;3005100099;3005101000;3005109100;3005109900;3005900010;3005900020;3005900030;3005900040;3005900050;3005900060;3005900090;3005901000;3005902000;3005903000;3005909100;3005909200;3005909300;3005909900;3006100010;3006100090;3006200010;3006200020;3006200090;3006201000;3006202000;3006209000;3006300010;3006300020;3006300090;3006301000;3006309100;3006309900;3006400010;3006400020;3006400030;3006400090;3006401010;3006401020;3006402000;3006409000;3006500000;3006600000;3006600010;3006600011;3006600019;3006600090;3006701000;3006709000;3006801100;3006801900;3006809010;3006809020;3006809030;3006809041;3006809042;3006809043;3006809050;3006809060;3006910000;3006920000;3006931000;3006932000;3006933000;3006934000;3006939000,3002101023;3004509920;3004509930;3004509941;3004509949;3004509950;3004909915;3004909922;3004909923;3004909941;3004909949;3004909971;3004909979;3004909983;3004909984,
no,declared,438,3004509929,1,1,198801,imports,3004,300450,198912,199001,11260315.00,"Multivitamins mixed with other supplements, nes, for human use, in dosage",yes,no,,no,no,same_subheading,26,26,192,380,380,162,380,3004501000;3004509100;3004509911;3004509912;3004509919;3004509920;3004509930;3004509941;3004509949;3004509950,15,0,3004500010;3004500011;3004500012;3004500013;3004500014;3004500019;3004500020;3004500031;3004500032;3004500039;3004500040;3004500050;3004500061;3004500069;3004500070;3004500090;3004501000;3004509100;3004509911;3004509912;3004509919;3004509920;3004509930;3004509941;3004509949;3004509950,3001100010;3001100090;3001200000;3001900010;3001900020;3001900090;3001901000;3001902000;3001909000;3002100010;3002100021;3002100022;3002100023;3002100029;3002100030;3002100041;3002100042;3002100049;3002100051;3002100059;3002100060;3002100090;3002101010;3002101021;3002101022;3002101023;3002101029;3002101090;3002102110;3002102120;3002102190;3002102910;3002102920;3002102990;3002110000;3002120011;3002120012;3002120013;3002120019;3002120021;3002120029;3002130000;3002140000;3002150000;3002190000;3002200010;3002200020;3002200030;3002200090;3002300010;3002300090;3002301000;3002309000;3002310000;3002391000;3002399000;3002410010;3002410090;3002420010;3002420090;3002490010;3002490020;3002490090;3002510000;3002590000;3002900010;3002900011;3002900012;3002900019;3002900020;3002900030;3002900040;3002900050;3002900090;3002900091;3002900092;3002900093;3002900099;3002901010;3002901011;3002901019;3002901020;3002901030;3002901040;3002909010;3002909020;3002909030;3002909090;3003100000;3003200000;3003310000;3003310010;3003310090;3003311000;3003319100;3003319900;3003390000;3003390010;3003390090;3003391000;3003399100;3003399900;3003400000;3003401000;3003409000;3003410000;3003420000;3003430000;3003490000;3003600000;3003900010;3003900020;3003900030;3003900090;3003900091;3003900099;3003901000;3003909100;3003909900;3003909910;3003909990;3004100010;3004100011;3004100012;3004100013;3004100014;3004100019;3004100020;3004100031;3004100032;3004100090;3004200010;3004200011;3004200012;3004200013;3004200018;3004200019;3004200020;3004200031;3004200039;3004200041;3004200042;3004200049;3004200051;3004200052;3004200059;3004200061;3004200062;3004200063;3004200064;3004200066;3004200069;3004200071;3004200079;3004200080;3004200090;3004310000;3004310010;3004310090;3004311000;3004319900;3004320000;3004320010;3004320011;3004320019;3004320020;3004320081;3004320082;3004320089;3004320090;3004321000;3004329011;3004329012;3004329019;3004329020;3004390010;3004390011;3004390012;3004390013;3004390019;3004390081;3004390082;3004390083;3004390084;3004390085;3004390090;3004391000;3004399100;3004399910;3004399920;3004399930;3004399940;3004399950;3004399960;3004400010;3004400020;3004400030;3004400040;3004400050;3004400080;3004400090;3004401000;3004409011;3004409019;3004409020;3004409030;3004409040;3004409050;3004409060;3004409070;3004409080;3004409090;3004410000;3004420000;3004430000;3004490010;3004490090;3004600000;3004900011;3004900012;3004900019;3004900020;3004900021;3004900022;3004900023;3004900024;3004900025;3004900026;3004900027;3004900029;3004900031;3004900032;3004900033;3004900034;3004900035;3004900036;3004900039;3004900041;3004900042;3004900043;3004900049;3004900050;3004900061;3004900069;3004900071;3004900072;3004900073;3004900074;3004900075;3004900076;3004900077;3004900078;3004900079;3004900081;3004900089;3004900090;3004901010;3004901020;3004901090;3004909100;3004909911;3004909912;3004909913;3004909914;3004909915;3004909916;3004909919;3004909921;3004909922;3004909923;3004909929;3004909930;3004909941;3004909949;3004909950;3004909960;3004909971;3004909979;3004909981;3004909982;3004909983;3004909984;3004909989;3004909991;3004909992;3004909993;3004909999;3005100010;3005100091;3005100099;3005101000;3005109100;3005109900;3005900010;3005900020;3005900030;3005900040;3005900050;3005900060;3005900090;3005901000;3005902000;3005903000;3005909100;3005909200;3005909300;3005909900;3006100010;3006100090;3006200010;3006200020;3006200090;3006201000;3006202000;3006209000;3006300010;3006300020;3006300090;3006301000;3006309100;3006309900;3006400010;3006400020;3006400030;3006400090;3006401010;3006401020;3006402000;3006409000;3006500000;3006600000;3006600010;3006600011;3006600019;3006600090;3006701000;3006709000;3006801100;3006801900;3006809010;3006809020;3006809030;3006809041;3006809042;3006809043;3006809050;3006809060;3006910000;3006920000;3006931000;3006932000;3006933000;3006934000;3006939000,3002101023;3004509920;3004509930;3004509941;3004509949;3004509950;3004909915;3004909922;3004909923;3004909941;3004909949;3004909971;3004909979;3004909983;3004909984,
no,code_reused,438,3004509930,1,2,198801,imports,3004,300450,198912,199001,1124520.00,"Vitamins & their derivs,nes,for vet use, in dosage",yes,no,,no,no,same_subheading,25,25,191,379,379,161,379,3004501000;3004509100;3004509911;3004509912;3004509919;3004509920;3004509941;3004509949;3004509950,14,0,3004500010;3004500011;3004500012;3004500013;3004500014;3004500019;3004500020;3004500031;3004500032;3004500039;3004500040;3004500050;3004500061;3004500069;3004500070;3004500090;3004501000;3004509100;3004509911;3004509912;3004509919;3004509920;3004509941;3004509949;3004509950,3001100010;3001100090;3001200000;3001900010;3001900020;3001900090;3001901000;3001902000;3001909000;3002100010;3002100021;3002100022;3002100023;3002100029;3002100030;3002100041;3002100042;3002100049;3002100051;3002100059;3002100060;3002100090;3002101010;3002101021;3002101022;3002101023;3002101029;3002101090;3002102110;3002102120;3002102190;3002102910;3002102920;3002102990;3002110000;3002120011;3002120012;3002120013;3002120019;3002120021;3002120029;3002130000;3002140000;3002150000;3002190000;3002200010;3002200020;3002200030;3002200090;3002300010;3002300090;3002301000;3002309000;3002310000;3002391000;3002399000;3002410010;3002410090;3002420010;3002420090;3002490010;3002490020;3002490090;3002510000;3002590000;3002900010;3002900011;3002900012;3002900019;3002900020;3002900030;3002900040;3002900050;3002900090;3002900091;3002900092;3002900093;3002900099;3002901010;3002901011;3002901019;3002901020;3002901030;3002901040;3002909010;3002909020;3002909030;3002909090;3003100000;3003200000;3003310000;3003310010;3003310090;3003311000;3003319100;3003319900;3003390000;3003390010;3003390090;3003391000;3003399100;3003399900;3003400000;3003401000;3003409000;3003410000;3003420000;3003430000;3003490000;3003600000;3003900010;3003900020;3003900030;3003900090;3003900091;3003900099;3003901000;3003909100;3003909900;3003909910;3003909990;3004100010;3004100011;3004100012;3004100013;3004100014;3004100019;3004100020;3004100031;3004100032;3004100090;3004200010;3004200011;3004200012;3004200013;3004200018;3004200019;3004200020;3004200031;3004200039;3004200041;3004200042;3004200049;3004200051;3004200052;3004200059;3004200061;3004200062;3004200063;3004200064;3004200066;3004200069;3004200071;3004200079;3004200080;3004200090;3004310000;3004310010;3004310090;3004311000;3004319900;3004320000;3004320010;3004320011;3004320019;3004320020;3004320081;3004320082;3004320089;3004320090;3004321000;3004329011;3004329012;3004329019;3004329020;3004390010;3004390011;3004390012;3004390013;3004390019;3004390081;3004390082;3004390083;3004390084;3004390085;3004390090;3004391000;3004399100;3004399910;3004399920;3004399930;3004399940;3004399950;3004399960;3004400010;3004400020;3004400030;3004400040;3004400050;3004400080;3004400090;3004401000;3004409011;3004409019;3004409020;3004409030;3004409040;3004409050;3004409060;3004409070;3004409080;3004409090;3004410000;3004420000;3004430000;3004490010;3004490090;3004600000;3004900011;3004900012;3004900019;3004900020;3004900021;3004900022;3004900023;3004900024;3004900025;3004900026;3004900027;3004900029;3004900031;3004900032;3004900033;3004900034;3004900035;3004900036;3004900039;3004900041;3004900042;3004900043;3004900049;3004900050;3004900061;3004900069;3004900071;3004900072;3004900073;3004900074;3004900075;3004900076;3004900077;3004900078;3004900079;3004900081;3004900089;3004900090;3004901010;3004901020;3004901090;3004909100;3004909911;3004909912;3004909913;3004909914;3004909915;3004909916;3004909919;3004909921;3004909922;3004909923;3004909929;3004909930;3004909941;3004909949;3004909950;3004909960;3004909971;3004909979;3004909981;3004909982;3004909983;3004909984;3004909989;3004909991;3004909992;3004909993;3004909999;3005100010;3005100091;3005100099;3005101000;3005109100;3005109900;3005900010;3005900020;3005900030;3005900040;3005900050;3005900060;3005900090;3005901000;3005902000;3005903000;3005909100;3005909200;3005909300;3005909900;3006100010;3006100090;3006200010;3006200020;3006200090;3006201000;3006202000;3006209000;3006300010;3006300020;3006300090;3006301000;3006309100;3006309900;3006400010;3006400020;3006400030;3006400090;3006401010;3006401020;3006402000;3006409000;3006500000;3006600000;3006600010;3006600011;3006600019;3006600090;3006701000;3006709000;3006801100;3006801900;3006809010;3006809020;3006809030;3006809041;3006809042;3006809043;3006809050;3006809060;3006910000;3006920000;3006931000;3006932000;3006933000;3006934000;3006939000,3002101023;3004509920;3004509941;3004509949;3004509950;3004909915;3004909922;3004909923;3004909941;3004909949;3004909971;3004909979;3004909983;3004909984,
no,declared,342,3004509930,2,2,199001,imports,3004,300450,199712,199801,55679911.00,"Multivitamins not mixed with o supplements, for human use, in dosage",yes,no,,no,no,same_subheading,16,16,120,245,245,148,245,3004500010;3004500020;3004500031;3004500032;3004500039;3004500040;3004500050;3004500061;3004500069;3004500070,106,0,3004500010;3004500011;3004500012;3004500013;3004500014;3004500019;3004500020;3004500031;3004500032;3004500039;3004500040;3004500050;3004500061;3004500069;3004500070;3004500090,3001100010;3001100090;3001200000;3001900010;3001900020;3001900090;3002100010;3002100021;3002100022;3002100023;3002100029;3002100030;3002100041;3002100042;3002100049;3002100051;3002100059;3002100060;3002100090;3002110000;3002120011;3002120012;3002120013;3002120019;3002120021;3002120029;3002130000;3002140000;3002150000;3002190000;3002200010;3002200020;3002200030;3002200090;3002300010;3002300090;3002410010;3002410090;3002420010;3002420090;3002490010;3002490020;3002490090;3002510000;3002590000;3002900010;3002900011;3002900012;3002900019;3002900020;3002900030;3002900040;3002900050;3002900090;3002900091;3002900092;3002900093;3002900099;3003100000;3003200000;3003310000;3003310010;3003310090;3003390000;3003390010;3003390090;3003400000;3003410000;3003420000;3003430000;3003490000;3003600000;3003900010;3003900020;3003900030;3003900090;3003900091;3003900099;3004100010;3004100011;3004100012;3004100013;3004100019;3004100020;3004100031;3004100032;3004100090;3004200010;3004200011;3004200012;3004200013;3004200018;3004200019;3004200020;3004200031;3004200039;3004200041;3004200049;3004200051;3004200059;3004200061;3004200062;3004200063;3004200069;3004200071;3004200079;3004200080;3004200090;3004310000;3004310010;3004310090;3004320000;3004320010;3004320011;3004320019;3004320020;3004320081;3004320082;3004320089;3004320090;3004390010;3004390011;3004390012;3004390013;3004390019;3004390081;3004390082;3004390083;3004390084;3004390085;3004390090;3004400010;3004400020;3004400030;3004400040;3004400050;3004400080;3004400090;3004410000;3004420000;3004430000;3004490010;3004490090;3004600000;3004900011;3004900012;3004900019;3004900020;3004900021;3004900022;3004900023;3004900024;3004900025;3004900026;3004900027;3004900029;3004900031;3004900032;3004900033;3004900034;3004900035;3004900036;3004900039;3004900041;3004900042;3004900043;3004900049;3004900050;3004900061;3004900069;3004900071;3004900072;3004900073;3004900074;3004900075;3004900076;3004900077;3004900078;3004900079;3004900081;3004900089;3004900090;3005100010;3005100091;3005100099;3005900010;3005900020;3005900030;3005900040;3005900050;3005900060;3005900090;3006100010;3006100090;3006200010;3006200020;3006200090;3006300010;3006300020;3006300090;3006400010;3006400020;3006400030;3006400090;3006500000;3006600000;3006600010;3006600011;3006600019;3006600090;3006701000;3006709000;3006801100;3006801900;3006809010;3006809020;3006809030;3006809041;3006809042;3006809043;3006809050;3006809060;3006910000;3006920000;3006931000;3006932000;3006933000;3006934000;3006939000,3001900010;3001900020;3001900090;3002100010;3002100021;3002100022;3002100023;3002100029;3002100030;3002100041;3002100042;3002100049;3002100051;3002100059;3002300010;3002300090;3002900011;3002900019;3002900020;3002900091;3002900092;3002900099;3003310090;3003390010;3003390090;3003400000;3003900010;3003900020;3003900091;3003900099;3004310010;3004310090;3004320081;3004320089;3004320090;3004390010;3004390081;3004390083;3004390084;3004390085;3004390090;3004400010;3004400020;3004400030;3004400040;3004400080;3004400090;3004500010;3004500020;3004500031;3004500032;3004500039;3004500040;3004500050;3004500061;3004500069;3004500070;3004900011;3004900012;3004900019;3004900020;3004900031;3004900032;3004900033;3004900034;3004900035;3004900036;3004900039;3004900041;3004900042;3004900043;3004900049;3004900050;3004900061;3004900069;3004900071;3004900072;3004900073;3004900074;3004900075;3004900076;3004900077;3004900078;3004900079;3004900081;3004900089;3005100010;3005100091;3005100099;3005900010;3005900020;3005900030;3005900040;3005900050;3005900060;3005900090;3006200010;3006200020;3006200090;3006300010;3006300020;3006300090;3006400010;3006400020;3006400030;3006400090,
no,declared,342,3004509941,1,1,199001,imports,3004,300450,199712,199801,15830543.00,"Vitamins-iron preparation, for human use, in dosage",yes,no,,no,no,same_subheading,16,16,120,245,245,148,245,3004500010;3004500020;3004500031;3004500032;3004500039;3004500040;3004500050;3004500061;3004500069;3004500070,106,0,3004500010;3004500011;3004500012;3004500013;3004500014;3004500019;3004500020;3004500031;3004500032;3004500039;3004500040;3004500050;3004500061;3004500069;3004500070;3004500090,3001100010;3001100090;3001200000;3001900010;3001900020;3001900090;3002100010;3002100021;3002100022;3002100023;3002100029;3002100030;3002100041;3002100042;3002100049;3002100051;3002100059;3002100060;3002100090;3002110000;3002120011;3002120012;3002120013;3002120019;3002120021;3002120029;3002130000;3002140000;3002150000;3002190000;3002200010;3002200020;3002200030;3002200090;3002300010;3002300090;3002410010;3002410090;3002420010;3002420090;3002490010;3002490020;3002490090;3002510000;3002590000;3002900010;3002900011;3002900012;3002900019;3002900020;3002900030;3002900040;3002900050;3002900090;3002900091;3002900092;3002900093;3002900099;3003100000;3003200000;3003310000;3003310010;3003310090;3003390000;3003390010;3003390090;3003400000;3003410000;3003420000;3003430000;3003490000;3003600000;3003900010;3003900020;3003900030;3003900090;3003900091;3003900099;3004100010;3004100011;3004100012;3004100013;3004100019;3004100020;3004100031;3004100032;3004100090;3004200010;3004200011;3004200012;3004200013;3004200018;3004200019;3004200020;3004200031;3004200039;3004200041;3004200049;3004200051;3004200059;3004200061;3004200062;3004200063;3004200069;3004200071;3004200079;3004200080;3004200090;3004310000;3004310010;3004310090;3004320000;3004320010;3004320011;3004320019;3004320020;3004320081;3004320082;3004320089;3004320090;3004390010;3004390011;3004390012;3004390013;3004390019;3004390081;3004390082;3004390083;3004390084;3004390085;3004390090;3004400010;3004400020;3004400030;3004400040;3004400050;3004400080;3004400090;3004410000;3004420000;3004430000;3004490010;3004490090;3004600000;3004900011;3004900012;3004900019;3004900020;3004900021;3004900022;3004900023;3004900024;3004900025;3004900026;3004900027;3004900029;3004900031;3004900032;3004900033;3004900034;3004900035;3004900036;3004900039;3004900041;3004900042;3004900043;3004900049;3004900050;3004900061;3004900069;3004900071;3004900072;3004900073;3004900074;3004900075;3004900076;3004900077;3004900078;3004900079;3004900081;3004900089;3004900090;3005100010;3005100091;3005100099;3005900010;3005900020;3005900030;3005900040;3005900050;3005900060;3005900090;3006100010;3006100090;3006200010;3006200020;3006200090;3006300010;3006300020;3006300090;3006400010;3006400020;3006400030;3006400090;3006500000;3006600000;3006600010;3006600011;3006600019;3006600090;3006701000;3006709000;3006801100;3006801900;3006809010;3006809020;3006809030;3006809041;3006809042;3006809043;3006809050;3006809060;3006910000;3006920000;3006931000;3006932000;3006933000;3006934000;3006939000,3001900010;3001900020;3001900090;3002100010;3002100021;3002100022;3002100023;3002100029;3002100030;3002100041;3002100042;3002100049;3002100051;3002100059;3002300010;3002300090;3002900011;3002900019;3002900020;3002900091;3002900092;3002900099;3003310090;3003390010;3003390090;3003400000;3003900010;3003900020;3003900091;3003900099;3004310010;3004310090;3004320081;3004320089;3004320090;3004390010;3004390081;3004390083;3004390084;3004390085;3004390090;3004400010;3004400020;3004400030;3004400040;3004400080;3004400090;3004500010;3004500020;3004500031;3004500032;3004500039;3004500040;3004500050;3004500061;3004500069;3004500070;3004900011;3004900012;3004900019;3004900020;3004900031;3004900032;3004900033;3004900034;3004900035;3004900036;3004900039;3004900041;3004900042;3004900043;3004900049;3004900050;3004900061;3004900069;3004900071;3004900072;3004900073;3004900074;3004900075;3004900076;3004900077;3004900078;3004900079;3004900081;3004900089;3005100010;3005100091;3005100099;3005900010;3005900020;3005900030;3005900040;3005900050;3005900060;3005900090;3006200010;3006200020;3006200090;3006300010;3006300020;3006300090;3006400010;3006400020;3006400030;3006400090,
no,declared,342,3004509949,1,1,199001,imports,3004,300450,199712,199801,121058460.00,"Multivitamins mixed with other supplements, nes, for human use, in dosage,",yes,no,,no,no,same_subheading,16,16,120,245,245,148,245,3004500010;3004500020;3004500031;3004500032;3004500039;3004500040;3004500050;3004500061;3004500069;3004500070,106,0,3004500010;3004500011;3004500012;3004500013;3004500014;3004500019;3004500020;3004500031;3004500032;3004500039;3004500040;3004500050;3004500061;3004500069;3004500070;3004500090,3001100010;3001100090;3001200000;3001900010;3001900020;3001900090;3002100010;3002100021;3002100022;3002100023;3002100029;3002100030;3002100041;3002100042;3002100049;3002100051;3002100059;3002100060;3002100090;3002110000;3002120011;3002120012;3002120013;3002120019;3002120021;3002120029;3002130000;3002140000;3002150000;3002190000;3002200010;3002200020;3002200030;3002200090;3002300010;3002300090;3002410010;3002410090;3002420010;3002420090;3002490010;3002490020;3002490090;3002510000;3002590000;3002900010;3002900011;3002900012;3002900019;3002900020;3002900030;3002900040;3002900050;3002900090;3002900091;3002900092;3002900093;3002900099;3003100000;3003200000;3003310000;3003310010;3003310090;3003390000;3003390010;3003390090;3003400000;3003410000;3003420000;3003430000;3003490000;3003600000;3003900010;3003900020;3003900030;3003900090;3003900091;3003900099;3004100010;3004100011;3004100012;3004100013;3004100019;3004100020;3004100031;3004100032;3004100090;3004200010;3004200011;3004200012;3004200013;3004200018;3004200019;3004200020;3004200031;3004200039;3004200041;3004200049;3004200051;3004200059;3004200061;3004200062;3004200063;3004200069;3004200071;3004200079;3004200080;3004200090;3004310000;3004310010;3004310090;3004320000;3004320010;3004320011;3004320019;3004320020;3004320081;3004320082;3004320089;3004320090;3004390010;3004390011;3004390012;3004390013;3004390019;3004390081;3004390082;3004390083;3004390084;3004390085;3004390090;3004400010;3004400020;3004400030;3004400040;3004400050;3004400080;3004400090;3004410000;3004420000;3004430000;3004490010;3004490090;3004600000;3004900011;3004900012;3004900019;3004900020;3004900021;3004900022;3004900023;3004900024;3004900025;3004900026;3004900027;3004900029;3004900031;3004900032;3004900033;3004900034;3004900035;3004900036;3004900039;3004900041;3004900042;3004900043;3004900049;3004900050;3004900061;3004900069;3004900071;3004900072;3004900073;3004900074;3004900075;3004900076;3004900077;3004900078;3004900079;3004900081;3004900089;3004900090;3005100010;3005100091;3005100099;3005900010;3005900020;3005900030;3005900040;3005900050;3005900060;3005900090;3006100010;3006100090;3006200010;3006200020;3006200090;3006300010;3006300020;3006300090;3006400010;3006400020;3006400030;3006400090;3006500000;3006600000;3006600010;3006600011;3006600019;3006600090;3006701000;3006709000;3006801100;3006801900;3006809010;3006809020;3006809030;3006809041;3006809042;3006809043;3006809050;3006809060;3006910000;3006920000;3006931000;3006932000;3006933000;3006934000;3006939000,3001900010;3001900020;3001900090;3002100010;3002100021;3002100022;3002100023;3002100029;3002100030;3002100041;3002100042;3002100049;3002100051;3002100059;3002300010;3002300090;3002900011;3002900019;3002900020;3002900091;3002900092;3002900099;3003310090;3003390010;3003390090;3003400000;3003900010;3003900020;3003900091;3003900099;3004310010;3004310090;3004320081;3004320089;3004320090;3004390010;3004390081;3004390083;3004390084;3004390085;3004390090;3004400010;3004400020;3004400030;3004400040;3004400080;3004400090;3004500010;3004500020;3004500031;3004500032;3004500039;3004500040;3004500050;3004500061;3004500069;3004500070;3004900011;3004900012;3004900019;3004900020;3004900031;3004900032;3004900033;3004900034;3004900035;3004900036;3004900039;3004900041;3004900042;3004900043;3004900049;3004900050;3004900061;3004900069;3004900071;3004900072;3004900073;3004900074;3004900075;3004900076;3004900077;3004900078;3004900079;3004900081;3004900089;3005100010;3005100091;3005100099;3005900010;3005900020;3005900030;3005900040;3005900050;3005900060;3005900090;3006200010;3006200020;3006200090;3006300010;3006300020;3006300090;3006400010;3006400020;3006400030;3006400090,
no,declared,342,3004509950,1,1,199001,imports,3004,300450,199712,199801,3851408.00,"Vitamins & their derivs, nes, for vet use, in dosage",yes,no,,no,no,same_subheading,16,16,120,245,245,148,245,3004500010;3004500020;3004500031;3004500032;3004500039;3004500040;3004500050;3004500061;3004500069;3004500070,106,0,3004500010;3004500011;3004500012;3004500013;3004500014;3004500019;3004500020;3004500031;3004500032;3004500039;3004500040;3004500050;3004500061;3004500069;3004500070;3004500090,3001100010;3001100090;3001200000;3001900010;3001900020;3001900090;3002100010;3002100021;3002100022;3002100023;3002100029;3002100030;3002100041;3002100042;3002100049;3002100051;3002100059;3002100060;3002100090;3002110000;3002120011;3002120012;3002120013;3002120019;3002120021;3002120029;3002130000;3002140000;3002150000;3002190000;3002200010;3002200020;3002200030;3002200090;3002300010;3002300090;3002410010;3002410090;3002420010;3002420090;3002490010;3002490020;3002490090;3002510000;3002590000;3002900010;3002900011;3002900012;3002900019;3002900020;3002900030;3002900040;3002900050;3002900090;3002900091;3002900092;3002900093;3002900099;3003100000;3003200000;3003310000;3003310010;3003310090;3003390000;3003390010;3003390090;3003400000;3003410000;3003420000;3003430000;3003490000;3003600000;3003900010;3003900020;3003900030;3003900090;3003900091;3003900099;3004100010;3004100011;3004100012;3004100013;3004100019;3004100020;3004100031;3004100032;3004100090;3004200010;3004200011;3004200012;3004200013;3004200018;3004200019;3004200020;3004200031;3004200039;3004200041;3004200049;3004200051;3004200059;3004200061;3004200062;3004200063;3004200069;3004200071;3004200079;3004200080;3004200090;3004310000;3004310010;3004310090;3004320000;3004320010;3004320011;3004320019;3004320020;3004320081;3004320082;3004320089;3004320090;3004390010;3004390011;3004390012;3004390013;3004390019;3004390081;3004390082;3004390083;3004390084;3004390085;3004390090;3004400010;3004400020;3004400030;3004400040;3004400050;3004400080;3004400090;3004410000;3004420000;3004430000;3004490010;3004490090;3004600000;3004900011;3004900012;3004900019;3004900020;3004900021;3004900022;3004900023;3004900024;3004900025;3004900026;3004900027;3004900029;3004900031;3004900032;3004900033;3004900034;3004900035;3004900036;3004900039;3004900041;3004900042;3004900043;3004900049;3004900050;3004900061;3004900069;3004900071;3004900072;3004900073;3004900074;3004900075;3004900076;3004900077;3004900078;3004900079;3004900081;3004900089;3004900090;3005100010;3005100091;3005100099;3005900010;3005900020;3005900030;3005900040;3005900050;3005900060;3005900090;3006100010;3006100090;3006200010;3006200020;3006200090;3006300010;3006300020;3006300090;3006400010;3006400020;3006400030;3006400090;3006500000;3006600000;3006600010;3006600011;3006600019;3006600090;3006701000;3006709000;3006801100;3006801900;3006809010;3006809020;3006809030;3006809041;3006809042;3006809043;3006809050;3006809060;3006910000;3006920000;3006931000;3006932000;3006933000;3006934000;3006939000,3001900010;3001900020;3001900090;3002100010;3002100021;3002100022;3002100023;3002100029;3002100030;3002100041;3002100042;3002100049;3002100051;3002100059;3002300010;3002300090;3002900011;3002900019;3002900020;3002900091;3002900092;3002900099;3003310090;3003390010;3003390090;3003400000;3003900010;3003900020;3003900091;3003900099;3004310010;3004310090;3004320081;3004320089;3004320090;3004390010;3004390081;3004390083;3004390084;3004390085;3004390090;3004400010;3004400020;3004400030;3004400040;3004400080;3004400090;3004500010;3004500020;3004500031;3004500032;3004500039;3004500040;3004500050;3004500061;3004500069;3004500070;3004900011;3004900012;3004900019;3004900020;3004900031;3004900032;3004900033;3004900034;3004900035;3004900036;3004900039;3004900041;3004900042;3004900043;3004900049;3004900050;3004900061;3004900069;3004900071;3004900072;3004900073;3004900074;3004900075;3004900076;3004900077;3004900078;3004900079;3004900081;3004900089;3005100010;3005100091;3005100099;3005900010;3005900020;3005900030;3005900040;3005900050;3005900060;3005900090;3006200010;3006200020;3006200090;3006300010;3006300020;3006300090;3006400010;3006400020;3006400030;3006400090,
no,declared,174,3004900020,1,1,199801,imports,3004,300490,201112,201201,21555796.00,"Medicaments cont more than 23% of abs ethyl alc by vol, nes, in dosage",yes,yes,2007->2012,yes,yes,same_subheading,34,34,65,158,158,109,158,3004900011;3004900012;3004900019;3004900031;3004900032;3004900033;3004900034;3004900035;3004900036;3004900039;3004900042;3004900043;3004900049;3004900050;3004900061;3004900069;3004900071;3004900072;3004900073;3004900074;3004900075;3004900076;3004900077;3004900078;3004900079;3004900090,28,0,3004900011;3004900012;3004900019;3004900021;3004900022;3004900023;3004900024;3004900025;3004900026;3004900027;3004900029;3004900031;3004900032;3004900033;3004900034;3004900035;3004900036;3004900039;3004900042;3004900043;3004900049;3004900050;3004900061;3004900069;3004900071;3004900072;3004900073;3004900074;3004900075;3004900076;3004900077;3004900078;3004900079;3004900090,3001200000;3001900010;3001900020;3001900090;3002100010;3002100021;3002100022;3002100023;3002100029;3002100030;3002100041;3002100042;3002100049;3002100051;3002100059;3002100090;3002110000;3002120011;3002120012;3002120013;3002120019;3002120021;3002120029;3002130000;3002140000;3002150000;3002190000;3002200010;3002200090;3002300010;3002300090;3002410010;3002410090;3002420010;3002420090;3002490010;3002490020;3002490090;3002510000;3002590000;3002900010;3002900011;3002900012;3002900019;3002900020;3002900030;3002900040;3002900050;3002900090;3002900091;3002900092;3002900093;3002900099;3003100000;3003200000;3003310000;3003390000;3003400000;3003410000;3003420000;3003430000;3003490000;3003600000;3003900030;3003900090;3004100010;3004100090;3004200011;3004200012;3004200013;3004200018;3004200019;3004200080;3004200090;3004310000;3004320000;3004390011;3004390012;3004390013;3004390019;3004390090;3004400030;3004400040;3004400090;3004410000;3004420000;3004430000;3004490010;3004490090;3004500011;3004500012;3004500013;3004500014;3004500019;3004500090;3004600000;3005100010;3005100091;3005100099;3005900020;3005900030;3005900040;3005900090;3006100010;3006100090;3006200020;3006200090;3006300010;3006300090;3006400010;3006400090;3006500000;3006600000;3006600010;3006600090;3006701000;3006709000;3006910000;3006920000;3006931000;3006932000;3006933000;3006934000;3006939000,3002100090;3003310000;3003390000;3003900030;3003900090;3004100010;3004100090;3004200011;3004200012;3004200013;3004200018;3004200019;3004200080;3004200090;3004310000;3004320000;3004390011;3004390012;3004390013;3004390019;3004500011;3004500012;3004500013;3004500014;3004500019;3004500090;3004900090;3006600010,
no,declared,102,3004900031,1,1,199801,imports,3004,300490,201712,201801,2089844029.00,"Analgesics, for human use, in doses/packings for retail sale, o/t No 30.02/05/06",yes,no,,no,yes,same_subheading,27,27,54,125,125,110,125,3004900011;3004900012;3004900019;3004900021;3004900022;3004900023;3004900024;3004900025;3004900026;3004900027;3004900029;3004900042;3004900043;3004900049;3004900050;3004900061;3004900069;3004900071;3004900072;3004900073;3004900074;3004900075;3004900076;3004900077;3004900078;3004900079;3004900090,7,0,3004900011;3004900012;3004900019;3004900021;3004900022;3004900023;3004900024;3004900025;3004900026;3004900027;3004900029;3004900042;3004900043;3004900049;3004900050;3004900061;3004900069;3004900071;3004900072;3004900073;3004900074;3004900075;3004900076;3004900077;3004900078;3004900079;3004900090,3001200000;3001900010;3001900020;3001900090;3002110000;3002120011;3002120012;3002120013;3002120019;3002120021;3002120029;3002130000;3002140000;3002150000;3002190000;3002200010;3002200090;3002300010;3002300090;3002410010;3002410090;3002420010;3002420090;3002490010;3002490020;3002490090;3002510000;3002590000;3002900010;3002900020;3002900030;3002900040;3002900050;3002900090;3003100000;3003200000;3003310000;3003390000;3003410000;3003420000;3003430000;3003490000;3003600000;3003900030;3003900090;3004100010;3004100090;3004200011;3004200012;3004200013;3004200018;3004200019;3004200080;3004200090;3004310000;3004320000;3004390011;3004390012;3004390013;3004390019;3004390090;3004410000;3004420000;3004430000;3004490010;3004490090;3004500011;3004500012;3004500014;3004500019;3004500090;3004600000;3005100010;3005100091;3005100099;3005900020;3005900030;3005900040;3005900090;3006100010;3006100090;3006200020;3006200090;3006300010;3006300090;3006400010;3006400090;3006500000;3006600000;3006701000;3006709000;3006910000;3006920000;3006931000;3006932000;3006933000;3006934000;3006939000,3004900022;3004900023;3004900024;3004900025;3004900026;3004900027;3004900029,
no,declared,102,3004900032,1,1,199801,imports,3004,300490,201712,201801,6525417842.00,"Antidepressants & tranquilizers,f human use,in doses/pack frs,o/t No 30.02/05/06",yes,no,,no,yes,same_subheading,27,27,54,125,125,110,125,3004900011;3004900012;3004900019;3004900021;3004900022;3004900023;3004900024;3004900025;3004900026;3004900027;3004900029;3004900042;3004900043;3004900049;3004900050;3004900061;3004900069;3004900071;3004900072;3004900073;3004900074;3004900075;3004900076;3004900077;3004900078;3004900079;3004900090,7,0,3004900011;3004900012;3004900019;3004900021;3004900022;3004900023;3004900024;3004900025;3004900026;3004900027;3004900029;3004900042;3004900043;3004900049;3004900050;3004900061;3004900069;3004900071;3004900072;3004900073;3004900074;3004900075;3004900076;3004900077;3004900078;3004900079;3004900090,3001200000;3001900010;3001900020;3001900090;3002110000;3002120011;3002120012;3002120013;3002120019;3002120021;3002120029;3002130000;3002140000;3002150000;3002190000;3002200010;3002200090;3002300010;3002300090;3002410010;3002410090;3002420010;3002420090;3002490010;3002490020;3002490090;3002510000;3002590000;3002900010;3002900020;3002900030;3002900040;3002900050;3002900090;3003100000;3003200000;3003310000;3003390000;3003410000;3003420000;3003430000;3003490000;3003600000;3003900030;3003900090;3004100010;3004100090;3004200011;3004200012;3004200013;3004200018;3004200019;3004200080;3004200090;3004310000;3004320000;3004390011;3004390012;3004390013;3004390019;3004390090;3004410000;3004420000;3004430000;3004490010;3004490090;3004500011;3004500012;3004500014;3004500019;3004500090;3004600000;3005100010;3005100091;3005100099;3005900020;3005900030;3005900040;3005900090;3006100010;3006100090;3006200020;3006200090;3006300010;3006300090;3006400010;3006400090;3006500000;3006600000;3006701000;3006709000;3006910000;3006920000;3006931000;3006932000;3006933000;3006934000;3006939000,3004900022;3004900023;3004900024;3004900025;3004900026;3004900027;3004900029,
no,declared,102,3004900033,1,1,199801,imports,3004,300490,201712,201801,2694917989.00,"Antihypertensive agents, for human use, in doses/packings frs,o/t No 30.02/05/06",yes,no,,no,yes,same_subheading,27,27,54,125,125,110,125,3004900011;3004900012;3004900019;3004900021;3004900022;3004900023;3004900024;3004900025;3004900026;3004900027;3004900029;3004900042;3004900043;3004900049;3004900050;3004900061;3004900069;3004900071;3004900072;3004900073;3004900074;3004900075;3004900076;3004900077;3004900078;3004900079;3004900090,7,0,3004900011;3004900012;3004900019;3004900021;3004900022;3004900023;3004900024;3004900025;3004900026;3004900027;3004900029;3004900042;3004900043;3004900049;3004900050;3004900061;3004900069;3004900071;3004900072;3004900073;3004900074;3004900075;3004900076;3004900077;3004900078;3004900079;3004900090,3001200000;3001900010;3001900020;3001900090;3002110000;3002120011;3002120012;3002120013;3002120019;3002120021;3002120029;3002130000;3002140000;3002150000;3002190000;3002200010;3002200090;3002300010;3002300090;3002410010;3002410090;3002420010;3002420090;3002490010;3002490020;3002490090;3002510000;3002590000;3002900010;3002900020;3002900030;3002900040;3002900050;3002900090;3003100000;3003200000;3003310000;3003390000;3003410000;3003420000;3003430000;3003490000;3003600000;3003900030;3003900090;3004100010;3004100090;3004200011;3004200012;3004200013;3004200018;3004200019;3004200080;3004200090;3004310000;3004320000;3004390011;3004390012;3004390013;3004390019;3004390090;3004410000;3004420000;3004430000;3004490010;3004490090;3004500011;3004500012;3004500014;3004500019;3004500090;3004600000;3005100010;3005100091;3005100099;3005900020;3005900030;3005900040;3005900090;3006100010;3006100090;3006200020;3006200090;3006300010;3006300090;3006400010;3006400090;3006500000;3006600000;3006701000;3006709000;3006910000;3006920000;3006931000;3006932000;3006933000;3006934000;3006939000,3004900022;3004900023;3004900024;3004900025;3004900026;3004900027;3004900029,
no,declared,102,3004900034,1,1,199801,imports,3004,300490,201712,201801,457653908.00,"Antihistaminic agents, for human use, in doses/packings frs, o/t No 30.02/05/06",yes,no,,no,yes,same_subheading,27,27,54,125,125,110,125,3004900011;3004900012;3004900019;3004900021;3004900022;3004900023;3004900024;3004900025;3004900026;3004900027;3004900029;3004900042;3004900043;3004900049;3004900050;3004900061;3004900069;3004900071;3004900072;3004900073;3004900074;3004900075;3004900076;3004900077;3004900078;3004900079;3004900090,7,0,3004900011;3004900012;3004900019;3004900021;3004900022;3004900023;3004900024;3004900025;3004900026;3004900027;3004900029;3004900042;3004900043;3004900049;3004900050;3004900061;3004900069;3004900071;3004900072;3004900073;3004900074;3004900075;3004900076;3004900077;3004900078;3004900079;3004900090,3001200000;3001900010;3001900020;3001900090;3002110000;3002120011;3002120012;3002120013;3002120019;3002120021;3002120029;3002130000;3002140000;3002150000;3002190000;3002200010;3002200090;3002300010;3002300090;3002410010;3002410090;3002420010;3002420090;3002490010;3002490020;3002490090;3002510000;3002590000;3002900010;3002900020;3002900030;3002900040;3002900050;3002900090;3003100000;3003200000;3003310000;3003390000;3003410000;3003420000;3003430000;3003490000;3003600000;3003900030;3003900090;3004100010;3004100090;3004200011;3004200012;3004200013;3004200018;3004200019;3004200080;3004200090;3004310000;3004320000;3004390011;3004390012;3004390013;3004390019;3004390090;3004410000;3004420000;3004430000;3004490010;3004490090;3004500011;3004500012;3004500014;3004500019;3004500090;3004600000;3005100010;3005100091;3005100099;3005900020;3005900030;3005900040;3005900090;3006100010;3006100090;3006200020;3006200090;3006300010;3006300090;3006400010;3006400090;3006500000;3006600000;3006701000;3006709000;3006910000;3006920000;3006931000;3006932000;3006933000;3006934000;3006939000,3004900022;3004900023;3004900024;3004900025;3004900026;3004900027;3004900029,
no,declared,102,3004900035,1,1,199801,imports,3004,300490,201712,201801,6760065602.00,"Agents,acting on central nervous system,hum use,doses/frs,o/t No 30.02/05/06,nes",yes,no,,no,yes,same_subheading,27,27,54,125,125,110,125,3004900011;3004900012;3004900019;3004900021;3004900022;3004900023;3004900024;3004900025;3004900026;3004900027;3004900029;3004900042;3004900043;3004900049;3004900050;3004900061;3004900069;3004900071;3004900072;3004900073;3004900074;3004900075;3004900076;3004900077;3004900078;3004900079;3004900090,7,0,3004900011;3004900012;3004900019;3004900021;3004900022;3004900023;3004900024;3004900025;3004900026;3004900027;3004900029;3004900042;3004900043;3004900049;3004900050;3004900061;3004900069;3004900071;3004900072;3004900073;3004900074;3004900075;3004900076;3004900077;3004900078;3004900079;3004900090,3001200000;3001900010;3001900020;3001900090;3002110000;3002120011;3002120012;3002120013;3002120019;3002120021;3002120029;3002130000;3002140000;3002150000;3002190000;3002200010;3002200090;3002300010;3002300090;3002410010;3002410090;3002420010;3002420090;3002490010;3002490020;3002490090;3002510000;3002590000;3002900010;3002900020;3002900030;3002900040;3002900050;3002900090;3003100000;3003200000;3003310000;3003390000;3003410000;3003420000;3003430000;3003490000;3003600000;3003900030;3003900090;3004100010;3004100090;3004200011;3004200012;3004200013;3004200018;3004200019;3004200080;3004200090;3004310000;3004320000;3004390011;3004390012;3004390013;3004390019;3004390090;3004410000;3004420000;3004430000;3004490010;3004490090;3004500011;3004500012;3004500014;3004500019;3004500090;3004600000;3005100010;3005100091;3005100099;3005900020;3005900030;3005900040;3005900090;3006100010;3006100090;3006200020;3006200090;3006300010;3006300090;3006400010;3006400090;3006500000;3006600000;3006701000;3006709000;3006910000;3006920000;3006931000;3006932000;3006933000;3006934000;3006939000,3004900022;3004900023;3004900024;3004900025;3004900026;3004900027;3004900029,
no,declared,102,3004900036,1,1,199801,imports,3004,300490,201712,201801,627338348.00,"Local anaesthetics, for human use,in doses/pack f retail sale,o/t No 30.02/05/06",yes,no,,no,yes,same_subheading,27,27,54,125,125,110,125,3004900011;3004900012;3004900019;3004900021;3004900022;3004900023;3004900024;3004900025;3004900026;3004900027;3004900029;3004900042;3004900043;3004900049;3004900050;3004900061;3004900069;3004900071;3004900072;3004900073;3004900074;3004900075;3004900076;3004900077;3004900078;3004900079;3004900090,7,0,3004900011;3004900012;3004900019;3004900021;3004900022;3004900023;3004900024;3004900025;3004900026;3004900027;3004900029;3004900042;3004900043;3004900049;3004900050;3004900061;3004900069;3004900071;3004900072;3004900073;3004900074;3004900075;3004900076;3004900077;3004900078;3004900079;3004900090,3001200000;3001900010;3001900020;3001900090;3002110000;3002120011;3002120012;3002120013;3002120019;3002120021;3002120029;3002130000;3002140000;3002150000;3002190000;3002200010;3002200090;3002300010;3002300090;3002410010;3002410090;3002420010;3002420090;3002490010;3002490020;3002490090;3002510000;3002590000;3002900010;3002900020;3002900030;3002900040;3002900050;3002900090;3003100000;3003200000;3003310000;3003390000;3003410000;3003420000;3003430000;3003490000;3003600000;3003900030;3003900090;3004100010;3004100090;3004200011;3004200012;3004200013;3004200018;3004200019;3004200080;3004200090;3004310000;3004320000;3004390011;3004390012;3004390013;3004390019;3004390090;3004410000;3004420000;3004430000;3004490010;3004490090;3004500011;3004500012;3004500014;3004500019;3004500090;3004600000;3005100010;3005100091;3005100099;3005900020;3005900030;3005900040;3005900090;3006100010;3006100090;3006200020;3006200090;3006300010;3006300090;3006400010;3006400090;3006500000;3006600000;3006701000;3006709000;3006910000;3006920000;3006931000;3006932000;3006933000;3006934000;3006939000,3004900022;3004900023;3004900024;3004900025;3004900026;3004900027;3004900029,
no,declared,102,3004900039,1,1,199801,imports,3004,300490,201712,201801,3792547257.00,"Medi,acting on central nervous system,human use,doses/frs,o/t No 30.02/05/06,nes",yes,no,,no,yes,same_subheading,27,27,54,125,125,110,125,3004900011;3004900012;3004900019;3004900021;3004900022;3004900023;3004900024;3004900025;3004900026;3004900027;3004900029;3004900042;3004900043;3004900049;3004900050;3004900061;3004900069;3004900071;3004900072;3004900073;3004900074;3004900075;3004900076;3004900077;3004900078;3004900079;3004900090,7,0,3004900011;3004900012;3004900019;3004900021;3004900022;3004900023;3004900024;3004900025;3004900026;3004900027;3004900029;3004900042;3004900043;3004900049;3004900050;3004900061;3004900069;3004900071;3004900072;3004900073;3004900074;3004900075;3004900076;3004900077;3004900078;3004900079;3004900090,3001200000;3001900010;3001900020;3001900090;3002110000;3002120011;3002120012;3002120013;3002120019;3002120021;3002120029;3002130000;3002140000;3002150000;3002190000;3002200010;3002200090;3002300010;3002300090;3002410010;3002410090;3002420010;3002420090;3002490010;3002490020;3002490090;3002510000;3002590000;3002900010;3002900020;3002900030;3002900040;3002900050;3002900090;3003100000;3003200000;3003310000;3003390000;3003410000;3003420000;3003430000;3003490000;3003600000;3003900030;3003900090;3004100010;3004100090;3004200011;3004200012;3004200013;3004200018;3004200019;3004200080;3004200090;3004310000;3004320000;3004390011;3004390012;3004390013;3004390019;3004390090;3004410000;3004420000;3004430000;3004490010;3004490090;3004500011;3004500012;3004500014;3004500019;3004500090;3004600000;3005100010;3005100091;3005100099;3005900020;3005900030;3005900040;3005900090;3006100010;3006100090;3006200020;3006200090;3006300010;3006300090;3006400010;3006400090;3006500000;3006600000;3006701000;3006709000;3006910000;3006920000;3006931000;3006932000;3006933000;3006934000;3006939000,3004900022;3004900023;3004900024;3004900025;3004900026;3004900027;3004900029,
no,declared,174,3004900041,1,1,199801,imports,3004,300490,201112,201201,142378137.00,"Histamine H2 receptor antagonist, for human use, in dosage",yes,yes,2007->2012,yes,yes,same_subheading,34,34,65,158,158,109,158,3004900011;3004900012;3004900019;3004900031;3004900032;3004900033;3004900034;3004900035;3004900036;3004900039;3004900042;3004900043;3004900049;3004900050;3004900061;3004900069;3004900071;3004900072;3004900073;3004900074;3004900075;3004900076;3004900077;3004900078;3004900079;3004900090,28,0,3004900011;3004900012;3004900019;3004900021;3004900022;3004900023;3004900024;3004900025;3004900026;3004900027;3004900029;3004900031;3004900032;3004900033;3004900034;3004900035;3004900036;3004900039;3004900042;3004900043;3004900049;3004900050;3004900061;3004900069;3004900071;3004900072;3004900073;3004900074;3004900075;3004900076;3004900077;3004900078;3004900079;3004900090,3001200000;3001900010;3001900020;3001900090;3002100010;3002100021;3002100022;3002100023;3002100029;3002100030;3002100041;3002100042;3002100049;3002100051;3002100059;3002100090;3002110000;3002120011;3002120012;3002120013;3002120019;3002120021;3002120029;3002130000;3002140000;3002150000;3002190000;3002200010;3002200090;3002300010;3002300090;3002410010;3002410090;3002420010;3002420090;3002490010;3002490020;3002490090;3002510000;3002590000;3002900010;3002900011;3002900012;3002900019;3002900020;3002900030;3002900040;3002900050;3002900090;3002900091;3002900092;3002900093;3002900099;3003100000;3003200000;3003310000;3003390000;3003400000;3003410000;3003420000;3003430000;3003490000;3003600000;3003900030;3003900090;3004100010;3004100090;3004200011;3004200012;3004200013;3004200018;3004200019;3004200080;3004200090;3004310000;3004320000;3004390011;3004390012;3004390013;3004390019;3004390090;3004400030;3004400040;3004400090;3004410000;3004420000;3004430000;3004490010;3004490090;3004500011;3004500012;3004500013;3004500014;3004500019;3004500090;3004600000;3005100010;3005100091;3005100099;3005900020;3005900030;3005900040;3005900090;3006100010;3006100090;3006200020;3006200090;3006300010;3006300090;3006400010;3006400090;3006500000;3006600000;3006600010;3006600090;3006701000;3006709000;3006910000;3006920000;3006931000;3006932000;3006933000;3006934000;3006939000,3002100090;3003310000;3003390000;3003900030;3003900090;3004100010;3004100090;3004200011;3004200012;3004200013;3004200018;3004200019;3004200080;3004200090;3004310000;3004320000;3004390011;3004390012;3004390013;3004390019;3004500011;3004500012;3004500013;3004500014;3004500019;3004500090;3004900090;3006600010,
no,declared,174,3004900081,1,1,199801,imports,3004,300490,201112,201201,17659861.00,"Anaesthetic, for veterinary use, in dosage",yes,yes,2007->2012,yes,yes,same_subheading,34,34,65,158,158,109,158,3004900011;3004900012;3004900019;3004900031;3004900032;3004900033;3004900034;3004900035;3004900036;3004900039;3004900042;3004900043;3004900049;3004900050;3004900061;3004900069;3004900071;3004900072;3004900073;3004900074;3004900075;3004900076;3004900077;3004900078;3004900079;3004900090,28,0,3004900011;3004900012;3004900019;3004900021;3004900022;3004900023;3004900024;3004900025;3004900026;3004900027;3004900029;3004900031;3004900032;3004900033;3004900034;3004900035;3004900036;3004900039;3004900042;3004900043;3004900049;3004900050;3004900061;3004900069;3004900071;3004900072;3004900073;3004900074;3004900075;3004900076;3004900077;3004900078;3004900079;3004900090,3001200000;3001900010;3001900020;3001900090;3002100010;3002100021;3002100022;3002100023;3002100029;3002100030;3002100041;3002100042;3002100049;3002100051;3002100059;3002100090;3002110000;3002120011;3002120012;3002120013;3002120019;3002120021;3002120029;3002130000;3002140000;3002150000;3002190000;3002200010;3002200090;3002300010;3002300090;3002410010;3002410090;3002420010;3002420090;3002490010;3002490020;3002490090;3002510000;3002590000;3002900010;3002900011;3002900012;3002900019;3002900020;3002900030;3002900040;3002900050;3002900090;3002900091;3002900092;3002900093;3002900099;3003100000;3003200000;3003310000;3003390000;3003400000;3003410000;3003420000;3003430000;3003490000;3003600000;3003900030;3003900090;3004100010;3004100090;3004200011;3004200012;3004200013;3004200018;3004200019;3004200080;3004200090;3004310000;3004320000;3004390011;3004390012;3004390013;3004390019;3004390090;3004400030;3004400040;3004400090;3004410000;3004420000;3004430000;3004490010;3004490090;3004500011;3004500012;3004500013;3004500014;3004500019;3004500090;3004600000;3005100010;3005100091;3005100099;3005900020;3005900030;3005900040;3005900090;3006100010;3006100090;3006200020;3006200090;3006300010;3006300090;3006400010;3006400090;3006500000;3006600000;3006600010;3006600090;3006701000;3006709000;3006910000;3006920000;3006931000;3006932000;3006933000;3006934000;3006939000,3002100090;3003310000;3003390000;3003900030;3003900090;3004100010;3004100090;3004200011;3004200012;3004200013;3004200018;3004200019;3004200080;3004200090;3004310000;3004320000;3004390011;3004390012;3004390013;3004390019;3004500011;3004500012;3004500013;3004500014;3004500019;3004500090;3004900090;3006600010,
no,declared,174,3004900089,1,1,199801,imports,3004,300490,201112,201201,1795745395.00,"Medicaments, nes, for veterinary use, in dosage",yes,yes,2007->2012,yes,yes,same_subheading,34,34,65,158,158,109,158,3004900011;3004900012;3004900019;3004900031;3004900032;3004900033;3004900034;3004900035;3004900036;3004900039;3004900042;3004900043;3004900049;3004900050;3004900061;3004900069;3004900071;3004900072;3004900073;3004900074;3004900075;3004900076;3004900077;3004900078;3004900079;3004900090,28,0,3004900011;3004900012;3004900019;3004900021;3004900022;3004900023;3004900024;3004900025;3004900026;3004900027;3004900029;3004900031;3004900032;3004900033;3004900034;3004900035;3004900036;3004900039;3004900042;3004900043;3004900049;3004900050;3004900061;3004900069;3004900071;3004900072;3004900073;3004900074;3004900075;3004900076;3004900077;3004900078;3004900079;3004900090,3001200000;3001900010;3001900020;3001900090;3002100010;3002100021;3002100022;3002100023;3002100029;3002100030;3002100041;3002100042;3002100049;3002100051;3002100059;3002100090;3002110000;3002120011;3002120012;3002120013;3002120019;3002120021;3002120029;3002130000;3002140000;3002150000;3002190000;3002200010;3002200090;3002300010;3002300090;3002410010;3002410090;3002420010;3002420090;3002490010;3002490020;3002490090;3002510000;3002590000;3002900010;3002900011;3002900012;3002900019;3002900020;3002900030;3002900040;3002900050;3002900090;3002900091;3002900092;3002900093;3002900099;3003100000;3003200000;3003310000;3003390000;3003400000;3003410000;3003420000;3003430000;3003490000;3003600000;3003900030;3003900090;3004100010;3004100090;3004200011;3004200012;3004200013;3004200018;3004200019;3004200080;3004200090;3004310000;3004320000;3004390011;3004390012;3004390013;3004390019;3004390090;3004400030;3004400040;3004400090;3004410000;3004420000;3004430000;3004490010;3004490090;3004500011;3004500012;3004500013;3004500014;3004500019;3004500090;3004600000;3005100010;3005100091;3005100099;3005900020;3005900030;3005900040;3005900090;3006100010;3006100090;3006200020;3006200090;3006300010;3006300090;3006400010;3006400090;3006500000;3006600000;3006600010;3006600090;3006701000;3006709000;3006910000;3006920000;3006931000;3006932000;3006933000;3006934000;3006939000,3002100090;3003310000;3003390000;3003900030;3003900090;3004100010;3004100090;3004200011;3004200012;3004200013;3004200018;3004200019;3004200080;3004200090;3004310000;3004320000;3004390011;3004390012;3004390013;3004390019;3004500011;3004500012;3004500013;3004500014;3004500019;3004500090;3004900090;3006600010,
no,declared,342,3004901010,1,1,198801,imports,3004,300490,199712,199801,27832591.00,"Mixtures of amino acids, nes, in dosage",yes,no,,no,no,same_subheading,38,38,120,245,245,148,245,3004900011;3004900012;3004900019;3004900020;3004900031;3004900032;3004900033;3004900034;3004900035;3004900036;3004900039;3004900041;3004900042;3004900043;3004900049;3004900050;3004900061;3004900069;3004900071;3004900072;3004900073;3004900074;3004900075;3004900076;3004900077;3004900078;3004900079;3004900081;3004900089,106,0,3004900011;3004900012;3004900019;3004900020;3004900021;3004900022;3004900023;3004900024;3004900025;3004900026;3004900027;3004900029;3004900031;3004900032;3004900033;3004900034;3004900035;3004900036;3004900039;3004900041;3004900042;3004900043;3004900049;3004900050;3004900061;3004900069;3004900071;3004900072;3004900073;3004900074;3004900075;3004900076;3004900077;3004900078;3004900079;3004900081;3004900089;3004900090,3001100010;3001100090;3001200000;3001900010;3001900020;3001900090;3002100010;3002100021;3002100022;3002100023;3002100029;3002100030;3002100041;3002100042;3002100049;3002100051;3002100059;3002100060;3002100090;3002110000;3002120011;3002120012;3002120013;3002120019;3002120021;3002120029;3002130000;3002140000;3002150000;3002190000;3002200010;3002200020;3002200030;3002200090;3002300010;3002300090;3002410010;3002410090;3002420010;3002420090;3002490010;3002490020;3002490090;3002510000;3002590000;3002900010;3002900011;3002900012;3002900019;3002900020;3002900030;3002900040;3002900050;3002900090;3002900091;3002900092;3002900093;3002900099;3003100000;3003200000;3003310000;3003310010;3003310090;3003390000;3003390010;3003390090;3003400000;3003410000;3003420000;3003430000;3003490000;3003600000;3003900010;3003900020;3003900030;3003900090;3003900091;3003900099;3004100010;3004100011;3004100012;3004100013;3004100019;3004100020;3004100031;3004100032;3004100090;3004200010;3004200011;3004200012;3004200013;3004200018;3004200019;3004200020;3004200031;3004200039;3004200041;3004200049;3004200051;3004200059;3004200061;3004200062;3004200063;3004200069;3004200071;3004200079;3004200080;3004200090;3004310000;3004310010;3004310090;3004320000;3004320010;3004320011;3004320019;3004320020;3004320081;3004320082;3004320089;3004320090;3004390010;3004390011;3004390012;3004390013;3004390019;3004390081;3004390082;3004390083;3004390084;3004390085;3004390090;3004400010;3004400020;3004400030;3004400040;3004400050;3004400080;3004400090;3004410000;3004420000;3004430000;3004490010;3004490090;3004500010;3004500011;3004500012;3004500013;3004500014;3004500019;3004500020;3004500031;3004500032;3004500039;3004500040;3004500050;3004500061;3004500069;3004500070;3004500090;3004600000;3005100010;3005100091;3005100099;3005900010;3005900020;3005900030;3005900040;3005900050;3005900060;3005900090;3006100010;3006100090;3006200010;3006200020;3006200090;3006300010;3006300020;3006300090;3006400010;3006400020;3006400030;3006400090;3006500000;3006600000;3006600010;3006600011;3006600019;3006600090;3006701000;3006709000;3006801100;3006801900;3006809010;3006809020;3006809030;3006809041;3006809042;3006809043;3006809050;3006809060;3006910000;3006920000;3006931000;3006932000;3006933000;3006934000;3006939000,3001900010;3001900020;3001900090;3002100010;3002100021;3002100022;3002100023;3002100029;3002100030;3002100041;3002100042;3002100049;3002100051;3002100059;3002300010;3002300090;3002900011;3002900019;3002900020;3002900091;3002900092;3002900099;3003310090;3003390010;3003390090;3003400000;3003900010;3003900020;3003900091;3003900099;3004310010;3004310090;3004320081;3004320089;3004320090;3004390010;3004390081;3004390083;3004390084;3004390085;3004390090;3004400010;3004400020;3004400030;3004400040;3004400080;3004400090;3004500010;3004500020;3004500031;3004500032;3004500039;3004500040;3004500050;3004500061;3004500069;3004500070;3004900011;3004900012;3004900019;3004900020;3004900031;3004900032;3004900033;3004900034;3004900035;3004900036;3004900039;3004900041;3004900042;3004900043;3004900049;3004900050;3004900061;3004900069;3004900071;3004900072;3004900073;3004900074;3004900075;3004900076;3004900077;3004900078;3004900079;3004900081;3004900089;3005100010;3005100091;3005100099;3005900010;3005900020;3005900030;3005900040;3005900050;3005900060;3005900090;3006200010;3006200020;3006200090;3006300010;3006300020;3006300090;3006400010;3006400020;3006400030;3006400090,
no,declared,342,3004901020,1,1,198801,imports,3004,300490,199712,199801,64569831.00,"Dextrose (glucose) solutions, in dosage",yes,no,,no,no,same_subheading,38,38,120,245,245,148,245,3004900011;3004900012;3004900019;3004900020;3004900031;3004900032;3004900033;3004900034;3004900035;3004900036;3004900039;3004900041;3004900042;3004900043;3004900049;3004900050;3004900061;3004900069;3004900071;3004900072;3004900073;3004900074;3004900075;3004900076;3004900077;3004900078;3004900079;3004900081;3004900089,106,0,3004900011;3004900012;3004900019;3004900020;3004900021;3004900022;3004900023;3004900024;3004900025;3004900026;3004900027;3004900029;3004900031;3004900032;3004900033;3004900034;3004900035;3004900036;3004900039;3004900041;3004900042;3004900043;3004900049;3004900050;3004900061;3004900069;3004900071;3004900072;3004900073;3004900074;3004900075;3004900076;3004900077;3004900078;3004900079;3004900081;3004900089;3004900090,3001100010;3001100090;3001200000;3001900010;3001900020;3001900090;3002100010;3002100021;3002100022;3002100023;3002100029;3002100030;3002100041;3002100042;3002100049;3002100051;3002100059;3002100060;3002100090;3002110000;3002120011;3002120012;3002120013;3002120019;3002120021;3002120029;3002130000;3002140000;3002150000;3002190000;3002200010;3002200020;3002200030;3002200090;3002300010;3002300090;3002410010;3002410090;3002420010;3002420090;3002490010;3002490020;3002490090;3002510000;3002590000;3002900010;3002900011;3002900012;3002900019;3002900020;3002900030;3002900040;3002900050;3002900090;3002900091;3002900092;3002900093;3002900099;3003100000;3003200000;3003310000;3003310010;3003310090;3003390000;3003390010;3003390090;3003400000;3003410000;3003420000;3003430000;3003490000;3003600000;3003900010;3003900020;3003900030;3003900090;3003900091;3003900099;3004100010;3004100011;3004100012;3004100013;3004100019;3004100020;3004100031;3004100032;3004100090;3004200010;3004200011;3004200012;3004200013;3004200018;3004200019;3004200020;3004200031;3004200039;3004200041;3004200049;3004200051;3004200059;3004200061;3004200062;3004200063;3004200069;3004200071;3004200079;3004200080;3004200090;3004310000;3004310010;3004310090;3004320000;3004320010;3004320011;3004320019;3004320020;3004320081;3004320082;3004320089;3004320090;3004390010;3004390011;3004390012;3004390013;3004390019;3004390081;3004390082;3004390083;3004390084;3004390085;3004390090;3004400010;3004400020;3004400030;3004400040;3004400050;3004400080;3004400090;3004410000;3004420000;3004430000;3004490010;3004490090;3004500010;3004500011;3004500012;3004500013;3004500014;3004500019;3004500020;3004500031;3004500032;3004500039;3004500040;3004500050;3004500061;3004500069;3004500070;3004500090;3004600000;3005100010;3005100091;3005100099;3005900010;3005900020;3005900030;3005900040;3005900050;3005900060;3005900090;3006100010;3006100090;3006200010;3006200020;3006200090;3006300010;3006300020;3006300090;3006400010;3006400020;3006400030;3006400090;3006500000;3006600000;3006600010;3006600011;3006600019;3006600090;3006701000;3006709000;3006801100;3006801900;3006809010;3006809020;3006809030;3006809041;3006809042;3006809043;3006809050;3006809060;3006910000;3006920000;3006931000;3006932000;3006933000;3006934000;3006939000,3001900010;3001900020;3001900090;3002100010;3002100021;3002100022;3002100023;3002100029;3002100030;3002100041;3002100042;3002100049;3002100051;3002100059;3002300010;3002300090;3002900011;3002900019;3002900020;3002900091;3002900092;3002900099;3003310090;3003390010;3003390090;3003400000;3003900010;3003900020;3003900091;3003900099;3004310010;3004310090;3004320081;3004320089;3004320090;3004390010;3004390081;3004390083;3004390084;3004390085;3004390090;3004400010;3004400020;3004400030;3004400040;3004400080;3004400090;3004500010;3004500020;3004500031;3004500032;3004500039;3004500040;3004500050;3004500061;3004500069;3004500070;3004900011;3004900012;3004900019;3004900020;3004900031;3004900032;3004900033;3004900034;3004900035;3004900036;3004900039;3004900041;3004900042;3004900043;3004900049;3004900050;3004900061;3004900069;3004900071;3004900072;3004900073;3004900074;3004900075;3004900076;3004900077;3004900078;3004900079;3004900081;3004900089;3005100010;3005100091;3005100099;3005900010;3005900020;3005900030;3005900040;3005900050;3005900060;3005900090;3006200010;3006200020;3006200090;3006300010;3006300020;3006300090;3006400010;3006400020;3006400030;3006400090,
no,declared,342,3004901090,1,1,198801,imports,3004,300490,199712,199801,40955791.00,"Mx of amino acids & protein hydrolysates, etc, in dosage",yes,no,,no,no,same_subheading,38,38,120,245,245,148,245,3004900011;3004900012;3004900019;3004900020;3004900031;3004900032;3004900033;3004900034;3004900035;3004900036;3004900039;3004900041;3004900042;3004900043;3004900049;3004900050;3004900061;3004900069;3004900071;3004900072;3004900073;3004900074;3004900075;3004900076;3004900077;3004900078;3004900079;3004900081;3004900089,106,0,3004900011;3004900012;3004900019;3004900020;3004900021;3004900022;3004900023;3004900024;3004900025;3004900026;3004900027;3004900029;3004900031;3004900032;3004900033;3004900034;3004900035;3004900036;3004900039;3004900041;3004900042;3004900043;3004900049;3004900050;3004900061;3004900069;3004900071;3004900072;3004900073;3004900074;3004900075;3004900076;3004900077;3004900078;3004900079;3004900081;3004900089;3004900090,3001100010;3001100090;3001200000;3001900010;3001900020;3001900090;3002100010;3002100021;3002100022;3002100023;3002100029;3002100030;3002100041;3002100042;3002100049;3002100051;3002100059;3002100060;3002100090;3002110000;3002120011;3002120012;3002120013;3002120019;3002120021;3002120029;3002130000;3002140000;3002150000;3002190000;3002200010;3002200020;3002200030;3002200090;3002300010;3002300090;3002410010;3002410090;3002420010;3002420090;3002490010;3002490020;3002490090;3002510000;3002590000;3002900010;3002900011;3002900012;3002900019;3002900020;3002900030;3002900040;3002900050;3002900090;3002900091;3002900092;3002900093;3002900099;3003100000;3003200000;3003310000;3003310010;3003310090;3003390000;3003390010;3003390090;3003400000;3003410000;3003420000;3003430000;3003490000;3003600000;3003900010;3003900020;3003900030;3003900090;3003900091;3003900099;3004100010;3004100011;3004100012;3004100013;3004100019;3004100020;3004100031;3004100032;3004100090;3004200010;3004200011;3004200012;3004200013;3004200018;3004200019;3004200020;3004200031;3004200039;3004200041;3004200049;3004200051;3004200059;3004200061;3004200062;3004200063;3004200069;3004200071;3004200079;3004200080;3004200090;3004310000;3004310010;3004310090;3004320000;3004320010;3004320011;3004320019;3004320020;3004320081;3004320082;3004320089;3004320090;3004390010;3004390011;3004390012;3004390013;3004390019;3004390081;3004390082;3004390083;3004390084;3004390085;3004390090;3004400010;3004400020;3004400030;3004400040;3004400050;3004400080;3004400090;3004410000;3004420000;3004430000;3004490010;3004490090;3004500010;3004500011;3004500012;3004500013;3004500014;3004500019;3004500020;3004500031;3004500032;3004500039;3004500040;3004500050;3004500061;3004500069;3004500070;3004500090;3004600000;3005100010;3005100091;3005100099;3005900010;3005900020;3005900030;3005900040;3005900050;3005900060;3005900090;3006100010;3006100090;3006200010;3006200020;3006200090;3006300010;3006300020;3006300090;3006400010;3006400020;3006400030;3006400090;3006500000;3006600000;3006600010;3006600011;3006600019;3006600090;3006701000;3006709000;3006801100;3006801900;3006809010;3006809020;3006809030;3006809041;3006809042;3006809043;3006809050;3006809060;3006910000;3006920000;3006931000;3006932000;3006933000;3006934000;3006939000,3001900010;3001900020;3001900090;3002100010;3002100021;3002100022;3002100023;3002100029;3002100030;3002100041;3002100042;3002100049;3002100051;3002100059;3002300010;3002300090;3002900011;3002900019;3002900020;3002900091;3002900092;3002900099;3003310090;3003390010;3003390090;3003400000;3003900010;3003900020;3003900091;3003900099;3004310010;3004310090;3004320081;3004320089;3004320090;3004390010;3004390081;3004390083;3004390084;3004390085;3004390090;3004400010;3004400020;3004400030;3004400040;3004400080;3004400090;3004500010;3004500020;3004500031;3004500032;3004500039;3004500040;3004500050;3004500061;3004500069;3004500070;3004900011;3004900012;3004900019;3004900020;3004900031;3004900032;3004900033;3004900034;3004900035;3004900036;3004900039;3004900041;3004900042;3004900043;3004900049;3004900050;3004900061;3004900069;3004900071;3004900072;3004900073;3004900074;3004900075;3004900076;3004900077;3004900078;3004900079;3004900081;3004900089;3005100010;3005100091;3005100099;3005900010;3005900020;3005900030;3005900040;3005900050;3005900060;3005900090;3006200010;3006200020;3006200090;3006300010;3006300020;3006300090;3006400010;3006400020;3006400030;3006400090,
no,declared,342,3004909100,1,1,198801,imports,3004,300490,199712,199801,7663951.00,"Medicaments cont more than 23% of abs ethyl alc by vol, nes, in dosage",yes,no,,no,no,same_subheading,38,38,120,245,245,148,245,3004900011;3004900012;3004900019;3004900020;3004900031;3004900032;3004900033;3004900034;3004900035;3004900036;3004900039;3004900041;3004900042;3004900043;3004900049;3004900050;3004900061;3004900069;3004900071;3004900072;3004900073;3004900074;3004900075;3004900076;3004900077;3004900078;3004900079;3004900081;3004900089,106,0,3004900011;3004900012;3004900019;3004900020;3004900021;3004900022;3004900023;3004900024;3004900025;3004900026;3004900027;3004900029;3004900031;3004900032;3004900033;3004900034;3004900035;3004900036;3004900039;3004900041;3004900042;3004900043;3004900049;3004900050;3004900061;3004900069;3004900071;3004900072;3004900073;3004900074;3004900075;3004900076;3004900077;3004900078;3004900079;3004900081;3004900089;3004900090,3001100010;3001100090;3001200000;3001900010;3001900020;3001900090;3002100010;3002100021;3002100022;3002100023;3002100029;3002100030;3002100041;3002100042;3002100049;3002100051;3002100059;3002100060;3002100090;3002110000;3002120011;3002120012;3002120013;3002120019;3002120021;3002120029;3002130000;3002140000;3002150000;3002190000;3002200010;3002200020;3002200030;3002200090;3002300010;3002300090;3002410010;3002410090;3002420010;3002420090;3002490010;3002490020;3002490090;3002510000;3002590000;3002900010;3002900011;3002900012;3002900019;3002900020;3002900030;3002900040;3002900050;3002900090;3002900091;3002900092;3002900093;3002900099;3003100000;3003200000;3003310000;3003310010;3003310090;3003390000;3003390010;3003390090;3003400000;3003410000;3003420000;3003430000;3003490000;3003600000;3003900010;3003900020;3003900030;3003900090;3003900091;3003900099;3004100010;3004100011;3004100012;3004100013;3004100019;3004100020;3004100031;3004100032;3004100090;3004200010;3004200011;3004200012;3004200013;3004200018;3004200019;3004200020;3004200031;3004200039;3004200041;3004200049;3004200051;3004200059;3004200061;3004200062;3004200063;3004200069;3004200071;3004200079;3004200080;3004200090;3004310000;3004310010;3004310090;3004320000;3004320010;3004320011;3004320019;3004320020;3004320081;3004320082;3004320089;3004320090;3004390010;3004390011;3004390012;3004390013;3004390019;3004390081;3004390082;3004390083;3004390084;3004390085;3004390090;3004400010;3004400020;3004400030;3004400040;3004400050;3004400080;3004400090;3004410000;3004420000;3004430000;3004490010;3004490090;3004500010;3004500011;3004500012;3004500013;3004500014;3004500019;3004500020;3004500031;3004500032;3004500039;3004500040;3004500050;3004500061;3004500069;3004500070;3004500090;3004600000;3005100010;3005100091;3005100099;3005900010;3005900020;3005900030;3005900040;3005900050;3005900060;3005900090;3006100010;3006100090;3006200010;3006200020;3006200090;3006300010;3006300020;3006300090;3006400010;3006400020;3006400030;3006400090;3006500000;3006600000;3006600010;3006600011;3006600019;3006600090;3006701000;3006709000;3006801100;3006801900;3006809010;3006809020;3006809030;3006809041;3006809042;3006809043;3006809050;3006809060;3006910000;3006920000;3006931000;3006932000;3006933000;3006934000;3006939000,3001900010;3001900020;3001900090;3002100010;3002100021;3002100022;3002100023;3002100029;3002100030;3002100041;3002100042;3002100049;3002100051;3002100059;3002300010;3002300090;3002900011;3002900019;3002900020;3002900091;3002900092;3002900099;3003310090;3003390010;3003390090;3003400000;3003900010;3003900020;3003900091;3003900099;3004310010;3004310090;3004320081;3004320089;3004320090;3004390010;3004390081;3004390083;3004390084;3004390085;3004390090;3004400010;3004400020;3004400030;3004400040;3004400080;3004400090;3004500010;3004500020;3004500031;3004500032;3004500039;3004500040;3004500050;3004500061;3004500069;3004500070;3004900011;3004900012;3004900019;3004900020;3004900031;3004900032;3004900033;3004900034;3004900035;3004900036;3004900039;3004900041;3004900042;3004900043;3004900049;3004900050;3004900061;3004900069;3004900071;3004900072;3004900073;3004900074;3004900075;3004900076;3004900077;3004900078;3004900079;3004900081;3004900089;3005100010;3005100091;3005100099;3005900010;3005900020;3005900030;3005900040;3005900050;3005900060;3005900090;3006200010;3006200020;3006200090;3006300010;3006300020;3006300090;3006400010;3006400020;3006400030;3006400090,
no,declared,342,3004909911,1,1,198801,imports,3004,300490,199712,199801,226805033.00,"Analgesics, for human use, in dosage",yes,no,,no,no,same_subheading,38,38,120,245,245,148,245,3004900011;3004900012;3004900019;3004900020;3004900031;3004900032;3004900033;3004900034;3004900035;3004900036;3004900039;3004900041;3004900042;3004900043;3004900049;3004900050;3004900061;3004900069;3004900071;3004900072;3004900073;3004900074;3004900075;3004900076;3004900077;3004900078;3004900079;3004900081;3004900089,106,0,3004900011;3004900012;3004900019;3004900020;3004900021;3004900022;3004900023;3004900024;3004900025;3004900026;3004900027;3004900029;3004900031;3004900032;3004900033;3004900034;3004900035;3004900036;3004900039;3004900041;3004900042;3004900043;3004900049;3004900050;3004900061;3004900069;3004900071;3004900072;3004900073;3004900074;3004900075;3004900076;3004900077;3004900078;3004900079;3004900081;3004900089;3004900090,3001100010;3001100090;3001200000;3001900010;3001900020;3001900090;3002100010;3002100021;3002100022;3002100023;3002100029;3002100030;3002100041;3002100042;3002100049;3002100051;3002100059;3002100060;3002100090;3002110000;3002120011;3002120012;3002120013;3002120019;3002120021;3002120029;3002130000;3002140000;3002150000;3002190000;3002200010;3002200020;3002200030;3002200090;3002300010;3002300090;3002410010;3002410090;3002420010;3002420090;3002490010;3002490020;3002490090;3002510000;3002590000;3002900010;3002900011;3002900012;3002900019;3002900020;3002900030;3002900040;3002900050;3002900090;3002900091;3002900092;3002900093;3002900099;3003100000;3003200000;3003310000;3003310010;3003310090;3003390000;3003390010;3003390090;3003400000;3003410000;3003420000;3003430000;3003490000;3003600000;3003900010;3003900020;3003900030;3003900090;3003900091;3003900099;3004100010;3004100011;3004100012;3004100013;3004100019;3004100020;3004100031;3004100032;3004100090;3004200010;3004200011;3004200012;3004200013;3004200018;3004200019;3004200020;3004200031;3004200039;3004200041;3004200049;3004200051;3004200059;3004200061;3004200062;3004200063;3004200069;3004200071;3004200079;3004200080;3004200090;3004310000;3004310010;3004310090;3004320000;3004320010;3004320011;3004320019;3004320020;3004320081;3004320082;3004320089;3004320090;3004390010;3004390011;3004390012;3004390013;3004390019;3004390081;3004390082;3004390083;3004390084;3004390085;3004390090;3004400010;3004400020;3004400030;3004400040;3004400050;3004400080;3004400090;3004410000;3004420000;3004430000;3004490010;3004490090;3004500010;3004500011;3004500012;3004500013;3004500014;3004500019;3004500020;3004500031;3004500032;3004500039;3004500040;3004500050;3004500061;3004500069;3004500070;3004500090;3004600000;3005100010;3005100091;3005100099;3005900010;3005900020;3005900030;3005900040;3005900050;3005900060;3005900090;3006100010;3006100090;3006200010;3006200020;3006200090;3006300010;3006300020;3006300090;3006400010;3006400020;3006400030;3006400090;3006500000;3006600000;3006600010;3006600011;3006600019;3006600090;3006701000;3006709000;3006801100;3006801900;3006809010;3006809020;3006809030;3006809041;3006809042;3006809043;3006809050;3006809060;3006910000;3006920000;3006931000;3006932000;3006933000;3006934000;3006939000,3001900010;3001900020;3001900090;3002100010;3002100021;3002100022;3002100023;3002100029;3002100030;3002100041;3002100042;3002100049;3002100051;3002100059;3002300010;3002300090;3002900011;3002900019;3002900020;3002900091;3002900092;3002900099;3003310090;3003390010;3003390090;3003400000;3003900010;3003900020;3003900091;3003900099;3004310010;3004310090;3004320081;3004320089;3004320090;3004390010;3004390081;3004390083;3004390084;3004390085;3004390090;3004400010;3004400020;3004400030;3004400040;3004400080;3004400090;3004500010;3004500020;3004500031;3004500032;3004500039;3004500040;3004500050;3004500061;3004500069;3004500070;3004900011;3004900012;3004900019;3004900020;3004900031;3004900032;3004900033;3004900034;3004900035;3004900036;3004900039;3004900041;3004900042;3004900043;3004900049;3004900050;3004900061;3004900069;3004900071;3004900072;3004900073;3004900074;3004900075;3004900076;3004900077;3004900078;3004900079;3004900081;3004900089;3005100010;3005100091;3005100099;3005900010;3005900020;3005900030;3005900040;3005900050;3005900060;3005900090;3006200010;3006200020;3006200090;3006300010;3006300020;3006300090;3006400010;3006400020;3006400030;3006400090,
no,declared,342,3004909912,1,1,198801,imports,3004,300490,199712,199801,405662933.00,"Antidepressants & tranquilizers, for human use, in dosage",yes,no,,no,no,same_subheading,38,38,120,245,245,148,245,3004900011;3004900012;3004900019;3004900020;3004900031;3004900032;3004900033;3004900034;3004900035;3004900036;3004900039;3004900041;3004900042;3004900043;3004900049;3004900050;3004900061;3004900069;3004900071;3004900072;3004900073;3004900074;3004900075;3004900076;3004900077;3004900078;3004900079;3004900081;3004900089,106,0,3004900011;3004900012;3004900019;3004900020;3004900021;3004900022;3004900023;3004900024;3004900025;3004900026;3004900027;3004900029;3004900031;3004900032;3004900033;3004900034;3004900035;3004900036;3004900039;3004900041;3004900042;3004900043;3004900049;3004900050;3004900061;3004900069;3004900071;3004900072;3004900073;3004900074;3004900075;3004900076;3004900077;3004900078;3004900079;3004900081;3004900089;3004900090,3001100010;3001100090;3001200000;3001900010;3001900020;3001900090;3002100010;3002100021;3002100022;3002100023;3002100029;3002100030;3002100041;3002100042;3002100049;3002100051;3002100059;3002100060;3002100090;3002110000;3002120011;3002120012;3002120013;3002120019;3002120021;3002120029;3002130000;3002140000;3002150000;3002190000;3002200010;3002200020;3002200030;3002200090;3002300010;3002300090;3002410010;3002410090;3002420010;3002420090;3002490010;3002490020;3002490090;3002510000;3002590000;3002900010;3002900011;3002900012;3002900019;3002900020;3002900030;3002900040;3002900050;3002900090;3002900091;3002900092;3002900093;3002900099;3003100000;3003200000;3003310000;3003310010;3003310090;3003390000;3003390010;3003390090;3003400000;3003410000;3003420000;3003430000;3003490000;3003600000;3003900010;3003900020;3003900030;3003900090;3003900091;3003900099;3004100010;3004100011;3004100012;3004100013;3004100019;3004100020;3004100031;3004100032;3004100090;3004200010;3004200011;3004200012;3004200013;3004200018;3004200019;3004200020;3004200031;3004200039;3004200041;3004200049;3004200051;3004200059;3004200061;3004200062;3004200063;3004200069;3004200071;3004200079;3004200080;3004200090;3004310000;3004310010;3004310090;3004320000;3004320010;3004320011;3004320019;3004320020;3004320081;3004320082;3004320089;3004320090;3004390010;3004390011;3004390012;3004390013;3004390019;3004390081;3004390082;3004390083;3004390084;3004390085;3004390090;3004400010;3004400020;3004400030;3004400040;3004400050;3004400080;3004400090;3004410000;3004420000;3004430000;3004490010;3004490090;3004500010;3004500011;3004500012;3004500013;3004500014;3004500019;3004500020;3004500031;3004500032;3004500039;3004500040;3004500050;3004500061;3004500069;3004500070;3004500090;3004600000;3005100010;3005100091;3005100099;3005900010;3005900020;3005900030;3005900040;3005900050;3005900060;3005900090;3006100010;3006100090;3006200010;3006200020;3006200090;3006300010;3006300020;3006300090;3006400010;3006400020;3006400030;3006400090;3006500000;3006600000;3006600010;3006600011;3006600019;3006600090;3006701000;3006709000;3006801100;3006801900;3006809010;3006809020;3006809030;3006809041;3006809042;3006809043;3006809050;3006809060;3006910000;3006920000;3006931000;3006932000;3006933000;3006934000;3006939000,3001900010;3001900020;3001900090;3002100010;3002100021;3002100022;3002100023;3002100029;3002100030;3002100041;3002100042;3002100049;3002100051;3002100059;3002300010;3002300090;3002900011;3002900019;3002900020;3002900091;3002900092;3002900099;3003310090;3003390010;3003390090;3003400000;3003900010;3003900020;3003900091;3003900099;3004310010;3004310090;3004320081;3004320089;3004320090;3004390010;3004390081;3004390083;3004390084;3004390085;3004390090;3004400010;3004400020;3004400030;3004400040;3004400080;3004400090;3004500010;3004500020;3004500031;3004500032;3004500039;3004500040;3004500050;3004500061;3004500069;3004500070;3004900011;3004900012;3004900019;3004900020;3004900031;3004900032;3004900033;3004900034;3004900035;3004900036;3004900039;3004900041;3004900042;3004900043;3004900049;3004900050;3004900061;3004900069;3004900071;3004900072;3004900073;3004900074;3004900075;3004900076;3004900077;3004900078;3004900079;3004900081;3004900089;3005100010;3005100091;3005100099;3005900010;3005900020;3005900030;3005900040;3005900050;3005900060;3005900090;3006200010;3006200020;3006200090;3006300010;3006300020;3006300090;3006400010;3006400020;3006400030;3006400090,
no,declared,342,3004909913,1,1,198801,imports,3004,300490,199712,199801,369413385.00,"Antihypertensive agents, for human use, in dosage",yes,no,,no,no,same_subheading,38,38,120,245,245,148,245,3004900011;3004900012;3004900019;3004900020;3004900031;3004900032;3004900033;3004900034;3004900035;3004900036;3004900039;3004900041;3004900042;3004900043;3004900049;3004900050;3004900061;3004900069;3004900071;3004900072;3004900073;3004900074;3004900075;3004900076;3004900077;3004900078;3004900079;3004900081;3004900089,106,0,3004900011;3004900012;3004900019;3004900020;3004900021;3004900022;3004900023;3004900024;3004900025;3004900026;3004900027;3004900029;3004900031;3004900032;3004900033;3004900034;3004900035;3004900036;3004900039;3004900041;3004900042;3004900043;3004900049;3004900050;3004900061;3004900069;3004900071;3004900072;3004900073;3004900074;3004900075;3004900076;3004900077;3004900078;3004900079;3004900081;3004900089;3004900090,3001100010;3001100090;3001200000;3001900010;3001900020;3001900090;3002100010;3002100021;3002100022;3002100023;3002100029;3002100030;3002100041;3002100042;3002100049;3002100051;3002100059;3002100060;3002100090;3002110000;3002120011;3002120012;3002120013;3002120019;3002120021;3002120029;3002130000;3002140000;3002150000;3002190000;3002200010;3002200020;3002200030;3002200090;3002300010;3002300090;3002410010;3002410090;3002420010;3002420090;3002490010;3002490020;3002490090;3002510000;3002590000;3002900010;3002900011;3002900012;3002900019;3002900020;3002900030;3002900040;3002900050;3002900090;3002900091;3002900092;3002900093;3002900099;3003100000;3003200000;3003310000;3003310010;3003310090;3003390000;3003390010;3003390090;3003400000;3003410000;3003420000;3003430000;3003490000;3003600000;3003900010;3003900020;3003900030;3003900090;3003900091;3003900099;3004100010;3004100011;3004100012;3004100013;3004100019;3004100020;3004100031;3004100032;3004100090;3004200010;3004200011;3004200012;3004200013;3004200018;3004200019;3004200020;3004200031;3004200039;3004200041;3004200049;3004200051;3004200059;3004200061;3004200062;3004200063;3004200069;3004200071;3004200079;3004200080;3004200090;3004310000;3004310010;3004310090;3004320000;3004320010;3004320011;3004320019;3004320020;3004320081;3004320082;3004320089;3004320090;3004390010;3004390011;3004390012;3004390013;3004390019;3004390081;3004390082;3004390083;3004390084;3004390085;3004390090;3004400010;3004400020;3004400030;3004400040;3004400050;3004400080;3004400090;3004410000;3004420000;3004430000;3004490010;3004490090;3004500010;3004500011;3004500012;3004500013;3004500014;3004500019;3004500020;3004500031;3004500032;3004500039;3004500040;3004500050;3004500061;3004500069;3004500070;3004500090;3004600000;3005100010;3005100091;3005100099;3005900010;3005900020;3005900030;3005900040;3005900050;3005900060;3005900090;3006100010;3006100090;3006200010;3006200020;3006200090;3006300010;3006300020;3006300090;3006400010;3006400020;3006400030;3006400090;3006500000;3006600000;3006600010;3006600011;3006600019;3006600090;3006701000;3006709000;3006801100;3006801900;3006809010;3006809020;3006809030;3006809041;3006809042;3006809043;3006809050;3006809060;3006910000;3006920000;3006931000;3006932000;3006933000;3006934000;3006939000,3001900010;3001900020;3001900090;3002100010;3002100021;3002100022;3002100023;3002100029;3002100030;3002100041;3002100042;3002100049;3002100051;3002100059;3002300010;3002300090;3002900011;3002900019;3002900020;3002900091;3002900092;3002900099;3003310090;3003390010;3003390090;3003400000;3003900010;3003900020;3003900091;3003900099;3004310010;3004310090;3004320081;3004320089;3004320090;3004390010;3004390081;3004390083;3004390084;3004390085;3004390090;3004400010;3004400020;3004400030;3004400040;3004400080;3004400090;3004500010;3004500020;3004500031;3004500032;3004500039;3004500040;3004500050;3004500061;3004500069;3004500070;3004900011;3004900012;3004900019;3004900020;3004900031;3004900032;3004900033;3004900034;3004900035;3004900036;3004900039;3004900041;3004900042;3004900043;3004900049;3004900050;3004900061;3004900069;3004900071;3004900072;3004900073;3004900074;3004900075;3004900076;3004900077;3004900078;3004900079;3004900081;3004900089;3005100010;3005100091;3005100099;3005900010;3005900020;3005900030;3005900040;3005900050;3005900060;3005900090;3006200010;3006200020;3006200090;3006300010;3006300020;3006300090;3006400010;3006400020;3006400030;3006400090,
no,declared,342,3004909914,1,1,198801,imports,3004,300490,199712,199801,61924264.00,"Antihistamines agents, for human use, in dosage",yes,no,,no,no,same_subheading,38,38,120,245,245,148,245,3004900011;3004900012;3004900019;3004900020;3004900031;3004900032;3004900033;3004900034;3004900035;3004900036;3004900039;3004900041;3004900042;3004900043;3004900049;3004900050;3004900061;3004900069;3004900071;3004900072;3004900073;3004900074;3004900075;3004900076;3004900077;3004900078;3004900079;3004900081;3004900089,106,0,3004900011;3004900012;3004900019;3004900020;3004900021;3004900022;3004900023;3004900024;3004900025;3004900026;3004900027;3004900029;3004900031;3004900032;3004900033;3004900034;3004900035;3004900036;3004900039;3004900041;3004900042;3004900043;3004900049;3004900050;3004900061;3004900069;3004900071;3004900072;3004900073;3004900074;3004900075;3004900076;3004900077;3004900078;3004900079;3004900081;3004900089;3004900090,3001100010;3001100090;3001200000;3001900010;3001900020;3001900090;3002100010;3002100021;3002100022;3002100023;3002100029;3002100030;3002100041;3002100042;3002100049;3002100051;3002100059;3002100060;3002100090;3002110000;3002120011;3002120012;3002120013;3002120019;3002120021;3002120029;3002130000;3002140000;3002150000;3002190000;3002200010;3002200020;3002200030;3002200090;3002300010;3002300090;3002410010;3002410090;3002420010;3002420090;3002490010;3002490020;3002490090;3002510000;3002590000;3002900010;3002900011;3002900012;3002900019;3002900020;3002900030;3002900040;3002900050;3002900090;3002900091;3002900092;3002900093;3002900099;3003100000;3003200000;3003310000;3003310010;3003310090;3003390000;3003390010;3003390090;3003400000;3003410000;3003420000;3003430000;3003490000;3003600000;3003900010;3003900020;3003900030;3003900090;3003900091;3003900099;3004100010;3004100011;3004100012;3004100013;3004100019;3004100020;3004100031;3004100032;3004100090;3004200010;3004200011;3004200012;3004200013;3004200018;3004200019;3004200020;3004200031;3004200039;3004200041;3004200049;3004200051;3004200059;3004200061;3004200062;3004200063;3004200069;3004200071;3004200079;3004200080;3004200090;3004310000;3004310010;3004310090;3004320000;3004320010;3004320011;3004320019;3004320020;3004320081;3004320082;3004320089;3004320090;3004390010;3004390011;3004390012;3004390013;3004390019;3004390081;3004390082;3004390083;3004390084;3004390085;3004390090;3004400010;3004400020;3004400030;3004400040;3004400050;3004400080;3004400090;3004410000;3004420000;3004430000;3004490010;3004490090;3004500010;3004500011;3004500012;3004500013;3004500014;3004500019;3004500020;3004500031;3004500032;3004500039;3004500040;3004500050;3004500061;3004500069;3004500070;3004500090;3004600000;3005100010;3005100091;3005100099;3005900010;3005900020;3005900030;3005900040;3005900050;3005900060;3005900090;3006100010;3006100090;3006200010;3006200020;3006200090;3006300010;3006300020;3006300090;3006400010;3006400020;3006400030;3006400090;3006500000;3006600000;3006600010;3006600011;3006600019;3006600090;3006701000;3006709000;3006801100;3006801900;3006809010;3006809020;3006809030;3006809041;3006809042;3006809043;3006809050;3006809060;3006910000;3006920000;3006931000;3006932000;3006933000;3006934000;3006939000,3001900010;3001900020;3001900090;3002100010;3002100021;3002100022;3002100023;3002100029;3002100030;3002100041;3002100042;3002100049;3002100051;3002100059;3002300010;3002300090;3002900011;3002900019;3002900020;3002900091;3002900092;3002900099;3003310090;3003390010;3003390090;3003400000;3003900010;3003900020;3003900091;3003900099;3004310010;3004310090;3004320081;3004320089;3004320090;3004390010;3004390081;3004390083;3004390084;3004390085;3004390090;3004400010;3004400020;3004400030;3004400040;3004400080;3004400090;3004500010;3004500020;3004500031;3004500032;3004500039;3004500040;3004500050;3004500061;3004500069;3004500070;3004900011;3004900012;3004900019;3004900020;3004900031;3004900032;3004900033;3004900034;3004900035;3004900036;3004900039;3004900041;3004900042;3004900043;3004900049;3004900050;3004900061;3004900069;3004900071;3004900072;3004900073;3004900074;3004900075;3004900076;3004900077;3004900078;3004900079;3004900081;3004900089;3005100010;3005100091;3005100099;3005900010;3005900020;3005900030;3005900040;3005900050;3005900060;3005900090;3006200010;3006200020;3006200090;3006300010;3006300020;3006300090;3006400010;3006400020;3006400030;3006400090,
no,declared,342,3004909915,1,1,199001,imports,3004,300490,199712,199801,116976986.00,"Medicaments, for human use, acting on the nervous system, in dosage, nes",yes,no,,no,no,same_subheading,38,38,120,245,245,148,245,3004900011;3004900012;3004900019;3004900020;3004900031;3004900032;3004900033;3004900034;3004900035;3004900036;3004900039;3004900041;3004900042;3004900043;3004900049;3004900050;3004900061;3004900069;3004900071;3004900072;3004900073;3004900074;3004900075;3004900076;3004900077;3004900078;3004900079;3004900081;3004900089,106,0,3004900011;3004900012;3004900019;3004900020;3004900021;3004900022;3004900023;3004900024;3004900025;3004900026;3004900027;3004900029;3004900031;3004900032;3004900033;3004900034;3004900035;3004900036;3004900039;3004900041;3004900042;3004900043;3004900049;3004900050;3004900061;3004900069;3004900071;3004900072;3004900073;3004900074;3004900075;3004900076;3004900077;3004900078;3004900079;3004900081;3004900089;3004900090,3001100010;3001100090;3001200000;3001900010;3001900020;3001900090;3002100010;3002100021;3002100022;3002100023;3002100029;3002100030;3002100041;3002100042;3002100049;3002100051;3002100059;3002100060;3002100090;3002110000;3002120011;3002120012;3002120013;3002120019;3002120021;3002120029;3002130000;3002140000;3002150000;3002190000;3002200010;3002200020;3002200030;3002200090;3002300010;3002300090;3002410010;3002410090;3002420010;3002420090;3002490010;3002490020;3002490090;3002510000;3002590000;3002900010;3002900011;3002900012;3002900019;3002900020;3002900030;3002900040;3002900050;3002900090;3002900091;3002900092;3002900093;3002900099;3003100000;3003200000;3003310000;3003310010;3003310090;3003390000;3003390010;3003390090;3003400000;3003410000;3003420000;3003430000;3003490000;3003600000;3003900010;3003900020;3003900030;3003900090;3003900091;3003900099;3004100010;3004100011;3004100012;3004100013;3004100019;3004100020;3004100031;3004100032;3004100090;3004200010;3004200011;3004200012;3004200013;3004200018;3004200019;3004200020;3004200031;3004200039;3004200041;3004200049;3004200051;3004200059;3004200061;3004200062;3004200063;3004200069;3004200071;3004200079;3004200080;3004200090;3004310000;3004310010;3004310090;3004320000;3004320010;3004320011;3004320019;3004320020;3004320081;3004320082;3004320089;3004320090;3004390010;3004390011;3004390012;3004390013;3004390019;3004390081;3004390082;3004390083;3004390084;3004390085;3004390090;3004400010;3004400020;3004400030;3004400040;3004400050;3004400080;3004400090;3004410000;3004420000;3004430000;3004490010;3004490090;3004500010;3004500011;3004500012;3004500013;3004500014;3004500019;3004500020;3004500031;3004500032;3004500039;3004500040;3004500050;3004500061;3004500069;3004500070;3004500090;3004600000;3005100010;3005100091;3005100099;3005900010;3005900020;3005900030;3005900040;3005900050;3005900060;3005900090;3006100010;3006100090;3006200010;3006200020;3006200090;3006300010;3006300020;3006300090;3006400010;3006400020;3006400030;3006400090;3006500000;3006600000;3006600010;3006600011;3006600019;3006600090;3006701000;3006709000;3006801100;3006801900;3006809010;3006809020;3006809030;3006809041;3006809042;3006809043;3006809050;3006809060;3006910000;3006920000;3006931000;3006932000;3006933000;3006934000;3006939000,3001900010;3001900020;3001900090;3002100010;3002100021;3002100022;3002100023;3002100029;3002100030;3002100041;3002100042;3002100049;3002100051;3002100059;3002300010;3002300090;3002900011;3002900019;3002900020;3002900091;3002900092;3002900099;3003310090;3003390010;3003390090;3003400000;3003900010;3003900020;3003900091;3003900099;3004310010;3004310090;3004320081;3004320089;3004320090;3004390010;3004390081;3004390083;3004390084;3004390085;3004390090;3004400010;3004400020;3004400030;3004400040;3004400080;3004400090;3004500010;3004500020;3004500031;3004500032;3004500039;3004500040;3004500050;3004500061;3004500069;3004500070;3004900011;3004900012;3004900019;3004900020;3004900031;3004900032;3004900033;3004900034;3004900035;3004900036;3004900039;3004900041;3004900042;3004900043;3004900049;3004900050;3004900061;3004900069;3004900071;3004900072;3004900073;3004900074;3004900075;3004900076;3004900077;3004900078;3004900079;3004900081;3004900089;3005100010;3005100091;3005100099;3005900010;3005900020;3005900030;3005900040;3005900050;3005900060;3005900090;3006200010;3006200020;3006200090;3006300010;3006300020;3006300090;3006400010;3006400020;3006400030;3006400090,
no,declared,342,3004909916,1,1,199004,imports,3004,300490,199712,199801,23048265.00,"Local anaesthetics, for human use, in dosage",yes,no,,no,no,same_subheading,38,38,120,245,245,148,245,3004900011;3004900012;3004900019;3004900020;3004900031;3004900032;3004900033;3004900034;3004900035;3004900036;3004900039;3004900041;3004900042;3004900043;3004900049;3004900050;3004900061;3004900069;3004900071;3004900072;3004900073;3004900074;3004900075;3004900076;3004900077;3004900078;3004900079;3004900081;3004900089,106,0,3004900011;3004900012;3004900019;3004900020;3004900021;3004900022;3004900023;3004900024;3004900025;3004900026;3004900027;3004900029;3004900031;3004900032;3004900033;3004900034;3004900035;3004900036;3004900039;3004900041;3004900042;3004900043;3004900049;3004900050;3004900061;3004900069;3004900071;3004900072;3004900073;3004900074;3004900075;3004900076;3004900077;3004900078;3004900079;3004900081;3004900089;3004900090,3001100010;3001100090;3001200000;3001900010;3001900020;3001900090;3002100010;3002100021;3002100022;3002100023;3002100029;3002100030;3002100041;3002100042;3002100049;3002100051;3002100059;3002100060;3002100090;3002110000;3002120011;3002120012;3002120013;3002120019;3002120021;3002120029;3002130000;3002140000;3002150000;3002190000;3002200010;3002200020;3002200030;3002200090;3002300010;3002300090;3002410010;3002410090;3002420010;3002420090;3002490010;3002490020;3002490090;3002510000;3002590000;3002900010;3002900011;3002900012;3002900019;3002900020;3002900030;3002900040;3002900050;3002900090;3002900091;3002900092;3002900093;3002900099;3003100000;3003200000;3003310000;3003310010;3003310090;3003390000;3003390010;3003390090;3003400000;3003410000;3003420000;3003430000;3003490000;3003600000;3003900010;3003900020;3003900030;3003900090;3003900091;3003900099;3004100010;3004100011;3004100012;3004100013;3004100019;3004100020;3004100031;3004100032;3004100090;3004200010;3004200011;3004200012;3004200013;3004200018;3004200019;3004200020;3004200031;3004200039;3004200041;3004200049;3004200051;3004200059;3004200061;3004200062;3004200063;3004200069;3004200071;3004200079;3004200080;3004200090;3004310000;3004310010;3004310090;3004320000;3004320010;3004320011;3004320019;3004320020;3004320081;3004320082;3004320089;3004320090;3004390010;3004390011;3004390012;3004390013;3004390019;3004390081;3004390082;3004390083;3004390084;3004390085;3004390090;3004400010;3004400020;3004400030;3004400040;3004400050;3004400080;3004400090;3004410000;3004420000;3004430000;3004490010;3004490090;3004500010;3004500011;3004500012;3004500013;3004500014;3004500019;3004500020;3004500031;3004500032;3004500039;3004500040;3004500050;3004500061;3004500069;3004500070;3004500090;3004600000;3005100010;3005100091;3005100099;3005900010;3005900020;3005900030;3005900040;3005900050;3005900060;3005900090;3006100010;3006100090;3006200010;3006200020;3006200090;3006300010;3006300020;3006300090;3006400010;3006400020;3006400030;3006400090;3006500000;3006600000;3006600010;3006600011;3006600019;3006600090;3006701000;3006709000;3006801100;3006801900;3006809010;3006809020;3006809030;3006809041;3006809042;3006809043;3006809050;3006809060;3006910000;3006920000;3006931000;3006932000;3006933000;3006934000;3006939000,3001900010;3001900020;3001900090;3002100010;3002100021;3002100022;3002100023;3002100029;3002100030;3002100041;3002100042;3002100049;3002100051;3002100059;3002300010;3002300090;3002900011;3002900019;3002900020;3002900091;3002900092;3002900099;3003310090;3003390010;3003390090;3003400000;3003900010;3003900020;3003900091;3003900099;3004310010;3004310090;3004320081;3004320089;3004320090;3004390010;3004390081;3004390083;3004390084;3004390085;3004390090;3004400010;3004400020;3004400030;3004400040;3004400080;3004400090;3004500010;3004500020;3004500031;3004500032;3004500039;3004500040;3004500050;3004500061;3004500069;3004500070;3004900011;3004900012;3004900019;3004900020;3004900031;3004900032;3004900033;3004900034;3004900035;3004900036;3004900039;3004900041;3004900042;3004900043;3004900049;3004900050;3004900061;3004900069;3004900071;3004900072;3004900073;3004900074;3004900075;3004900076;3004900077;3004900078;3004900079;3004900081;3004900089;3005100010;3005100091;3005100099;3005900010;3005900020;3005900030;3005900040;3005900050;3005900060;3005900090;3006200010;3006200020;3006200090;3006300010;3006300020;3006300090;3006400010;3006400020;3006400030;3006400090,
no,declared,342,3004909919,1,1,198801,imports,3004,300490,199712,199801,492424909.00,"Medicaments, for human use, acting on the central nervous system, in dosage, nes",yes,no,,no,no,same_subheading,38,38,120,245,245,148,245,3004900011;3004900012;3004900019;3004900020;3004900031;3004900032;3004900033;3004900034;3004900035;3004900036;3004900039;3004900041;3004900042;3004900043;3004900049;3004900050;3004900061;3004900069;3004900071;3004900072;3004900073;3004900074;3004900075;3004900076;3004900077;3004900078;3004900079;3004900081;3004900089,106,0,3004900011;3004900012;3004900019;3004900020;3004900021;3004900022;3004900023;3004900024;3004900025;3004900026;3004900027;3004900029;3004900031;3004900032;3004900033;3004900034;3004900035;3004900036;3004900039;3004900041;3004900042;3004900043;3004900049;3004900050;3004900061;3004900069;3004900071;3004900072;3004900073;3004900074;3004900075;3004900076;3004900077;3004900078;3004900079;3004900081;3004900089;3004900090,3001100010;3001100090;3001200000;3001900010;3001900020;3001900090;3002100010;3002100021;3002100022;3002100023;3002100029;3002100030;3002100041;3002100042;3002100049;3002100051;3002100059;3002100060;3002100090;3002110000;3002120011;3002120012;3002120013;3002120019;3002120021;3002120029;3002130000;3002140000;3002150000;3002190000;3002200010;3002200020;3002200030;3002200090;3002300010;3002300090;3002410010;3002410090;3002420010;3002420090;3002490010;3002490020;3002490090;3002510000;3002590000;3002900010;3002900011;3002900012;3002900019;3002900020;3002900030;3002900040;3002900050;3002900090;3002900091;3002900092;3002900093;3002900099;3003100000;3003200000;3003310000;3003310010;3003310090;3003390000;3003390010;3003390090;3003400000;3003410000;3003420000;3003430000;3003490000;3003600000;3003900010;3003900020;3003900030;3003900090;3003900091;3003900099;3004100010;3004100011;3004100012;3004100013;3004100019;3004100020;3004100031;3004100032;3004100090;3004200010;3004200011;3004200012;3004200013;3004200018;3004200019;3004200020;3004200031;3004200039;3004200041;3004200049;3004200051;3004200059;3004200061;3004200062;3004200063;3004200069;3004200071;3004200079;3004200080;3004200090;3004310000;3004310010;3004310090;3004320000;3004320010;3004320011;3004320019;3004320020;3004320081;3004320082;3004320089;3004320090;3004390010;3004390011;3004390012;3004390013;3004390019;3004390081;3004390082;3004390083;3004390084;3004390085;3004390090;3004400010;3004400020;3004400030;3004400040;3004400050;3004400080;3004400090;3004410000;3004420000;3004430000;3004490010;3004490090;3004500010;3004500011;3004500012;3004500013;3004500014;3004500019;3004500020;3004500031;3004500032;3004500039;3004500040;3004500050;3004500061;3004500069;3004500070;3004500090;3004600000;3005100010;3005100091;3005100099;3005900010;3005900020;3005900030;3005900040;3005900050;3005900060;3005900090;3006100010;3006100090;3006200010;3006200020;3006200090;3006300010;3006300020;3006300090;3006400010;3006400020;3006400030;3006400090;3006500000;3006600000;3006600010;3006600011;3006600019;3006600090;3006701000;3006709000;3006801100;3006801900;3006809010;3006809020;3006809030;3006809041;3006809042;3006809043;3006809050;3006809060;3006910000;3006920000;3006931000;3006932000;3006933000;3006934000;3006939000,3001900010;3001900020;3001900090;3002100010;3002100021;3002100022;3002100023;3002100029;3002100030;3002100041;3002100042;3002100049;3002100051;3002100059;3002300010;3002300090;3002900011;3002900019;3002900020;3002900091;3002900092;3002900099;3003310090;3003390010;3003390090;3003400000;3003900010;3003900020;3003900091;3003900099;3004310010;3004310090;3004320081;3004320089;3004320090;3004390010;3004390081;3004390083;3004390084;3004390085;3004390090;3004400010;3004400020;3004400030;3004400040;3004400080;3004400090;3004500010;3004500020;3004500031;3004500032;3004500039;3004500040;3004500050;3004500061;3004500069;3004500070;3004900011;3004900012;3004900019;3004900020;3004900031;3004900032;3004900033;3004900034;3004900035;3004900036;3004900039;3004900041;3004900042;3004900043;3004900049;3004900050;3004900061;3004900069;3004900071;3004900072;3004900073;3004900074;3004900075;3004900076;3004900077;3004900078;3004900079;3004900081;3004900089;3005100010;3005100091;3005100099;3005900010;3005900020;3005900030;3005900040;3005900050;3005900060;3005900090;3006200010;3006200020;3006200090;3006300010;3006300020;3006300090;3006400010;3006400020;3006400030;3006400090,
no,declared,342,3004909921,1,1,198801,imports,3004,300490,199712,199801,270583468.00,"Histamine H2 receptor antagonist, for human use, in dosage",yes,no,,no,no,same_subheading,38,38,120,245,245,148,245,3004900011;3004900012;3004900019;3004900020;3004900031;3004900032;3004900033;3004900034;3004900035;3004900036;3004900039;3004900041;3004900042;3004900043;3004900049;3004900050;3004900061;3004900069;3004900071;3004900072;3004900073;3004900074;3004900075;3004900076;3004900077;3004900078;3004900079;3004900081;3004900089,106,0,3004900011;3004900012;3004900019;3004900020;3004900021;3004900022;3004900023;3004900024;3004900025;3004900026;3004900027;3004900029;3004900031;3004900032;3004900033;3004900034;3004900035;3004900036;3004900039;3004900041;3004900042;3004900043;3004900049;3004900050;3004900061;3004900069;3004900071;3004900072;3004900073;3004900074;3004900075;3004900076;3004900077;3004900078;3004900079;3004900081;3004900089;3004900090,3001100010;3001100090;3001200000;3001900010;3001900020;3001900090;3002100010;3002100021;3002100022;3002100023;3002100029;3002100030;3002100041;3002100042;3002100049;3002100051;3002100059;3002100060;3002100090;3002110000;3002120011;3002120012;3002120013;3002120019;3002120021;3002120029;3002130000;3002140000;3002150000;3002190000;3002200010;3002200020;3002200030;3002200090;3002300010;3002300090;3002410010;3002410090;3002420010;3002420090;3002490010;3002490020;3002490090;3002510000;3002590000;3002900010;3002900011;3002900012;3002900019;3002900020;3002900030;3002900040;3002900050;3002900090;3002900091;3002900092;3002900093;3002900099;3003100000;3003200000;3003310000;3003310010;3003310090;3003390000;3003390010;3003390090;3003400000;3003410000;3003420000;3003430000;3003490000;3003600000;3003900010;3003900020;3003900030;3003900090;3003900091;3003900099;3004100010;3004100011;3004100012;3004100013;3004100019;3004100020;3004100031;3004100032;3004100090;3004200010;3004200011;3004200012;3004200013;3004200018;3004200019;3004200020;3004200031;3004200039;3004200041;3004200049;3004200051;3004200059;3004200061;3004200062;3004200063;3004200069;3004200071;3004200079;3004200080;3004200090;3004310000;3004310010;3004310090;3004320000;3004320010;3004320011;3004320019;3004320020;3004320081;3004320082;3004320089;3004320090;3004390010;3004390011;3004390012;3004390013;3004390019;3004390081;3004390082;3004390083;3004390084;3004390085;3004390090;3004400010;3004400020;3004400030;3004400040;3004400050;3004400080;3004400090;3004410000;3004420000;3004430000;3004490010;3004490090;3004500010;3004500011;3004500012;3004500013;3004500014;3004500019;3004500020;3004500031;3004500032;3004500039;3004500040;3004500050;3004500061;3004500069;3004500070;3004500090;3004600000;3005100010;3005100091;3005100099;3005900010;3005900020;3005900030;3005900040;3005900050;3005900060;3005900090;3006100010;3006100090;3006200010;3006200020;3006200090;3006300010;3006300020;3006300090;3006400010;3006400020;3006400030;3006400090;3006500000;3006600000;3006600010;3006600011;3006600019;3006600090;3006701000;3006709000;3006801100;3006801900;3006809010;3006809020;3006809030;3006809041;3006809042;3006809043;3006809050;3006809060;3006910000;3006920000;3006931000;3006932000;3006933000;3006934000;3006939000,3001900010;3001900020;3001900090;3002100010;3002100021;3002100022;3002100023;3002100029;3002100030;3002100041;3002100042;3002100049;3002100051;3002100059;3002300010;3002300090;3002900011;3002900019;3002900020;3002900091;3002900092;3002900099;3003310090;3003390010;3003390090;3003400000;3003900010;3003900020;3003900091;3003900099;3004310010;3004310090;3004320081;3004320089;3004320090;3004390010;3004390081;3004390083;3004390084;3004390085;3004390090;3004400010;3004400020;3004400030;3004400040;3004400080;3004400090;3004500010;3004500020;3004500031;3004500032;3004500039;3004500040;3004500050;3004500061;3004500069;3004500070;3004900011;3004900012;3004900019;3004900020;3004900031;3004900032;3004900033;3004900034;3004900035;3004900036;3004900039;3004900041;3004900042;3004900043;3004900049;3004900050;3004900061;3004900069;3004900071;3004900072;3004900073;3004900074;3004900075;3004900076;3004900077;3004900078;3004900079;3004900081;3004900089;3005100010;3005100091;3005100099;3005900010;3005900020;3005900030;3005900040;3005900050;3005900060;3005900090;3006200010;3006200020;3006200090;3006300010;3006300020;3006300090;3006400010;3006400020;3006400030;3006400090,
no,declared,342,3004909922,1,1,199001,imports,3004,300490,199712,199801,69723767.00,"Laxatives, for human use, in dosage",yes,no,,no,no,same_subheading,38,38,120,245,245,148,245,3004900011;3004900012;3004900019;3004900020;3004900031;3004900032;3004900033;3004900034;3004900035;3004900036;3004900039;3004900041;3004900042;3004900043;3004900049;3004900050;3004900061;3004900069;3004900071;3004900072;3004900073;3004900074;3004900075;3004900076;3004900077;3004900078;3004900079;3004900081;3004900089,106,0,3004900011;3004900012;3004900019;3004900020;3004900021;3004900022;3004900023;3004900024;3004900025;3004900026;3004900027;3004900029;3004900031;3004900032;3004900033;3004900034;3004900035;3004900036;3004900039;3004900041;3004900042;3004900043;3004900049;3004900050;3004900061;3004900069;3004900071;3004900072;3004900073;3004900074;3004900075;3004900076;3004900077;3004900078;3004900079;3004900081;3004900089;3004900090,3001100010;3001100090;3001200000;3001900010;3001900020;3001900090;3002100010;3002100021;3002100022;3002100023;3002100029;3002100030;3002100041;3002100042;3002100049;3002100051;3002100059;3002100060;3002100090;3002110000;3002120011;3002120012;3002120013;3002120019;3002120021;3002120029;3002130000;3002140000;3002150000;3002190000;3002200010;3002200020;3002200030;3002200090;3002300010;3002300090;3002410010;3002410090;3002420010;3002420090;3002490010;3002490020;3002490090;3002510000;3002590000;3002900010;3002900011;3002900012;3002900019;3002900020;3002900030;3002900040;3002900050;3002900090;3002900091;3002900092;3002900093;3002900099;3003100000;3003200000;3003310000;3003310010;3003310090;3003390000;3003390010;3003390090;3003400000;3003410000;3003420000;3003430000;3003490000;3003600000;3003900010;3003900020;3003900030;3003900090;3003900091;3003900099;3004100010;3004100011;3004100012;3004100013;3004100019;3004100020;3004100031;3004100032;3004100090;3004200010;3004200011;3004200012;3004200013;3004200018;3004200019;3004200020;3004200031;3004200039;3004200041;3004200049;3004200051;3004200059;3004200061;3004200062;3004200063;3004200069;3004200071;3004200079;3004200080;3004200090;3004310000;3004310010;3004310090;3004320000;3004320010;3004320011;3004320019;3004320020;3004320081;3004320082;3004320089;3004320090;3004390010;3004390011;3004390012;3004390013;3004390019;3004390081;3004390082;3004390083;3004390084;3004390085;3004390090;3004400010;3004400020;3004400030;3004400040;3004400050;3004400080;3004400090;3004410000;3004420000;3004430000;3004490010;3004490090;3004500010;3004500011;3004500012;3004500013;3004500014;3004500019;3004500020;3004500031;3004500032;3004500039;3004500040;3004500050;3004500061;3004500069;3004500070;3004500090;3004600000;3005100010;3005100091;3005100099;3005900010;3005900020;3005900030;3005900040;3005900050;3005900060;3005900090;3006100010;3006100090;3006200010;3006200020;3006200090;3006300010;3006300020;3006300090;3006400010;3006400020;3006400030;3006400090;3006500000;3006600000;3006600010;3006600011;3006600019;3006600090;3006701000;3006709000;3006801100;3006801900;3006809010;3006809020;3006809030;3006809041;3006809042;3006809043;3006809050;3006809060;3006910000;3006920000;3006931000;3006932000;3006933000;3006934000;3006939000,3001900010;3001900020;3001900090;3002100010;3002100021;3002100022;3002100023;3002100029;3002100030;3002100041;3002100042;3002100049;3002100051;3002100059;3002300010;3002300090;3002900011;3002900019;3002900020;3002900091;3002900092;3002900099;3003310090;3003390010;3003390090;3003400000;3003900010;3003900020;3003900091;3003900099;3004310010;3004310090;3004320081;3004320089;3004320090;3004390010;3004390081;3004390083;3004390084;3004390085;3004390090;3004400010;3004400020;3004400030;3004400040;3004400080;3004400090;3004500010;3004500020;3004500031;3004500032;3004500039;3004500040;3004500050;3004500061;3004500069;3004500070;3004900011;3004900012;3004900019;3004900020;3004900031;3004900032;3004900033;3004900034;3004900035;3004900036;3004900039;3004900041;3004900042;3004900043;3004900049;3004900050;3004900061;3004900069;3004900071;3004900072;3004900073;3004900074;3004900075;3004900076;3004900077;3004900078;3004900079;3004900081;3004900089;3005100010;3005100091;3005100099;3005900010;3005900020;3005900030;3005900040;3005900050;3005900060;3005900090;3006200010;3006200020;3006200090;3006300010;3006300020;3006300090;3006400010;3006400020;3006400030;3006400090,
no,declared,342,3004909923,1,1,199001,imports,3004,300490,199712,199801,67925751.00,"Antacids, for human use, in dosage",yes,no,,no,no,same_subheading,38,38,120,245,245,148,245,3004900011;3004900012;3004900019;3004900020;3004900031;3004900032;3004900033;3004900034;3004900035;3004900036;3004900039;3004900041;3004900042;3004900043;3004900049;3004900050;3004900061;3004900069;3004900071;3004900072;3004900073;3004900074;3004900075;3004900076;3004900077;3004900078;3004900079;3004900081;3004900089,106,0,3004900011;3004900012;3004900019;3004900020;3004900021;3004900022;3004900023;3004900024;3004900025;3004900026;3004900027;3004900029;3004900031;3004900032;3004900033;3004900034;3004900035;3004900036;3004900039;3004900041;3004900042;3004900043;3004900049;3004900050;3004900061;3004900069;3004900071;3004900072;3004900073;3004900074;3004900075;3004900076;3004900077;3004900078;3004900079;3004900081;3004900089;3004900090,3001100010;3001100090;3001200000;3001900010;3001900020;3001900090;3002100010;3002100021;3002100022;3002100023;3002100029;3002100030;3002100041;3002100042;3002100049;3002100051;3002100059;3002100060;3002100090;3002110000;3002120011;3002120012;3002120013;3002120019;3002120021;3002120029;3002130000;3002140000;3002150000;3002190000;3002200010;3002200020;3002200030;3002200090;3002300010;3002300090;3002410010;3002410090;3002420010;3002420090;3002490010;3002490020;3002490090;3002510000;3002590000;3002900010;3002900011;3002900012;3002900019;3002900020;3002900030;3002900040;3002900050;3002900090;3002900091;3002900092;3002900093;3002900099;3003100000;3003200000;3003310000;3003310010;3003310090;3003390000;3003390010;3003390090;3003400000;3003410000;3003420000;3003430000;3003490000;3003600000;3003900010;3003900020;3003900030;3003900090;3003900091;3003900099;3004100010;3004100011;3004100012;3004100013;3004100019;3004100020;3004100031;3004100032;3004100090;3004200010;3004200011;3004200012;3004200013;3004200018;3004200019;3004200020;3004200031;3004200039;3004200041;3004200049;3004200051;3004200059;3004200061;3004200062;3004200063;3004200069;3004200071;3004200079;3004200080;3004200090;3004310000;3004310010;3004310090;3004320000;3004320010;3004320011;3004320019;3004320020;3004320081;3004320082;3004320089;3004320090;3004390010;3004390011;3004390012;3004390013;3004390019;3004390081;3004390082;3004390083;3004390084;3004390085;3004390090;3004400010;3004400020;3004400030;3004400040;3004400050;3004400080;3004400090;3004410000;3004420000;3004430000;3004490010;3004490090;3004500010;3004500011;3004500012;3004500013;3004500014;3004500019;3004500020;3004500031;3004500032;3004500039;3004500040;3004500050;3004500061;3004500069;3004500070;3004500090;3004600000;3005100010;3005100091;3005100099;3005900010;3005900020;3005900030;3005900040;3005900050;3005900060;3005900090;3006100010;3006100090;3006200010;3006200020;3006200090;3006300010;3006300020;3006300090;3006400010;3006400020;3006400030;3006400090;3006500000;3006600000;3006600010;3006600011;3006600019;3006600090;3006701000;3006709000;3006801100;3006801900;3006809010;3006809020;3006809030;3006809041;3006809042;3006809043;3006809050;3006809060;3006910000;3006920000;3006931000;3006932000;3006933000;3006934000;3006939000,3001900010;3001900020;3001900090;3002100010;3002100021;3002100022;3002100023;3002100029;3002100030;3002100041;3002100042;3002100049;3002100051;3002100059;3002300010;3002300090;3002900011;3002900019;3002900020;3002900091;3002900092;3002900099;3003310090;3003390010;3003390090;3003400000;3003900010;3003900020;3003900091;3003900099;3004310010;3004310090;3004320081;3004320089;3004320090;3004390010;3004390081;3004390083;3004390084;3004390085;3004390090;3004400010;3004400020;3004400030;3004400040;3004400080;3004400090;3004500010;3004500020;3004500031;3004500032;3004500039;3004500040;3004500050;3004500061;3004500069;3004500070;3004900011;3004900012;3004900019;3004900020;3004900031;3004900032;3004900033;3004900034;3004900035;3004900036;3004900039;3004900041;3004900042;3004900043;3004900049;3004900050;3004900061;3004900069;3004900071;3004900072;3004900073;3004900074;3004900075;3004900076;3004900077;3004900078;3004900079;3004900081;3004900089;3005100010;3005100091;3005100099;3005900010;3005900020;3005900030;3005900040;3005900050;3005900060;3005900090;3006200010;3006200020;3006200090;3006300010;3006300020;3006300090;3006400010;3006400020;3006400030;3006400090,
no,declared,342,3004909929,1,1,198801,imports,3004,300490,199712,199801,665980987.00,"Gastro-intestinal agents, for human use, in dosage, nes",yes,no,,no,no,same_subheading,38,38,120,245,245,148,245,3004900011;3004900012;3004900019;3004900020;3004900031;3004900032;3004900033;3004900034;3004900035;3004900036;3004900039;3004900041;3004900042;3004900043;3004900049;3004900050;3004900061;3004900069;3004900071;3004900072;3004900073;3004900074;3004900075;3004900076;3004900077;3004900078;3004900079;3004900081;3004900089,106,0,3004900011;3004900012;3004900019;3004900020;3004900021;3004900022;3004900023;3004900024;3004900025;3004900026;3004900027;3004900029;3004900031;3004900032;3004900033;3004900034;3004900035;3004900036;3004900039;3004900041;3004900042;3004900043;3004900049;3004900050;3004900061;3004900069;3004900071;3004900072;3004900073;3004900074;3004900075;3004900076;3004900077;3004900078;3004900079;3004900081;3004900089;3004900090,3001100010;3001100090;3001200000;3001900010;3001900020;3001900090;3002100010;3002100021;3002100022;3002100023;3002100029;3002100030;3002100041;3002100042;3002100049;3002100051;3002100059;3002100060;3002100090;3002110000;3002120011;3002120012;3002120013;3002120019;3002120021;3002120029;3002130000;3002140000;3002150000;3002190000;3002200010;3002200020;3002200030;3002200090;3002300010;3002300090;3002410010;3002410090;3002420010;3002420090;3002490010;3002490020;3002490090;3002510000;3002590000;3002900010;3002900011;3002900012;3002900019;3002900020;3002900030;3002900040;3002900050;3002900090;3002900091;3002900092;3002900093;3002900099;3003100000;3003200000;3003310000;3003310010;3003310090;3003390000;3003390010;3003390090;3003400000;3003410000;3003420000;3003430000;3003490000;3003600000;3003900010;3003900020;3003900030;3003900090;3003900091;3003900099;3004100010;3004100011;3004100012;3004100013;3004100019;3004100020;3004100031;3004100032;3004100090;3004200010;3004200011;3004200012;3004200013;3004200018;3004200019;3004200020;3004200031;3004200039;3004200041;3004200049;3004200051;3004200059;3004200061;3004200062;3004200063;3004200069;3004200071;3004200079;3004200080;3004200090;3004310000;3004310010;3004310090;3004320000;3004320010;3004320011;3004320019;3004320020;3004320081;3004320082;3004320089;3004320090;3004390010;3004390011;3004390012;3004390013;3004390019;3004390081;3004390082;3004390083;3004390084;3004390085;3004390090;3004400010;3004400020;3004400030;3004400040;3004400050;3004400080;3004400090;3004410000;3004420000;3004430000;3004490010;3004490090;3004500010;3004500011;3004500012;3004500013;3004500014;3004500019;3004500020;3004500031;3004500032;3004500039;3004500040;3004500050;3004500061;3004500069;3004500070;3004500090;3004600000;3005100010;3005100091;3005100099;3005900010;3005900020;3005900030;3005900040;3005900050;3005900060;3005900090;3006100010;3006100090;3006200010;3006200020;3006200090;3006300010;3006300020;3006300090;3006400010;3006400020;3006400030;3006400090;3006500000;3006600000;3006600010;3006600011;3006600019;3006600090;3006701000;3006709000;3006801100;3006801900;3006809010;3006809020;3006809030;3006809041;3006809042;3006809043;3006809050;3006809060;3006910000;3006920000;3006931000;3006932000;3006933000;3006934000;3006939000,3001900010;3001900020;3001900090;3002100010;3002100021;3002100022;3002100023;3002100029;3002100030;3002100041;3002100042;3002100049;3002100051;3002100059;3002300010;3002300090;3002900011;3002900019;3002900020;3002900091;3002900092;3002900099;3003310090;3003390010;3003390090;3003400000;3003900010;3003900020;3003900091;3003900099;3004310010;3004310090;3004320081;3004320089;3004320090;3004390010;3004390081;3004390083;3004390084;3004390085;3004390090;3004400010;3004400020;3004400030;3004400040;3004400080;3004400090;3004500010;3004500020;3004500031;3004500032;3004500039;3004500040;3004500050;3004500061;3004500069;3004500070;3004900011;3004900012;3004900019;3004900020;3004900031;3004900032;3004900033;3004900034;3004900035;3004900036;3004900039;3004900041;3004900042;3004900043;3004900049;3004900050;3004900061;3004900069;3004900071;3004900072;3004900073;3004900074;3004900075;3004900076;3004900077;3004900078;3004900079;3004900081;3004900089;3005100010;3005100091;3005100099;3005900010;3005900020;3005900030;3005900040;3005900050;3005900060;3005900090;3006200010;3006200020;3006200090;3006300010;3006300020;3006300090;3006400010;3006400020;3006400030;3006400090,
no,declared,342,3004909930,1,1,198801,imports,3004,300490,199712,199801,1142787624.00,"Medicaments, for human use, acting on the cardio-vascular system, in dosage",yes,no,,no,no,same_subheading,38,38,120,245,245,148,245,3004900011;3004900012;3004900019;3004900020;3004900031;3004900032;3004900033;3004900034;3004900035;3004900036;3004900039;3004900041;3004900042;3004900043;3004900049;3004900050;3004900061;3004900069;3004900071;3004900072;3004900073;3004900074;3004900075;3004900076;3004900077;3004900078;3004900079;3004900081;3004900089,106,0,3004900011;3004900012;3004900019;3004900020;3004900021;3004900022;3004900023;3004900024;3004900025;3004900026;3004900027;3004900029;3004900031;3004900032;3004900033;3004900034;3004900035;3004900036;3004900039;3004900041;3004900042;3004900043;3004900049;3004900050;3004900061;3004900069;3004900071;3004900072;3004900073;3004900074;3004900075;3004900076;3004900077;3004900078;3004900079;3004900081;3004900089;3004900090,3001100010;3001100090;3001200000;3001900010;3001900020;3001900090;3002100010;3002100021;3002100022;3002100023;3002100029;3002100030;3002100041;3002100042;3002100049;3002100051;3002100059;3002100060;3002100090;3002110000;3002120011;3002120012;3002120013;3002120019;3002120021;3002120029;3002130000;3002140000;3002150000;3002190000;3002200010;3002200020;3002200030;3002200090;3002300010;3002300090;3002410010;3002410090;3002420010;3002420090;3002490010;3002490020;3002490090;3002510000;3002590000;3002900010;3002900011;3002900012;3002900019;3002900020;3002900030;3002900040;3002900050;3002900090;3002900091;3002900092;3002900093;3002900099;3003100000;3003200000;3003310000;3003310010;3003310090;3003390000;3003390010;3003390090;3003400000;3003410000;3003420000;3003430000;3003490000;3003600000;3003900010;3003900020;3003900030;3003900090;3003900091;3003900099;3004100010;3004100011;3004100012;3004100013;3004100019;3004100020;3004100031;3004100032;3004100090;3004200010;3004200011;3004200012;3004200013;3004200018;3004200019;3004200020;3004200031;3004200039;3004200041;3004200049;3004200051;3004200059;3004200061;3004200062;3004200063;3004200069;3004200071;3004200079;3004200080;3004200090;3004310000;3004310010;3004310090;3004320000;3004320010;3004320011;3004320019;3004320020;3004320081;3004320082;3004320089;3004320090;3004390010;3004390011;3004390012;3004390013;3004390019;3004390081;3004390082;3004390083;3004390084;3004390085;3004390090;3004400010;3004400020;3004400030;3004400040;3004400050;3004400080;3004400090;3004410000;3004420000;3004430000;3004490010;3004490090;3004500010;3004500011;3004500012;3004500013;3004500014;3004500019;3004500020;3004500031;3004500032;3004500039;3004500040;3004500050;3004500061;3004500069;3004500070;3004500090;3004600000;3005100010;3005100091;3005100099;3005900010;3005900020;3005900030;3005900040;3005900050;3005900060;3005900090;3006100010;3006100090;3006200010;3006200020;3006200090;3006300010;3006300020;3006300090;3006400010;3006400020;3006400030;3006400090;3006500000;3006600000;3006600010;3006600011;3006600019;3006600090;3006701000;3006709000;3006801100;3006801900;3006809010;3006809020;3006809030;3006809041;3006809042;3006809043;3006809050;3006809060;3006910000;3006920000;3006931000;3006932000;3006933000;3006934000;3006939000,3001900010;3001900020;3001900090;3002100010;3002100021;3002100022;3002100023;3002100029;3002100030;3002100041;3002100042;3002100049;3002100051;3002100059;3002300010;3002300090;3002900011;3002900019;3002900020;3002900091;3002900092;3002900099;3003310090;3003390010;3003390090;3003400000;3003900010;3003900020;3003900091;3003900099;3004310010;3004310090;3004320081;3004320089;3004320090;3004390010;3004390081;3004390083;3004390084;3004390085;3004390090;3004400010;3004400020;3004400030;3004400040;3004400080;3004400090;3004500010;3004500020;3004500031;3004500032;3004500039;3004500040;3004500050;3004500061;3004500069;3004500070;3004900011;3004900012;3004900019;3004900020;3004900031;3004900032;3004900033;3004900034;3004900035;3004900036;3004900039;3004900041;3004900042;3004900043;3004900049;3004900050;3004900061;3004900069;3004900071;3004900072;3004900073;3004900074;3004900075;3004900076;3004900077;3004900078;3004900079;3004900081;3004900089;3005100010;3005100091;3005100099;3005900010;3005900020;3005900030;3005900040;3005900050;3005900060;3005900090;3006200010;3006200020;3006200090;3006300010;3006300020;3006300090;3006400010;3006400020;3006400030;3006400090,
no,declared,438,3004909940,1,1,198801,imports,3004,300490,198912,199001,45447503.00,"Anti-infective agents, for human use, in dosage",yes,no,,no,no,same_subheading,69,69,192,380,380,162,380,3004901010;3004901020;3004901090;3004909100;3004909911;3004909912;3004909913;3004909914;3004909915;3004909916;3004909919;3004909921;3004909922;3004909923;3004909929;3004909930;3004909941;3004909949;3004909950;3004909960;3004909971;3004909979;3004909981;3004909982;3004909983;3004909984;3004909989;3004909991;3004909992;3004909993;3004909999,15,0,3004900011;3004900012;3004900019;3004900020;3004900021;3004900022;3004900023;3004900024;3004900025;3004900026;3004900027;3004900029;3004900031;3004900032;3004900033;3004900034;3004900035;3004900036;3004900039;3004900041;3004900042;3004900043;3004900049;3004900050;3004900061;3004900069;3004900071;3004900072;3004900073;3004900074;3004900075;3004900076;3004900077;3004900078;3004900079;3004900081;3004900089;3004900090;3004901010;3004901020;3004901090;3004909100;3004909911;3004909912;3004909913;3004909914;3004909915;3004909916;3004909919;3004909921;3004909922;3004909923;3004909929;3004909930;3004909941;3004909949;3004909950;3004909960;3004909971;3004909979;3004909981;3004909982;3004909983;3004909984;3004909989;3004909991;3004909992;3004909993;3004909999,3001100010;3001100090;3001200000;3001900010;3001900020;3001900090;3001901000;3001902000;3001909000;3002100010;3002100021;3002100022;3002100023;3002100029;3002100030;3002100041;3002100042;3002100049;3002100051;3002100059;3002100060;3002100090;3002101010;3002101021;3002101022;3002101023;3002101029;3002101090;3002102110;3002102120;3002102190;3002102910;3002102920;3002102990;3002110000;3002120011;3002120012;3002120013;3002120019;3002120021;3002120029;3002130000;3002140000;3002150000;3002190000;3002200010;3002200020;3002200030;3002200090;3002300010;3002300090;3002301000;3002309000;3002310000;3002391000;3002399000;3002410010;3002410090;3002420010;3002420090;3002490010;3002490020;3002490090;3002510000;3002590000;3002900010;3002900011;3002900012;3002900019;3002900020;3002900030;3002900040;3002900050;3002900090;3002900091;3002900092;3002900093;3002900099;3002901010;3002901011;3002901019;3002901020;3002901030;3002901040;3002909010;3002909020;3002909030;3002909090;3003100000;3003200000;3003310000;3003310010;3003310090;3003311000;3003319100;3003319900;3003390000;3003390010;3003390090;3003391000;3003399100;3003399900;3003400000;3003401000;3003409000;3003410000;3003420000;3003430000;3003490000;3003600000;3003900010;3003900020;3003900030;3003900090;3003900091;3003900099;3003901000;3003909100;3003909900;3003909910;3003909990;3004100010;3004100011;3004100012;3004100013;3004100014;3004100019;3004100020;3004100031;3004100032;3004100090;3004200010;3004200011;3004200012;3004200013;3004200018;3004200019;3004200020;3004200031;3004200039;3004200041;3004200042;3004200049;3004200051;3004200052;3004200059;3004200061;3004200062;3004200063;3004200064;3004200066;3004200069;3004200071;3004200079;3004200080;3004200090;3004310000;3004310010;3004310090;3004311000;3004319900;3004320000;3004320010;3004320011;3004320019;3004320020;3004320081;3004320082;3004320089;3004320090;3004321000;3004329011;3004329012;3004329019;3004329020;3004390010;3004390011;3004390012;3004390013;3004390019;3004390081;3004390082;3004390083;3004390084;3004390085;3004390090;3004391000;3004399100;3004399910;3004399920;3004399930;3004399940;3004399950;3004399960;3004400010;3004400020;3004400030;3004400040;3004400050;3004400080;3004400090;3004401000;3004409011;3004409019;3004409020;3004409030;3004409040;3004409050;3004409060;3004409070;3004409080;3004409090;3004410000;3004420000;3004430000;3004490010;3004490090;3004500010;3004500011;3004500012;3004500013;3004500014;3004500019;3004500020;3004500031;3004500032;3004500039;3004500040;3004500050;3004500061;3004500069;3004500070;3004500090;3004501000;3004509100;3004509911;3004509912;3004509919;3004509920;3004509930;3004509941;3004509949;3004509950;3004600000;3005100010;3005100091;3005100099;3005101000;3005109100;3005109900;3005900010;3005900020;3005900030;3005900040;3005900050;3005900060;3005900090;3005901000;3005902000;3005903000;3005909100;3005909200;3005909300;3005909900;3006100010;3006100090;3006200010;3006200020;3006200090;3006201000;3006202000;3006209000;3006300010;3006300020;3006300090;3006301000;3006309100;3006309900;3006400010;3006400020;3006400030;3006400090;3006401010;3006401020;3006402000;3006409000;3006500000;3006600000;3006600010;3006600011;3006600019;3006600090;3006701000;3006709000;3006801100;3006801900;3006809010;3006809020;3006809030;3006809041;3006809042;3006809043;3006809050;3006809060;3006910000;3006920000;3006931000;3006932000;3006933000;3006934000;3006939000,3002101023;3004509920;3004509930;3004509941;3004509949;3004509950;3004909915;3004909922;3004909923;3004909941;3004909949;3004909971;3004909979;3004909983;3004909984,
no,declared,342,3004909941,1,1,199001,imports,3004,300490,199712,199801,15348385.00,"Anti-infective agents, containing sulfonamides, for human use, in dosage",yes,no,,no,no,same_subheading,38,38,120,245,245,148,245,3004900011;3004900012;3004900019;3004900020;3004900031;3004900032;3004900033;3004900034;3004900035;3004900036;3004900039;3004900041;3004900042;3004900043;3004900049;3004900050;3004900061;3004900069;3004900071;3004900072;3004900073;3004900074;3004900075;3004900076;3004900077;3004900078;3004900079;3004900081;3004900089,106,0,3004900011;3004900012;3004900019;3004900020;3004900021;3004900022;3004900023;3004900024;3004900025;3004900026;3004900027;3004900029;3004900031;3004900032;3004900033;3004900034;3004900035;3004900036;3004900039;3004900041;3004900042;3004900043;3004900049;3004900050;3004900061;3004900069;3004900071;3004900072;3004900073;3004900074;3004900075;3004900076;3004900077;3004900078;3004900079;3004900081;3004900089;3004900090,3001100010;3001100090;3001200000;3001900010;3001900020;3001900090;3002100010;3002100021;3002100022;3002100023;3002100029;3002100030;3002100041;3002100042;3002100049;3002100051;3002100059;3002100060;3002100090;3002110000;3002120011;3002120012;3002120013;3002120019;3002120021;3002120029;3002130000;3002140000;3002150000;3002190000;3002200010;3002200020;3002200030;3002200090;3002300010;3002300090;3002410010;3002410090;3002420010;3002420090;3002490010;3002490020;3002490090;3002510000;3002590000;3002900010;3002900011;3002900012;3002900019;3002900020;3002900030;3002900040;3002900050;3002900090;3002900091;3002900092;3002900093;3002900099;3003100000;3003200000;3003310000;3003310010;3003310090;3003390000;3003390010;3003390090;3003400000;3003410000;3003420000;3003430000;3003490000;3003600000;3003900010;3003900020;3003900030;3003900090;3003900091;3003900099;3004100010;3004100011;3004100012;3004100013;3004100019;3004100020;3004100031;3004100032;3004100090;3004200010;3004200011;3004200012;3004200013;3004200018;3004200019;3004200020;3004200031;3004200039;3004200041;3004200049;3004200051;3004200059;3004200061;3004200062;3004200063;3004200069;3004200071;3004200079;3004200080;3004200090;3004310000;3004310010;3004310090;3004320000;3004320010;3004320011;3004320019;3004320020;3004320081;3004320082;3004320089;3004320090;3004390010;3004390011;3004390012;3004390013;3004390019;3004390081;3004390082;3004390083;3004390084;3004390085;3004390090;3004400010;3004400020;3004400030;3004400040;3004400050;3004400080;3004400090;3004410000;3004420000;3004430000;3004490010;3004490090;3004500010;3004500011;3004500012;3004500013;3004500014;3004500019;3004500020;3004500031;3004500032;3004500039;3004500040;3004500050;3004500061;3004500069;3004500070;3004500090;3004600000;3005100010;3005100091;3005100099;3005900010;3005900020;3005900030;3005900040;3005900050;3005900060;3005900090;3006100010;3006100090;3006200010;3006200020;3006200090;3006300010;3006300020;3006300090;3006400010;3006400020;3006400030;3006400090;3006500000;3006600000;3006600010;3006600011;3006600019;3006600090;3006701000;3006709000;3006801100;3006801900;3006809010;3006809020;3006809030;3006809041;3006809042;3006809043;3006809050;3006809060;3006910000;3006920000;3006931000;3006932000;3006933000;3006934000;3006939000,3001900010;3001900020;3001900090;3002100010;3002100021;3002100022;3002100023;3002100029;3002100030;3002100041;3002100042;3002100049;3002100051;3002100059;3002300010;3002300090;3002900011;3002900019;3002900020;3002900091;3002900092;3002900099;3003310090;3003390010;3003390090;3003400000;3003900010;3003900020;3003900091;3003900099;3004310010;3004310090;3004320081;3004320089;3004320090;3004390010;3004390081;3004390083;3004390084;3004390085;3004390090;3004400010;3004400020;3004400030;3004400040;3004400080;3004400090;3004500010;3004500020;3004500031;3004500032;3004500039;3004500040;3004500050;3004500061;3004500069;3004500070;3004900011;3004900012;3004900019;3004900020;3004900031;3004900032;3004900033;3004900034;3004900035;3004900036;3004900039;3004900041;3004900042;3004900043;3004900049;3004900050;3004900061;3004900069;3004900071;3004900072;3004900073;3004900074;3004900075;3004900076;3004900077;3004900078;3004900079;3004900081;3004900089;3005100010;3005100091;3005100099;3005900010;3005900020;3005900030;3005900040;3005900050;3005900060;3005900090;3006200010;3006200020;3006200090;3006300010;3006300020;3006300090;3006400010;3006400020;3006400030;3006400090,
no,declared,342,3004909949,1,1,199001,imports,3004,300490,199712,199801,526326356.00,"Anti-infective agents, for human use, in dosage, nes",yes,no,,no,no,same_subheading,38,38,120,245,245,148,245,3004900011;3004900012;3004900019;3004900020;3004900031;3004900032;3004900033;3004900034;3004900035;3004900036;3004900039;3004900041;3004900042;3004900043;3004900049;3004900050;3004900061;3004900069;3004900071;3004900072;3004900073;3004900074;3004900075;3004900076;3004900077;3004900078;3004900079;3004900081;3004900089,106,0,3004900011;3004900012;3004900019;3004900020;3004900021;3004900022;3004900023;3004900024;3004900025;3004900026;3004900027;3004900029;3004900031;3004900032;3004900033;3004900034;3004900035;3004900036;3004900039;3004900041;3004900042;3004900043;3004900049;3004900050;3004900061;3004900069;3004900071;3004900072;3004900073;3004900074;3004900075;3004900076;3004900077;3004900078;3004900079;3004900081;3004900089;3004900090,3001100010;3001100090;3001200000;3001900010;3001900020;3001900090;3002100010;3002100021;3002100022;3002100023;3002100029;3002100030;3002100041;3002100042;3002100049;3002100051;3002100059;3002100060;3002100090;3002110000;3002120011;3002120012;3002120013;3002120019;3002120021;3002120029;3002130000;3002140000;3002150000;3002190000;3002200010;3002200020;3002200030;3002200090;3002300010;3002300090;3002410010;3002410090;3002420010;3002420090;3002490010;3002490020;3002490090;3002510000;3002590000;3002900010;3002900011;3002900012;3002900019;3002900020;3002900030;3002900040;3002900050;3002900090;3002900091;3002900092;3002900093;3002900099;3003100000;3003200000;3003310000;3003310010;3003310090;3003390000;3003390010;3003390090;3003400000;3003410000;3003420000;3003430000;3003490000;3003600000;3003900010;3003900020;3003900030;3003900090;3003900091;3003900099;3004100010;3004100011;3004100012;3004100013;3004100019;3004100020;3004100031;3004100032;3004100090;3004200010;3004200011;3004200012;3004200013;3004200018;3004200019;3004200020;3004200031;3004200039;3004200041;3004200049;3004200051;3004200059;3004200061;3004200062;3004200063;3004200069;3004200071;3004200079;3004200080;3004200090;3004310000;3004310010;3004310090;3004320000;3004320010;3004320011;3004320019;3004320020;3004320081;3004320082;3004320089;3004320090;3004390010;3004390011;3004390012;3004390013;3004390019;3004390081;3004390082;3004390083;3004390084;3004390085;3004390090;3004400010;3004400020;3004400030;3004400040;3004400050;3004400080;3004400090;3004410000;3004420000;3004430000;3004490010;3004490090;3004500010;3004500011;3004500012;3004500013;3004500014;3004500019;3004500020;3004500031;3004500032;3004500039;3004500040;3004500050;3004500061;3004500069;3004500070;3004500090;3004600000;3005100010;3005100091;3005100099;3005900010;3005900020;3005900030;3005900040;3005900050;3005900060;3005900090;3006100010;3006100090;3006200010;3006200020;3006200090;3006300010;3006300020;3006300090;3006400010;3006400020;3006400030;3006400090;3006500000;3006600000;3006600010;3006600011;3006600019;3006600090;3006701000;3006709000;3006801100;3006801900;3006809010;3006809020;3006809030;3006809041;3006809042;3006809043;3006809050;3006809060;3006910000;3006920000;3006931000;3006932000;3006933000;3006934000;3006939000,3001900010;3001900020;3001900090;3002100010;3002100021;3002100022;3002100023;3002100029;3002100030;3002100041;3002100042;3002100049;3002100051;3002100059;3002300010;3002300090;3002900011;3002900019;3002900020;3002900091;3002900092;3002900099;3003310090;3003390010;3003390090;3003400000;3003900010;3003900020;3003900091;3003900099;3004310010;3004310090;3004320081;3004320089;3004320090;3004390010;3004390081;3004390083;3004390084;3004390085;3004390090;3004400010;3004400020;3004400030;3004400040;3004400080;3004400090;3004500010;3004500020;3004500031;3004500032;3004500039;3004500040;3004500050;3004500061;3004500069;3004500070;3004900011;3004900012;3004900019;3004900020;3004900031;3004900032;3004900033;3004900034;3004900035;3004900036;3004900039;3004900041;3004900042;3004900043;3004900049;3004900050;3004900061;3004900069;3004900071;3004900072;3004900073;3004900074;3004900075;3004900076;3004900077;3004900078;3004900079;3004900081;3004900089;3005100010;3005100091;3005100099;3005900010;3005900020;3005900030;3005900040;3005900050;3005900060;3005900090;3006200010;3006200020;3006200090;3006300010;3006300020;3006300090;3006400010;3006400020;3006400030;3006400090,
no,declared,342,3004909950,1,1,198801,imports,3004,300490,199712,199801,148659591.00,"Haematological agents, for human use, in dosage",yes,no,,no,no,same_subheading,38,38,120,245,245,148,245,3004900011;3004900012;3004900019;3004900020;3004900031;3004900032;3004900033;3004900034;3004900035;3004900036;3004900039;3004900041;3004900042;3004900043;3004900049;3004900050;3004900061;3004900069;3004900071;3004900072;3004900073;3004900074;3004900075;3004900076;3004900077;3004900078;3004900079;3004900081;3004900089,106,0,3004900011;3004900012;3004900019;3004900020;3004900021;3004900022;3004900023;3004900024;3004900025;3004900026;3004900027;3004900029;3004900031;3004900032;3004900033;3004900034;3004900035;3004900036;3004900039;3004900041;3004900042;3004900043;3004900049;3004900050;3004900061;3004900069;3004900071;3004900072;3004900073;3004900074;3004900075;3004900076;3004900077;3004900078;3004900079;3004900081;3004900089;3004900090,3001100010;3001100090;3001200000;3001900010;3001900020;3001900090;3002100010;3002100021;3002100022;3002100023;3002100029;3002100030;3002100041;3002100042;3002100049;3002100051;3002100059;3002100060;3002100090;3002110000;3002120011;3002120012;3002120013;3002120019;3002120021;3002120029;3002130000;3002140000;3002150000;3002190000;3002200010;3002200020;3002200030;3002200090;3002300010;3002300090;3002410010;3002410090;3002420010;3002420090;3002490010;3002490020;3002490090;3002510000;3002590000;3002900010;3002900011;3002900012;3002900019;3002900020;3002900030;3002900040;3002900050;3002900090;3002900091;3002900092;3002900093;3002900099;3003100000;3003200000;3003310000;3003310010;3003310090;3003390000;3003390010;3003390090;3003400000;3003410000;3003420000;3003430000;3003490000;3003600000;3003900010;3003900020;3003900030;3003900090;3003900091;3003900099;3004100010;3004100011;3004100012;3004100013;3004100019;3004100020;3004100031;3004100032;3004100090;3004200010;3004200011;3004200012;3004200013;3004200018;3004200019;3004200020;3004200031;3004200039;3004200041;3004200049;3004200051;3004200059;3004200061;3004200062;3004200063;3004200069;3004200071;3004200079;3004200080;3004200090;3004310000;3004310010;3004310090;3004320000;3004320010;3004320011;3004320019;3004320020;3004320081;3004320082;3004320089;3004320090;3004390010;3004390011;3004390012;3004390013;3004390019;3004390081;3004390082;3004390083;3004390084;3004390085;3004390090;3004400010;3004400020;3004400030;3004400040;3004400050;3004400080;3004400090;3004410000;3004420000;3004430000;3004490010;3004490090;3004500010;3004500011;3004500012;3004500013;3004500014;3004500019;3004500020;3004500031;3004500032;3004500039;3004500040;3004500050;3004500061;3004500069;3004500070;3004500090;3004600000;3005100010;3005100091;3005100099;3005900010;3005900020;3005900030;3005900040;3005900050;3005900060;3005900090;3006100010;3006100090;3006200010;3006200020;3006200090;3006300010;3006300020;3006300090;3006400010;3006400020;3006400030;3006400090;3006500000;3006600000;3006600010;3006600011;3006600019;3006600090;3006701000;3006709000;3006801100;3006801900;3006809010;3006809020;3006809030;3006809041;3006809042;3006809043;3006809050;3006809060;3006910000;3006920000;3006931000;3006932000;3006933000;3006934000;3006939000,3001900010;3001900020;3001900090;3002100010;3002100021;3002100022;3002100023;3002100029;3002100030;3002100041;3002100042;3002100049;3002100051;3002100059;3002300010;3002300090;3002900011;3002900019;3002900020;3002900091;3002900092;3002900099;3003310090;3003390010;3003390090;3003400000;3003900010;3003900020;3003900091;3003900099;3004310010;3004310090;3004320081;3004320089;3004320090;3004390010;3004390081;3004390083;3004390084;3004390085;3004390090;3004400010;3004400020;3004400030;3004400040;3004400080;3004400090;3004500010;3004500020;3004500031;3004500032;3004500039;3004500040;3004500050;3004500061;3004500069;3004500070;3004900011;3004900012;3004900019;3004900020;3004900031;3004900032;3004900033;3004900034;3004900035;3004900036;3004900039;3004900041;3004900042;3004900043;3004900049;3004900050;3004900061;3004900069;3004900071;3004900072;3004900073;3004900074;3004900075;3004900076;3004900077;3004900078;3004900079;3004900081;3004900089;3005100010;3005100091;3005100099;3005900010;3005900020;3005900030;3005900040;3005900050;3005900060;3005900090;3006200010;3006200020;3006200090;3006300010;3006300020;3006300090;3006400010;3006400020;3006400030;3006400090,
no,declared,342,3004909960,1,1,198801,imports,3004,300490,199712,199801,367961271.00,"Antineoplastic agents, for human use, in dosage",yes,no,,no,no,same_subheading,38,38,120,245,245,148,245,3004900011;3004900012;3004900019;3004900020;3004900031;3004900032;3004900033;3004900034;3004900035;3004900036;3004900039;3004900041;3004900042;3004900043;3004900049;3004900050;3004900061;3004900069;3004900071;3004900072;3004900073;3004900074;3004900075;3004900076;3004900077;3004900078;3004900079;3004900081;3004900089,106,0,3004900011;3004900012;3004900019;3004900020;3004900021;3004900022;3004900023;3004900024;3004900025;3004900026;3004900027;3004900029;3004900031;3004900032;3004900033;3004900034;3004900035;3004900036;3004900039;3004900041;3004900042;3004900043;3004900049;3004900050;3004900061;3004900069;3004900071;3004900072;3004900073;3004900074;3004900075;3004900076;3004900077;3004900078;3004900079;3004900081;3004900089;3004900090,3001100010;3001100090;3001200000;3001900010;3001900020;3001900090;3002100010;3002100021;3002100022;3002100023;3002100029;3002100030;3002100041;3002100042;3002100049;3002100051;3002100059;3002100060;3002100090;3002110000;3002120011;3002120012;3002120013;3002120019;3002120021;3002120029;3002130000;3002140000;3002150000;3002190000;3002200010;3002200020;3002200030;3002200090;3002300010;3002300090;3002410010;3002410090;3002420010;3002420090;3002490010;3002490020;3002490090;3002510000;3002590000;3002900010;3002900011;3002900012;3002900019;3002900020;3002900030;3002900040;3002900050;3002900090;3002900091;3002900092;3002900093;3002900099;3003100000;3003200000;3003310000;3003310010;3003310090;3003390000;3003390010;3003390090;3003400000;3003410000;3003420000;3003430000;3003490000;3003600000;3003900010;3003900020;3003900030;3003900090;3003900091;3003900099;3004100010;3004100011;3004100012;3004100013;3004100019;3004100020;3004100031;3004100032;3004100090;3004200010;3004200011;3004200012;3004200013;3004200018;3004200019;3004200020;3004200031;3004200039;3004200041;3004200049;3004200051;3004200059;3004200061;3004200062;3004200063;3004200069;3004200071;3004200079;3004200080;3004200090;3004310000;3004310010;3004310090;3004320000;3004320010;3004320011;3004320019;3004320020;3004320081;3004320082;3004320089;3004320090;3004390010;3004390011;3004390012;3004390013;3004390019;3004390081;3004390082;3004390083;3004390084;3004390085;3004390090;3004400010;3004400020;3004400030;3004400040;3004400050;3004400080;3004400090;3004410000;3004420000;3004430000;3004490010;3004490090;3004500010;3004500011;3004500012;3004500013;3004500014;3004500019;3004500020;3004500031;3004500032;3004500039;3004500040;3004500050;3004500061;3004500069;3004500070;3004500090;3004600000;3005100010;3005100091;3005100099;3005900010;3005900020;3005900030;3005900040;3005900050;3005900060;3005900090;3006100010;3006100090;3006200010;3006200020;3006200090;3006300010;3006300020;3006300090;3006400010;3006400020;3006400030;3006400090;3006500000;3006600000;3006600010;3006600011;3006600019;3006600090;3006701000;3006709000;3006801100;3006801900;3006809010;3006809020;3006809030;3006809041;3006809042;3006809043;3006809050;3006809060;3006910000;3006920000;3006931000;3006932000;3006933000;3006934000;3006939000,3001900010;3001900020;3001900090;3002100010;3002100021;3002100022;3002100023;3002100029;3002100030;3002100041;3002100042;3002100049;3002100051;3002100059;3002300010;3002300090;3002900011;3002900019;3002900020;3002900091;3002900092;3002900099;3003310090;3003390010;3003390090;3003400000;3003900010;3003900020;3003900091;3003900099;3004310010;3004310090;3004320081;3004320089;3004320090;3004390010;3004390081;3004390083;3004390084;3004390085;3004390090;3004400010;3004400020;3004400030;3004400040;3004400080;3004400090;3004500010;3004500020;3004500031;3004500032;3004500039;3004500040;3004500050;3004500061;3004500069;3004500070;3004900011;3004900012;3004900019;3004900020;3004900031;3004900032;3004900033;3004900034;3004900035;3004900036;3004900039;3004900041;3004900042;3004900043;3004900049;3004900050;3004900061;3004900069;3004900071;3004900072;3004900073;3004900074;3004900075;3004900076;3004900077;3004900078;3004900079;3004900081;3004900089;3005100010;3005100091;3005100099;3005900010;3005900020;3005900030;3005900040;3005900050;3005900060;3005900090;3006200010;3006200020;3006200090;3006300010;3006300020;3006300090;3006400010;3006400020;3006400030;3006400090,
no,declared,342,3004909971,1,1,199001,imports,3004,300490,199712,199801,97818164.00,"Cough/cold preparations, for human use, in dosage",yes,no,,no,no,same_subheading,38,38,120,245,245,148,245,3004900011;3004900012;3004900019;3004900020;3004900031;3004900032;3004900033;3004900034;3004900035;3004900036;3004900039;3004900041;3004900042;3004900043;3004900049;3004900050;3004900061;3004900069;3004900071;3004900072;3004900073;3004900074;3004900075;3004900076;3004900077;3004900078;3004900079;3004900081;3004900089,106,0,3004900011;3004900012;3004900019;3004900020;3004900021;3004900022;3004900023;3004900024;3004900025;3004900026;3004900027;3004900029;3004900031;3004900032;3004900033;3004900034;3004900035;3004900036;3004900039;3004900041;3004900042;3004900043;3004900049;3004900050;3004900061;3004900069;3004900071;3004900072;3004900073;3004900074;3004900075;3004900076;3004900077;3004900078;3004900079;3004900081;3004900089;3004900090,3001100010;3001100090;3001200000;3001900010;3001900020;3001900090;3002100010;3002100021;3002100022;3002100023;3002100029;3002100030;3002100041;3002100042;3002100049;3002100051;3002100059;3002100060;3002100090;3002110000;3002120011;3002120012;3002120013;3002120019;3002120021;3002120029;3002130000;3002140000;3002150000;3002190000;3002200010;3002200020;3002200030;3002200090;3002300010;3002300090;3002410010;3002410090;3002420010;3002420090;3002490010;3002490020;3002490090;3002510000;3002590000;3002900010;3002900011;3002900012;3002900019;3002900020;3002900030;3002900040;3002900050;3002900090;3002900091;3002900092;3002900093;3002900099;3003100000;3003200000;3003310000;3003310010;3003310090;3003390000;3003390010;3003390090;3003400000;3003410000;3003420000;3003430000;3003490000;3003600000;3003900010;3003900020;3003900030;3003900090;3003900091;3003900099;3004100010;3004100011;3004100012;3004100013;3004100019;3004100020;3004100031;3004100032;3004100090;3004200010;3004200011;3004200012;3004200013;3004200018;3004200019;3004200020;3004200031;3004200039;3004200041;3004200049;3004200051;3004200059;3004200061;3004200062;3004200063;3004200069;3004200071;3004200079;3004200080;3004200090;3004310000;3004310010;3004310090;3004320000;3004320010;3004320011;3004320019;3004320020;3004320081;3004320082;3004320089;3004320090;3004390010;3004390011;3004390012;3004390013;3004390019;3004390081;3004390082;3004390083;3004390084;3004390085;3004390090;3004400010;3004400020;3004400030;3004400040;3004400050;3004400080;3004400090;3004410000;3004420000;3004430000;3004490010;3004490090;3004500010;3004500011;3004500012;3004500013;3004500014;3004500019;3004500020;3004500031;3004500032;3004500039;3004500040;3004500050;3004500061;3004500069;3004500070;3004500090;3004600000;3005100010;3005100091;3005100099;3005900010;3005900020;3005900030;3005900040;3005900050;3005900060;3005900090;3006100010;3006100090;3006200010;3006200020;3006200090;3006300010;3006300020;3006300090;3006400010;3006400020;3006400030;3006400090;3006500000;3006600000;3006600010;3006600011;3006600019;3006600090;3006701000;3006709000;3006801100;3006801900;3006809010;3006809020;3006809030;3006809041;3006809042;3006809043;3006809050;3006809060;3006910000;3006920000;3006931000;3006932000;3006933000;3006934000;3006939000,3001900010;3001900020;3001900090;3002100010;3002100021;3002100022;3002100023;3002100029;3002100030;3002100041;3002100042;3002100049;3002100051;3002100059;3002300010;3002300090;3002900011;3002900019;3002900020;3002900091;3002900092;3002900099;3003310090;3003390010;3003390090;3003400000;3003900010;3003900020;3003900091;3003900099;3004310010;3004310090;3004320081;3004320089;3004320090;3004390010;3004390081;3004390083;3004390084;3004390085;3004390090;3004400010;3004400020;3004400030;3004400040;3004400080;3004400090;3004500010;3004500020;3004500031;3004500032;3004500039;3004500040;3004500050;3004500061;3004500069;3004500070;3004900011;3004900012;3004900019;3004900020;3004900031;3004900032;3004900033;3004900034;3004900035;3004900036;3004900039;3004900041;3004900042;3004900043;3004900049;3004900050;3004900061;3004900069;3004900071;3004900072;3004900073;3004900074;3004900075;3004900076;3004900077;3004900078;3004900079;3004900081;3004900089;3005100010;3005100091;3005100099;3005900010;3005900020;3005900030;3005900040;3005900050;3005900060;3005900090;3006200010;3006200020;3006200090;3006300010;3006300020;3006300090;3006400010;3006400020;3006400030;3006400090,
no,declared,342,3004909979,1,1,199001,imports,3004,300490,199712,199801,171116815.00,"Medicaments, prim affecting eyes,ears & respiratory system,human use, in dos,nes",yes,no,,no,no,same_subheading,38,38,120,245,245,148,245,3004900011;3004900012;3004900019;3004900020;3004900031;3004900032;3004900033;3004900034;3004900035;3004900036;3004900039;3004900041;3004900042;3004900043;3004900049;3004900050;3004900061;3004900069;3004900071;3004900072;3004900073;3004900074;3004900075;3004900076;3004900077;3004900078;3004900079;3004900081;3004900089,106,0,3004900011;3004900012;3004900019;3004900020;3004900021;3004900022;3004900023;3004900024;3004900025;3004900026;3004900027;3004900029;3004900031;3004900032;3004900033;3004900034;3004900035;3004900036;3004900039;3004900041;3004900042;3004900043;3004900049;3004900050;3004900061;3004900069;3004900071;3004900072;3004900073;3004900074;3004900075;3004900076;3004900077;3004900078;3004900079;3004900081;3004900089;3004900090,3001100010;3001100090;3001200000;3001900010;3001900020;3001900090;3002100010;3002100021;3002100022;3002100023;3002100029;3002100030;3002100041;3002100042;3002100049;3002100051;3002100059;3002100060;3002100090;3002110000;3002120011;3002120012;3002120013;3002120019;3002120021;3002120029;3002130000;3002140000;3002150000;3002190000;3002200010;3002200020;3002200030;3002200090;3002300010;3002300090;3002410010;3002410090;3002420010;3002420090;3002490010;3002490020;3002490090;3002510000;3002590000;3002900010;3002900011;3002900012;3002900019;3002900020;3002900030;3002900040;3002900050;3002900090;3002900091;3002900092;3002900093;3002900099;3003100000;3003200000;3003310000;3003310010;3003310090;3003390000;3003390010;3003390090;3003400000;3003410000;3003420000;3003430000;3003490000;3003600000;3003900010;3003900020;3003900030;3003900090;3003900091;3003900099;3004100010;3004100011;3004100012;3004100013;3004100019;3004100020;3004100031;3004100032;3004100090;3004200010;3004200011;3004200012;3004200013;3004200018;3004200019;3004200020;3004200031;3004200039;3004200041;3004200049;3004200051;3004200059;3004200061;3004200062;3004200063;3004200069;3004200071;3004200079;3004200080;3004200090;3004310000;3004310010;3004310090;3004320000;3004320010;3004320011;3004320019;3004320020;3004320081;3004320082;3004320089;3004320090;3004390010;3004390011;3004390012;3004390013;3004390019;3004390081;3004390082;3004390083;3004390084;3004390085;3004390090;3004400010;3004400020;3004400030;3004400040;3004400050;3004400080;3004400090;3004410000;3004420000;3004430000;3004490010;3004490090;3004500010;3004500011;3004500012;3004500013;3004500014;3004500019;3004500020;3004500031;3004500032;3004500039;3004500040;3004500050;3004500061;3004500069;3004500070;3004500090;3004600000;3005100010;3005100091;3005100099;3005900010;3005900020;3005900030;3005900040;3005900050;3005900060;3005900090;3006100010;3006100090;3006200010;3006200020;3006200090;3006300010;3006300020;3006300090;3006400010;3006400020;3006400030;3006400090;3006500000;3006600000;3006600010;3006600011;3006600019;3006600090;3006701000;3006709000;3006801100;3006801900;3006809010;3006809020;3006809030;3006809041;3006809042;3006809043;3006809050;3006809060;3006910000;3006920000;3006931000;3006932000;3006933000;3006934000;3006939000,3001900010;3001900020;3001900090;3002100010;3002100021;3002100022;3002100023;3002100029;3002100030;3002100041;3002100042;3002100049;3002100051;3002100059;3002300010;3002300090;3002900011;3002900019;3002900020;3002900091;3002900092;3002900099;3003310090;3003390010;3003390090;3003400000;3003900010;3003900020;3003900091;3003900099;3004310010;3004310090;3004320081;3004320089;3004320090;3004390010;3004390081;3004390083;3004390084;3004390085;3004390090;3004400010;3004400020;3004400030;3004400040;3004400080;3004400090;3004500010;3004500020;3004500031;3004500032;3004500039;3004500040;3004500050;3004500061;3004500069;3004500070;3004900011;3004900012;3004900019;3004900020;3004900031;3004900032;3004900033;3004900034;3004900035;3004900036;3004900039;3004900041;3004900042;3004900043;3004900049;3004900050;3004900061;3004900069;3004900071;3004900072;3004900073;3004900074;3004900075;3004900076;3004900077;3004900078;3004900079;3004900081;3004900089;3005100010;3005100091;3005100099;3005900010;3005900020;3005900030;3005900040;3005900050;3005900060;3005900090;3006200010;3006200020;3006200090;3006300010;3006300020;3006300090;3006400010;3006400020;3006400030;3006400090,
no,declared,342,3004909981,1,1,198801,imports,3004,300490,199712,199801,41243804.00,"Diuretics, for human use, in dosage",yes,no,,no,no,same_subheading,38,38,120,245,245,148,245,3004900011;3004900012;3004900019;3004900020;3004900031;3004900032;3004900033;3004900034;3004900035;3004900036;3004900039;3004900041;3004900042;3004900043;3004900049;3004900050;3004900061;3004900069;3004900071;3004900072;3004900073;3004900074;3004900075;3004900076;3004900077;3004900078;3004900079;3004900081;3004900089,106,0,3004900011;3004900012;3004900019;3004900020;3004900021;3004900022;3004900023;3004900024;3004900025;3004900026;3004900027;3004900029;3004900031;3004900032;3004900033;3004900034;3004900035;3004900036;3004900039;3004900041;3004900042;3004900043;3004900049;3004900050;3004900061;3004900069;3004900071;3004900072;3004900073;3004900074;3004900075;3004900076;3004900077;3004900078;3004900079;3004900081;3004900089;3004900090,3001100010;3001100090;3001200000;3001900010;3001900020;3001900090;3002100010;3002100021;3002100022;3002100023;3002100029;3002100030;3002100041;3002100042;3002100049;3002100051;3002100059;3002100060;3002100090;3002110000;3002120011;3002120012;3002120013;3002120019;3002120021;3002120029;3002130000;3002140000;3002150000;3002190000;3002200010;3002200020;3002200030;3002200090;3002300010;3002300090;3002410010;3002410090;3002420010;3002420090;3002490010;3002490020;3002490090;3002510000;3002590000;3002900010;3002900011;3002900012;3002900019;3002900020;3002900030;3002900040;3002900050;3002900090;3002900091;3002900092;3002900093;3002900099;3003100000;3003200000;3003310000;3003310010;3003310090;3003390000;3003390010;3003390090;3003400000;3003410000;3003420000;3003430000;3003490000;3003600000;3003900010;3003900020;3003900030;3003900090;3003900091;3003900099;3004100010;3004100011;3004100012;3004100013;3004100019;3004100020;3004100031;3004100032;3004100090;3004200010;3004200011;3004200012;3004200013;3004200018;3004200019;3004200020;3004200031;3004200039;3004200041;3004200049;3004200051;3004200059;3004200061;3004200062;3004200063;3004200069;3004200071;3004200079;3004200080;3004200090;3004310000;3004310010;3004310090;3004320000;3004320010;3004320011;3004320019;3004320020;3004320081;3004320082;3004320089;3004320090;3004390010;3004390011;3004390012;3004390013;3004390019;3004390081;3004390082;3004390083;3004390084;3004390085;3004390090;3004400010;3004400020;3004400030;3004400040;3004400050;3004400080;3004400090;3004410000;3004420000;3004430000;3004490010;3004490090;3004500010;3004500011;3004500012;3004500013;3004500014;3004500019;3004500020;3004500031;3004500032;3004500039;3004500040;3004500050;3004500061;3004500069;3004500070;3004500090;3004600000;3005100010;3005100091;3005100099;3005900010;3005900020;3005900030;3005900040;3005900050;3005900060;3005900090;3006100010;3006100090;3006200010;3006200020;3006200090;3006300010;3006300020;3006300090;3006400010;3006400020;3006400030;3006400090;3006500000;3006600000;3006600010;3006600011;3006600019;3006600090;3006701000;3006709000;3006801100;3006801900;3006809010;3006809020;3006809030;3006809041;3006809042;3006809043;3006809050;3006809060;3006910000;3006920000;3006931000;3006932000;3006933000;3006934000;3006939000,3001900010;3001900020;3001900090;3002100010;3002100021;3002100022;3002100023;3002100029;3002100030;3002100041;3002100042;3002100049;3002100051;3002100059;3002300010;3002300090;3002900011;3002900019;3002900020;3002900091;3002900092;3002900099;3003310090;3003390010;3003390090;3003400000;3003900010;3003900020;3003900091;3003900099;3004310010;3004310090;3004320081;3004320089;3004320090;3004390010;3004390081;3004390083;3004390084;3004390085;3004390090;3004400010;3004400020;3004400030;3004400040;3004400080;3004400090;3004500010;3004500020;3004500031;3004500032;3004500039;3004500040;3004500050;3004500061;3004500069;3004500070;3004900011;3004900012;3004900019;3004900020;3004900031;3004900032;3004900033;3004900034;3004900035;3004900036;3004900039;3004900041;3004900042;3004900043;3004900049;3004900050;3004900061;3004900069;3004900071;3004900072;3004900073;3004900074;3004900075;3004900076;3004900077;3004900078;3004900079;3004900081;3004900089;3005100010;3005100091;3005100099;3005900010;3005900020;3005900030;3005900040;3005900050;3005900060;3005900090;3006200010;3006200020;3006200090;3006300010;3006300020;3006300090;3006400010;3006400020;3006400030;3006400090,
no,declared,342,3004909982,1,1,198801,imports,3004,300490,199712,199801,73229634.00,"Medicaments affecting electrolytic, caloric/water balance, for human use, in dos",yes,no,,no,no,same_subheading,38,38,120,245,245,148,245,3004900011;3004900012;3004900019;3004900020;3004900031;3004900032;3004900033;3004900034;3004900035;3004900036;3004900039;3004900041;3004900042;3004900043;3004900049;3004900050;3004900061;3004900069;3004900071;3004900072;3004900073;3004900074;3004900075;3004900076;3004900077;3004900078;3004900079;3004900081;3004900089,106,0,3004900011;3004900012;3004900019;3004900020;3004900021;3004900022;3004900023;3004900024;3004900025;3004900026;3004900027;3004900029;3004900031;3004900032;3004900033;3004900034;3004900035;3004900036;3004900039;3004900041;3004900042;3004900043;3004900049;3004900050;3004900061;3004900069;3004900071;3004900072;3004900073;3004900074;3004900075;3004900076;3004900077;3004900078;3004900079;3004900081;3004900089;3004900090,3001100010;3001100090;3001200000;3001900010;3001900020;3001900090;3002100010;3002100021;3002100022;3002100023;3002100029;3002100030;3002100041;3002100042;3002100049;3002100051;3002100059;3002100060;3002100090;3002110000;3002120011;3002120012;3002120013;3002120019;3002120021;3002120029;3002130000;3002140000;3002150000;3002190000;3002200010;3002200020;3002200030;3002200090;3002300010;3002300090;3002410010;3002410090;3002420010;3002420090;3002490010;3002490020;3002490090;3002510000;3002590000;3002900010;3002900011;3002900012;3002900019;3002900020;3002900030;3002900040;3002900050;3002900090;3002900091;3002900092;3002900093;3002900099;3003100000;3003200000;3003310000;3003310010;3003310090;3003390000;3003390010;3003390090;3003400000;3003410000;3003420000;3003430000;3003490000;3003600000;3003900010;3003900020;3003900030;3003900090;3003900091;3003900099;3004100010;3004100011;3004100012;3004100013;3004100019;3004100020;3004100031;3004100032;3004100090;3004200010;3004200011;3004200012;3004200013;3004200018;3004200019;3004200020;3004200031;3004200039;3004200041;3004200049;3004200051;3004200059;3004200061;3004200062;3004200063;3004200069;3004200071;3004200079;3004200080;3004200090;3004310000;3004310010;3004310090;3004320000;3004320010;3004320011;3004320019;3004320020;3004320081;3004320082;3004320089;3004320090;3004390010;3004390011;3004390012;3004390013;3004390019;3004390081;3004390082;3004390083;3004390084;3004390085;3004390090;3004400010;3004400020;3004400030;3004400040;3004400050;3004400080;3004400090;3004410000;3004420000;3004430000;3004490010;3004490090;3004500010;3004500011;3004500012;3004500013;3004500014;3004500019;3004500020;3004500031;3004500032;3004500039;3004500040;3004500050;3004500061;3004500069;3004500070;3004500090;3004600000;3005100010;3005100091;3005100099;3005900010;3005900020;3005900030;3005900040;3005900050;3005900060;3005900090;3006100010;3006100090;3006200010;3006200020;3006200090;3006300010;3006300020;3006300090;3006400010;3006400020;3006400030;3006400090;3006500000;3006600000;3006600010;3006600011;3006600019;3006600090;3006701000;3006709000;3006801100;3006801900;3006809010;3006809020;3006809030;3006809041;3006809042;3006809043;3006809050;3006809060;3006910000;3006920000;3006931000;3006932000;3006933000;3006934000;3006939000,3001900010;3001900020;3001900090;3002100010;3002100021;3002100022;3002100023;3002100029;3002100030;3002100041;3002100042;3002100049;3002100051;3002100059;3002300010;3002300090;3002900011;3002900019;3002900020;3002900091;3002900092;3002900099;3003310090;3003390010;3003390090;3003400000;3003900010;3003900020;3003900091;3003900099;3004310010;3004310090;3004320081;3004320089;3004320090;3004390010;3004390081;3004390083;3004390084;3004390085;3004390090;3004400010;3004400020;3004400030;3004400040;3004400080;3004400090;3004500010;3004500020;3004500031;3004500032;3004500039;3004500040;3004500050;3004500061;3004500069;3004500070;3004900011;3004900012;3004900019;3004900020;3004900031;3004900032;3004900033;3004900034;3004900035;3004900036;3004900039;3004900041;3004900042;3004900043;3004900049;3004900050;3004900061;3004900069;3004900071;3004900072;3004900073;3004900074;3004900075;3004900076;3004900077;3004900078;3004900079;3004900081;3004900089;3005100010;3005100091;3005100099;3005900010;3005900020;3005900030;3005900040;3005900050;3005900060;3005900090;3006200010;3006200020;3006200090;3006300010;3006300020;3006300090;3006400010;3006400020;3006400030;3006400090,
no,declared,342,3004909983,1,1,199001,imports,3004,300490,199712,199801,146213780.00,"Dermatological agents, for human use, in dosage",yes,no,,no,no,same_subheading,38,38,120,245,245,148,245,3004900011;3004900012;3004900019;3004900020;3004900031;3004900032;3004900033;3004900034;3004900035;3004900036;3004900039;3004900041;3004900042;3004900043;3004900049;3004900050;3004900061;3004900069;3004900071;3004900072;3004900073;3004900074;3004900075;3004900076;3004900077;3004900078;3004900079;3004900081;3004900089,106,0,3004900011;3004900012;3004900019;3004900020;3004900021;3004900022;3004900023;3004900024;3004900025;3004900026;3004900027;3004900029;3004900031;3004900032;3004900033;3004900034;3004900035;3004900036;3004900039;3004900041;3004900042;3004900043;3004900049;3004900050;3004900061;3004900069;3004900071;3004900072;3004900073;3004900074;3004900075;3004900076;3004900077;3004900078;3004900079;3004900081;3004900089;3004900090,3001100010;3001100090;3001200000;3001900010;3001900020;3001900090;3002100010;3002100021;3002100022;3002100023;3002100029;3002100030;3002100041;3002100042;3002100049;3002100051;3002100059;3002100060;3002100090;3002110000;3002120011;3002120012;3002120013;3002120019;3002120021;3002120029;3002130000;3002140000;3002150000;3002190000;3002200010;3002200020;3002200030;3002200090;3002300010;3002300090;3002410010;3002410090;3002420010;3002420090;3002490010;3002490020;3002490090;3002510000;3002590000;3002900010;3002900011;3002900012;3002900019;3002900020;3002900030;3002900040;3002900050;3002900090;3002900091;3002900092;3002900093;3002900099;3003100000;3003200000;3003310000;3003310010;3003310090;3003390000;3003390010;3003390090;3003400000;3003410000;3003420000;3003430000;3003490000;3003600000;3003900010;3003900020;3003900030;3003900090;3003900091;3003900099;3004100010;3004100011;3004100012;3004100013;3004100019;3004100020;3004100031;3004100032;3004100090;3004200010;3004200011;3004200012;3004200013;3004200018;3004200019;3004200020;3004200031;3004200039;3004200041;3004200049;3004200051;3004200059;3004200061;3004200062;3004200063;3004200069;3004200071;3004200079;3004200080;3004200090;3004310000;3004310010;3004310090;3004320000;3004320010;3004320011;3004320019;3004320020;3004320081;3004320082;3004320089;3004320090;3004390010;3004390011;3004390012;3004390013;3004390019;3004390081;3004390082;3004390083;3004390084;3004390085;3004390090;3004400010;3004400020;3004400030;3004400040;3004400050;3004400080;3004400090;3004410000;3004420000;3004430000;3004490010;3004490090;3004500010;3004500011;3004500012;3004500013;3004500014;3004500019;3004500020;3004500031;3004500032;3004500039;3004500040;3004500050;3004500061;3004500069;3004500070;3004500090;3004600000;3005100010;3005100091;3005100099;3005900010;3005900020;3005900030;3005900040;3005900050;3005900060;3005900090;3006100010;3006100090;3006200010;3006200020;3006200090;3006300010;3006300020;3006300090;3006400010;3006400020;3006400030;3006400090;3006500000;3006600000;3006600010;3006600011;3006600019;3006600090;3006701000;3006709000;3006801100;3006801900;3006809010;3006809020;3006809030;3006809041;3006809042;3006809043;3006809050;3006809060;3006910000;3006920000;3006931000;3006932000;3006933000;3006934000;3006939000,3001900010;3001900020;3001900090;3002100010;3002100021;3002100022;3002100023;3002100029;3002100030;3002100041;3002100042;3002100049;3002100051;3002100059;3002300010;3002300090;3002900011;3002900019;3002900020;3002900091;3002900092;3002900099;3003310090;3003390010;3003390090;3003400000;3003900010;3003900020;3003900091;3003900099;3004310010;3004310090;3004320081;3004320089;3004320090;3004390010;3004390081;3004390083;3004390084;3004390085;3004390090;3004400010;3004400020;3004400030;3004400040;3004400080;3004400090;3004500010;3004500020;3004500031;3004500032;3004500039;3004500040;3004500050;3004500061;3004500069;3004500070;3004900011;3004900012;3004900019;3004900020;3004900031;3004900032;3004900033;3004900034;3004900035;3004900036;3004900039;3004900041;3004900042;3004900043;3004900049;3004900050;3004900061;3004900069;3004900071;3004900072;3004900073;3004900074;3004900075;3004900076;3004900077;3004900078;3004900079;3004900081;3004900089;3005100010;3005100091;3005100099;3005900010;3005900020;3005900030;3005900040;3005900050;3005900060;3005900090;3006200010;3006200020;3006200090;3006300010;3006300020;3006300090;3006400010;3006400020;3006400030;3006400090,
no,declared,342,3004909984,1,1,199001,imports,3004,300490,199712,199801,2455445.00,"Medicaments cont hyaluronic acid or its sodium salt, for human use, in dosage",yes,no,,no,no,same_subheading,38,38,120,245,245,148,245,3004900011;3004900012;3004900019;3004900020;3004900031;3004900032;3004900033;3004900034;3004900035;3004900036;3004900039;3004900041;3004900042;3004900043;3004900049;3004900050;3004900061;3004900069;3004900071;3004900072;3004900073;3004900074;3004900075;3004900076;3004900077;3004900078;3004900079;3004900081;3004900089,106,0,3004900011;3004900012;3004900019;3004900020;3004900021;3004900022;3004900023;3004900024;3004900025;3004900026;3004900027;3004900029;3004900031;3004900032;3004900033;3004900034;3004900035;3004900036;3004900039;3004900041;3004900042;3004900043;3004900049;3004900050;3004900061;3004900069;3004900071;3004900072;3004900073;3004900074;3004900075;3004900076;3004900077;3004900078;3004900079;3004900081;3004900089;3004900090,3001100010;3001100090;3001200000;3001900010;3001900020;3001900090;3002100010;3002100021;3002100022;3002100023;3002100029;3002100030;3002100041;3002100042;3002100049;3002100051;3002100059;3002100060;3002100090;3002110000;3002120011;3002120012;3002120013;3002120019;3002120021;3002120029;3002130000;3002140000;3002150000;3002190000;3002200010;3002200020;3002200030;3002200090;3002300010;3002300090;3002410010;3002410090;3002420010;3002420090;3002490010;3002490020;3002490090;3002510000;3002590000;3002900010;3002900011;3002900012;3002900019;3002900020;3002900030;3002900040;3002900050;3002900090;3002900091;3002900092;3002900093;3002900099;3003100000;3003200000;3003310000;3003310010;3003310090;3003390000;3003390010;3003390090;3003400000;3003410000;3003420000;3003430000;3003490000;3003600000;3003900010;3003900020;3003900030;3003900090;3003900091;3003900099;3004100010;3004100011;3004100012;3004100013;3004100019;3004100020;3004100031;3004100032;3004100090;3004200010;3004200011;3004200012;3004200013;3004200018;3004200019;3004200020;3004200031;3004200039;3004200041;3004200049;3004200051;3004200059;3004200061;3004200062;3004200063;3004200069;3004200071;3004200079;3004200080;3004200090;3004310000;3004310010;3004310090;3004320000;3004320010;3004320011;3004320019;3004320020;3004320081;3004320082;3004320089;3004320090;3004390010;3004390011;3004390012;3004390013;3004390019;3004390081;3004390082;3004390083;3004390084;3004390085;3004390090;3004400010;3004400020;3004400030;3004400040;3004400050;3004400080;3004400090;3004410000;3004420000;3004430000;3004490010;3004490090;3004500010;3004500011;3004500012;3004500013;3004500014;3004500019;3004500020;3004500031;3004500032;3004500039;3004500040;3004500050;3004500061;3004500069;3004500070;3004500090;3004600000;3005100010;3005100091;3005100099;3005900010;3005900020;3005900030;3005900040;3005900050;3005900060;3005900090;3006100010;3006100090;3006200010;3006200020;3006200090;3006300010;3006300020;3006300090;3006400010;3006400020;3006400030;3006400090;3006500000;3006600000;3006600010;3006600011;3006600019;3006600090;3006701000;3006709000;3006801100;3006801900;3006809010;3006809020;3006809030;3006809041;3006809042;3006809043;3006809050;3006809060;3006910000;3006920000;3006931000;3006932000;3006933000;3006934000;3006939000,3001900010;3001900020;3001900090;3002100010;3002100021;3002100022;3002100023;3002100029;3002100030;3002100041;3002100042;3002100049;3002100051;3002100059;3002300010;3002300090;3002900011;3002900019;3002900020;3002900091;3002900092;3002900099;3003310090;3003390010;3003390090;3003400000;3003900010;3003900020;3003900091;3003900099;3004310010;3004310090;3004320081;3004320089;3004320090;3004390010;3004390081;3004390083;3004390084;3004390085;3004390090;3004400010;3004400020;3004400030;3004400040;3004400080;3004400090;3004500010;3004500020;3004500031;3004500032;3004500039;3004500040;3004500050;3004500061;3004500069;3004500070;3004900011;3004900012;3004900019;3004900020;3004900031;3004900032;3004900033;3004900034;3004900035;3004900036;3004900039;3004900041;3004900042;3004900043;3004900049;3004900050;3004900061;3004900069;3004900071;3004900072;3004900073;3004900074;3004900075;3004900076;3004900077;3004900078;3004900079;3004900081;3004900089;3005100010;3005100091;3005100099;3005900010;3005900020;3005900030;3005900040;3005900050;3005900060;3005900090;3006200010;3006200020;3006200090;3006300010;3006300020;3006300090;3006400010;3006400020;3006400030;3006400090,
no,declared,342,3004909989,1,1,198801,imports,3004,300490,199712,199801,1883788320.00,"Medicaments nes, for human use, in dosage",yes,no,,no,no,same_subheading,38,38,120,245,245,148,245,3004900011;3004900012;3004900019;3004900020;3004900031;3004900032;3004900033;3004900034;3004900035;3004900036;3004900039;3004900041;3004900042;3004900043;3004900049;3004900050;3004900061;3004900069;3004900071;3004900072;3004900073;3004900074;3004900075;3004900076;3004900077;3004900078;3004900079;3004900081;3004900089,106,0,3004900011;3004900012;3004900019;3004900020;3004900021;3004900022;3004900023;3004900024;3004900025;3004900026;3004900027;3004900029;3004900031;3004900032;3004900033;3004900034;3004900035;3004900036;3004900039;3004900041;3004900042;3004900043;3004900049;3004900050;3004900061;3004900069;3004900071;3004900072;3004900073;3004900074;3004900075;3004900076;3004900077;3004900078;3004900079;3004900081;3004900089;3004900090,3001100010;3001100090;3001200000;3001900010;3001900020;3001900090;3002100010;3002100021;3002100022;3002100023;3002100029;3002100030;3002100041;3002100042;3002100049;3002100051;3002100059;3002100060;3002100090;3002110000;3002120011;3002120012;3002120013;3002120019;3002120021;3002120029;3002130000;3002140000;3002150000;3002190000;3002200010;3002200020;3002200030;3002200090;3002300010;3002300090;3002410010;3002410090;3002420010;3002420090;3002490010;3002490020;3002490090;3002510000;3002590000;3002900010;3002900011;3002900012;3002900019;3002900020;3002900030;3002900040;3002900050;3002900090;3002900091;3002900092;3002900093;3002900099;3003100000;3003200000;3003310000;3003310010;3003310090;3003390000;3003390010;3003390090;3003400000;3003410000;3003420000;3003430000;3003490000;3003600000;3003900010;3003900020;3003900030;3003900090;3003900091;3003900099;3004100010;3004100011;3004100012;3004100013;3004100019;3004100020;3004100031;3004100032;3004100090;3004200010;3004200011;3004200012;3004200013;3004200018;3004200019;3004200020;3004200031;3004200039;3004200041;3004200049;3004200051;3004200059;3004200061;3004200062;3004200063;3004200069;3004200071;3004200079;3004200080;3004200090;3004310000;3004310010;3004310090;3004320000;3004320010;3004320011;3004320019;3004320020;3004320081;3004320082;3004320089;3004320090;3004390010;3004390011;3004390012;3004390013;3004390019;3004390081;3004390082;3004390083;3004390084;3004390085;3004390090;3004400010;3004400020;3004400030;3004400040;3004400050;3004400080;3004400090;3004410000;3004420000;3004430000;3004490010;3004490090;3004500010;3004500011;3004500012;3004500013;3004500014;3004500019;3004500020;3004500031;3004500032;3004500039;3004500040;3004500050;3004500061;3004500069;3004500070;3004500090;3004600000;3005100010;3005100091;3005100099;3005900010;3005900020;3005900030;3005900040;3005900050;3005900060;3005900090;3006100010;3006100090;3006200010;3006200020;3006200090;3006300010;3006300020;3006300090;3006400010;3006400020;3006400030;3006400090;3006500000;3006600000;3006600010;3006600011;3006600019;3006600090;3006701000;3006709000;3006801100;3006801900;3006809010;3006809020;3006809030;3006809041;3006809042;3006809043;3006809050;3006809060;3006910000;3006920000;3006931000;3006932000;3006933000;3006934000;3006939000,3001900010;3001900020;3001900090;3002100010;3002100021;3002100022;3002100023;3002100029;3002100030;3002100041;3002100042;3002100049;3002100051;3002100059;3002300010;3002300090;3002900011;3002900019;3002900020;3002900091;3002900092;3002900099;3003310090;3003390010;3003390090;3003400000;3003900010;3003900020;3003900091;3003900099;3004310010;3004310090;3004320081;3004320089;3004320090;3004390010;3004390081;3004390083;3004390084;3004390085;3004390090;3004400010;3004400020;3004400030;3004400040;3004400080;3004400090;3004500010;3004500020;3004500031;3004500032;3004500039;3004500040;3004500050;3004500061;3004500069;3004500070;3004900011;3004900012;3004900019;3004900020;3004900031;3004900032;3004900033;3004900034;3004900035;3004900036;3004900039;3004900041;3004900042;3004900043;3004900049;3004900050;3004900061;3004900069;3004900071;3004900072;3004900073;3004900074;3004900075;3004900076;3004900077;3004900078;3004900079;3004900081;3004900089;3005100010;3005100091;3005100099;3005900010;3005900020;3005900030;3005900040;3005900050;3005900060;3005900090;3006200010;3006200020;3006200090;3006300010;3006300020;3006300090;3006400010;3006400020;3006400030;3006400090,
no,declared,342,3004909991,1,1,198801,imports,3004,300490,199712,199801,4778034.00,"Anaesthetic, for veterinary use, in dosage",yes,no,,no,no,same_subheading,38,38,120,245,245,148,245,3004900011;3004900012;3004900019;3004900020;3004900031;3004900032;3004900033;3004900034;3004900035;3004900036;3004900039;3004900041;3004900042;3004900043;3004900049;3004900050;3004900061;3004900069;3004900071;3004900072;3004900073;3004900074;3004900075;3004900076;3004900077;3004900078;3004900079;3004900081;3004900089,106,0,3004900011;3004900012;3004900019;3004900020;3004900021;3004900022;3004900023;3004900024;3004900025;3004900026;3004900027;3004900029;3004900031;3004900032;3004900033;3004900034;3004900035;3004900036;3004900039;3004900041;3004900042;3004900043;3004900049;3004900050;3004900061;3004900069;3004900071;3004900072;3004900073;3004900074;3004900075;3004900076;3004900077;3004900078;3004900079;3004900081;3004900089;3004900090,3001100010;3001100090;3001200000;3001900010;3001900020;3001900090;3002100010;3002100021;3002100022;3002100023;3002100029;3002100030;3002100041;3002100042;3002100049;3002100051;3002100059;3002100060;3002100090;3002110000;3002120011;3002120012;3002120013;3002120019;3002120021;3002120029;3002130000;3002140000;3002150000;3002190000;3002200010;3002200020;3002200030;3002200090;3002300010;3002300090;3002410010;3002410090;3002420010;3002420090;3002490010;3002490020;3002490090;3002510000;3002590000;3002900010;3002900011;3002900012;3002900019;3002900020;3002900030;3002900040;3002900050;3002900090;3002900091;3002900092;3002900093;3002900099;3003100000;3003200000;3003310000;3003310010;3003310090;3003390000;3003390010;3003390090;3003400000;3003410000;3003420000;3003430000;3003490000;3003600000;3003900010;3003900020;3003900030;3003900090;3003900091;3003900099;3004100010;3004100011;3004100012;3004100013;3004100019;3004100020;3004100031;3004100032;3004100090;3004200010;3004200011;3004200012;3004200013;3004200018;3004200019;3004200020;3004200031;3004200039;3004200041;3004200049;3004200051;3004200059;3004200061;3004200062;3004200063;3004200069;3004200071;3004200079;3004200080;3004200090;3004310000;3004310010;3004310090;3004320000;3004320010;3004320011;3004320019;3004320020;3004320081;3004320082;3004320089;3004320090;3004390010;3004390011;3004390012;3004390013;3004390019;3004390081;3004390082;3004390083;3004390084;3004390085;3004390090;3004400010;3004400020;3004400030;3004400040;3004400050;3004400080;3004400090;3004410000;3004420000;3004430000;3004490010;3004490090;3004500010;3004500011;3004500012;3004500013;3004500014;3004500019;3004500020;3004500031;3004500032;3004500039;3004500040;3004500050;3004500061;3004500069;3004500070;3004500090;3004600000;3005100010;3005100091;3005100099;3005900010;3005900020;3005900030;3005900040;3005900050;3005900060;3005900090;3006100010;3006100090;3006200010;3006200020;3006200090;3006300010;3006300020;3006300090;3006400010;3006400020;3006400030;3006400090;3006500000;3006600000;3006600010;3006600011;3006600019;3006600090;3006701000;3006709000;3006801100;3006801900;3006809010;3006809020;3006809030;3006809041;3006809042;3006809043;3006809050;3006809060;3006910000;3006920000;3006931000;3006932000;3006933000;3006934000;3006939000,3001900010;3001900020;3001900090;3002100010;3002100021;3002100022;3002100023;3002100029;3002100030;3002100041;3002100042;3002100049;3002100051;3002100059;3002300010;3002300090;3002900011;3002900019;3002900020;3002900091;3002900092;3002900099;3003310090;3003390010;3003390090;3003400000;3003900010;3003900020;3003900091;3003900099;3004310010;3004310090;3004320081;3004320089;3004320090;3004390010;3004390081;3004390083;3004390084;3004390085;3004390090;3004400010;3004400020;3004400030;3004400040;3004400080;3004400090;3004500010;3004500020;3004500031;3004500032;3004500039;3004500040;3004500050;3004500061;3004500069;3004500070;3004900011;3004900012;3004900019;3004900020;3004900031;3004900032;3004900033;3004900034;3004900035;3004900036;3004900039;3004900041;3004900042;3004900043;3004900049;3004900050;3004900061;3004900069;3004900071;3004900072;3004900073;3004900074;3004900075;3004900076;3004900077;3004900078;3004900079;3004900081;3004900089;3005100010;3005100091;3005100099;3005900010;3005900020;3005900030;3005900040;3005900050;3005900060;3005900090;3006200010;3006200020;3006200090;3006300010;3006300020;3006300090;3006400010;3006400020;3006400030;3006400090,
no,declared,420,3004909992,1,1,198801,imports,3004,300490,199106,199107,69111.00,"Coccidiostats, in dosage",yes,no,,no,no,same_subheading,67,67,188,374,374,159,374,3004901010;3004901020;3004901090;3004909100;3004909911;3004909912;3004909913;3004909914;3004909915;3004909916;3004909919;3004909921;3004909922;3004909923;3004909929;3004909930;3004909941;3004909949;3004909950;3004909960;3004909971;3004909979;3004909981;3004909982;3004909983;3004909984;3004909989;3004909991;3004909999,0,0,3004900011;3004900012;3004900019;3004900020;3004900021;3004900022;3004900023;3004900024;3004900025;3004900026;3004900027;3004900029;3004900031;3004900032;3004900033;3004900034;3004900035;3004900036;3004900039;3004900041;3004900042;3004900043;3004900049;3004900050;3004900061;3004900069;3004900071;3004900072;3004900073;3004900074;3004900075;3004900076;3004900077;3004900078;3004900079;3004900081;3004900089;3004900090;3004901010;3004901020;3004901090;3004909100;3004909911;3004909912;3004909913;3004909914;3004909915;3004909916;3004909919;3004909921;3004909922;3004909923;3004909929;3004909930;3004909941;3004909949;3004909950;3004909960;3004909971;3004909979;3004909981;3004909982;3004909983;3004909984;3004909989;3004909991;3004909999,3001100010;3001100090;3001200000;3001900010;3001900020;3001900090;3001901000;3001902000;3001909000;3002100010;3002100021;3002100022;3002100023;3002100029;3002100030;3002100041;3002100042;3002100049;3002100051;3002100059;3002100060;3002100090;3002101010;3002101021;3002101022;3002101023;3002101029;3002101090;3002102110;3002102120;3002102190;3002102910;3002102990;3002110000;3002120011;3002120012;3002120013;3002120019;3002120021;3002120029;3002130000;3002140000;3002150000;3002190000;3002200010;3002200020;3002200030;3002200090;3002300010;3002300090;3002301000;3002309000;3002310000;3002391000;3002399000;3002410010;3002410090;3002420010;3002420090;3002490010;3002490020;3002490090;3002510000;3002590000;3002900010;3002900011;3002900012;3002900019;3002900020;3002900030;3002900040;3002900050;3002900090;3002900091;3002900092;3002900093;3002900099;3002901010;3002901011;3002901019;3002901020;3002901030;3002901040;3002909010;3002909020;3002909030;3002909090;3003100000;3003200000;3003310000;3003310010;3003310090;3003311000;3003319900;3003390000;3003390010;3003390090;3003391000;3003399100;3003399900;3003400000;3003401000;3003409000;3003410000;3003420000;3003430000;3003490000;3003600000;3003900010;3003900020;3003900030;3003900090;3003900091;3003900099;3003901000;3003909100;3003909900;3003909910;3003909990;3004100010;3004100011;3004100012;3004100013;3004100014;3004100019;3004100020;3004100031;3004100032;3004100090;3004200010;3004200011;3004200012;3004200013;3004200018;3004200019;3004200020;3004200031;3004200039;3004200041;3004200049;3004200051;3004200052;3004200059;3004200061;3004200062;3004200063;3004200064;3004200069;3004200071;3004200079;3004200080;3004200090;3004310000;3004310010;3004310090;3004311000;3004319900;3004320000;3004320010;3004320011;3004320019;3004320020;3004320081;3004320082;3004320089;3004320090;3004321000;3004329011;3004329012;3004329019;3004329020;3004390010;3004390011;3004390012;3004390013;3004390019;3004390081;3004390082;3004390083;3004390084;3004390085;3004390090;3004391000;3004399100;3004399910;3004399920;3004399930;3004399940;3004399950;3004399960;3004400010;3004400020;3004400030;3004400040;3004400050;3004400080;3004400090;3004401000;3004409011;3004409019;3004409020;3004409030;3004409040;3004409050;3004409060;3004409070;3004409080;3004409090;3004410000;3004420000;3004430000;3004490010;3004490090;3004500010;3004500011;3004500012;3004500013;3004500014;3004500019;3004500020;3004500031;3004500032;3004500039;3004500040;3004500050;3004500061;3004500069;3004500070;3004500090;3004501000;3004509100;3004509911;3004509912;3004509919;3004509920;3004509930;3004509941;3004509949;3004509950;3004600000;3005100010;3005100091;3005100099;3005101000;3005109100;3005109900;3005900010;3005900020;3005900030;3005900040;3005900050;3005900060;3005900090;3005901000;3005902000;3005903000;3005909100;3005909200;3005909300;3005909900;3006100010;3006100090;3006200010;3006200020;3006200090;3006201000;3006202000;3006209000;3006300010;3006300020;3006300090;3006301000;3006309100;3006309900;3006400010;3006400020;3006400030;3006400090;3006401010;3006401020;3006402000;3006409000;3006500000;3006600000;3006600010;3006600011;3006600019;3006600090;3006701000;3006709000;3006801100;3006801900;3006809010;3006809020;3006809030;3006809041;3006809042;3006809043;3006809050;3006809060;3006910000;3006920000;3006931000;3006932000;3006933000;3006934000;3006939000,,
no,declared,420,3004909993,1,1,198803,imports,3004,300490,199106,199107,161155.00,"Tranquilizers, for veterinary use, in dosage",yes,no,,no,no,same_subheading,67,67,188,374,374,159,374,3004901010;3004901020;3004901090;3004909100;3004909911;3004909912;3004909913;3004909914;3004909915;3004909916;3004909919;3004909921;3004909922;3004909923;3004909929;3004909930;3004909941;3004909949;3004909950;3004909960;3004909971;3004909979;3004909981;3004909982;3004909983;3004909984;3004909989;3004909991;3004909999,0,0,3004900011;3004900012;3004900019;3004900020;3004900021;3004900022;3004900023;3004900024;3004900025;3004900026;3004900027;3004900029;3004900031;3004900032;3004900033;3004900034;3004900035;3004900036;3004900039;3004900041;3004900042;3004900043;3004900049;3004900050;3004900061;3004900069;3004900071;3004900072;3004900073;3004900074;3004900075;3004900076;3004900077;3004900078;3004900079;3004900081;3004900089;3004900090;3004901010;3004901020;3004901090;3004909100;3004909911;3004909912;3004909913;3004909914;3004909915;3004909916;3004909919;3004909921;3004909922;3004909923;3004909929;3004909930;3004909941;3004909949;3004909950;3004909960;3004909971;3004909979;3004909981;3004909982;3004909983;3004909984;3004909989;3004909991;3004909999,3001100010;3001100090;3001200000;3001900010;3001900020;3001900090;3001901000;3001902000;3001909000;3002100010;3002100021;3002100022;3002100023;3002100029;3002100030;3002100041;3002100042;3002100049;3002100051;3002100059;3002100060;3002100090;3002101010;3002101021;3002101022;3002101023;3002101029;3002101090;3002102110;3002102120;3002102190;3002102910;3002102990;3002110000;3002120011;3002120012;3002120013;3002120019;3002120021;3002120029;3002130000;3002140000;3002150000;3002190000;3002200010;3002200020;3002200030;3002200090;3002300010;3002300090;3002301000;3002309000;3002310000;3002391000;3002399000;3002410010;3002410090;3002420010;3002420090;3002490010;3002490020;3002490090;3002510000;3002590000;3002900010;3002900011;3002900012;3002900019;3002900020;3002900030;3002900040;3002900050;3002900090;3002900091;3002900092;3002900093;3002900099;3002901010;3002901011;3002901019;3002901020;3002901030;3002901040;3002909010;3002909020;3002909030;3002909090;3003100000;3003200000;3003310000;3003310010;3003310090;3003311000;3003319900;3003390000;3003390010;3003390090;3003391000;3003399100;3003399900;3003400000;3003401000;3003409000;3003410000;3003420000;3003430000;3003490000;3003600000;3003900010;3003900020;3003900030;3003900090;3003900091;3003900099;3003901000;3003909100;3003909900;3003909910;3003909990;3004100010;3004100011;3004100012;3004100013;3004100014;3004100019;3004100020;3004100031;3004100032;3004100090;3004200010;3004200011;3004200012;3004200013;3004200018;3004200019;3004200020;3004200031;3004200039;3004200041;3004200049;3004200051;3004200052;3004200059;3004200061;3004200062;3004200063;3004200064;3004200069;3004200071;3004200079;3004200080;3004200090;3004310000;3004310010;3004310090;3004311000;3004319900;3004320000;3004320010;3004320011;3004320019;3004320020;3004320081;3004320082;3004320089;3004320090;3004321000;3004329011;3004329012;3004329019;3004329020;3004390010;3004390011;3004390012;3004390013;3004390019;3004390081;3004390082;3004390083;3004390084;3004390085;3004390090;3004391000;3004399100;3004399910;3004399920;3004399930;3004399940;3004399950;3004399960;3004400010;3004400020;3004400030;3004400040;3004400050;3004400080;3004400090;3004401000;3004409011;3004409019;3004409020;3004409030;3004409040;3004409050;3004409060;3004409070;3004409080;3004409090;3004410000;3004420000;3004430000;3004490010;3004490090;3004500010;3004500011;3004500012;3004500013;3004500014;3004500019;3004500020;3004500031;3004500032;3004500039;3004500040;3004500050;3004500061;3004500069;3004500070;3004500090;3004501000;3004509100;3004509911;3004509912;3004509919;3004509920;3004509930;3004509941;3004509949;3004509950;3004600000;3005100010;3005100091;3005100099;3005101000;3005109100;3005109900;3005900010;3005900020;3005900030;3005900040;3005900050;3005900060;3005900090;3005901000;3005902000;3005903000;3005909100;3005909200;3005909300;3005909900;3006100010;3006100090;3006200010;3006200020;3006200090;3006201000;3006202000;3006209000;3006300010;3006300020;3006300090;3006301000;3006309100;3006309900;3006400010;3006400020;3006400030;3006400090;3006401010;3006401020;3006402000;3006409000;3006500000;3006600000;3006600010;3006600011;3006600019;3006600090;3006701000;3006709000;3006801100;3006801900;3006809010;3006809020;3006809030;3006809041;3006809042;3006809043;3006809050;3006809060;3006910000;3006920000;3006931000;3006932000;3006933000;3006934000;3006939000,,
no,declared,342,3004909999,1,1,198801,imports,3004,300490,199712,199801,393958224.00,"Medicaments nes, for veterinary use, in dosage",yes,no,,no,no,same_subheading,38,38,120,245,245,148,245,3004900011;3004900012;3004900019;3004900020;3004900031;3004900032;3004900033;3004900034;3004900035;3004900036;3004900039;3004900041;3004900042;3004900043;3004900049;3004900050;3004900061;3004900069;3004900071;3004900072;3004900073;3004900074;3004900075;3004900076;3004900077;3004900078;3004900079;3004900081;3004900089,106,0,3004900011;3004900012;3004900019;3004900020;3004900021;3004900022;3004900023;3004900024;3004900025;3004900026;3004900027;3004900029;3004900031;3004900032;3004900033;3004900034;3004900035;3004900036;3004900039;3004900041;3004900042;3004900043;3004900049;3004900050;3004900061;3004900069;3004900071;3004900072;3004900073;3004900074;3004900075;3004900076;3004900077;3004900078;3004900079;3004900081;3004900089;3004900090,3001100010;3001100090;3001200000;3001900010;3001900020;3001900090;3002100010;3002100021;3002100022;3002100023;3002100029;3002100030;3002100041;3002100042;3002100049;3002100051;3002100059;3002100060;3002100090;3002110000;3002120011;3002120012;3002120013;3002120019;3002120021;3002120029;3002130000;3002140000;3002150000;3002190000;3002200010;3002200020;3002200030;3002200090;3002300010;3002300090;3002410010;3002410090;3002420010;3002420090;3002490010;3002490020;3002490090;3002510000;3002590000;3002900010;3002900011;3002900012;3002900019;3002900020;3002900030;3002900040;3002900050;3002900090;3002900091;3002900092;3002900093;3002900099;3003100000;3003200000;3003310000;3003310010;3003310090;3003390000;3003390010;3003390090;3003400000;3003410000;3003420000;3003430000;3003490000;3003600000;3003900010;3003900020;3003900030;3003900090;3003900091;3003900099;3004100010;3004100011;3004100012;3004100013;3004100019;3004100020;3004100031;3004100032;3004100090;3004200010;3004200011;3004200012;3004200013;3004200018;3004200019;3004200020;3004200031;3004200039;3004200041;3004200049;3004200051;3004200059;3004200061;3004200062;3004200063;3004200069;3004200071;3004200079;3004200080;3004200090;3004310000;3004310010;3004310090;3004320000;3004320010;3004320011;3004320019;3004320020;3004320081;3004320082;3004320089;3004320090;3004390010;3004390011;3004390012;3004390013;3004390019;3004390081;3004390082;3004390083;3004390084;3004390085;3004390090;3004400010;3004400020;3004400030;3004400040;3004400050;3004400080;3004400090;3004410000;3004420000;3004430000;3004490010;3004490090;3004500010;3004500011;3004500012;3004500013;3004500014;3004500019;3004500020;3004500031;3004500032;3004500039;3004500040;3004500050;3004500061;3004500069;3004500070;3004500090;3004600000;3005100010;3005100091;3005100099;3005900010;3005900020;3005900030;3005900040;3005900050;3005900060;3005900090;3006100010;3006100090;3006200010;3006200020;3006200090;3006300010;3006300020;3006300090;3006400010;3006400020;3006400030;3006400090;3006500000;3006600000;3006600010;3006600011;3006600019;3006600090;3006701000;3006709000;3006801100;3006801900;3006809010;3006809020;3006809030;3006809041;3006809042;3006809043;3006809050;3006809060;3006910000;3006920000;3006931000;3006932000;3006933000;3006934000;3006939000,3001900010;3001900020;3001900090;3002100010;3002100021;3002100022;3002100023;3002100029;3002100030;3002100041;3002100042;3002100049;3002100051;3002100059;3002300010;3002300090;3002900011;3002900019;3002900020;3002900091;3002900092;3002900099;3003310090;3003390010;3003390090;3003400000;3003900010;3003900020;3003900091;3003900099;3004310010;3004310090;3004320081;3004320089;3004320090;3004390010;3004390081;3004390083;3004390084;3004390085;3004390090;3004400010;3004400020;3004400030;3004400040;3004400080;3004400090;3004500010;3004500020;3004500031;3004500032;3004500039;3004500040;3004500050;3004500061;3004500069;3004500070;3004900011;3004900012;3004900019;3004900020;3004900031;3004900032;3004900033;3004900034;3004900035;3004900036;3004900039;3004900041;3004900042;3004900043;3004900049;3004900050;3004900061;3004900069;3004900071;3004900072;3004900073;3004900074;3004900075;3004900076;3004900077;3004900078;3004900079;3004900081;3004900089;3005100010;3005100091;3005100099;3005900010;3005900020;3005900030;3005900040;3005900050;3005900060;3005900090;3006200010;3006200020;3006200090;3006300010;3006300020;3006300090;3006400010;3006400020;3006400030;3006400090,
no,declared,342,3005101000,1,1,198801,imports,3005,300510,199712,199801,64532479.00,"Dressings & sim articles having an adhesive layer, coated/impreg w pharm subs",yes,no,,no,no,same_subheading,3,3,10,245,245,148,245,3005100010;3005100091;3005100099,106,0,3005100010;3005100091;3005100099,3001100010;3001100090;3001200000;3001900010;3001900020;3001900090;3002100010;3002100021;3002100022;3002100023;3002100029;3002100030;3002100041;3002100042;3002100049;3002100051;3002100059;3002100060;3002100090;3002110000;3002120011;3002120012;3002120013;3002120019;3002120021;3002120029;3002130000;3002140000;3002150000;3002190000;3002200010;3002200020;3002200030;3002200090;3002300010;3002300090;3002410010;3002410090;3002420010;3002420090;3002490010;3002490020;3002490090;3002510000;3002590000;3002900010;3002900011;3002900012;3002900019;3002900020;3002900030;3002900040;3002900050;3002900090;3002900091;3002900092;3002900093;3002900099;3003100000;3003200000;3003310000;3003310010;3003310090;3003390000;3003390010;3003390090;3003400000;3003410000;3003420000;3003430000;3003490000;3003600000;3003900010;3003900020;3003900030;3003900090;3003900091;3003900099;3004100010;3004100011;3004100012;3004100013;3004100019;3004100020;3004100031;3004100032;3004100090;3004200010;3004200011;3004200012;3004200013;3004200018;3004200019;3004200020;3004200031;3004200039;3004200041;3004200049;3004200051;3004200059;3004200061;3004200062;3004200063;3004200069;3004200071;3004200079;3004200080;3004200090;3004310000;3004310010;3004310090;3004320000;3004320010;3004320011;3004320019;3004320020;3004320081;3004320082;3004320089;3004320090;3004390010;3004390011;3004390012;3004390013;3004390019;3004390081;3004390082;3004390083;3004390084;3004390085;3004390090;3004400010;3004400020;3004400030;3004400040;3004400050;3004400080;3004400090;3004410000;3004420000;3004430000;3004490010;3004490090;3004500010;3004500011;3004500012;3004500013;3004500014;3004500019;3004500020;3004500031;3004500032;3004500039;3004500040;3004500050;3004500061;3004500069;3004500070;3004500090;3004600000;3004900011;3004900012;3004900019;3004900020;3004900021;3004900022;3004900023;3004900024;3004900025;3004900026;3004900027;3004900029;3004900031;3004900032;3004900033;3004900034;3004900035;3004900036;3004900039;3004900041;3004900042;3004900043;3004900049;3004900050;3004900061;3004900069;3004900071;3004900072;3004900073;3004900074;3004900075;3004900076;3004900077;3004900078;3004900079;3004900081;3004900089;3004900090;3005900010;3005900020;3005900030;3005900040;3005900050;3005900060;3005900090;3006100010;3006100090;3006200010;3006200020;3006200090;3006300010;3006300020;3006300090;3006400010;3006400020;3006400030;3006400090;3006500000;3006600000;3006600010;3006600011;3006600019;3006600090;3006701000;3006709000;3006801100;3006801900;3006809010;3006809020;3006809030;3006809041;3006809042;3006809043;3006809050;3006809060;3006910000;3006920000;3006931000;3006932000;3006933000;3006934000;3006939000,3001900010;3001900020;3001900090;3002100010;3002100021;3002100022;3002100023;3002100029;3002100030;3002100041;3002100042;3002100049;3002100051;3002100059;3002300010;3002300090;3002900011;3002900019;3002900020;3002900091;3002900092;3002900099;3003310090;3003390010;3003390090;3003400000;3003900010;3003900020;3003900091;3003900099;3004310010;3004310090;3004320081;3004320089;3004320090;3004390010;3004390081;3004390083;3004390084;3004390085;3004390090;3004400010;3004400020;3004400030;3004400040;3004400080;3004400090;3004500010;3004500020;3004500031;3004500032;3004500039;3004500040;3004500050;3004500061;3004500069;3004500070;3004900011;3004900012;3004900019;3004900020;3004900031;3004900032;3004900033;3004900034;3004900035;3004900036;3004900039;3004900041;3004900042;3004900043;3004900049;3004900050;3004900061;3004900069;3004900071;3004900072;3004900073;3004900074;3004900075;3004900076;3004900077;3004900078;3004900079;3004900081;3004900089;3005100010;3005100091;3005100099;3005900010;3005900020;3005900030;3005900040;3005900050;3005900060;3005900090;3006200010;3006200020;3006200090;3006300010;3006300020;3006300090;3006400010;3006400020;3006400030;3006400090,
no,declared,342,3005109100,1,1,198801,imports,3005,300510,199712,199801,85056257.00,"Adhesive dressings, nes, packaged for retail sale",yes,no,,no,no,same_subheading,3,3,10,245,245,148,245,3005100010;3005100091;3005100099,106,0,3005100010;3005100091;3005100099,3001100010;3001100090;3001200000;3001900010;3001900020;3001900090;3002100010;3002100021;3002100022;3002100023;3002100029;3002100030;3002100041;3002100042;3002100049;3002100051;3002100059;3002100060;3002100090;3002110000;3002120011;3002120012;3002120013;3002120019;3002120021;3002120029;3002130000;3002140000;3002150000;3002190000;3002200010;3002200020;3002200030;3002200090;3002300010;3002300090;3002410010;3002410090;3002420010;3002420090;3002490010;3002490020;3002490090;3002510000;3002590000;3002900010;3002900011;3002900012;3002900019;3002900020;3002900030;3002900040;3002900050;3002900090;3002900091;3002900092;3002900093;3002900099;3003100000;3003200000;3003310000;3003310010;3003310090;3003390000;3003390010;3003390090;3003400000;3003410000;3003420000;3003430000;3003490000;3003600000;3003900010;3003900020;3003900030;3003900090;3003900091;3003900099;3004100010;3004100011;3004100012;3004100013;3004100019;3004100020;3004100031;3004100032;3004100090;3004200010;3004200011;3004200012;3004200013;3004200018;3004200019;3004200020;3004200031;3004200039;3004200041;3004200049;3004200051;3004200059;3004200061;3004200062;3004200063;3004200069;3004200071;3004200079;3004200080;3004200090;3004310000;3004310010;3004310090;3004320000;3004320010;3004320011;3004320019;3004320020;3004320081;3004320082;3004320089;3004320090;3004390010;3004390011;3004390012;3004390013;3004390019;3004390081;3004390082;3004390083;3004390084;3004390085;3004390090;3004400010;3004400020;3004400030;3004400040;3004400050;3004400080;3004400090;3004410000;3004420000;3004430000;3004490010;3004490090;3004500010;3004500011;3004500012;3004500013;3004500014;3004500019;3004500020;3004500031;3004500032;3004500039;3004500040;3004500050;3004500061;3004500069;3004500070;3004500090;3004600000;3004900011;3004900012;3004900019;3004900020;3004900021;3004900022;3004900023;3004900024;3004900025;3004900026;3004900027;3004900029;3004900031;3004900032;3004900033;3004900034;3004900035;3004900036;3004900039;3004900041;3004900042;3004900043;3004900049;3004900050;3004900061;3004900069;3004900071;3004900072;3004900073;3004900074;3004900075;3004900076;3004900077;3004900078;3004900079;3004900081;3004900089;3004900090;3005900010;3005900020;3005900030;3005900040;3005900050;3005900060;3005900090;3006100010;3006100090;3006200010;3006200020;3006200090;3006300010;3006300020;3006300090;3006400010;3006400020;3006400030;3006400090;3006500000;3006600000;3006600010;3006600011;3006600019;3006600090;3006701000;3006709000;3006801100;3006801900;3006809010;3006809020;3006809030;3006809041;3006809042;3006809043;3006809050;3006809060;3006910000;3006920000;3006931000;3006932000;3006933000;3006934000;3006939000,3001900010;3001900020;3001900090;3002100010;3002100021;3002100022;3002100023;3002100029;3002100030;3002100041;3002100042;3002100049;3002100051;3002100059;3002300010;3002300090;3002900011;3002900019;3002900020;3002900091;3002900092;3002900099;3003310090;3003390010;3003390090;3003400000;3003900010;3003900020;3003900091;3003900099;3004310010;3004310090;3004320081;3004320089;3004320090;3004390010;3004390081;3004390083;3004390084;3004390085;3004390090;3004400010;3004400020;3004400030;3004400040;3004400080;3004400090;3004500010;3004500020;3004500031;3004500032;3004500039;3004500040;3004500050;3004500061;3004500069;3004500070;3004900011;3004900012;3004900019;3004900020;3004900031;3004900032;3004900033;3004900034;3004900035;3004900036;3004900039;3004900041;3004900042;3004900043;3004900049;3004900050;3004900061;3004900069;3004900071;3004900072;3004900073;3004900074;3004900075;3004900076;3004900077;3004900078;3004900079;3004900081;3004900089;3005100010;3005100091;3005100099;3005900010;3005900020;3005900030;3005900040;3005900050;3005900060;3005900090;3006200010;3006200020;3006200090;3006300010;3006300020;3006300090;3006400010;3006400020;3006400030;3006400090,
no,declared,342,3005109900,1,1,198801,imports,3005,300510,199712,199801,9717032.00,"Wadding, gauze, bandages & sim articles, nes, with adhesive layer, pack ret sale",yes,no,,no,no,same_subheading,3,3,10,245,245,148,245,3005100010;3005100091;3005100099,106,0,3005100010;3005100091;3005100099,3001100010;3001100090;3001200000;3001900010;3001900020;3001900090;3002100010;3002100021;3002100022;3002100023;3002100029;3002100030;3002100041;3002100042;3002100049;3002100051;3002100059;3002100060;3002100090;3002110000;3002120011;3002120012;3002120013;3002120019;3002120021;3002120029;3002130000;3002140000;3002150000;3002190000;3002200010;3002200020;3002200030;3002200090;3002300010;3002300090;3002410010;3002410090;3002420010;3002420090;3002490010;3002490020;3002490090;3002510000;3002590000;3002900010;3002900011;3002900012;3002900019;3002900020;3002900030;3002900040;3002900050;3002900090;3002900091;3002900092;3002900093;3002900099;3003100000;3003200000;3003310000;3003310010;3003310090;3003390000;3003390010;3003390090;3003400000;3003410000;3003420000;3003430000;3003490000;3003600000;3003900010;3003900020;3003900030;3003900090;3003900091;3003900099;3004100010;3004100011;3004100012;3004100013;3004100019;3004100020;3004100031;3004100032;3004100090;3004200010;3004200011;3004200012;3004200013;3004200018;3004200019;3004200020;3004200031;3004200039;3004200041;3004200049;3004200051;3004200059;3004200061;3004200062;3004200063;3004200069;3004200071;3004200079;3004200080;3004200090;3004310000;3004310010;3004310090;3004320000;3004320010;3004320011;3004320019;3004320020;3004320081;3004320082;3004320089;3004320090;3004390010;3004390011;3004390012;3004390013;3004390019;3004390081;3004390082;3004390083;3004390084;3004390085;3004390090;3004400010;3004400020;3004400030;3004400040;3004400050;3004400080;3004400090;3004410000;3004420000;3004430000;3004490010;3004490090;3004500010;3004500011;3004500012;3004500013;3004500014;3004500019;3004500020;3004500031;3004500032;3004500039;3004500040;3004500050;3004500061;3004500069;3004500070;3004500090;3004600000;3004900011;3004900012;3004900019;3004900020;3004900021;3004900022;3004900023;3004900024;3004900025;3004900026;3004900027;3004900029;3004900031;3004900032;3004900033;3004900034;3004900035;3004900036;3004900039;3004900041;3004900042;3004900043;3004900049;3004900050;3004900061;3004900069;3004900071;3004900072;3004900073;3004900074;3004900075;3004900076;3004900077;3004900078;3004900079;3004900081;3004900089;3004900090;3005900010;3005900020;3005900030;3005900040;3005900050;3005900060;3005900090;3006100010;3006100090;3006200010;3006200020;3006200090;3006300010;3006300020;3006300090;3006400010;3006400020;3006400030;3006400090;3006500000;3006600000;3006600010;3006600011;3006600019;3006600090;3006701000;3006709000;3006801100;3006801900;3006809010;3006809020;3006809030;3006809041;3006809042;3006809043;3006809050;3006809060;3006910000;3006920000;3006931000;3006932000;3006933000;3006934000;3006939000,3001900010;3001900020;3001900090;3002100010;3002100021;3002100022;3002100023;3002100029;3002100030;3002100041;3002100042;3002100049;3002100051;3002100059;3002300010;3002300090;3002900011;3002900019;3002900020;3002900091;3002900092;3002900099;3003310090;3003390010;3003390090;3003400000;3003900010;3003900020;3003900091;3003900099;3004310010;3004310090;3004320081;3004320089;3004320090;3004390010;3004390081;3004390083;3004390084;3004390085;3004390090;3004400010;3004400020;3004400030;3004400040;3004400080;3004400090;3004500010;3004500020;3004500031;3004500032;3004500039;3004500040;3004500050;3004500061;3004500069;3004500070;3004900011;3004900012;3004900019;3004900020;3004900031;3004900032;3004900033;3004900034;3004900035;3004900036;3004900039;3004900041;3004900042;3004900043;3004900049;3004900050;3004900061;3004900069;3004900071;3004900072;3004900073;3004900074;3004900075;3004900076;3004900077;3004900078;3004900079;3004900081;3004900089;3005100010;3005100091;3005100099;3005900010;3005900020;3005900030;3005900040;3005900050;3005900060;3005900090;3006200010;3006200020;3006200090;3006300010;3006300020;3006300090;3006400010;3006400020;3006400030;3006400090,
no,declared,174,3005900010,1,1,199801,imports,3005,300590,201112,201201,41610750.00,"Bandages & slabs of tex fab, coated w plaster;o art used for orthopaedic casts",yes,yes,2007->2012,yes,yes,same_subheading,4,4,7,158,158,109,158,3005900020;3005900030;3005900040;3005900090,28,0,3005900020;3005900030;3005900040;3005900090,3001200000;3001900010;3001900020;3001900090;3002100010;3002100021;3002100022;3002100023;3002100029;3002100030;3002100041;3002100042;3002100049;3002100051;3002100059;3002100090;3002110000;3002120011;3002120012;3002120013;3002120019;3002120021;3002120029;3002130000;3002140000;3002150000;3002190000;3002200010;3002200090;3002300010;3002300090;3002410010;3002410090;3002420010;3002420090;3002490010;3002490020;3002490090;3002510000;3002590000;3002900010;3002900011;3002900012;3002900019;3002900020;3002900030;3002900040;3002900050;3002900090;3002900091;3002900092;3002900093;3002900099;3003100000;3003200000;3003310000;3003390000;3003400000;3003410000;3003420000;3003430000;3003490000;3003600000;3003900030;3003900090;3004100010;3004100090;3004200011;3004200012;3004200013;3004200018;3004200019;3004200080;3004200090;3004310000;3004320000;3004390011;3004390012;3004390013;3004390019;3004390090;3004400030;3004400040;3004400090;3004410000;3004420000;3004430000;3004490010;3004490090;3004500011;3004500012;3004500013;3004500014;3004500019;3004500090;3004600000;3004900011;3004900012;3004900019;3004900021;3004900022;3004900023;3004900024;3004900025;3004900026;3004900027;3004900029;3004900031;3004900032;3004900033;3004900034;3004900035;3004900036;3004900039;3004900042;3004900043;3004900049;3004900050;3004900061;3004900069;3004900071;3004900072;3004900073;3004900074;3004900075;3004900076;3004900077;3004900078;3004900079;3004900090;3005100010;3005100091;3005100099;3006100010;3006100090;3006200020;3006200090;3006300010;3006300090;3006400010;3006400090;3006500000;3006600000;3006600010;3006600090;3006701000;3006709000;3006910000;3006920000;3006931000;3006932000;3006933000;3006934000;3006939000,3002100090;3003310000;3003390000;3003900030;3003900090;3004100010;3004100090;3004200011;3004200012;3004200013;3004200018;3004200019;3004200080;3004200090;3004310000;3004320000;3004390011;3004390012;3004390013;3004390019;3004500011;3004500012;3004500013;3004500014;3004500019;3004500090;3004900090;3006600010,
no,declared,174,3005900050,1,1,199801,imports,3005,300590,201112,201201,47297369.00,"Dressings and sim articles, of woven fabric solely of cotton, nes",yes,yes,2007->2012,yes,yes,same_subheading,4,4,7,158,158,109,158,3005900020;3005900030;3005900040;3005900090,28,0,3005900020;3005900030;3005900040;3005900090,3001200000;3001900010;3001900020;3001900090;3002100010;3002100021;3002100022;3002100023;3002100029;3002100030;3002100041;3002100042;3002100049;3002100051;3002100059;3002100090;3002110000;3002120011;3002120012;3002120013;3002120019;3002120021;3002120029;3002130000;3002140000;3002150000;3002190000;3002200010;3002200090;3002300010;3002300090;3002410010;3002410090;3002420010;3002420090;3002490010;3002490020;3002490090;3002510000;3002590000;3002900010;3002900011;3002900012;3002900019;3002900020;3002900030;3002900040;3002900050;3002900090;3002900091;3002900092;3002900093;3002900099;3003100000;3003200000;3003310000;3003390000;3003400000;3003410000;3003420000;3003430000;3003490000;3003600000;3003900030;3003900090;3004100010;3004100090;3004200011;3004200012;3004200013;3004200018;3004200019;3004200080;3004200090;3004310000;3004320000;3004390011;3004390012;3004390013;3004390019;3004390090;3004400030;3004400040;3004400090;3004410000;3004420000;3004430000;3004490010;3004490090;3004500011;3004500012;3004500013;3004500014;3004500019;3004500090;3004600000;3004900011;3004900012;3004900019;3004900021;3004900022;3004900023;3004900024;3004900025;3004900026;3004900027;3004900029;3004900031;3004900032;3004900033;3004900034;3004900035;3004900036;3004900039;3004900042;3004900043;3004900049;3004900050;3004900061;3004900069;3004900071;3004900072;3004900073;3004900074;3004900075;3004900076;3004900077;3004900078;3004900079;3004900090;3005100010;3005100091;3005100099;3006100010;3006100090;3006200020;3006200090;3006300010;3006300090;3006400010;3006400090;3006500000;3006600000;3006600010;3006600090;3006701000;3006709000;3006910000;3006920000;3006931000;3006932000;3006933000;3006934000;3006939000,3002100090;3003310000;3003390000;3003900030;3003900090;3004100010;3004100090;3004200011;3004200012;3004200013;3004200018;3004200019;3004200080;3004200090;3004310000;3004320000;3004390011;3004390012;3004390013;3004390019;3004500011;3004500012;3004500013;3004500014;3004500019;3004500090;3004900090;3006600010,
no,declared,174,3005900060,1,1,199801,imports,3005,300590,201112,201201,1670276.00,"Dressings and similar articles, of paper, nes",yes,yes,2007->2012,yes,yes,same_subheading,4,4,7,158,158,109,158,3005900020;3005900030;3005900040;3005900090,28,0,3005900020;3005900030;3005900040;3005900090,3001200000;3001900010;3001900020;3001900090;3002100010;3002100021;3002100022;3002100023;3002100029;3002100030;3002100041;3002100042;3002100049;3002100051;3002100059;3002100090;3002110000;3002120011;3002120012;3002120013;3002120019;3002120021;3002120029;3002130000;3002140000;3002150000;3002190000;3002200010;3002200090;3002300010;3002300090;3002410010;3002410090;3002420010;3002420090;3002490010;3002490020;3002490090;3002510000;3002590000;3002900010;3002900011;3002900012;3002900019;3002900020;3002900030;3002900040;3002900050;3002900090;3002900091;3002900092;3002900093;3002900099;3003100000;3003200000;3003310000;3003390000;3003400000;3003410000;3003420000;3003430000;3003490000;3003600000;3003900030;3003900090;3004100010;3004100090;3004200011;3004200012;3004200013;3004200018;3004200019;3004200080;3004200090;3004310000;3004320000;3004390011;3004390012;3004390013;3004390019;3004390090;3004400030;3004400040;3004400090;3004410000;3004420000;3004430000;3004490010;3004490090;3004500011;3004500012;3004500013;3004500014;3004500019;3004500090;3004600000;3004900011;3004900012;3004900019;3004900021;3004900022;3004900023;3004900024;3004900025;3004900026;3004900027;3004900029;3004900031;3004900032;3004900033;3004900034;3004900035;3004900036;3004900039;3004900042;3004900043;3004900049;3004900050;3004900061;3004900069;3004900071;3004900072;3004900073;3004900074;3004900075;3004900076;3004900077;3004900078;3004900079;3004900090;3005100010;3005100091;3005100099;3006100010;3006100090;3006200020;3006200090;3006300010;3006300090;3006400010;3006400090;3006500000;3006600000;3006600010;3006600090;3006701000;3006709000;3006910000;3006920000;3006931000;3006932000;3006933000;3006934000;3006939000,3002100090;3003310000;3003390000;3003900030;3003900090;3004100010;3004100090;3004200011;3004200012;3004200013;3004200018;3004200019;3004200080;3004200090;3004310000;3004320000;3004390011;3004390012;3004390013;3004390019;3004500011;3004500012;3004500013;3004500014;3004500019;3004500090;3004900090;3006600010,
no,declared,342,3005901000,1,1,198801,imports,3005,300590,199712,199801,10103909.00,Bandages & slabs of tex fab coated w plaster;o art used for orthopaedic casts,yes,no,,no,no,same_subheading,7,7,10,245,245,148,245,3005900010;3005900020;3005900030;3005900040;3005900050;3005900060;3005900090,106,0,3005900010;3005900020;3005900030;3005900040;3005900050;3005900060;3005900090,3001100010;3001100090;3001200000;3001900010;3001900020;3001900090;3002100010;3002100021;3002100022;3002100023;3002100029;3002100030;3002100041;3002100042;3002100049;3002100051;3002100059;3002100060;3002100090;3002110000;3002120011;3002120012;3002120013;3002120019;3002120021;3002120029;3002130000;3002140000;3002150000;3002190000;3002200010;3002200020;3002200030;3002200090;3002300010;3002300090;3002410010;3002410090;3002420010;3002420090;3002490010;3002490020;3002490090;3002510000;3002590000;3002900010;3002900011;3002900012;3002900019;3002900020;3002900030;3002900040;3002900050;3002900090;3002900091;3002900092;3002900093;3002900099;3003100000;3003200000;3003310000;3003310010;3003310090;3003390000;3003390010;3003390090;3003400000;3003410000;3003420000;3003430000;3003490000;3003600000;3003900010;3003900020;3003900030;3003900090;3003900091;3003900099;3004100010;3004100011;3004100012;3004100013;3004100019;3004100020;3004100031;3004100032;3004100090;3004200010;3004200011;3004200012;3004200013;3004200018;3004200019;3004200020;3004200031;3004200039;3004200041;3004200049;3004200051;3004200059;3004200061;3004200062;3004200063;3004200069;3004200071;3004200079;3004200080;3004200090;3004310000;3004310010;3004310090;3004320000;3004320010;3004320011;3004320019;3004320020;3004320081;3004320082;3004320089;3004320090;3004390010;3004390011;3004390012;3004390013;3004390019;3004390081;3004390082;3004390083;3004390084;3004390085;3004390090;3004400010;3004400020;3004400030;3004400040;3004400050;3004400080;3004400090;3004410000;3004420000;3004430000;3004490010;3004490090;3004500010;3004500011;3004500012;3004500013;3004500014;3004500019;3004500020;3004500031;3004500032;3004500039;3004500040;3004500050;3004500061;3004500069;3004500070;3004500090;3004600000;3004900011;3004900012;3004900019;3004900020;3004900021;3004900022;3004900023;3004900024;3004900025;3004900026;3004900027;3004900029;3004900031;3004900032;3004900033;3004900034;3004900035;3004900036;3004900039;3004900041;3004900042;3004900043;3004900049;3004900050;3004900061;3004900069;3004900071;3004900072;3004900073;3004900074;3004900075;3004900076;3004900077;3004900078;3004900079;3004900081;3004900089;3004900090;3005100010;3005100091;3005100099;3006100010;3006100090;3006200010;3006200020;3006200090;3006300010;3006300020;3006300090;3006400010;3006400020;3006400030;3006400090;3006500000;3006600000;3006600010;3006600011;3006600019;3006600090;3006701000;3006709000;3006801100;3006801900;3006809010;3006809020;3006809030;3006809041;3006809042;3006809043;3006809050;3006809060;3006910000;3006920000;3006931000;3006932000;3006933000;3006934000;3006939000,3001900010;3001900020;3001900090;3002100010;3002100021;3002100022;3002100023;3002100029;3002100030;3002100041;3002100042;3002100049;3002100051;3002100059;3002300010;3002300090;3002900011;3002900019;3002900020;3002900091;3002900092;3002900099;3003310090;3003390010;3003390090;3003400000;3003900010;3003900020;3003900091;3003900099;3004310010;3004310090;3004320081;3004320089;3004320090;3004390010;3004390081;3004390083;3004390084;3004390085;3004390090;3004400010;3004400020;3004400030;3004400040;3004400080;3004400090;3004500010;3004500020;3004500031;3004500032;3004500039;3004500040;3004500050;3004500061;3004500069;3004500070;3004900011;3004900012;3004900019;3004900020;3004900031;3004900032;3004900033;3004900034;3004900035;3004900036;3004900039;3004900041;3004900042;3004900043;3004900049;3004900050;3004900061;3004900069;3004900071;3004900072;3004900073;3004900074;3004900075;3004900076;3004900077;3004900078;3004900079;3004900081;3004900089;3005100010;3005100091;3005100099;3005900010;3005900020;3005900030;3005900040;3005900050;3005900060;3005900090;3006200010;3006200020;3006200090;3006300010;3006300020;3006300090;3006400010;3006400020;3006400030;3006400090,
no,declared,342,3005902000,1,1,198801,imports,3005,300590,199712,199801,35108734.00,"Dressings & sim articles coated or impreg w pharm substances, nes",yes,no,,no,no,same_subheading,7,7,10,245,245,148,245,3005900010;3005900020;3005900030;3005900040;3005900050;3005900060;3005900090,106,0,3005900010;3005900020;3005900030;3005900040;3005900050;3005900060;3005900090,3001100010;3001100090;3001200000;3001900010;3001900020;3001900090;3002100010;3002100021;3002100022;3002100023;3002100029;3002100030;3002100041;3002100042;3002100049;3002100051;3002100059;3002100060;3002100090;3002110000;3002120011;3002120012;3002120013;3002120019;3002120021;3002120029;3002130000;3002140000;3002150000;3002190000;3002200010;3002200020;3002200030;3002200090;3002300010;3002300090;3002410010;3002410090;3002420010;3002420090;3002490010;3002490020;3002490090;3002510000;3002590000;3002900010;3002900011;3002900012;3002900019;3002900020;3002900030;3002900040;3002900050;3002900090;3002900091;3002900092;3002900093;3002900099;3003100000;3003200000;3003310000;3003310010;3003310090;3003390000;3003390010;3003390090;3003400000;3003410000;3003420000;3003430000;3003490000;3003600000;3003900010;3003900020;3003900030;3003900090;3003900091;3003900099;3004100010;3004100011;3004100012;3004100013;3004100019;3004100020;3004100031;3004100032;3004100090;3004200010;3004200011;3004200012;3004200013;3004200018;3004200019;3004200020;3004200031;3004200039;3004200041;3004200049;3004200051;3004200059;3004200061;3004200062;3004200063;3004200069;3004200071;3004200079;3004200080;3004200090;3004310000;3004310010;3004310090;3004320000;3004320010;3004320011;3004320019;3004320020;3004320081;3004320082;3004320089;3004320090;3004390010;3004390011;3004390012;3004390013;3004390019;3004390081;3004390082;3004390083;3004390084;3004390085;3004390090;3004400010;3004400020;3004400030;3004400040;3004400050;3004400080;3004400090;3004410000;3004420000;3004430000;3004490010;3004490090;3004500010;3004500011;3004500012;3004500013;3004500014;3004500019;3004500020;3004500031;3004500032;3004500039;3004500040;3004500050;3004500061;3004500069;3004500070;3004500090;3004600000;3004900011;3004900012;3004900019;3004900020;3004900021;3004900022;3004900023;3004900024;3004900025;3004900026;3004900027;3004900029;3004900031;3004900032;3004900033;3004900034;3004900035;3004900036;3004900039;3004900041;3004900042;3004900043;3004900049;3004900050;3004900061;3004900069;3004900071;3004900072;3004900073;3004900074;3004900075;3004900076;3004900077;3004900078;3004900079;3004900081;3004900089;3004900090;3005100010;3005100091;3005100099;3006100010;3006100090;3006200010;3006200020;3006200090;3006300010;3006300020;3006300090;3006400010;3006400020;3006400030;3006400090;3006500000;3006600000;3006600010;3006600011;3006600019;3006600090;3006701000;3006709000;3006801100;3006801900;3006809010;3006809020;3006809030;3006809041;3006809042;3006809043;3006809050;3006809060;3006910000;3006920000;3006931000;3006932000;3006933000;3006934000;3006939000,3001900010;3001900020;3001900090;3002100010;3002100021;3002100022;3002100023;3002100029;3002100030;3002100041;3002100042;3002100049;3002100051;3002100059;3002300010;3002300090;3002900011;3002900019;3002900020;3002900091;3002900092;3002900099;3003310090;3003390010;3003390090;3003400000;3003900010;3003900020;3003900091;3003900099;3004310010;3004310090;3004320081;3004320089;3004320090;3004390010;3004390081;3004390083;3004390084;3004390085;3004390090;3004400010;3004400020;3004400030;3004400040;3004400080;3004400090;3004500010;3004500020;3004500031;3004500032;3004500039;3004500040;3004500050;3004500061;3004500069;3004500070;3004900011;3004900012;3004900019;3004900020;3004900031;3004900032;3004900033;3004900034;3004900035;3004900036;3004900039;3004900041;3004900042;3004900043;3004900049;3004900050;3004900061;3004900069;3004900071;3004900072;3004900073;3004900074;3004900075;3004900076;3004900077;3004900078;3004900079;3004900081;3004900089;3005100010;3005100091;3005100099;3005900010;3005900020;3005900030;3005900040;3005900050;3005900060;3005900090;3006200010;3006200020;3006200090;3006300010;3006300020;3006300090;3006400010;3006400020;3006400030;3006400090,
no,declared,342,3005903000,1,1,198801,imports,3005,300590,199712,199801,102059460.00,"Surgical dressings, not stitched or o/w mfd, not coated/impreg w pharm subs, nes",yes,no,,no,no,same_subheading,7,7,10,245,245,148,245,3005900010;3005900020;3005900030;3005900040;3005900050;3005900060;3005900090,106,0,3005900010;3005900020;3005900030;3005900040;3005900050;3005900060;3005900090,3001100010;3001100090;3001200000;3001900010;3001900020;3001900090;3002100010;3002100021;3002100022;3002100023;3002100029;3002100030;3002100041;3002100042;3002100049;3002100051;3002100059;3002100060;3002100090;3002110000;3002120011;3002120012;3002120013;3002120019;3002120021;3002120029;3002130000;3002140000;3002150000;3002190000;3002200010;3002200020;3002200030;3002200090;3002300010;3002300090;3002410010;3002410090;3002420010;3002420090;3002490010;3002490020;3002490090;3002510000;3002590000;3002900010;3002900011;3002900012;3002900019;3002900020;3002900030;3002900040;3002900050;3002900090;3002900091;3002900092;3002900093;3002900099;3003100000;3003200000;3003310000;3003310010;3003310090;3003390000;3003390010;3003390090;3003400000;3003410000;3003420000;3003430000;3003490000;3003600000;3003900010;3003900020;3003900030;3003900090;3003900091;3003900099;3004100010;3004100011;3004100012;3004100013;3004100019;3004100020;3004100031;3004100032;3004100090;3004200010;3004200011;3004200012;3004200013;3004200018;3004200019;3004200020;3004200031;3004200039;3004200041;3004200049;3004200051;3004200059;3004200061;3004200062;3004200063;3004200069;3004200071;3004200079;3004200080;3004200090;3004310000;3004310010;3004310090;3004320000;3004320010;3004320011;3004320019;3004320020;3004320081;3004320082;3004320089;3004320090;3004390010;3004390011;3004390012;3004390013;3004390019;3004390081;3004390082;3004390083;3004390084;3004390085;3004390090;3004400010;3004400020;3004400030;3004400040;3004400050;3004400080;3004400090;3004410000;3004420000;3004430000;3004490010;3004490090;3004500010;3004500011;3004500012;3004500013;3004500014;3004500019;3004500020;3004500031;3004500032;3004500039;3004500040;3004500050;3004500061;3004500069;3004500070;3004500090;3004600000;3004900011;3004900012;3004900019;3004900020;3004900021;3004900022;3004900023;3004900024;3004900025;3004900026;3004900027;3004900029;3004900031;3004900032;3004900033;3004900034;3004900035;3004900036;3004900039;3004900041;3004900042;3004900043;3004900049;3004900050;3004900061;3004900069;3004900071;3004900072;3004900073;3004900074;3004900075;3004900076;3004900077;3004900078;3004900079;3004900081;3004900089;3004900090;3005100010;3005100091;3005100099;3006100010;3006100090;3006200010;3006200020;3006200090;3006300010;3006300020;3006300090;3006400010;3006400020;3006400030;3006400090;3006500000;3006600000;3006600010;3006600011;3006600019;3006600090;3006701000;3006709000;3006801100;3006801900;3006809010;3006809020;3006809030;3006809041;3006809042;3006809043;3006809050;3006809060;3006910000;3006920000;3006931000;3006932000;3006933000;3006934000;3006939000,3001900010;3001900020;3001900090;3002100010;3002100021;3002100022;3002100023;3002100029;3002100030;3002100041;3002100042;3002100049;3002100051;3002100059;3002300010;3002300090;3002900011;3002900019;3002900020;3002900091;3002900092;3002900099;3003310090;3003390010;3003390090;3003400000;3003900010;3003900020;3003900091;3003900099;3004310010;3004310090;3004320081;3004320089;3004320090;3004390010;3004390081;3004390083;3004390084;3004390085;3004390090;3004400010;3004400020;3004400030;3004400040;3004400080;3004400090;3004500010;3004500020;3004500031;3004500032;3004500039;3004500040;3004500050;3004500061;3004500069;3004500070;3004900011;3004900012;3004900019;3004900020;3004900031;3004900032;3004900033;3004900034;3004900035;3004900036;3004900039;3004900041;3004900042;3004900043;3004900049;3004900050;3004900061;3004900069;3004900071;3004900072;3004900073;3004900074;3004900075;3004900076;3004900077;3004900078;3004900079;3004900081;3004900089;3005100010;3005100091;3005100099;3005900010;3005900020;3005900030;3005900040;3005900050;3005900060;3005900090;3006200010;3006200020;3006200090;3006300010;3006300020;3006300090;3006400010;3006400020;3006400030;3006400090,
no,declared,342,3005909100,1,1,198801,imports,3005,300590,199712,199801,21207608.00,"Dressings/sim art of woven fab o/t of cotton; of knit fab, n-wov or felts, nes",yes,no,,no,no,same_subheading,7,7,10,245,245,148,245,3005900010;3005900020;3005900030;3005900040;3005900050;3005900060;3005900090,106,0,3005900010;3005900020;3005900030;3005900040;3005900050;3005900060;3005900090,3001100010;3001100090;3001200000;3001900010;3001900020;3001900090;3002100010;3002100021;3002100022;3002100023;3002100029;3002100030;3002100041;3002100042;3002100049;3002100051;3002100059;3002100060;3002100090;3002110000;3002120011;3002120012;3002120013;3002120019;3002120021;3002120029;3002130000;3002140000;3002150000;3002190000;3002200010;3002200020;3002200030;3002200090;3002300010;3002300090;3002410010;3002410090;3002420010;3002420090;3002490010;3002490020;3002490090;3002510000;3002590000;3002900010;3002900011;3002900012;3002900019;3002900020;3002900030;3002900040;3002900050;3002900090;3002900091;3002900092;3002900093;3002900099;3003100000;3003200000;3003310000;3003310010;3003310090;3003390000;3003390010;3003390090;3003400000;3003410000;3003420000;3003430000;3003490000;3003600000;3003900010;3003900020;3003900030;3003900090;3003900091;3003900099;3004100010;3004100011;3004100012;3004100013;3004100019;3004100020;3004100031;3004100032;3004100090;3004200010;3004200011;3004200012;3004200013;3004200018;3004200019;3004200020;3004200031;3004200039;3004200041;3004200049;3004200051;3004200059;3004200061;3004200062;3004200063;3004200069;3004200071;3004200079;3004200080;3004200090;3004310000;3004310010;3004310090;3004320000;3004320010;3004320011;3004320019;3004320020;3004320081;3004320082;3004320089;3004320090;3004390010;3004390011;3004390012;3004390013;3004390019;3004390081;3004390082;3004390083;3004390084;3004390085;3004390090;3004400010;3004400020;3004400030;3004400040;3004400050;3004400080;3004400090;3004410000;3004420000;3004430000;3004490010;3004490090;3004500010;3004500011;3004500012;3004500013;3004500014;3004500019;3004500020;3004500031;3004500032;3004500039;3004500040;3004500050;3004500061;3004500069;3004500070;3004500090;3004600000;3004900011;3004900012;3004900019;3004900020;3004900021;3004900022;3004900023;3004900024;3004900025;3004900026;3004900027;3004900029;3004900031;3004900032;3004900033;3004900034;3004900035;3004900036;3004900039;3004900041;3004900042;3004900043;3004900049;3004900050;3004900061;3004900069;3004900071;3004900072;3004900073;3004900074;3004900075;3004900076;3004900077;3004900078;3004900079;3004900081;3004900089;3004900090;3005100010;3005100091;3005100099;3006100010;3006100090;3006200010;3006200020;3006200090;3006300010;3006300020;3006300090;3006400010;3006400020;3006400030;3006400090;3006500000;3006600000;3006600010;3006600011;3006600019;3006600090;3006701000;3006709000;3006801100;3006801900;3006809010;3006809020;3006809030;3006809041;3006809042;3006809043;3006809050;3006809060;3006910000;3006920000;3006931000;3006932000;3006933000;3006934000;3006939000,3001900010;3001900020;3001900090;3002100010;3002100021;3002100022;3002100023;3002100029;3002100030;3002100041;3002100042;3002100049;3002100051;3002100059;3002300010;3002300090;3002900011;3002900019;3002900020;3002900091;3002900092;3002900099;3003310090;3003390010;3003390090;3003400000;3003900010;3003900020;3003900091;3003900099;3004310010;3004310090;3004320081;3004320089;3004320090;3004390010;3004390081;3004390083;3004390084;3004390085;3004390090;3004400010;3004400020;3004400030;3004400040;3004400080;3004400090;3004500010;3004500020;3004500031;3004500032;3004500039;3004500040;3004500050;3004500061;3004500069;3004500070;3004900011;3004900012;3004900019;3004900020;3004900031;3004900032;3004900033;3004900034;3004900035;3004900036;3004900039;3004900041;3004900042;3004900043;3004900049;3004900050;3004900061;3004900069;3004900071;3004900072;3004900073;3004900074;3004900075;3004900076;3004900077;3004900078;3004900079;3004900081;3004900089;3005100010;3005100091;3005100099;3005900010;3005900020;3005900030;3005900040;3005900050;3005900060;3005900090;3006200010;3006200020;3006200090;3006300010;3006300020;3006300090;3006400010;3006400020;3006400030;3006400090,
no,declared,342,3005909200,1,1,198801,imports,3005,300590,199712,199801,46712311.00,"Dressings and sim articles of woven fabric solely of cotton, nes",yes,no,,no,no,same_subheading,7,7,10,245,245,148,245,3005900010;3005900020;3005900030;3005900040;3005900050;3005900060;3005900090,106,0,3005900010;3005900020;3005900030;3005900040;3005900050;3005900060;3005900090,3001100010;3001100090;3001200000;3001900010;3001900020;3001900090;3002100010;3002100021;3002100022;3002100023;3002100029;3002100030;3002100041;3002100042;3002100049;3002100051;3002100059;3002100060;3002100090;3002110000;3002120011;3002120012;3002120013;3002120019;3002120021;3002120029;3002130000;3002140000;3002150000;3002190000;3002200010;3002200020;3002200030;3002200090;3002300010;3002300090;3002410010;3002410090;3002420010;3002420090;3002490010;3002490020;3002490090;3002510000;3002590000;3002900010;3002900011;3002900012;3002900019;3002900020;3002900030;3002900040;3002900050;3002900090;3002900091;3002900092;3002900093;3002900099;3003100000;3003200000;3003310000;3003310010;3003310090;3003390000;3003390010;3003390090;3003400000;3003410000;3003420000;3003430000;3003490000;3003600000;3003900010;3003900020;3003900030;3003900090;3003900091;3003900099;3004100010;3004100011;3004100012;3004100013;3004100019;3004100020;3004100031;3004100032;3004100090;3004200010;3004200011;3004200012;3004200013;3004200018;3004200019;3004200020;3004200031;3004200039;3004200041;3004200049;3004200051;3004200059;3004200061;3004200062;3004200063;3004200069;3004200071;3004200079;3004200080;3004200090;3004310000;3004310010;3004310090;3004320000;3004320010;3004320011;3004320019;3004320020;3004320081;3004320082;3004320089;3004320090;3004390010;3004390011;3004390012;3004390013;3004390019;3004390081;3004390082;3004390083;3004390084;3004390085;3004390090;3004400010;3004400020;3004400030;3004400040;3004400050;3004400080;3004400090;3004410000;3004420000;3004430000;3004490010;3004490090;3004500010;3004500011;3004500012;3004500013;3004500014;3004500019;3004500020;3004500031;3004500032;3004500039;3004500040;3004500050;3004500061;3004500069;3004500070;3004500090;3004600000;3004900011;3004900012;3004900019;3004900020;3004900021;3004900022;3004900023;3004900024;3004900025;3004900026;3004900027;3004900029;3004900031;3004900032;3004900033;3004900034;3004900035;3004900036;3004900039;3004900041;3004900042;3004900043;3004900049;3004900050;3004900061;3004900069;3004900071;3004900072;3004900073;3004900074;3004900075;3004900076;3004900077;3004900078;3004900079;3004900081;3004900089;3004900090;3005100010;3005100091;3005100099;3006100010;3006100090;3006200010;3006200020;3006200090;3006300010;3006300020;3006300090;3006400010;3006400020;3006400030;3006400090;3006500000;3006600000;3006600010;3006600011;3006600019;3006600090;3006701000;3006709000;3006801100;3006801900;3006809010;3006809020;3006809030;3006809041;3006809042;3006809043;3006809050;3006809060;3006910000;3006920000;3006931000;3006932000;3006933000;3006934000;3006939000,3001900010;3001900020;3001900090;3002100010;3002100021;3002100022;3002100023;3002100029;3002100030;3002100041;3002100042;3002100049;3002100051;3002100059;3002300010;3002300090;3002900011;3002900019;3002900020;3002900091;3002900092;3002900099;3003310090;3003390010;3003390090;3003400000;3003900010;3003900020;3003900091;3003900099;3004310010;3004310090;3004320081;3004320089;3004320090;3004390010;3004390081;3004390083;3004390084;3004390085;3004390090;3004400010;3004400020;3004400030;3004400040;3004400080;3004400090;3004500010;3004500020;3004500031;3004500032;3004500039;3004500040;3004500050;3004500061;3004500069;3004500070;3004900011;3004900012;3004900019;3004900020;3004900031;3004900032;3004900033;3004900034;3004900035;3004900036;3004900039;3004900041;3004900042;3004900043;3004900049;3004900050;3004900061;3004900069;3004900071;3004900072;3004900073;3004900074;3004900075;3004900076;3004900077;3004900078;3004900079;3004900081;3004900089;3005100010;3005100091;3005100099;3005900010;3005900020;3005900030;3005900040;3005900050;3005900060;3005900090;3006200010;3006200020;3006200090;3006300010;3006300020;3006300090;3006400010;3006400020;3006400030;3006400090,
no,declared,342,3005909300,1,1,198801,imports,3005,300590,199712,199801,1808053.00,"Dressings and similar articles of paper, nes",yes,no,,no,no,same_subheading,7,7,10,245,245,148,245,3005900010;3005900020;3005900030;3005900040;3005900050;3005900060;3005900090,106,0,3005900010;3005900020;3005900030;3005900040;3005900050;3005900060;3005900090,3001100010;3001100090;3001200000;3001900010;3001900020;3001900090;3002100010;3002100021;3002100022;3002100023;3002100029;3002100030;3002100041;3002100042;3002100049;3002100051;3002100059;3002100060;3002100090;3002110000;3002120011;3002120012;3002120013;3002120019;3002120021;3002120029;3002130000;3002140000;3002150000;3002190000;3002200010;3002200020;3002200030;3002200090;3002300010;3002300090;3002410010;3002410090;3002420010;3002420090;3002490010;3002490020;3002490090;3002510000;3002590000;3002900010;3002900011;3002900012;3002900019;3002900020;3002900030;3002900040;3002900050;3002900090;3002900091;3002900092;3002900093;3002900099;3003100000;3003200000;3003310000;3003310010;3003310090;3003390000;3003390010;3003390090;3003400000;3003410000;3003420000;3003430000;3003490000;3003600000;3003900010;3003900020;3003900030;3003900090;3003900091;3003900099;3004100010;3004100011;3004100012;3004100013;3004100019;3004100020;3004100031;3004100032;3004100090;3004200010;3004200011;3004200012;3004200013;3004200018;3004200019;3004200020;3004200031;3004200039;3004200041;3004200049;3004200051;3004200059;3004200061;3004200062;3004200063;3004200069;3004200071;3004200079;3004200080;3004200090;3004310000;3004310010;3004310090;3004320000;3004320010;3004320011;3004320019;3004320020;3004320081;3004320082;3004320089;3004320090;3004390010;3004390011;3004390012;3004390013;3004390019;3004390081;3004390082;3004390083;3004390084;3004390085;3004390090;3004400010;3004400020;3004400030;3004400040;3004400050;3004400080;3004400090;3004410000;3004420000;3004430000;3004490010;3004490090;3004500010;3004500011;3004500012;3004500013;3004500014;3004500019;3004500020;3004500031;3004500032;3004500039;3004500040;3004500050;3004500061;3004500069;3004500070;3004500090;3004600000;3004900011;3004900012;3004900019;3004900020;3004900021;3004900022;3004900023;3004900024;3004900025;3004900026;3004900027;3004900029;3004900031;3004900032;3004900033;3004900034;3004900035;3004900036;3004900039;3004900041;3004900042;3004900043;3004900049;3004900050;3004900061;3004900069;3004900071;3004900072;3004900073;3004900074;3004900075;3004900076;3004900077;3004900078;3004900079;3004900081;3004900089;3004900090;3005100010;3005100091;3005100099;3006100010;3006100090;3006200010;3006200020;3006200090;3006300010;3006300020;3006300090;3006400010;3006400020;3006400030;3006400090;3006500000;3006600000;3006600010;3006600011;3006600019;3006600090;3006701000;3006709000;3006801100;3006801900;3006809010;3006809020;3006809030;3006809041;3006809042;3006809043;3006809050;3006809060;3006910000;3006920000;3006931000;3006932000;3006933000;3006934000;3006939000,3001900010;3001900020;3001900090;3002100010;3002100021;3002100022;3002100023;3002100029;3002100030;3002100041;3002100042;3002100049;3002100051;3002100059;3002300010;3002300090;3002900011;3002900019;3002900020;3002900091;3002900092;3002900099;3003310090;3003390010;3003390090;3003400000;3003900010;3003900020;3003900091;3003900099;3004310010;3004310090;3004320081;3004320089;3004320090;3004390010;3004390081;3004390083;3004390084;3004390085;3004390090;3004400010;3004400020;3004400030;3004400040;3004400080;3004400090;3004500010;3004500020;3004500031;3004500032;3004500039;3004500040;3004500050;3004500061;3004500069;3004500070;3004900011;3004900012;3004900019;3004900020;3004900031;3004900032;3004900033;3004900034;3004900035;3004900036;3004900039;3004900041;3004900042;3004900043;3004900049;3004900050;3004900061;3004900069;3004900071;3004900072;3004900073;3004900074;3004900075;3004900076;3004900077;3004900078;3004900079;3004900081;3004900089;3005100010;3005100091;3005100099;3005900010;3005900020;3005900030;3005900040;3005900050;3005900060;3005900090;3006200010;3006200020;3006200090;3006300010;3006300020;3006300090;3006400010;3006400020;3006400030;3006400090,
no,declared,342,3005909900,1,1,198801,imports,3005,300590,199712,199801,19543614.00,"Dressings and similar articles packaged for medical use, nes",yes,no,,no,no,same_subheading,7,7,10,245,245,148,245,3005900010;3005900020;3005900030;3005900040;3005900050;3005900060;3005900090,106,0,3005900010;3005900020;3005900030;3005900040;3005900050;3005900060;3005900090,3001100010;3001100090;3001200000;3001900010;3001900020;3001900090;3002100010;3002100021;3002100022;3002100023;3002100029;3002100030;3002100041;3002100042;3002100049;3002100051;3002100059;3002100060;3002100090;3002110000;3002120011;3002120012;3002120013;3002120019;3002120021;3002120029;3002130000;3002140000;3002150000;3002190000;3002200010;3002200020;3002200030;3002200090;3002300010;3002300090;3002410010;3002410090;3002420010;3002420090;3002490010;3002490020;3002490090;3002510000;3002590000;3002900010;3002900011;3002900012;3002900019;3002900020;3002900030;3002900040;3002900050;3002900090;3002900091;3002900092;3002900093;3002900099;3003100000;3003200000;3003310000;3003310010;3003310090;3003390000;3003390010;3003390090;3003400000;3003410000;3003420000;3003430000;3003490000;3003600000;3003900010;3003900020;3003900030;3003900090;3003900091;3003900099;3004100010;3004100011;3004100012;3004100013;3004100019;3004100020;3004100031;3004100032;3004100090;3004200010;3004200011;3004200012;3004200013;3004200018;3004200019;3004200020;3004200031;3004200039;3004200041;3004200049;3004200051;3004200059;3004200061;3004200062;3004200063;3004200069;3004200071;3004200079;3004200080;3004200090;3004310000;3004310010;3004310090;3004320000;3004320010;3004320011;3004320019;3004320020;3004320081;3004320082;3004320089;3004320090;3004390010;3004390011;3004390012;3004390013;3004390019;3004390081;3004390082;3004390083;3004390084;3004390085;3004390090;3004400010;3004400020;3004400030;3004400040;3004400050;3004400080;3004400090;3004410000;3004420000;3004430000;3004490010;3004490090;3004500010;3004500011;3004500012;3004500013;3004500014;3004500019;3004500020;3004500031;3004500032;3004500039;3004500040;3004500050;3004500061;3004500069;3004500070;3004500090;3004600000;3004900011;3004900012;3004900019;3004900020;3004900021;3004900022;3004900023;3004900024;3004900025;3004900026;3004900027;3004900029;3004900031;3004900032;3004900033;3004900034;3004900035;3004900036;3004900039;3004900041;3004900042;3004900043;3004900049;3004900050;3004900061;3004900069;3004900071;3004900072;3004900073;3004900074;3004900075;3004900076;3004900077;3004900078;3004900079;3004900081;3004900089;3004900090;3005100010;3005100091;3005100099;3006100010;3006100090;3006200010;3006200020;3006200090;3006300010;3006300020;3006300090;3006400010;3006400020;3006400030;3006400090;3006500000;3006600000;3006600010;3006600011;3006600019;3006600090;3006701000;3006709000;3006801100;3006801900;3006809010;3006809020;3006809030;3006809041;3006809042;3006809043;3006809050;3006809060;3006910000;3006920000;3006931000;3006932000;3006933000;3006934000;3006939000,3001900010;3001900020;3001900090;3002100010;3002100021;3002100022;3002100023;3002100029;3002100030;3002100041;3002100042;3002100049;3002100051;3002100059;3002300010;3002300090;3002900011;3002900019;3002900020;3002900091;3002900092;3002900099;3003310090;3003390010;3003390090;3003400000;3003900010;3003900020;3003900091;3003900099;3004310010;3004310090;3004320081;3004320089;3004320090;3004390010;3004390081;3004390083;3004390084;3004390085;3004390090;3004400010;3004400020;3004400030;3004400040;3004400080;3004400090;3004500010;3004500020;3004500031;3004500032;3004500039;3004500040;3004500050;3004500061;3004500069;3004500070;3004900011;3004900012;3004900019;3004900020;3004900031;3004900032;3004900033;3004900034;3004900035;3004900036;3004900039;3004900041;3004900042;3004900043;3004900049;3004900050;3004900061;3004900069;3004900071;3004900072;3004900073;3004900074;3004900075;3004900076;3004900077;3004900078;3004900079;3004900081;3004900089;3005100010;3005100091;3005100099;3005900010;3005900020;3005900030;3005900040;3005900050;3005900060;3005900090;3006200010;3006200020;3006200090;3006300010;3006300020;3006300090;3006400010;3006400020;3006400030;3006400090,
no,declared,174,3006200010,1,1,199801,imports,3006,300620,201112,201201,300034808.00,"Blood-grouping reagents, of human origin",yes,yes,2007->2012,yes,yes,same_subheading,2,2,21,158,158,109,158,3006200020;3006200090,28,0,3006200020;3006200090,3001200000;3001900010;3001900020;3001900090;3002100010;3002100021;3002100022;3002100023;3002100029;3002100030;3002100041;3002100042;3002100049;3002100051;3002100059;3002100090;3002110000;3002120011;3002120012;3002120013;3002120019;3002120021;3002120029;3002130000;3002140000;3002150000;3002190000;3002200010;3002200090;3002300010;3002300090;3002410010;3002410090;3002420010;3002420090;3002490010;3002490020;3002490090;3002510000;3002590000;3002900010;3002900011;3002900012;3002900019;3002900020;3002900030;3002900040;3002900050;3002900090;3002900091;3002900092;3002900093;3002900099;3003100000;3003200000;3003310000;3003390000;3003400000;3003410000;3003420000;3003430000;3003490000;3003600000;3003900030;3003900090;3004100010;3004100090;3004200011;3004200012;3004200013;3004200018;3004200019;3004200080;3004200090;3004310000;3004320000;3004390011;3004390012;3004390013;3004390019;3004390090;3004400030;3004400040;3004400090;3004410000;3004420000;3004430000;3004490010;3004490090;3004500011;3004500012;3004500013;3004500014;3004500019;3004500090;3004600000;3004900011;3004900012;3004900019;3004900021;3004900022;3004900023;3004900024;3004900025;3004900026;3004900027;3004900029;3004900031;3004900032;3004900033;3004900034;3004900035;3004900036;3004900039;3004900042;3004900043;3004900049;3004900050;3004900061;3004900069;3004900071;3004900072;3004900073;3004900074;3004900075;3004900076;3004900077;3004900078;3004900079;3004900090;3005100010;3005100091;3005100099;3005900020;3005900030;3005900040;3005900090;3006100010;3006100090;3006300010;3006300090;3006400010;3006400090;3006500000;3006600000;3006600010;3006600090;3006701000;3006709000;3006910000;3006920000;3006931000;3006932000;3006933000;3006934000;3006939000,3002100090;3003310000;3003390000;3003900030;3003900090;3004100010;3004100090;3004200011;3004200012;3004200013;3004200018;3004200019;3004200080;3004200090;3004310000;3004320000;3004390011;3004390012;3004390013;3004390019;3004500011;3004500012;3004500013;3004500014;3004500019;3004500090;3004900090;3006600010,
no,declared,54,3006200020,1,1,199801,imports,3006,300620,202112,202201,101885670.00,"Blood-grouping reagents, of animal origin",no,yes,2017->2022,no,yes,same_heading,17,0,17,115,115,115,115,3006100010;3006100090;3006300010;3006300090;3006400010;3006400090;3006500000;3006600000;3006701000;3006709000;3006910000;3006920000;3006931000;3006932000;3006933000;3006934000;3006939000,15,0,3006100010;3006100090;3006300010;3006300090;3006400010;3006400090;3006500000;3006600000;3006701000;3006709000;3006910000;3006920000;3006931000;3006932000;3006933000;3006934000;3006939000,3001200000;3001900010;3001900020;3001900090;3002120011;3002120012;3002120013;3002120019;3002120021;3002120029;3002130000;3002140000;3002150000;3002410010;3002410090;3002420010;3002420090;3002490010;3002490020;3002490090;3002510000;3002590000;3002900020;3002900030;3002900040;3002900090;3003100000;3003200000;3003310000;3003390000;3003410000;3003420000;3003430000;3003490000;3003600000;3003900030;3003900090;3004100010;3004100090;3004200011;3004200012;3004200013;3004200018;3004200019;3004200080;3004200090;3004310000;3004320000;3004390011;3004390012;3004390013;3004390019;3004390090;3004410000;3004420000;3004430000;3004490010;3004490090;3004500011;3004500012;3004500014;3004500019;3004500090;3004600000;3004900011;3004900012;3004900019;3004900021;3004900022;3004900023;3004900024;3004900025;3004900026;3004900027;3004900029;3004900042;3004900043;3004900049;3004900050;3004900061;3004900069;3004900071;3004900072;3004900073;3004900074;3004900075;3004900076;3004900077;3004900078;3004900079;3004900090;3005100010;3005100091;3005100099;3005900020;3005900030;3005900040;3005900090,3002410010;3002410090;3002420010;3002420090;3002490010;3002490020;3002490090;3002510000;3002590000;3002900020;3006931000;3006932000;3006933000;3006934000;3006939000,
no,declared,54,3006200090,1,1,199801,imports,3006,300620,202112,202201,159377979.00,"Blood-grouping reagents, other than of animal origin, nes",no,yes,2017->2022,no,yes,same_heading,17,0,17,115,115,115,115,3006100010;3006100090;3006300010;3006300090;3006400010;3006400090;3006500000;3006600000;3006701000;3006709000;3006910000;3006920000;3006931000;3006932000;3006933000;3006934000;3006939000,15,0,3006100010;3006100090;3006300010;3006300090;3006400010;3006400090;3006500000;3006600000;3006701000;3006709000;3006910000;3006920000;3006931000;3006932000;3006933000;3006934000;3006939000,3001200000;3001900010;3001900020;3001900090;3002120011;3002120012;3002120013;3002120019;3002120021;3002120029;3002130000;3002140000;3002150000;3002410010;3002410090;3002420010;3002420090;3002490010;3002490020;3002490090;3002510000;3002590000;3002900020;3002900030;3002900040;3002900090;3003100000;3003200000;3003310000;3003390000;3003410000;3003420000;3003430000;3003490000;3003600000;3003900030;3003900090;3004100010;3004100090;3004200011;3004200012;3004200013;3004200018;3004200019;3004200080;3004200090;3004310000;3004320000;3004390011;3004390012;3004390013;3004390019;3004390090;3004410000;3004420000;3004430000;3004490010;3004490090;3004500011;3004500012;3004500014;3004500019;3004500090;3004600000;3004900011;3004900012;3004900019;3004900021;3004900022;3004900023;3004900024;3004900025;3004900026;3004900027;3004900029;3004900042;3004900043;3004900049;3004900050;3004900061;3004900069;3004900071;3004900072;3004900073;3004900074;3004900075;3004900076;3004900077;3004900078;3004900079;3004900090;3005100010;3005100091;3005100099;3005900020;3005900030;3005900040;3005900090,3002410010;3002410090;3002420010;3002420090;3002490010;3002490020;3002490090;3002510000;3002590000;3002900020;3006931000;3006932000;3006933000;3006934000;3006939000,
no,declared,342,3006201000,1,1,198801,imports,3006,300620,199712,199801,140148071.00,"Blood-grouping reagents, of human origin",yes,no,,no,no,same_subheading,4,3,37,245,245,148,245,3002900099;3006200010;3006200020;3006200090,106,1,3002900099;3006200010;3006200020;3006200090,3001100010;3001100090;3001200000;3001900010;3001900020;3001900090;3002100010;3002100021;3002100022;3002100023;3002100029;3002100030;3002100041;3002100042;3002100049;3002100051;3002100059;3002100060;3002100090;3002110000;3002120011;3002120012;3002120013;3002120019;3002120021;3002120029;3002130000;3002140000;3002150000;3002190000;3002200010;3002200020;3002200030;3002200090;3002300010;3002300090;3002410010;3002410090;3002420010;3002420090;3002490010;3002490020;3002490090;3002510000;3002590000;3002900010;3002900011;3002900012;3002900019;3002900020;3002900030;3002900040;3002900050;3002900090;3002900091;3002900092;3002900093;3003100000;3003200000;3003310000;3003310010;3003310090;3003390000;3003390010;3003390090;3003400000;3003410000;3003420000;3003430000;3003490000;3003600000;3003900010;3003900020;3003900030;3003900090;3003900091;3003900099;3004100010;3004100011;3004100012;3004100013;3004100019;3004100020;3004100031;3004100032;3004100090;3004200010;3004200011;3004200012;3004200013;3004200018;3004200019;3004200020;3004200031;3004200039;3004200041;3004200049;3004200051;3004200059;3004200061;3004200062;3004200063;3004200069;3004200071;3004200079;3004200080;3004200090;3004310000;3004310010;3004310090;3004320000;3004320010;3004320011;3004320019;3004320020;3004320081;3004320082;3004320089;3004320090;3004390010;3004390011;3004390012;3004390013;3004390019;3004390081;3004390082;3004390083;3004390084;3004390085;3004390090;3004400010;3004400020;3004400030;3004400040;3004400050;3004400080;3004400090;3004410000;3004420000;3004430000;3004490010;3004490090;3004500010;3004500011;3004500012;3004500013;3004500014;3004500019;3004500020;3004500031;3004500032;3004500039;3004500040;3004500050;3004500061;3004500069;3004500070;3004500090;3004600000;3004900011;3004900012;3004900019;3004900020;3004900021;3004900022;3004900023;3004900024;3004900025;3004900026;3004900027;3004900029;3004900031;3004900032;3004900033;3004900034;3004900035;3004900036;3004900039;3004900041;3004900042;3004900043;3004900049;3004900050;3004900061;3004900069;3004900071;3004900072;3004900073;3004900074;3004900075;3004900076;3004900077;3004900078;3004900079;3004900081;3004900089;3004900090;3005100010;3005100091;3005100099;3005900010;3005900020;3005900030;3005900040;3005900050;3005900060;3005900090;3006100010;3006100090;3006300010;3006300020;3006300090;3006400010;3006400020;3006400030;3006400090;3006500000;3006600000;3006600010;3006600011;3006600019;3006600090;3006701000;3006709000;3006801100;3006801900;3006809010;3006809020;3006809030;3006809041;3006809042;3006809043;3006809050;3006809060;3006910000;3006920000;3006931000;3006932000;3006933000;3006934000;3006939000,3001900010;3001900020;3001900090;3002100010;3002100021;3002100022;3002100023;3002100029;3002100030;3002100041;3002100042;3002100049;3002100051;3002100059;3002300010;3002300090;3002900011;3002900019;3002900020;3002900091;3002900092;3002900099;3003310090;3003390010;3003390090;3003400000;3003900010;3003900020;3003900091;3003900099;3004310010;3004310090;3004320081;3004320089;3004320090;3004390010;3004390081;3004390083;3004390084;3004390085;3004390090;3004400010;3004400020;3004400030;3004400040;3004400080;3004400090;3004500010;3004500020;3004500031;3004500032;3004500039;3004500040;3004500050;3004500061;3004500069;3004500070;3004900011;3004900012;3004900019;3004900020;3004900031;3004900032;3004900033;3004900034;3004900035;3004900036;3004900039;3004900041;3004900042;3004900043;3004900049;3004900050;3004900061;3004900069;3004900071;3004900072;3004900073;3004900074;3004900075;3004900076;3004900077;3004900078;3004900079;3004900081;3004900089;3005100010;3005100091;3005100099;3005900010;3005900020;3005900030;3005900040;3005900050;3005900060;3005900090;3006200010;3006200020;3006200090;3006300010;3006300020;3006300090;3006400010;3006400020;3006400030;3006400090,3002900099
no,declared,342,3006202000,1,1,198801,imports,3006,300620,199712,199801,6909500.00,"Blood-grouping reagents, of animal origin",yes,no,,no,no,same_subheading,3,3,37,245,245,148,245,3006200010;3006200020;3006200090,106,0,3006200010;3006200020;3006200090,3001100010;3001100090;3001200000;3001900010;3001900020;3001900090;3002100010;3002100021;3002100022;3002100023;3002100029;3002100030;3002100041;3002100042;3002100049;3002100051;3002100059;3002100060;3002100090;3002110000;3002120011;3002120012;3002120013;3002120019;3002120021;3002120029;3002130000;3002140000;3002150000;3002190000;3002200010;3002200020;3002200030;3002200090;3002300010;3002300090;3002410010;3002410090;3002420010;3002420090;3002490010;3002490020;3002490090;3002510000;3002590000;3002900010;3002900011;3002900012;3002900019;3002900020;3002900030;3002900040;3002900050;3002900090;3002900091;3002900092;3002900093;3002900099;3003100000;3003200000;3003310000;3003310010;3003310090;3003390000;3003390010;3003390090;3003400000;3003410000;3003420000;3003430000;3003490000;3003600000;3003900010;3003900020;3003900030;3003900090;3003900091;3003900099;3004100010;3004100011;3004100012;3004100013;3004100019;3004100020;3004100031;3004100032;3004100090;3004200010;3004200011;3004200012;3004200013;3004200018;3004200019;3004200020;3004200031;3004200039;3004200041;3004200049;3004200051;3004200059;3004200061;3004200062;3004200063;3004200069;3004200071;3004200079;3004200080;3004200090;3004310000;3004310010;3004310090;3004320000;3004320010;3004320011;3004320019;3004320020;3004320081;3004320082;3004320089;3004320090;3004390010;3004390011;3004390012;3004390013;3004390019;3004390081;3004390082;3004390083;3004390084;3004390085;3004390090;3004400010;3004400020;3004400030;3004400040;3004400050;3004400080;3004400090;3004410000;3004420000;3004430000;3004490010;3004490090;3004500010;3004500011;3004500012;3004500013;3004500014;3004500019;3004500020;3004500031;3004500032;3004500039;3004500040;3004500050;3004500061;3004500069;3004500070;3004500090;3004600000;3004900011;3004900012;3004900019;3004900020;3004900021;3004900022;3004900023;3004900024;3004900025;3004900026;3004900027;3004900029;3004900031;3004900032;3004900033;3004900034;3004900035;3004900036;3004900039;3004900041;3004900042;3004900043;3004900049;3004900050;3004900061;3004900069;3004900071;3004900072;3004900073;3004900074;3004900075;3004900076;3004900077;3004900078;3004900079;3004900081;3004900089;3004900090;3005100010;3005100091;3005100099;3005900010;3005900020;3005900030;3005900040;3005900050;3005900060;3005900090;3006100010;3006100090;3006300010;3006300020;3006300090;3006400010;3006400020;3006400030;3006400090;3006500000;3006600000;3006600010;3006600011;3006600019;3006600090;3006701000;3006709000;3006801100;3006801900;3006809010;3006809020;3006809030;3006809041;3006809042;3006809043;3006809050;3006809060;3006910000;3006920000;3006931000;3006932000;3006933000;3006934000;3006939000,3001900010;3001900020;3001900090;3002100010;3002100021;3002100022;3002100023;3002100029;3002100030;3002100041;3002100042;3002100049;3002100051;3002100059;3002300010;3002300090;3002900011;3002900019;3002900020;3002900091;3002900092;3002900099;3003310090;3003390010;3003390090;3003400000;3003900010;3003900020;3003900091;3003900099;3004310010;3004310090;3004320081;3004320089;3004320090;3004390010;3004390081;3004390083;3004390084;3004390085;3004390090;3004400010;3004400020;3004400030;3004400040;3004400080;3004400090;3004500010;3004500020;3004500031;3004500032;3004500039;3004500040;3004500050;3004500061;3004500069;3004500070;3004900011;3004900012;3004900019;3004900020;3004900031;3004900032;3004900033;3004900034;3004900035;3004900036;3004900039;3004900041;3004900042;3004900043;3004900049;3004900050;3004900061;3004900069;3004900071;3004900072;3004900073;3004900074;3004900075;3004900076;3004900077;3004900078;3004900079;3004900081;3004900089;3005100010;3005100091;3005100099;3005900010;3005900020;3005900030;3005900040;3005900050;3005900060;3005900090;3006200010;3006200020;3006200090;3006300010;3006300020;3006300090;3006400010;3006400020;3006400030;3006400090,
no,declared,342,3006209000,1,1,198801,imports,3006,300620,199712,199801,15915707.00,"Blood-grouping reagents, except of human or animal origin",yes,no,,no,no,same_subheading,4,3,37,245,245,148,245,3002900099;3006200010;3006200020;3006200090,106,1,3002900099;3006200010;3006200020;3006200090,3001100010;3001100090;3001200000;3001900010;3001900020;3001900090;3002100010;3002100021;3002100022;3002100023;3002100029;3002100030;3002100041;3002100042;3002100049;3002100051;3002100059;3002100060;3002100090;3002110000;3002120011;3002120012;3002120013;3002120019;3002120021;3002120029;3002130000;3002140000;3002150000;3002190000;3002200010;3002200020;3002200030;3002200090;3002300010;3002300090;3002410010;3002410090;3002420010;3002420090;3002490010;3002490020;3002490090;3002510000;3002590000;3002900010;3002900011;3002900012;3002900019;3002900020;3002900030;3002900040;3002900050;3002900090;3002900091;3002900092;3002900093;3003100000;3003200000;3003310000;3003310010;3003310090;3003390000;3003390010;3003390090;3003400000;3003410000;3003420000;3003430000;3003490000;3003600000;3003900010;3003900020;3003900030;3003900090;3003900091;3003900099;3004100010;3004100011;3004100012;3004100013;3004100019;3004100020;3004100031;3004100032;3004100090;3004200010;3004200011;3004200012;3004200013;3004200018;3004200019;3004200020;3004200031;3004200039;3004200041;3004200049;3004200051;3004200059;3004200061;3004200062;3004200063;3004200069;3004200071;3004200079;3004200080;3004200090;3004310000;3004310010;3004310090;3004320000;3004320010;3004320011;3004320019;3004320020;3004320081;3004320082;3004320089;3004320090;3004390010;3004390011;3004390012;3004390013;3004390019;3004390081;3004390082;3004390083;3004390084;3004390085;3004390090;3004400010;3004400020;3004400030;3004400040;3004400050;3004400080;3004400090;3004410000;3004420000;3004430000;3004490010;3004490090;3004500010;3004500011;3004500012;3004500013;3004500014;3004500019;3004500020;3004500031;3004500032;3004500039;3004500040;3004500050;3004500061;3004500069;3004500070;3004500090;3004600000;3004900011;3004900012;3004900019;3004900020;3004900021;3004900022;3004900023;3004900024;3004900025;3004900026;3004900027;3004900029;3004900031;3004900032;3004900033;3004900034;3004900035;3004900036;3004900039;3004900041;3004900042;3004900043;3004900049;3004900050;3004900061;3004900069;3004900071;3004900072;3004900073;3004900074;3004900075;3004900076;3004900077;3004900078;3004900079;3004900081;3004900089;3004900090;3005100010;3005100091;3005100099;3005900010;3005900020;3005900030;3005900040;3005900050;3005900060;3005900090;3006100010;3006100090;3006300010;3006300020;3006300090;3006400010;3006400020;3006400030;3006400090;3006500000;3006600000;3006600010;3006600011;3006600019;3006600090;3006701000;3006709000;3006801100;3006801900;3006809010;3006809020;3006809030;3006809041;3006809042;3006809043;3006809050;3006809060;3006910000;3006920000;3006931000;3006932000;3006933000;3006934000;3006939000,3001900010;3001900020;3001900090;3002100010;3002100021;3002100022;3002100023;3002100029;3002100030;3002100041;3002100042;3002100049;3002100051;3002100059;3002300010;3002300090;3002900011;3002900019;3002900020;3002900091;3002900092;3002900099;3003310090;3003390010;3003390090;3003400000;3003900010;3003900020;3003900091;3003900099;3004310010;3004310090;3004320081;3004320089;3004320090;3004390010;3004390081;3004390083;3004390084;3004390085;3004390090;3004400010;3004400020;3004400030;3004400040;3004400080;3004400090;3004500010;3004500020;3004500031;3004500032;3004500039;3004500040;3004500050;3004500061;3004500069;3004500070;3004900011;3004900012;3004900019;3004900020;3004900031;3004900032;3004900033;3004900034;3004900035;3004900036;3004900039;3004900041;3004900042;3004900043;3004900049;3004900050;3004900061;3004900069;3004900071;3004900072;3004900073;3004900074;3004900075;3004900076;3004900077;3004900078;3004900079;3004900081;3004900089;3005100010;3005100091;3005100099;3005900010;3005900020;3005900030;3005900040;3005900050;3005900060;3005900090;3006200010;3006200020;3006200090;3006300010;3006300020;3006300090;3006400010;3006400020;3006400030;3006400090,3002900099
no,declared,174,3006300020,1,1,199801,imports,3006,300630,201112,201201,17763781.00,"Allergenics, prepared for parenteral administration",yes,yes,2007->2012,yes,yes,same_subheading,2,2,21,158,158,109,158,3006300010;3006300090,28,0,3006300010;3006300090,3001200000;3001900010;3001900020;3001900090;3002100010;3002100021;3002100022;3002100023;3002100029;3002100030;3002100041;3002100042;3002100049;3002100051;3002100059;3002100090;3002110000;3002120011;3002120012;3002120013;3002120019;3002120021;3002120029;3002130000;3002140000;3002150000;3002190000;3002200010;3002200090;3002300010;3002300090;3002410010;3002410090;3002420010;3002420090;3002490010;3002490020;3002490090;3002510000;3002590000;3002900010;3002900011;3002900012;3002900019;3002900020;3002900030;3002900040;3002900050;3002900090;3002900091;3002900092;3002900093;3002900099;3003100000;3003200000;3003310000;3003390000;3003400000;3003410000;3003420000;3003430000;3003490000;3003600000;3003900030;3003900090;3004100010;3004100090;3004200011;3004200012;3004200013;3004200018;3004200019;3004200080;3004200090;3004310000;3004320000;3004390011;3004390012;3004390013;3004390019;3004390090;3004400030;3004400040;3004400090;3004410000;3004420000;3004430000;3004490010;3004490090;3004500011;3004500012;3004500013;3004500014;3004500019;3004500090;3004600000;3004900011;3004900012;3004900019;3004900021;3004900022;3004900023;3004900024;3004900025;3004900026;3004900027;3004900029;3004900031;3004900032;3004900033;3004900034;3004900035;3004900036;3004900039;3004900042;3004900043;3004900049;3004900050;3004900061;3004900069;3004900071;3004900072;3004900073;3004900074;3004900075;3004900076;3004900077;3004900078;3004900079;3004900090;3005100010;3005100091;3005100099;3005900020;3005900030;3005900040;3005900090;3006100010;3006100090;3006200020;3006200090;3006400010;3006400090;3006500000;3006600000;3006600010;3006600090;3006701000;3006709000;3006910000;3006920000;3006931000;3006932000;3006933000;3006934000;3006939000,3002100090;3003310000;3003390000;3003900030;3003900090;3004100010;3004100090;3004200011;3004200012;3004200013;3004200018;3004200019;3004200080;3004200090;3004310000;3004320000;3004390011;3004390012;3004390013;3004390019;3004500011;3004500012;3004500013;3004500014;3004500019;3004500090;3004900090;3006600010,
no,declared,342,3006301000,1,1,198801,imports,3006,300630,199712,199801,207390256.00,Opacifying preparations for X-ray examinations,yes,no,,no,no,same_subheading,3,3,37,245,245,148,245,3006300010;3006300020;3006300090,106,0,3006300010;3006300020;3006300090,3001100010;3001100090;3001200000;3001900010;3001900020;3001900090;3002100010;3002100021;3002100022;3002100023;3002100029;3002100030;3002100041;3002100042;3002100049;3002100051;3002100059;3002100060;3002100090;3002110000;3002120011;3002120012;3002120013;3002120019;3002120021;3002120029;3002130000;3002140000;3002150000;3002190000;3002200010;3002200020;3002200030;3002200090;3002300010;3002300090;3002410010;3002410090;3002420010;3002420090;3002490010;3002490020;3002490090;3002510000;3002590000;3002900010;3002900011;3002900012;3002900019;3002900020;3002900030;3002900040;3002900050;3002900090;3002900091;3002900092;3002900093;3002900099;3003100000;3003200000;3003310000;3003310010;3003310090;3003390000;3003390010;3003390090;3003400000;3003410000;3003420000;3003430000;3003490000;3003600000;3003900010;3003900020;3003900030;3003900090;3003900091;3003900099;3004100010;3004100011;3004100012;3004100013;3004100019;3004100020;3004100031;3004100032;3004100090;3004200010;3004200011;3004200012;3004200013;3004200018;3004200019;3004200020;3004200031;3004200039;3004200041;3004200049;3004200051;3004200059;3004200061;3004200062;3004200063;3004200069;3004200071;3004200079;3004200080;3004200090;3004310000;3004310010;3004310090;3004320000;3004320010;3004320011;3004320019;3004320020;3004320081;3004320082;3004320089;3004320090;3004390010;3004390011;3004390012;3004390013;3004390019;3004390081;3004390082;3004390083;3004390084;3004390085;3004390090;3004400010;3004400020;3004400030;3004400040;3004400050;3004400080;3004400090;3004410000;3004420000;3004430000;3004490010;3004490090;3004500010;3004500011;3004500012;3004500013;3004500014;3004500019;3004500020;3004500031;3004500032;3004500039;3004500040;3004500050;3004500061;3004500069;3004500070;3004500090;3004600000;3004900011;3004900012;3004900019;3004900020;3004900021;3004900022;3004900023;3004900024;3004900025;3004900026;3004900027;3004900029;3004900031;3004900032;3004900033;3004900034;3004900035;3004900036;3004900039;3004900041;3004900042;3004900043;3004900049;3004900050;3004900061;3004900069;3004900071;3004900072;3004900073;3004900074;3004900075;3004900076;3004900077;3004900078;3004900079;3004900081;3004900089;3004900090;3005100010;3005100091;3005100099;3005900010;3005900020;3005900030;3005900040;3005900050;3005900060;3005900090;3006100010;3006100090;3006200010;3006200020;3006200090;3006400010;3006400020;3006400030;3006400090;3006500000;3006600000;3006600010;3006600011;3006600019;3006600090;3006701000;3006709000;3006801100;3006801900;3006809010;3006809020;3006809030;3006809041;3006809042;3006809043;3006809050;3006809060;3006910000;3006920000;3006931000;3006932000;3006933000;3006934000;3006939000,3001900010;3001900020;3001900090;3002100010;3002100021;3002100022;3002100023;3002100029;3002100030;3002100041;3002100042;3002100049;3002100051;3002100059;3002300010;3002300090;3002900011;3002900019;3002900020;3002900091;3002900092;3002900099;3003310090;3003390010;3003390090;3003400000;3003900010;3003900020;3003900091;3003900099;3004310010;3004310090;3004320081;3004320089;3004320090;3004390010;3004390081;3004390083;3004390084;3004390085;3004390090;3004400010;3004400020;3004400030;3004400040;3004400080;3004400090;3004500010;3004500020;3004500031;3004500032;3004500039;3004500040;3004500050;3004500061;3004500069;3004500070;3004900011;3004900012;3004900019;3004900020;3004900031;3004900032;3004900033;3004900034;3004900035;3004900036;3004900039;3004900041;3004900042;3004900043;3004900049;3004900050;3004900061;3004900069;3004900071;3004900072;3004900073;3004900074;3004900075;3004900076;3004900077;3004900078;3004900079;3004900081;3004900089;3005100010;3005100091;3005100099;3005900010;3005900020;3005900030;3005900040;3005900050;3005900060;3005900090;3006200010;3006200020;3006200090;3006300010;3006300020;3006300090;3006400010;3006400020;3006400030;3006400090,
no,declared,342,3006309100,1,1,198801,imports,3006,300630,199712,199801,8572971.00,Allergenics prepared for parenteral administration,yes,no,,no,no,same_subheading,3,3,37,245,245,148,245,3006300010;3006300020;3006300090,106,0,3006300010;3006300020;3006300090,3001100010;3001100090;3001200000;3001900010;3001900020;3001900090;3002100010;3002100021;3002100022;3002100023;3002100029;3002100030;3002100041;3002100042;3002100049;3002100051;3002100059;3002100060;3002100090;3002110000;3002120011;3002120012;3002120013;3002120019;3002120021;3002120029;3002130000;3002140000;3002150000;3002190000;3002200010;3002200020;3002200030;3002200090;3002300010;3002300090;3002410010;3002410090;3002420010;3002420090;3002490010;3002490020;3002490090;3002510000;3002590000;3002900010;3002900011;3002900012;3002900019;3002900020;3002900030;3002900040;3002900050;3002900090;3002900091;3002900092;3002900093;3002900099;3003100000;3003200000;3003310000;3003310010;3003310090;3003390000;3003390010;3003390090;3003400000;3003410000;3003420000;3003430000;3003490000;3003600000;3003900010;3003900020;3003900030;3003900090;3003900091;3003900099;3004100010;3004100011;3004100012;3004100013;3004100019;3004100020;3004100031;3004100032;3004100090;3004200010;3004200011;3004200012;3004200013;3004200018;3004200019;3004200020;3004200031;3004200039;3004200041;3004200049;3004200051;3004200059;3004200061;3004200062;3004200063;3004200069;3004200071;3004200079;3004200080;3004200090;3004310000;3004310010;3004310090;3004320000;3004320010;3004320011;3004320019;3004320020;3004320081;3004320082;3004320089;3004320090;3004390010;3004390011;3004390012;3004390013;3004390019;3004390081;3004390082;3004390083;3004390084;3004390085;3004390090;3004400010;3004400020;3004400030;3004400040;3004400050;3004400080;3004400090;3004410000;3004420000;3004430000;3004490010;3004490090;3004500010;3004500011;3004500012;3004500013;3004500014;3004500019;3004500020;3004500031;3004500032;3004500039;3004500040;3004500050;3004500061;3004500069;3004500070;3004500090;3004600000;3004900011;3004900012;3004900019;3004900020;3004900021;3004900022;3004900023;3004900024;3004900025;3004900026;3004900027;3004900029;3004900031;3004900032;3004900033;3004900034;3004900035;3004900036;3004900039;3004900041;3004900042;3004900043;3004900049;3004900050;3004900061;3004900069;3004900071;3004900072;3004900073;3004900074;3004900075;3004900076;3004900077;3004900078;3004900079;3004900081;3004900089;3004900090;3005100010;3005100091;3005100099;3005900010;3005900020;3005900030;3005900040;3005900050;3005900060;3005900090;3006100010;3006100090;3006200010;3006200020;3006200090;3006400010;3006400020;3006400030;3006400090;3006500000;3006600000;3006600010;3006600011;3006600019;3006600090;3006701000;3006709000;3006801100;3006801900;3006809010;3006809020;3006809030;3006809041;3006809042;3006809043;3006809050;3006809060;3006910000;3006920000;3006931000;3006932000;3006933000;3006934000;3006939000,3001900010;3001900020;3001900090;3002100010;3002100021;3002100022;3002100023;3002100029;3002100030;3002100041;3002100042;3002100049;3002100051;3002100059;3002300010;3002300090;3002900011;3002900019;3002900020;3002900091;3002900092;3002900099;3003310090;3003390010;3003390090;3003400000;3003900010;3003900020;3003900091;3003900099;3004310010;3004310090;3004320081;3004320089;3004320090;3004390010;3004390081;3004390083;3004390084;3004390085;3004390090;3004400010;3004400020;3004400030;3004400040;3004400080;3004400090;3004500010;3004500020;3004500031;3004500032;3004500039;3004500040;3004500050;3004500061;3004500069;3004500070;3004900011;3004900012;3004900019;3004900020;3004900031;3004900032;3004900033;3004900034;3004900035;3004900036;3004900039;3004900041;3004900042;3004900043;3004900049;3004900050;3004900061;3004900069;3004900071;3004900072;3004900073;3004900074;3004900075;3004900076;3004900077;3004900078;3004900079;3004900081;3004900089;3005100010;3005100091;3005100099;3005900010;3005900020;3005900030;3005900040;3005900050;3005900060;3005900090;3006200010;3006200020;3006200090;3006300010;3006300020;3006300090;3006400010;3006400020;3006400030;3006400090,
no,declared,342,3006309900,1,1,198801,imports,3006,300630,199712,199801,53976365.00,"Diagnostic reagents designed to be administered to the patient, nes",yes,no,,no,no,same_subheading,3,3,37,245,245,148,245,3006300010;3006300020;3006300090,106,0,3006300010;3006300020;3006300090,3001100010;3001100090;3001200000;3001900010;3001900020;3001900090;3002100010;3002100021;3002100022;3002100023;3002100029;3002100030;3002100041;3002100042;3002100049;3002100051;3002100059;3002100060;3002100090;3002110000;3002120011;3002120012;3002120013;3002120019;3002120021;3002120029;3002130000;3002140000;3002150000;3002190000;3002200010;3002200020;3002200030;3002200090;3002300010;3002300090;3002410010;3002410090;3002420010;3002420090;3002490010;3002490020;3002490090;3002510000;3002590000;3002900010;3002900011;3002900012;3002900019;3002900020;3002900030;3002900040;3002900050;3002900090;3002900091;3002900092;3002900093;3002900099;3003100000;3003200000;3003310000;3003310010;3003310090;3003390000;3003390010;3003390090;3003400000;3003410000;3003420000;3003430000;3003490000;3003600000;3003900010;3003900020;3003900030;3003900090;3003900091;3003900099;3004100010;3004100011;3004100012;3004100013;3004100019;3004100020;3004100031;3004100032;3004100090;3004200010;3004200011;3004200012;3004200013;3004200018;3004200019;3004200020;3004200031;3004200039;3004200041;3004200049;3004200051;3004200059;3004200061;3004200062;3004200063;3004200069;3004200071;3004200079;3004200080;3004200090;3004310000;3004310010;3004310090;3004320000;3004320010;3004320011;3004320019;3004320020;3004320081;3004320082;3004320089;3004320090;3004390010;3004390011;3004390012;3004390013;3004390019;3004390081;3004390082;3004390083;3004390084;3004390085;3004390090;3004400010;3004400020;3004400030;3004400040;3004400050;3004400080;3004400090;3004410000;3004420000;3004430000;3004490010;3004490090;3004500010;3004500011;3004500012;3004500013;3004500014;3004500019;3004500020;3004500031;3004500032;3004500039;3004500040;3004500050;3004500061;3004500069;3004500070;3004500090;3004600000;3004900011;3004900012;3004900019;3004900020;3004900021;3004900022;3004900023;3004900024;3004900025;3004900026;3004900027;3004900029;3004900031;3004900032;3004900033;3004900034;3004900035;3004900036;3004900039;3004900041;3004900042;3004900043;3004900049;3004900050;3004900061;3004900069;3004900071;3004900072;3004900073;3004900074;3004900075;3004900076;3004900077;3004900078;3004900079;3004900081;3004900089;3004900090;3005100010;3005100091;3005100099;3005900010;3005900020;3005900030;3005900040;3005900050;3005900060;3005900090;3006100010;3006100090;3006200010;3006200020;3006200090;3006400010;3006400020;3006400030;3006400090;3006500000;3006600000;3006600010;3006600011;3006600019;3006600090;3006701000;3006709000;3006801100;3006801900;3006809010;3006809020;3006809030;3006809041;3006809042;3006809043;3006809050;3006809060;3006910000;3006920000;3006931000;3006932000;3006933000;3006934000;3006939000,3001900010;3001900020;3001900090;3002100010;3002100021;3002100022;3002100023;3002100029;3002100030;3002100041;3002100042;3002100049;3002100051;3002100059;3002300010;3002300090;3002900011;3002900019;3002900020;3002900091;3002900092;3002900099;3003310090;3003390010;3003390090;3003400000;3003900010;3003900020;3003900091;3003900099;3004310010;3004310090;3004320081;3004320089;3004320090;3004390010;3004390081;3004390083;3004390084;3004390085;3004390090;3004400010;3004400020;3004400030;3004400040;3004400080;3004400090;3004500010;3004500020;3004500031;3004500032;3004500039;3004500040;3004500050;3004500061;3004500069;3004500070;3004900011;3004900012;3004900019;3004900020;3004900031;3004900032;3004900033;3004900034;3004900035;3004900036;3004900039;3004900041;3004900042;3004900043;3004900049;3004900050;3004900061;3004900069;3004900071;3004900072;3004900073;3004900074;3004900075;3004900076;3004900077;3004900078;3004900079;3004900081;3004900089;3005100010;3005100091;3005100099;3005900010;3005900020;3005900030;3005900040;3005900050;3005900060;3005900090;3006200010;3006200020;3006200090;3006300010;3006300020;3006300090;3006400010;3006400020;3006400030;3006400090,
no,declared,174,3006400020,1,1,199801,imports,3006,300640,201112,201201,32178939.00,"Points, for filling dental root canals",yes,yes,2007->2012,yes,yes,same_subheading,2,2,21,158,158,109,158,3006400010;3006400090,28,0,3006400010;3006400090,3001200000;3001900010;3001900020;3001900090;3002100010;3002100021;3002100022;3002100023;3002100029;3002100030;3002100041;3002100042;3002100049;3002100051;3002100059;3002100090;3002110000;3002120011;3002120012;3002120013;3002120019;3002120021;3002120029;3002130000;3002140000;3002150000;3002190000;3002200010;3002200090;3002300010;3002300090;3002410010;3002410090;3002420010;3002420090;3002490010;3002490020;3002490090;3002510000;3002590000;3002900010;3002900011;3002900012;3002900019;3002900020;3002900030;3002900040;3002900050;3002900090;3002900091;3002900092;3002900093;3002900099;3003100000;3003200000;3003310000;3003390000;3003400000;3003410000;3003420000;3003430000;3003490000;3003600000;3003900030;3003900090;3004100010;3004100090;3004200011;3004200012;3004200013;3004200018;3004200019;3004200080;3004200090;3004310000;3004320000;3004390011;3004390012;3004390013;3004390019;3004390090;3004400030;3004400040;3004400090;3004410000;3004420000;3004430000;3004490010;3004490090;3004500011;3004500012;3004500013;3004500014;3004500019;3004500090;3004600000;3004900011;3004900012;3004900019;3004900021;3004900022;3004900023;3004900024;3004900025;3004900026;3004900027;3004900029;3004900031;3004900032;3004900033;3004900034;3004900035;3004900036;3004900039;3004900042;3004900043;3004900049;3004900050;3004900061;3004900069;3004900071;3004900072;3004900073;3004900074;3004900075;3004900076;3004900077;3004900078;3004900079;3004900090;3005100010;3005100091;3005100099;3005900020;3005900030;3005900040;3005900090;3006100010;3006100090;3006200020;3006200090;3006300010;3006300090;3006500000;3006600000;3006600010;3006600090;3006701000;3006709000;3006910000;3006920000;3006931000;3006932000;3006933000;3006934000;3006939000,3002100090;3003310000;3003390000;3003900030;3003900090;3004100010;3004100090;3004200011;3004200012;3004200013;3004200018;3004200019;3004200080;3004200090;3004310000;3004320000;3004390011;3004390012;3004390013;3004390019;3004500011;3004500012;3004500013;3004500014;3004500019;3004500090;3004900090;3006600010,
no,declared,174,3006400030,1,1,199801,imports,3006,300640,201112,201201,18807739.00,"Dental fillings of composition metals, except those in powder or pellet form",yes,yes,2007->2012,yes,yes,same_subheading,2,2,21,158,158,109,158,3006400010;3006400090,28,0,3006400010;3006400090,3001200000;3001900010;3001900020;3001900090;3002100010;3002100021;3002100022;3002100023;3002100029;3002100030;3002100041;3002100042;3002100049;3002100051;3002100059;3002100090;3002110000;3002120011;3002120012;3002120013;3002120019;3002120021;3002120029;3002130000;3002140000;3002150000;3002190000;3002200010;3002200090;3002300010;3002300090;3002410010;3002410090;3002420010;3002420090;3002490010;3002490020;3002490090;3002510000;3002590000;3002900010;3002900011;3002900012;3002900019;3002900020;3002900030;3002900040;3002900050;3002900090;3002900091;3002900092;3002900093;3002900099;3003100000;3003200000;3003310000;3003390000;3003400000;3003410000;3003420000;3003430000;3003490000;3003600000;3003900030;3003900090;3004100010;3004100090;3004200011;3004200012;3004200013;3004200018;3004200019;3004200080;3004200090;3004310000;3004320000;3004390011;3004390012;3004390013;3004390019;3004390090;3004400030;3004400040;3004400090;3004410000;3004420000;3004430000;3004490010;3004490090;3004500011;3004500012;3004500013;3004500014;3004500019;3004500090;3004600000;3004900011;3004900012;3004900019;3004900021;3004900022;3004900023;3004900024;3004900025;3004900026;3004900027;3004900029;3004900031;3004900032;3004900033;3004900034;3004900035;3004900036;3004900039;3004900042;3004900043;3004900049;3004900050;3004900061;3004900069;3004900071;3004900072;3004900073;3004900074;3004900075;3004900076;3004900077;3004900078;3004900079;3004900090;3005100010;3005100091;3005100099;3005900020;3005900030;3005900040;3005900090;3006100010;3006100090;3006200020;3006200090;3006300010;3006300090;3006500000;3006600000;3006600010;3006600090;3006701000;3006709000;3006910000;3006920000;3006931000;3006932000;3006933000;3006934000;3006939000,3002100090;3003310000;3003390000;3003900030;3003900090;3004100010;3004100090;3004200011;3004200012;3004200013;3004200018;3004200019;3004200080;3004200090;3004310000;3004320000;3004390011;3004390012;3004390013;3004390019;3004500011;3004500012;3004500013;3004500014;3004500019;3004500090;3004900090;3006600010,
no,declared,342,3006401010,1,1,198801,imports,3006,300640,199712,199801,82885877.00,Dental cements and bone reconstruction cements,yes,no,,no,no,same_subheading,4,4,37,245,245,148,245,3006400010;3006400020;3006400030;3006400090,106,0,3006400010;3006400020;3006400030;3006400090,3001100010;3001100090;3001200000;3001900010;3001900020;3001900090;3002100010;3002100021;3002100022;3002100023;3002100029;3002100030;3002100041;3002100042;3002100049;3002100051;3002100059;3002100060;3002100090;3002110000;3002120011;3002120012;3002120013;3002120019;3002120021;3002120029;3002130000;3002140000;3002150000;3002190000;3002200010;3002200020;3002200030;3002200090;3002300010;3002300090;3002410010;3002410090;3002420010;3002420090;3002490010;3002490020;3002490090;3002510000;3002590000;3002900010;3002900011;3002900012;3002900019;3002900020;3002900030;3002900040;3002900050;3002900090;3002900091;3002900092;3002900093;3002900099;3003100000;3003200000;3003310000;3003310010;3003310090;3003390000;3003390010;3003390090;3003400000;3003410000;3003420000;3003430000;3003490000;3003600000;3003900010;3003900020;3003900030;3003900090;3003900091;3003900099;3004100010;3004100011;3004100012;3004100013;3004100019;3004100020;3004100031;3004100032;3004100090;3004200010;3004200011;3004200012;3004200013;3004200018;3004200019;3004200020;3004200031;3004200039;3004200041;3004200049;3004200051;3004200059;3004200061;3004200062;3004200063;3004200069;3004200071;3004200079;3004200080;3004200090;3004310000;3004310010;3004310090;3004320000;3004320010;3004320011;3004320019;3004320020;3004320081;3004320082;3004320089;3004320090;3004390010;3004390011;3004390012;3004390013;3004390019;3004390081;3004390082;3004390083;3004390084;3004390085;3004390090;3004400010;3004400020;3004400030;3004400040;3004400050;3004400080;3004400090;3004410000;3004420000;3004430000;3004490010;3004490090;3004500010;3004500011;3004500012;3004500013;3004500014;3004500019;3004500020;3004500031;3004500032;3004500039;3004500040;3004500050;3004500061;3004500069;3004500070;3004500090;3004600000;3004900011;3004900012;3004900019;3004900020;3004900021;3004900022;3004900023;3004900024;3004900025;3004900026;3004900027;3004900029;3004900031;3004900032;3004900033;3004900034;3004900035;3004900036;3004900039;3004900041;3004900042;3004900043;3004900049;3004900050;3004900061;3004900069;3004900071;3004900072;3004900073;3004900074;3004900075;3004900076;3004900077;3004900078;3004900079;3004900081;3004900089;3004900090;3005100010;3005100091;3005100099;3005900010;3005900020;3005900030;3005900040;3005900050;3005900060;3005900090;3006100010;3006100090;3006200010;3006200020;3006200090;3006300010;3006300020;3006300090;3006500000;3006600000;3006600010;3006600011;3006600019;3006600090;3006701000;3006709000;3006801100;3006801900;3006809010;3006809020;3006809030;3006809041;3006809042;3006809043;3006809050;3006809060;3006910000;3006920000;3006931000;3006932000;3006933000;3006934000;3006939000,3001900010;3001900020;3001900090;3002100010;3002100021;3002100022;3002100023;3002100029;3002100030;3002100041;3002100042;3002100049;3002100051;3002100059;3002300010;3002300090;3002900011;3002900019;3002900020;3002900091;3002900092;3002900099;3003310090;3003390010;3003390090;3003400000;3003900010;3003900020;3003900091;3003900099;3004310010;3004310090;3004320081;3004320089;3004320090;3004390010;3004390081;3004390083;3004390084;3004390085;3004390090;3004400010;3004400020;3004400030;3004400040;3004400080;3004400090;3004500010;3004500020;3004500031;3004500032;3004500039;3004500040;3004500050;3004500061;3004500069;3004500070;3004900011;3004900012;3004900019;3004900020;3004900031;3004900032;3004900033;3004900034;3004900035;3004900036;3004900039;3004900041;3004900042;3004900043;3004900049;3004900050;3004900061;3004900069;3004900071;3004900072;3004900073;3004900074;3004900075;3004900076;3004900077;3004900078;3004900079;3004900081;3004900089;3005100010;3005100091;3005100099;3005900010;3005900020;3005900030;3005900040;3005900050;3005900060;3005900090;3006200010;3006200020;3006200090;3006300010;3006300020;3006300090;3006400010;3006400020;3006400030;3006400090,
no,declared,342,3006401020,1,1,198801,imports,3006,300640,199712,199801,12822836.00,Points for filling dental root canals,yes,no,,no,no,same_subheading,4,4,37,245,245,148,245,3006400010;3006400020;3006400030;3006400090,106,0,3006400010;3006400020;3006400030;3006400090,3001100010;3001100090;3001200000;3001900010;3001900020;3001900090;3002100010;3002100021;3002100022;3002100023;3002100029;3002100030;3002100041;3002100042;3002100049;3002100051;3002100059;3002100060;3002100090;3002110000;3002120011;3002120012;3002120013;3002120019;3002120021;3002120029;3002130000;3002140000;3002150000;3002190000;3002200010;3002200020;3002200030;3002200090;3002300010;3002300090;3002410010;3002410090;3002420010;3002420090;3002490010;3002490020;3002490090;3002510000;3002590000;3002900010;3002900011;3002900012;3002900019;3002900020;3002900030;3002900040;3002900050;3002900090;3002900091;3002900092;3002900093;3002900099;3003100000;3003200000;3003310000;3003310010;3003310090;3003390000;3003390010;3003390090;3003400000;3003410000;3003420000;3003430000;3003490000;3003600000;3003900010;3003900020;3003900030;3003900090;3003900091;3003900099;3004100010;3004100011;3004100012;3004100013;3004100019;3004100020;3004100031;3004100032;3004100090;3004200010;3004200011;3004200012;3004200013;3004200018;3004200019;3004200020;3004200031;3004200039;3004200041;3004200049;3004200051;3004200059;3004200061;3004200062;3004200063;3004200069;3004200071;3004200079;3004200080;3004200090;3004310000;3004310010;3004310090;3004320000;3004320010;3004320011;3004320019;3004320020;3004320081;3004320082;3004320089;3004320090;3004390010;3004390011;3004390012;3004390013;3004390019;3004390081;3004390082;3004390083;3004390084;3004390085;3004390090;3004400010;3004400020;3004400030;3004400040;3004400050;3004400080;3004400090;3004410000;3004420000;3004430000;3004490010;3004490090;3004500010;3004500011;3004500012;3004500013;3004500014;3004500019;3004500020;3004500031;3004500032;3004500039;3004500040;3004500050;3004500061;3004500069;3004500070;3004500090;3004600000;3004900011;3004900012;3004900019;3004900020;3004900021;3004900022;3004900023;3004900024;3004900025;3004900026;3004900027;3004900029;3004900031;3004900032;3004900033;3004900034;3004900035;3004900036;3004900039;3004900041;3004900042;3004900043;3004900049;3004900050;3004900061;3004900069;3004900071;3004900072;3004900073;3004900074;3004900075;3004900076;3004900077;3004900078;3004900079;3004900081;3004900089;3004900090;3005100010;3005100091;3005100099;3005900010;3005900020;3005900030;3005900040;3005900050;3005900060;3005900090;3006100010;3006100090;3006200010;3006200020;3006200090;3006300010;3006300020;3006300090;3006500000;3006600000;3006600010;3006600011;3006600019;3006600090;3006701000;3006709000;3006801100;3006801900;3006809010;3006809020;3006809030;3006809041;3006809042;3006809043;3006809050;3006809060;3006910000;3006920000;3006931000;3006932000;3006933000;3006934000;3006939000,3001900010;3001900020;3001900090;3002100010;3002100021;3002100022;3002100023;3002100029;3002100030;3002100041;3002100042;3002100049;3002100051;3002100059;3002300010;3002300090;3002900011;3002900019;3002900020;3002900091;3002900092;3002900099;3003310090;3003390010;3003390090;3003400000;3003900010;3003900020;3003900091;3003900099;3004310010;3004310090;3004320081;3004320089;3004320090;3004390010;3004390081;3004390083;3004390084;3004390085;3004390090;3004400010;3004400020;3004400030;3004400040;3004400080;3004400090;3004500010;3004500020;3004500031;3004500032;3004500039;3004500040;3004500050;3004500061;3004500069;3004500070;3004900011;3004900012;3004900019;3004900020;3004900031;3004900032;3004900033;3004900034;3004900035;3004900036;3004900039;3004900041;3004900042;3004900043;3004900049;3004900050;3004900061;3004900069;3004900071;3004900072;3004900073;3004900074;3004900075;3004900076;3004900077;3004900078;3004900079;3004900081;3004900089;3005100010;3005100091;3005100099;3005900010;3005900020;3005900030;3005900040;3005900050;3005900060;3005900090;3006200010;3006200020;3006200090;3006300010;3006300020;3006300090;3006400010;3006400020;3006400030;3006400090,
no,declared,342,3006402000,1,1,198801,imports,3006,300640,199712,199801,12771217.00,"Dental fillings of composition metals, except those in powder or pellet form",yes,no,,no,no,same_subheading,4,4,37,245,245,148,245,3006400010;3006400020;3006400030;3006400090,106,0,3006400010;3006400020;3006400030;3006400090,3001100010;3001100090;3001200000;3001900010;3001900020;3001900090;3002100010;3002100021;3002100022;3002100023;3002100029;3002100030;3002100041;3002100042;3002100049;3002100051;3002100059;3002100060;3002100090;3002110000;3002120011;3002120012;3002120013;3002120019;3002120021;3002120029;3002130000;3002140000;3002150000;3002190000;3002200010;3002200020;3002200030;3002200090;3002300010;3002300090;3002410010;3002410090;3002420010;3002420090;3002490010;3002490020;3002490090;3002510000;3002590000;3002900010;3002900011;3002900012;3002900019;3002900020;3002900030;3002900040;3002900050;3002900090;3002900091;3002900092;3002900093;3002900099;3003100000;3003200000;3003310000;3003310010;3003310090;3003390000;3003390010;3003390090;3003400000;3003410000;3003420000;3003430000;3003490000;3003600000;3003900010;3003900020;3003900030;3003900090;3003900091;3003900099;3004100010;3004100011;3004100012;3004100013;3004100019;3004100020;3004100031;3004100032;3004100090;3004200010;3004200011;3004200012;3004200013;3004200018;3004200019;3004200020;3004200031;3004200039;3004200041;3004200049;3004200051;3004200059;3004200061;3004200062;3004200063;3004200069;3004200071;3004200079;3004200080;3004200090;3004310000;3004310010;3004310090;3004320000;3004320010;3004320011;3004320019;3004320020;3004320081;3004320082;3004320089;3004320090;3004390010;3004390011;3004390012;3004390013;3004390019;3004390081;3004390082;3004390083;3004390084;3004390085;3004390090;3004400010;3004400020;3004400030;3004400040;3004400050;3004400080;3004400090;3004410000;3004420000;3004430000;3004490010;3004490090;3004500010;3004500011;3004500012;3004500013;3004500014;3004500019;3004500020;3004500031;3004500032;3004500039;3004500040;3004500050;3004500061;3004500069;3004500070;3004500090;3004600000;3004900011;3004900012;3004900019;3004900020;3004900021;3004900022;3004900023;3004900024;3004900025;3004900026;3004900027;3004900029;3004900031;3004900032;3004900033;3004900034;3004900035;3004900036;3004900039;3004900041;3004900042;3004900043;3004900049;3004900050;3004900061;3004900069;3004900071;3004900072;3004900073;3004900074;3004900075;3004900076;3004900077;3004900078;3004900079;3004900081;3004900089;3004900090;3005100010;3005100091;3005100099;3005900010;3005900020;3005900030;3005900040;3005900050;3005900060;3005900090;3006100010;3006100090;3006200010;3006200020;3006200090;3006300010;3006300020;3006300090;3006500000;3006600000;3006600010;3006600011;3006600019;3006600090;3006701000;3006709000;3006801100;3006801900;3006809010;3006809020;3006809030;3006809041;3006809042;3006809043;3006809050;3006809060;3006910000;3006920000;3006931000;3006932000;3006933000;3006934000;3006939000,3001900010;3001900020;3001900090;3002100010;3002100021;3002100022;3002100023;3002100029;3002100030;3002100041;3002100042;3002100049;3002100051;3002100059;3002300010;3002300090;3002900011;3002900019;3002900020;3002900091;3002900092;3002900099;3003310090;3003390010;3003390090;3003400000;3003900010;3003900020;3003900091;3003900099;3004310010;3004310090;3004320081;3004320089;3004320090;3004390010;3004390081;3004390083;3004390084;3004390085;3004390090;3004400010;3004400020;3004400030;3004400040;3004400080;3004400090;3004500010;3004500020;3004500031;3004500032;3004500039;3004500040;3004500050;3004500061;3004500069;3004500070;3004900011;3004900012;3004900019;3004900020;3004900031;3004900032;3004900033;3004900034;3004900035;3004900036;3004900039;3004900041;3004900042;3004900043;3004900049;3004900050;3004900061;3004900069;3004900071;3004900072;3004900073;3004900074;3004900075;3004900076;3004900077;3004900078;3004900079;3004900081;3004900089;3005100010;3005100091;3005100099;3005900010;3005900020;3005900030;3005900040;3005900050;3005900060;3005900090;3006200010;3006200020;3006200090;3006300010;3006300020;3006300090;3006400010;3006400020;3006400030;3006400090,
no,declared,342,3006409000,1,1,198801,imports,3006,300640,199712,199801,83063425.00,"Dental fillings, nes",yes,no,,no,no,same_subheading,4,4,37,245,245,148,245,3006400010;3006400020;3006400030;3006400090,106,0,3006400010;3006400020;3006400030;3006400090,3001100010;3001100090;3001200000;3001900010;3001900020;3001900090;3002100010;3002100021;3002100022;3002100023;3002100029;3002100030;3002100041;3002100042;3002100049;3002100051;3002100059;3002100060;3002100090;3002110000;3002120011;3002120012;3002120013;3002120019;3002120021;3002120029;3002130000;3002140000;3002150000;3002190000;3002200010;3002200020;3002200030;3002200090;3002300010;3002300090;3002410010;3002410090;3002420010;3002420090;3002490010;3002490020;3002490090;3002510000;3002590000;3002900010;3002900011;3002900012;3002900019;3002900020;3002900030;3002900040;3002900050;3002900090;3002900091;3002900092;3002900093;3002900099;3003100000;3003200000;3003310000;3003310010;3003310090;3003390000;3003390010;3003390090;3003400000;3003410000;3003420000;3003430000;3003490000;3003600000;3003900010;3003900020;3003900030;3003900090;3003900091;3003900099;3004100010;3004100011;3004100012;3004100013;3004100019;3004100020;3004100031;3004100032;3004100090;3004200010;3004200011;3004200012;3004200013;3004200018;3004200019;3004200020;3004200031;3004200039;3004200041;3004200049;3004200051;3004200059;3004200061;3004200062;3004200063;3004200069;3004200071;3004200079;3004200080;3004200090;3004310000;3004310010;3004310090;3004320000;3004320010;3004320011;3004320019;3004320020;3004320081;3004320082;3004320089;3004320090;3004390010;3004390011;3004390012;3004390013;3004390019;3004390081;3004390082;3004390083;3004390084;3004390085;3004390090;3004400010;3004400020;3004400030;3004400040;3004400050;3004400080;3004400090;3004410000;3004420000;3004430000;3004490010;3004490090;3004500010;3004500011;3004500012;3004500013;3004500014;3004500019;3004500020;3004500031;3004500032;3004500039;3004500040;3004500050;3004500061;3004500069;3004500070;3004500090;3004600000;3004900011;3004900012;3004900019;3004900020;3004900021;3004900022;3004900023;3004900024;3004900025;3004900026;3004900027;3004900029;3004900031;3004900032;3004900033;3004900034;3004900035;3004900036;3004900039;3004900041;3004900042;3004900043;3004900049;3004900050;3004900061;3004900069;3004900071;3004900072;3004900073;3004900074;3004900075;3004900076;3004900077;3004900078;3004900079;3004900081;3004900089;3004900090;3005100010;3005100091;3005100099;3005900010;3005900020;3005900030;3005900040;3005900050;3005900060;3005900090;3006100010;3006100090;3006200010;3006200020;3006200090;3006300010;3006300020;3006300090;3006500000;3006600000;3006600010;3006600011;3006600019;3006600090;3006701000;3006709000;3006801100;3006801900;3006809010;3006809020;3006809030;3006809041;3006809042;3006809043;3006809050;3006809060;3006910000;3006920000;3006931000;3006932000;3006933000;3006934000;3006939000,3001900010;3001900020;3001900090;3002100010;3002100021;3002100022;3002100023;3002100029;3002100030;3002100041;3002100042;3002100049;3002100051;3002100059;3002300010;3002300090;3002900011;3002900019;3002900020;3002900091;3002900092;3002900099;3003310090;3003390010;3003390090;3003400000;3003900010;3003900020;3003900091;3003900099;3004310010;3004310090;3004320081;3004320089;3004320090;3004390010;3004390081;3004390083;3004390084;3004390085;3004390090;3004400010;3004400020;3004400030;3004400040;3004400080;3004400090;3004500010;3004500020;3004500031;3004500032;3004500039;3004500040;3004500050;3004500061;3004500069;3004500070;3004900011;3004900012;3004900019;3004900020;3004900031;3004900032;3004900033;3004900034;3004900035;3004900036;3004900039;3004900041;3004900042;3004900043;3004900049;3004900050;3004900061;3004900069;3004900071;3004900072;3004900073;3004900074;3004900075;3004900076;3004900077;3004900078;3004900079;3004900081;3004900089;3005100010;3005100091;3005100099;3005900010;3005900020;3005900030;3005900040;3005900050;3005900060;3005900090;3006200010;3006200020;3006200090;3006300010;3006300020;3006300090;3006400010;3006400020;3006400030;3006400090,
no,declared,114,3006600010,1,1,201201,imports,3006,300660,201612,201701,866902008.00,"Chem contraceptive prep,based on horm,o prod of 29.37/spermicides,in dosage,nes",yes,yes,2012->2017,yes,yes,same_subheading,1,1,19,132,132,116,132,3006600000,23,0,3006600000,3001200000;3001900010;3001900020;3001900090;3002110000;3002120011;3002120012;3002120013;3002120019;3002120021;3002120029;3002130000;3002140000;3002150000;3002190000;3002200010;3002200090;3002300010;3002300090;3002410010;3002410090;3002420010;3002420090;3002490010;3002490020;3002490090;3002510000;3002590000;3002900010;3002900020;3002900030;3002900040;3002900050;3002900090;3003100000;3003200000;3003310000;3003390000;3003410000;3003420000;3003430000;3003490000;3003600000;3003900030;3003900090;3004100010;3004100090;3004200011;3004200012;3004200013;3004200018;3004200019;3004200080;3004200090;3004310000;3004320000;3004390011;3004390012;3004390013;3004390019;3004390090;3004410000;3004420000;3004430000;3004490010;3004490090;3004500011;3004500012;3004500014;3004500019;3004500090;3004600000;3004900011;3004900012;3004900019;3004900021;3004900022;3004900023;3004900024;3004900025;3004900026;3004900027;3004900029;3004900031;3004900032;3004900033;3004900034;3004900035;3004900036;3004900039;3004900042;3004900043;3004900049;3004900050;3004900061;3004900069;3004900071;3004900072;3004900073;3004900074;3004900075;3004900076;3004900077;3004900078;3004900079;3004900090;3005100010;3005100091;3005100099;3005900020;3005900030;3005900040;3005900090;3006100010;3006100090;3006200020;3006200090;3006300010;3006300090;3006400010;3006400090;3006500000;3006701000;3006709000;3006910000;3006920000;3006931000;3006932000;3006933000;3006934000;3006939000,3002110000;3002120011;3002120012;3002120013;3002120019;3002120021;3002120029;3002130000;3002140000;3002150000;3002190000;3002900010;3002900040;3002900050;3002900090;3003430000;3003490000;3003600000;3004410000;3004420000;3004490090;3004600000;3006600000,
no,declared,175,3006600011,1,1,198801,imports,3006,300660,201111,201112,143242802.00,"Contraceptive prep, cont norethesterone acetate & ethinylestradiol, in dosage",yes,yes,2007->2012,yes,yes,same_subheading,4,4,26,222,222,173,222,3006600010;3006600019;3006600090,0,0,3006600000;3006600010;3006600019;3006600090,3001200000;3001900010;3001900020;3001900090;3002100010;3002100021;3002100022;3002100023;3002100029;3002100030;3002100041;3002100042;3002100049;3002100051;3002100059;3002100060;3002100090;3002110000;3002120011;3002120012;3002120013;3002120019;3002120021;3002120029;3002130000;3002140000;3002150000;3002190000;3002200010;3002200020;3002200090;3002300010;3002300090;3002410010;3002410090;3002420010;3002420090;3002490010;3002490020;3002490090;3002510000;3002590000;3002900010;3002900011;3002900012;3002900019;3002900020;3002900030;3002900040;3002900050;3002900090;3002900091;3002900092;3002900093;3002900099;3003100000;3003200000;3003310000;3003310090;3003390000;3003390010;3003390090;3003400000;3003410000;3003420000;3003430000;3003490000;3003600000;3003900010;3003900020;3003900030;3003900090;3003900091;3003900099;3004100010;3004100011;3004100013;3004100019;3004100020;3004100031;3004100032;3004100090;3004200010;3004200011;3004200012;3004200013;3004200018;3004200019;3004200020;3004200031;3004200039;3004200041;3004200049;3004200051;3004200059;3004200063;3004200069;3004200071;3004200079;3004200080;3004200090;3004310000;3004310010;3004310090;3004320000;3004320011;3004320019;3004320020;3004390010;3004390011;3004390012;3004390013;3004390019;3004390081;3004390082;3004390083;3004390084;3004390085;3004390090;3004400010;3004400020;3004400030;3004400040;3004400050;3004400080;3004400090;3004410000;3004420000;3004430000;3004490010;3004490090;3004500010;3004500011;3004500012;3004500013;3004500014;3004500019;3004500020;3004500031;3004500032;3004500039;3004500040;3004500050;3004500061;3004500069;3004500070;3004500090;3004600000;3004900011;3004900012;3004900019;3004900020;3004900021;3004900022;3004900023;3004900024;3004900025;3004900026;3004900027;3004900029;3004900031;3004900032;3004900033;3004900034;3004900035;3004900036;3004900039;3004900041;3004900042;3004900043;3004900049;3004900050;3004900061;3004900069;3004900071;3004900072;3004900073;3004900074;3004900075;3004900076;3004900077;3004900078;3004900079;3004900081;3004900089;3004900090;3005100010;3005100091;3005100099;3005900010;3005900020;3005900030;3005900040;3005900050;3005900060;3005900090;3006100010;3006100090;3006200010;3006200020;3006200090;3006300010;3006300020;3006300090;3006400010;3006400020;3006400030;3006400090;3006500000;3006701000;3006709000;3006910000;3006920000;3006931000;3006932000;3006933000;3006934000;3006939000,,
no,declared,174,3006600019,1,1,198801,imports,3006,300660,201112,201201,1419821056.00,"Contraceptive prep, based on hormones,o prod of 29.37/spermicides,in dosage,nes",yes,yes,2007->2012,yes,yes,same_subheading,3,3,21,158,158,109,158,3006600010;3006600090,28,0,3006600000;3006600010;3006600090,3001200000;3001900010;3001900020;3001900090;3002100010;3002100021;3002100022;3002100023;3002100029;3002100030;3002100041;3002100042;3002100049;3002100051;3002100059;3002100090;3002110000;3002120011;3002120012;3002120013;3002120019;3002120021;3002120029;3002130000;3002140000;3002150000;3002190000;3002200010;3002200090;3002300010;3002300090;3002410010;3002410090;3002420010;3002420090;3002490010;3002490020;3002490090;3002510000;3002590000;3002900010;3002900011;3002900012;3002900019;3002900020;3002900030;3002900040;3002900050;3002900090;3002900091;3002900092;3002900093;3002900099;3003100000;3003200000;3003310000;3003390000;3003400000;3003410000;3003420000;3003430000;3003490000;3003600000;3003900030;3003900090;3004100010;3004100090;3004200011;3004200012;3004200013;3004200018;3004200019;3004200080;3004200090;3004310000;3004320000;3004390011;3004390012;3004390013;3004390019;3004390090;3004400030;3004400040;3004400090;3004410000;3004420000;3004430000;3004490010;3004490090;3004500011;3004500012;3004500013;3004500014;3004500019;3004500090;3004600000;3004900011;3004900012;3004900019;3004900021;3004900022;3004900023;3004900024;3004900025;3004900026;3004900027;3004900029;3004900031;3004900032;3004900033;3004900034;3004900035;3004900036;3004900039;3004900042;3004900043;3004900049;3004900050;3004900061;3004900069;3004900071;3004900072;3004900073;3004900074;3004900075;3004900076;3004900077;3004900078;3004900079;3004900090;3005100010;3005100091;3005100099;3005900020;3005900030;3005900040;3005900090;3006100010;3006100090;3006200020;3006200090;3006300010;3006300090;3006400010;3006400090;3006500000;3006701000;3006709000;3006910000;3006920000;3006931000;3006932000;3006933000;3006934000;3006939000,3002100090;3003310000;3003390000;3003900030;3003900090;3004100010;3004100090;3004200011;3004200012;3004200013;3004200018;3004200019;3004200080;3004200090;3004310000;3004320000;3004390011;3004390012;3004390013;3004390019;3004500011;3004500012;3004500013;3004500014;3004500019;3004500090;3004900090;3006600010,
no,declared,114,3006600090,1,1,198801,imports,3006,300660,201612,201701,45460381.00,"Contraceptive prep, based on horm,on o prod of 29.37/spermicides,o/t in dos,nes",yes,yes,2012->2017,yes,yes,same_subheading,1,1,19,132,132,116,132,3006600000,23,0,3006600000,3001200000;3001900010;3001900020;3001900090;3002110000;3002120011;3002120012;3002120013;3002120019;3002120021;3002120029;3002130000;3002140000;3002150000;3002190000;3002200010;3002200090;3002300010;3002300090;3002410010;3002410090;3002420010;3002420090;3002490010;3002490020;3002490090;3002510000;3002590000;3002900010;3002900020;3002900030;3002900040;3002900050;3002900090;3003100000;3003200000;3003310000;3003390000;3003410000;3003420000;3003430000;3003490000;3003600000;3003900030;3003900090;3004100010;3004100090;3004200011;3004200012;3004200013;3004200018;3004200019;3004200080;3004200090;3004310000;3004320000;3004390011;3004390012;3004390013;3004390019;3004390090;3004410000;3004420000;3004430000;3004490010;3004490090;3004500011;3004500012;3004500014;3004500019;3004500090;3004600000;3004900011;3004900012;3004900019;3004900021;3004900022;3004900023;3004900024;3004900025;3004900026;3004900027;3004900029;3004900031;3004900032;3004900033;3004900034;3004900035;3004900036;3004900039;3004900042;3004900043;3004900049;3004900050;3004900061;3004900069;3004900071;3004900072;3004900073;3004900074;3004900075;3004900076;3004900077;3004900078;3004900079;3004900090;3005100010;3005100091;3005100099;3005900020;3005900030;3005900040;3005900090;3006100010;3006100090;3006200020;3006200090;3006300010;3006300090;3006400010;3006400090;3006500000;3006701000;3006709000;3006910000;3006920000;3006931000;3006932000;3006933000;3006934000;3006939000,3002110000;3002120011;3002120012;3002120013;3002120019;3002120021;3002120029;3002130000;3002140000;3002150000;3002190000;3002900010;3002900040;3002900050;3002900090;3003430000;3003490000;3003600000;3004410000;3004420000;3004490090;3004600000;3006600000,
no,declared,234,3006801100,1,1,200207,imports,3006,300680,200612,200701,177848.00,"Waste pharm,chem/biolog prep,incl kit w ancill mat f med diag;f insem anml semen",no,yes,2002->2007,no,yes,same_heading,27,0,27,228,228,151,228,3006100010;3006100090;3006200010;3006200020;3006200090;3006300010;3006300020;3006300090;3006400010;3006400020;3006400030;3006400090;3006500000;3006600011;3006600019;3006600090;3006701000;3006709000;3006910000;3006920000,2,0,3006100010;3006100090;3006200010;3006200020;3006200090;3006300010;3006300020;3006300090;3006400010;3006400020;3006400030;3006400090;3006500000;3006600000;3006600010;3006600011;3006600019;3006600090;3006701000;3006709000;3006910000;3006920000;3006931000;3006932000;3006933000;3006934000;3006939000,3001200000;3001900010;3001900020;3001900090;3002100010;3002100021;3002100022;3002100023;3002100029;3002100030;3002100041;3002100042;3002100049;3002100051;3002100059;3002100060;3002100090;3002110000;3002120011;3002120012;3002120013;3002120019;3002120021;3002120029;3002130000;3002140000;3002150000;3002190000;3002200010;3002200020;3002200030;3002200090;3002300010;3002300090;3002410010;3002410090;3002420010;3002420090;3002490010;3002490020;3002490090;3002510000;3002590000;3002900010;3002900011;3002900012;3002900019;3002900020;3002900030;3002900040;3002900050;3002900090;3002900091;3002900092;3002900093;3002900099;3003100000;3003200000;3003310000;3003310010;3003310090;3003390000;3003390010;3003390090;3003400000;3003410000;3003420000;3003430000;3003490000;3003600000;3003900010;3003900020;3003900030;3003900090;3003900091;3003900099;3004100010;3004100011;3004100012;3004100013;3004100019;3004100020;3004100031;3004100032;3004100090;3004200010;3004200011;3004200012;3004200013;3004200018;3004200019;3004200020;3004200031;3004200039;3004200041;3004200049;3004200051;3004200059;3004200061;3004200062;3004200063;3004200069;3004200071;3004200079;3004200080;3004200090;3004310000;3004310010;3004310090;3004320000;3004320011;3004320019;3004320020;3004390010;3004390011;3004390012;3004390013;3004390019;3004390081;3004390082;3004390083;3004390084;3004390085;3004390090;3004400010;3004400020;3004400030;3004400040;3004400050;3004400080;3004400090;3004410000;3004420000;3004430000;3004490010;3004490090;3004500010;3004500011;3004500012;3004500013;3004500014;3004500019;3004500020;3004500031;3004500032;3004500039;3004500040;3004500050;3004500061;3004500069;3004500070;3004500090;3004600000;3004900011;3004900012;3004900019;3004900020;3004900021;3004900022;3004900023;3004900024;3004900025;3004900026;3004900027;3004900029;3004900031;3004900032;3004900033;3004900034;3004900035;3004900036;3004900039;3004900041;3004900042;3004900043;3004900049;3004900050;3004900061;3004900069;3004900071;3004900072;3004900073;3004900074;3004900075;3004900076;3004900077;3004900078;3004900079;3004900081;3004900089;3004900090;3005100010;3005100091;3005100099;3005900010;3005900020;3005900030;3005900040;3005900050;3005900060;3005900090,3006910000;3006920000,
no,declared,234,3006801900,1,1,200201,imports,3006,300680,200612,200701,168927.00,"Waste of gel prep f human/vet med as lub f pts of body f oper/examin,etc,nes",no,yes,2002->2007,no,yes,same_heading,27,0,27,228,228,151,228,3006100010;3006100090;3006200010;3006200020;3006200090;3006300010;3006300020;3006300090;3006400010;3006400020;3006400030;3006400090;3006500000;3006600011;3006600019;3006600090;3006701000;3006709000;3006910000;3006920000,2,0,3006100010;3006100090;3006200010;3006200020;3006200090;3006300010;3006300020;3006300090;3006400010;3006400020;3006400030;3006400090;3006500000;3006600000;3006600010;3006600011;3006600019;3006600090;3006701000;3006709000;3006910000;3006920000;3006931000;3006932000;3006933000;3006934000;3006939000,3001200000;3001900010;3001900020;3001900090;3002100010;3002100021;3002100022;3002100023;3002100029;3002100030;3002100041;3002100042;3002100049;3002100051;3002100059;3002100060;3002100090;3002110000;3002120011;3002120012;3002120013;3002120019;3002120021;3002120029;3002130000;3002140000;3002150000;3002190000;3002200010;3002200020;3002200030;3002200090;3002300010;3002300090;3002410010;3002410090;3002420010;3002420090;3002490010;3002490020;3002490090;3002510000;3002590000;3002900010;3002900011;3002900012;3002900019;3002900020;3002900030;3002900040;3002900050;3002900090;3002900091;3002900092;3002900093;3002900099;3003100000;3003200000;3003310000;3003310010;3003310090;3003390000;3003390010;3003390090;3003400000;3003410000;3003420000;3003430000;3003490000;3003600000;3003900010;3003900020;3003900030;3003900090;3003900091;3003900099;3004100010;3004100011;3004100012;3004100013;3004100019;3004100020;3004100031;3004100032;3004100090;3004200010;3004200011;3004200012;3004200013;3004200018;3004200019;3004200020;3004200031;3004200039;3004200041;3004200049;3004200051;3004200059;3004200061;3004200062;3004200063;3004200069;3004200071;3004200079;3004200080;3004200090;3004310000;3004310010;3004310090;3004320000;3004320011;3004320019;3004320020;3004390010;3004390011;3004390012;3004390013;3004390019;3004390081;3004390082;3004390083;3004390084;3004390085;3004390090;3004400010;3004400020;3004400030;3004400040;3004400050;3004400080;3004400090;3004410000;3004420000;3004430000;3004490010;3004490090;3004500010;3004500011;3004500012;3004500013;3004500014;3004500019;3004500020;3004500031;3004500032;3004500039;3004500040;3004500050;3004500061;3004500069;3004500070;3004500090;3004600000;3004900011;3004900012;3004900019;3004900020;3004900021;3004900022;3004900023;3004900024;3004900025;3004900026;3004900027;3004900029;3004900031;3004900032;3004900033;3004900034;3004900035;3004900036;3004900039;3004900041;3004900042;3004900043;3004900049;3004900050;3004900061;3004900069;3004900071;3004900072;3004900073;3004900074;3004900075;3004900076;3004900077;3004900078;3004900079;3004900081;3004900089;3004900090;3005100010;3005100091;3005100099;3005900010;3005900020;3005900030;3005900040;3005900050;3005900060;3005900090,3006910000;3006920000,
no,declared,248,3006809010,1,1,200201,imports,3006,300680,200510,200511,53.00,Waste pharmaceuticals of the goods of heading 30.01,yes,yes,2002->2007,no,yes,same_subheading,7,7,34,237,237,158,237,3006801100;3006801900;3006809020;3006809041;3006809042;3006809050;3006809060,0,0,3006801100;3006801900;3006809020;3006809041;3006809042;3006809050;3006809060,3001100010;3001100090;3001200000;3001900010;3001900020;3001900090;3002100010;3002100021;3002100022;3002100023;3002100029;3002100030;3002100041;3002100042;3002100049;3002100051;3002100059;3002100060;3002100090;3002110000;3002120011;3002120012;3002120013;3002120019;3002120021;3002120029;3002130000;3002140000;3002150000;3002190000;3002200010;3002200020;3002200030;3002200090;3002300010;3002300090;3002410010;3002410090;3002420010;3002420090;3002490010;3002490020;3002490090;3002510000;3002590000;3002900010;3002900011;3002900012;3002900019;3002900020;3002900030;3002900040;3002900050;3002900090;3002900091;3002900092;3002900093;3002900099;3003100000;3003200000;3003310000;3003310010;3003310090;3003390000;3003390010;3003390090;3003400000;3003410000;3003420000;3003430000;3003490000;3003600000;3003900010;3003900020;3003900030;3003900090;3003900091;3003900099;3004100010;3004100011;3004100012;3004100013;3004100019;3004100020;3004100031;3004100032;3004100090;3004200010;3004200011;3004200012;3004200013;3004200018;3004200019;3004200020;3004200031;3004200039;3004200041;3004200049;3004200051;3004200059;3004200061;3004200062;3004200063;3004200069;3004200071;3004200079;3004200080;3004200090;3004310000;3004310010;3004310090;3004320000;3004320011;3004320019;3004320020;3004390010;3004390011;3004390012;3004390013;3004390019;3004390081;3004390082;3004390083;3004390084;3004390085;3004390090;3004400010;3004400020;3004400030;3004400040;3004400050;3004400080;3004400090;3004410000;3004420000;3004430000;3004490010;3004490090;3004500010;3004500011;3004500012;3004500013;3004500014;3004500019;3004500020;3004500031;3004500032;3004500039;3004500040;3004500050;3004500061;3004500069;3004500070;3004500090;3004600000;3004900011;3004900012;3004900019;3004900020;3004900021;3004900022;3004900023;3004900024;3004900025;3004900026;3004900027;3004900029;3004900031;3004900032;3004900033;3004900034;3004900035;3004900036;3004900039;3004900041;3004900042;3004900043;3004900049;3004900050;3004900061;3004900069;3004900071;3004900072;3004900073;3004900074;3004900075;3004900076;3004900077;3004900078;3004900079;3004900081;3004900089;3004900090;3005100010;3005100091;3005100099;3005900010;3005900020;3005900030;3005900040;3005900050;3005900060;3005900090;3006100010;3006100090;3006200010;3006200020;3006200090;3006300010;3006300020;3006300090;3006400010;3006400020;3006400030;3006400090;3006500000;3006600000;3006600010;3006600011;3006600019;3006600090;3006701000;3006709000;3006910000;3006920000;3006931000;3006932000;3006933000;3006934000;3006939000,,
no,declared,247,3006809020,1,1,200407,imports,3006,300680,200511,200512,539.00,Waste pharmaceuticals of the goods of heading 30.02,yes,yes,2002->2007,no,yes,same_subheading,6,6,33,236,236,157,236,3006801100;3006801900;3006809041;3006809042;3006809050;3006809060,0,0,3006801100;3006801900;3006809041;3006809042;3006809050;3006809060,3001100010;3001100090;3001200000;3001900010;3001900020;3001900090;3002100010;3002100021;3002100022;3002100023;3002100029;3002100030;3002100041;3002100042;3002100049;3002100051;3002100059;3002100060;3002100090;3002110000;3002120011;3002120012;3002120013;3002120019;3002120021;3002120029;3002130000;3002140000;3002150000;3002190000;3002200010;3002200020;3002200030;3002200090;3002300010;3002300090;3002410010;3002410090;3002420010;3002420090;3002490010;3002490020;3002490090;3002510000;3002590000;3002900010;3002900011;3002900012;3002900019;3002900020;3002900030;3002900040;3002900050;3002900090;3002900091;3002900092;3002900093;3002900099;3003100000;3003200000;3003310000;3003310010;3003310090;3003390000;3003390010;3003390090;3003400000;3003410000;3003420000;3003430000;3003490000;3003600000;3003900010;3003900020;3003900030;3003900090;3003900091;3003900099;3004100010;3004100011;3004100012;3004100013;3004100019;3004100020;3004100031;3004100032;3004100090;3004200010;3004200011;3004200012;3004200013;3004200018;3004200019;3004200020;3004200031;3004200039;3004200041;3004200049;3004200051;3004200059;3004200061;3004200062;3004200063;3004200069;3004200071;3004200079;3004200080;3004200090;3004310000;3004310010;3004310090;3004320000;3004320011;3004320019;3004320020;3004390010;3004390011;3004390012;3004390013;3004390019;3004390081;3004390082;3004390083;3004390084;3004390085;3004390090;3004400010;3004400020;3004400030;3004400040;3004400050;3004400080;3004400090;3004410000;3004420000;3004430000;3004490010;3004490090;3004500010;3004500011;3004500012;3004500013;3004500014;3004500019;3004500020;3004500031;3004500032;3004500039;3004500040;3004500050;3004500061;3004500069;3004500070;3004500090;3004600000;3004900011;3004900012;3004900019;3004900020;3004900021;3004900022;3004900023;3004900024;3004900025;3004900026;3004900027;3004900029;3004900031;3004900032;3004900033;3004900034;3004900035;3004900036;3004900039;3004900041;3004900042;3004900043;3004900049;3004900050;3004900061;3004900069;3004900071;3004900072;3004900073;3004900074;3004900075;3004900076;3004900077;3004900078;3004900079;3004900081;3004900089;3004900090;3005100010;3005100091;3005100099;3005900010;3005900020;3005900030;3005900040;3005900050;3005900060;3005900090;3006100010;3006100090;3006200010;3006200020;3006200090;3006300010;3006300020;3006300090;3006400010;3006400020;3006400030;3006400090;3006500000;3006600000;3006600010;3006600011;3006600019;3006600090;3006701000;3006709000;3006910000;3006920000;3006931000;3006932000;3006933000;3006934000;3006939000,,
no,declared,257,3006809030,1,1,200202,imports,3006,300680,200501,200502,7134.00,Waste pharmaceuticals of the goods of heading 30.03,yes,yes,2002->2007,no,yes,same_subheading,9,9,36,239,239,160,239,3006801100;3006801900;3006809010;3006809020;3006809041;3006809042;3006809043;3006809050;3006809060,0,0,3006801100;3006801900;3006809010;3006809020;3006809041;3006809042;3006809043;3006809050;3006809060,3001100010;3001100090;3001200000;3001900010;3001900020;3001900090;3002100010;3002100021;3002100022;3002100023;3002100029;3002100030;3002100041;3002100042;3002100049;3002100051;3002100059;3002100060;3002100090;3002110000;3002120011;3002120012;3002120013;3002120019;3002120021;3002120029;3002130000;3002140000;3002150000;3002190000;3002200010;3002200020;3002200030;3002200090;3002300010;3002300090;3002410010;3002410090;3002420010;3002420090;3002490010;3002490020;3002490090;3002510000;3002590000;3002900010;3002900011;3002900012;3002900019;3002900020;3002900030;3002900040;3002900050;3002900090;3002900091;3002900092;3002900093;3002900099;3003100000;3003200000;3003310000;3003310010;3003310090;3003390000;3003390010;3003390090;3003400000;3003410000;3003420000;3003430000;3003490000;3003600000;3003900010;3003900020;3003900030;3003900090;3003900091;3003900099;3004100010;3004100011;3004100012;3004100013;3004100019;3004100020;3004100031;3004100032;3004100090;3004200010;3004200011;3004200012;3004200013;3004200018;3004200019;3004200020;3004200031;3004200039;3004200041;3004200049;3004200051;3004200059;3004200061;3004200062;3004200063;3004200069;3004200071;3004200079;3004200080;3004200090;3004310000;3004310010;3004310090;3004320000;3004320011;3004320019;3004320020;3004390010;3004390011;3004390012;3004390013;3004390019;3004390081;3004390082;3004390083;3004390084;3004390085;3004390090;3004400010;3004400020;3004400030;3004400040;3004400050;3004400080;3004400090;3004410000;3004420000;3004430000;3004490010;3004490090;3004500010;3004500011;3004500012;3004500013;3004500014;3004500019;3004500020;3004500031;3004500032;3004500039;3004500040;3004500050;3004500061;3004500069;3004500070;3004500090;3004600000;3004900011;3004900012;3004900019;3004900020;3004900021;3004900022;3004900023;3004900024;3004900025;3004900026;3004900027;3004900029;3004900031;3004900032;3004900033;3004900034;3004900035;3004900036;3004900039;3004900041;3004900042;3004900043;3004900049;3004900050;3004900061;3004900069;3004900071;3004900072;3004900073;3004900074;3004900075;3004900076;3004900077;3004900078;3004900079;3004900081;3004900089;3004900090;3005100010;3005100091;3005100099;3005900010;3005900020;3005900030;3005900040;3005900050;3005900060;3005900090;3006100010;3006100090;3006200010;3006200020;3006200090;3006300010;3006300020;3006300090;3006400010;3006400020;3006400030;3006400090;3006500000;3006600000;3006600010;3006600011;3006600019;3006600090;3006701000;3006709000;3006910000;3006920000;3006931000;3006932000;3006933000;3006934000;3006939000,,
no,declared,236,3006809041,1,1,200306,imports,3006,300680,200610,200611,171.00,Waste pharmaceuticals of the goods of subheadings 3004.10 to 3004.39,yes,yes,2002->2007,no,yes,same_subheading,4,4,31,234,234,157,234,3006801100;3006801900;3006809050;3006809060,0,0,3006801100;3006801900;3006809050;3006809060,3001100010;3001100090;3001200000;3001900010;3001900020;3001900090;3002100010;3002100021;3002100022;3002100023;3002100029;3002100030;3002100041;3002100042;3002100049;3002100051;3002100059;3002100060;3002100090;3002110000;3002120011;3002120012;3002120013;3002120019;3002120021;3002120029;3002130000;3002140000;3002150000;3002190000;3002200010;3002200020;3002200030;3002200090;3002300010;3002300090;3002410010;3002410090;3002420010;3002420090;3002490010;3002490020;3002490090;3002510000;3002590000;3002900010;3002900011;3002900012;3002900019;3002900020;3002900030;3002900040;3002900050;3002900090;3002900091;3002900092;3002900093;3002900099;3003100000;3003200000;3003310000;3003310010;3003310090;3003390000;3003390010;3003390090;3003400000;3003410000;3003420000;3003430000;3003490000;3003600000;3003900010;3003900020;3003900030;3003900090;3003900091;3003900099;3004100010;3004100011;3004100012;3004100013;3004100019;3004100020;3004100031;3004100032;3004100090;3004200010;3004200011;3004200012;3004200013;3004200018;3004200019;3004200020;3004200031;3004200039;3004200041;3004200049;3004200051;3004200059;3004200061;3004200062;3004200063;3004200069;3004200071;3004200079;3004200080;3004200090;3004310000;3004310010;3004310090;3004320000;3004320011;3004320019;3004320020;3004390010;3004390011;3004390012;3004390013;3004390019;3004390081;3004390082;3004390083;3004390084;3004390085;3004390090;3004400010;3004400020;3004400030;3004400040;3004400050;3004400080;3004400090;3004410000;3004420000;3004430000;3004490010;3004490090;3004500010;3004500011;3004500012;3004500013;3004500014;3004500019;3004500020;3004500031;3004500032;3004500039;3004500040;3004500050;3004500061;3004500069;3004500070;3004500090;3004600000;3004900011;3004900012;3004900019;3004900020;3004900021;3004900022;3004900023;3004900024;3004900025;3004900026;3004900027;3004900029;3004900031;3004900032;3004900033;3004900034;3004900035;3004900036;3004900039;3004900041;3004900042;3004900043;3004900049;3004900050;3004900061;3004900069;3004900071;3004900072;3004900073;3004900074;3004900075;3004900076;3004900077;3004900078;3004900079;3004900081;3004900089;3004900090;3005100010;3005100091;3005100099;3005900010;3005900020;3005900030;3005900040;3005900050;3005900060;3005900090;3006100010;3006100090;3006200010;3006200020;3006200090;3006300010;3006300020;3006300090;3006400010;3006400020;3006400030;3006400090;3006500000;3006600000;3006600010;3006600011;3006600019;3006600090;3006701000;3006709000;3006910000;3006920000;3006931000;3006932000;3006933000;3006934000;3006939000,,
no,declared,242,3006809042,1,1,200312,imports,3006,300680,200604,200605,86732.00,Waste pharmaceuticals of the goods of subheadings 3004.40 or 3004.50,yes,yes,2002->2007,no,yes,same_subheading,5,5,32,235,235,158,235,3006801100;3006801900;3006809041;3006809050;3006809060,0,0,3006801100;3006801900;3006809041;3006809050;3006809060,3001100010;3001100090;3001200000;3001900010;3001900020;3001900090;3002100010;3002100021;3002100022;3002100023;3002100029;3002100030;3002100041;3002100042;3002100049;3002100051;3002100059;3002100060;3002100090;3002110000;3002120011;3002120012;3002120013;3002120019;3002120021;3002120029;3002130000;3002140000;3002150000;3002190000;3002200010;3002200020;3002200030;3002200090;3002300010;3002300090;3002410010;3002410090;3002420010;3002420090;3002490010;3002490020;3002490090;3002510000;3002590000;3002900010;3002900011;3002900012;3002900019;3002900020;3002900030;3002900040;3002900050;3002900090;3002900091;3002900092;3002900093;3002900099;3003100000;3003200000;3003310000;3003310010;3003310090;3003390000;3003390010;3003390090;3003400000;3003410000;3003420000;3003430000;3003490000;3003600000;3003900010;3003900020;3003900030;3003900090;3003900091;3003900099;3004100010;3004100011;3004100012;3004100013;3004100019;3004100020;3004100031;3004100032;3004100090;3004200010;3004200011;3004200012;3004200013;3004200018;3004200019;3004200020;3004200031;3004200039;3004200041;3004200049;3004200051;3004200059;3004200061;3004200062;3004200063;3004200069;3004200071;3004200079;3004200080;3004200090;3004310000;3004310010;3004310090;3004320000;3004320011;3004320019;3004320020;3004390010;3004390011;3004390012;3004390013;3004390019;3004390081;3004390082;3004390083;3004390084;3004390085;3004390090;3004400010;3004400020;3004400030;3004400040;3004400050;3004400080;3004400090;3004410000;3004420000;3004430000;3004490010;3004490090;3004500010;3004500011;3004500012;3004500013;3004500014;3004500019;3004500020;3004500031;3004500032;3004500039;3004500040;3004500050;3004500061;3004500069;3004500070;3004500090;3004600000;3004900011;3004900012;3004900019;3004900020;3004900021;3004900022;3004900023;3004900024;3004900025;3004900026;3004900027;3004900029;3004900031;3004900032;3004900033;3004900034;3004900035;3004900036;3004900039;3004900041;3004900042;3004900043;3004900049;3004900050;3004900061;3004900069;3004900071;3004900072;3004900073;3004900074;3004900075;3004900076;3004900077;3004900078;3004900079;3004900081;3004900089;3004900090;3005100010;3005100091;3005100099;3005900010;3005900020;3005900030;3005900040;3005900050;3005900060;3005900090;3006100010;3006100090;3006200010;3006200020;3006200090;3006300010;3006300020;3006300090;3006400010;3006400020;3006400030;3006400090;3006500000;3006600000;3006600010;3006600011;3006600019;3006600090;3006701000;3006709000;3006910000;3006920000;3006931000;3006932000;3006933000;3006934000;3006939000,,
no,declared,250,3006809043,1,1,200205,imports,3006,300680,200508,200509,36718.00,Waste pharmaceuticals of the goods of subheading 3004.90,yes,yes,2002->2007,no,yes,same_subheading,8,8,35,238,238,159,238,3006801100;3006801900;3006809010;3006809020;3006809041;3006809042;3006809050;3006809060,0,0,3006801100;3006801900;3006809010;3006809020;3006809041;3006809042;3006809050;3006809060,3001100010;3001100090;3001200000;3001900010;3001900020;3001900090;3002100010;3002100021;3002100022;3002100023;3002100029;3002100030;3002100041;3002100042;3002100049;3002100051;3002100059;3002100060;3002100090;3002110000;3002120011;3002120012;3002120013;3002120019;3002120021;3002120029;3002130000;3002140000;3002150000;3002190000;3002200010;3002200020;3002200030;3002200090;3002300010;3002300090;3002410010;3002410090;3002420010;3002420090;3002490010;3002490020;3002490090;3002510000;3002590000;3002900010;3002900011;3002900012;3002900019;3002900020;3002900030;3002900040;3002900050;3002900090;3002900091;3002900092;3002900093;3002900099;3003100000;3003200000;3003310000;3003310010;3003310090;3003390000;3003390010;3003390090;3003400000;3003410000;3003420000;3003430000;3003490000;3003600000;3003900010;3003900020;3003900030;3003900090;3003900091;3003900099;3004100010;3004100011;3004100012;3004100013;3004100019;3004100020;3004100031;3004100032;3004100090;3004200010;3004200011;3004200012;3004200013;3004200018;3004200019;3004200020;3004200031;3004200039;3004200041;3004200049;3004200051;3004200059;3004200061;3004200062;3004200063;3004200069;3004200071;3004200079;3004200080;3004200090;3004310000;3004310010;3004310090;3004320000;3004320011;3004320019;3004320020;3004390010;3004390011;3004390012;3004390013;3004390019;3004390081;3004390082;3004390083;3004390084;3004390085;3004390090;3004400010;3004400020;3004400030;3004400040;3004400050;3004400080;3004400090;3004410000;3004420000;3004430000;3004490010;3004490090;3004500010;3004500011;3004500012;3004500013;3004500014;3004500019;3004500020;3004500031;3004500032;3004500039;3004500040;3004500050;3004500061;3004500069;3004500070;3004500090;3004600000;3004900011;3004900012;3004900019;3004900020;3004900021;3004900022;3004900023;3004900024;3004900025;3004900026;3004900027;3004900029;3004900031;3004900032;3004900033;3004900034;3004900035;3004900036;3004900039;3004900041;3004900042;3004900043;3004900049;3004900050;3004900061;3004900069;3004900071;3004900072;3004900073;3004900074;3004900075;3004900076;3004900077;3004900078;3004900079;3004900081;3004900089;3004900090;3005100010;3005100091;3005100099;3005900010;3005900020;3005900030;3005900040;3005900050;3005900060;3005900090;3006100010;3006100090;3006200010;3006200020;3006200090;3006300010;3006300020;3006300090;3006400010;3006400020;3006400030;3006400090;3006500000;3006600000;3006600010;3006600011;3006600019;3006600090;3006701000;3006709000;3006910000;3006920000;3006931000;3006932000;3006933000;3006934000;3006939000,,
no,declared,234,3006809050,1,1,200204,imports,3006,300680,200612,200701,8220.00,Waste pharmaceuticals of the goods of heading 30.05,no,yes,2002->2007,no,yes,same_heading,27,0,27,228,228,151,228,3006100010;3006100090;3006200010;3006200020;3006200090;3006300010;3006300020;3006300090;3006400010;3006400020;3006400030;3006400090;3006500000;3006600011;3006600019;3006600090;3006701000;3006709000;3006910000;3006920000,2,0,3006100010;3006100090;3006200010;3006200020;3006200090;3006300010;3006300020;3006300090;3006400010;3006400020;3006400030;3006400090;3006500000;3006600000;3006600010;3006600011;3006600019;3006600090;3006701000;3006709000;3006910000;3006920000;3006931000;3006932000;3006933000;3006934000;3006939000,3001200000;3001900010;3001900020;3001900090;3002100010;3002100021;3002100022;3002100023;3002100029;3002100030;3002100041;3002100042;3002100049;3002100051;3002100059;3002100060;3002100090;3002110000;3002120011;3002120012;3002120013;3002120019;3002120021;3002120029;3002130000;3002140000;3002150000;3002190000;3002200010;3002200020;3002200030;3002200090;3002300010;3002300090;3002410010;3002410090;3002420010;3002420090;3002490010;3002490020;3002490090;3002510000;3002590000;3002900010;3002900011;3002900012;3002900019;3002900020;3002900030;3002900040;3002900050;3002900090;3002900091;3002900092;3002900093;3002900099;3003100000;3003200000;3003310000;3003310010;3003310090;3003390000;3003390010;3003390090;3003400000;3003410000;3003420000;3003430000;3003490000;3003600000;3003900010;3003900020;3003900030;3003900090;3003900091;3003900099;3004100010;3004100011;3004100012;3004100013;3004100019;3004100020;3004100031;3004100032;3004100090;3004200010;3004200011;3004200012;3004200013;3004200018;3004200019;3004200020;3004200031;3004200039;3004200041;3004200049;3004200051;3004200059;3004200061;3004200062;3004200063;3004200069;3004200071;3004200079;3004200080;3004200090;3004310000;3004310010;3004310090;3004320000;3004320011;3004320019;3004320020;3004390010;3004390011;3004390012;3004390013;3004390019;3004390081;3004390082;3004390083;3004390084;3004390085;3004390090;3004400010;3004400020;3004400030;3004400040;3004400050;3004400080;3004400090;3004410000;3004420000;3004430000;3004490010;3004490090;3004500010;3004500011;3004500012;3004500013;3004500014;3004500019;3004500020;3004500031;3004500032;3004500039;3004500040;3004500050;3004500061;3004500069;3004500070;3004500090;3004600000;3004900011;3004900012;3004900019;3004900020;3004900021;3004900022;3004900023;3004900024;3004900025;3004900026;3004900027;3004900029;3004900031;3004900032;3004900033;3004900034;3004900035;3004900036;3004900039;3004900041;3004900042;3004900043;3004900049;3004900050;3004900061;3004900069;3004900071;3004900072;3004900073;3004900074;3004900075;3004900076;3004900077;3004900078;3004900079;3004900081;3004900089;3004900090;3005100010;3005100091;3005100099;3005900010;3005900020;3005900030;3005900040;3005900050;3005900060;3005900090,3006910000;3006920000,
no,declared,234,3006809060,1,1,200201,imports,3006,300680,200612,200701,259506.00,Waste pharmaceuticals of the goods of heading 30.06,no,yes,2002->2007,no,yes,same_heading,27,0,27,228,228,151,228,3006100010;3006100090;3006200010;3006200020;3006200090;3006300010;3006300020;3006300090;3006400010;3006400020;3006400030;3006400090;3006500000;3006600011;3006600019;3006600090;3006701000;3006709000;3006910000;3006920000,2,0,3006100010;3006100090;3006200010;3006200020;3006200090;3006300010;3006300020;3006300090;3006400010;3006400020;3006400030;3006400090;3006500000;3006600000;3006600010;3006600011;3006600019;3006600090;3006701000;3006709000;3006910000;3006920000;3006931000;3006932000;3006933000;3006934000;3006939000,3001200000;3001900010;3001900020;3001900090;3002100010;3002100021;3002100022;3002100023;3002100029;3002100030;3002100041;3002100042;3002100049;3002100051;3002100059;3002100060;3002100090;3002110000;3002120011;3002120012;3002120013;3002120019;3002120021;3002120029;3002130000;3002140000;3002150000;3002190000;3002200010;3002200020;3002200030;3002200090;3002300010;3002300090;3002410010;3002410090;3002420010;3002420090;3002490010;3002490020;3002490090;3002510000;3002590000;3002900010;3002900011;3002900012;3002900019;3002900020;3002900030;3002900040;3002900050;3002900090;3002900091;3002900092;3002900093;3002900099;3003100000;3003200000;3003310000;3003310010;3003310090;3003390000;3003390010;3003390090;3003400000;3003410000;3003420000;3003430000;3003490000;3003600000;3003900010;3003900020;3003900030;3003900090;3003900091;3003900099;3004100010;3004100011;3004100012;3004100013;3004100019;3004100020;3004100031;3004100032;3004100090;3004200010;3004200011;3004200012;3004200013;3004200018;3004200019;3004200020;3004200031;3004200039;3004200041;3004200049;3004200051;3004200059;3004200061;3004200062;3004200063;3004200069;3004200071;3004200079;3004200080;3004200090;3004310000;3004310010;3004310090;3004320000;3004320011;3004320019;3004320020;3004390010;3004390011;3004390012;3004390013;3004390019;3004390081;3004390082;3004390083;3004390084;3004390085;3004390090;3004400010;3004400020;3004400030;3004400040;3004400050;3004400080;3004400090;3004410000;3004420000;3004430000;3004490010;3004490090;3004500010;3004500011;3004500012;3004500013;3004500014;3004500019;3004500020;3004500031;3004500032;3004500039;3004500040;3004500050;3004500061;3004500069;3004500070;3004500090;3004600000;3004900011;3004900012;3004900019;3004900020;3004900021;3004900022;3004900023;3004900024;3004900025;3004900026;3004900027;3004900029;3004900031;3004900032;3004900033;3004900034;3004900035;3004900036;3004900039;3004900041;3004900042;3004900043;3004900049;3004900050;3004900061;3004900069;3004900071;3004900072;3004900073;3004900074;3004900075;3004900076;3004900077;3004900078;3004900079;3004900081;3004900089;3004900090;3005100010;3005100091;3005100099;3005900010;3005900020;3005900030;3005900040;3005900050;3005900060;3005900090,3006910000;3006920000,
