link_id,row,verdict,status,priority,why_this_needs_you,flow,retiring_code,retiring_description,last_traded,value_cad,proposed_successor,proposed_successor_description,proposed_successor_first_traded,proposed_successor_last_traded,successor_began_at_the_boundary,successor_is_more_aggregate,months_gap,gap_named_by_the_record,suggested_decision,why_not_recommended,wording_match,shared_meaning_words,runner_up,runner_up_description,runner_up_first_traded,runner_up_last_traded,runner_up_wording_match,other_candidates_considered,official_record,closest_removed_candidate,closest_removed_description,closest_removed_first_traded,closest_removed_last_traded,closest_removed_wording_match,closest_removed_why,candidates_removed_on_meaning,record_overruled_gate,official_record_note,record_narrowed_note,best_candidate_passing_every_rule,best_candidate_description,best_candidate_wording_match,best_candidate_is_the_leftover_line,how_they_relate,family_of_the_retiring_code,family_evidence,class_residual_available,class_residual_description,class_residual_wording_match,same_wording_reappears_at,same_wording_reappears_from,same_wording_gap_months,substance_named_again_later,successor_also_retires,chain_ends_at,chain_hops,successor_swaps_a_term,term_in_the_retiring_code,term_in_the_successor,successor_was_carved_out_of_it,carved_out_term,carved_out_by,a_leftover_line_widened_here,widened_line,widened_line_added_terms,widened_line_rank,successor_co_traded_months,codes_never_considered,closest_never_considered,closest_never_considered_description,closest_never_considered_wording_match
imports:3004.32.00.89:2001-12,1,ANALYST - a candidate is shown but NOT recommended,decide,1,"a list lost an item, or one code is the leftover case of the other",imports,3004.32.00.89,"Adrenal cortical hormones, nes, for human use, in dosage",2001-12,128397239.00,3004.32.00.11,"Hydrocortisone, for human use, in dosage",2002-01,2011-12,yes,no,0,no,none,"SAME FRAME, DIFFERENT TERM: adrenal cortical hormone against hydrocortisone. The wording match is scoring the boilerplate these two share, not the word that says what the goods are.",0.7473,0.4286,3004.32.00.19,"Medicaments containing corticosteroid hormones, for human use, nes",2002-01,2011-12,0.6325,0,no official source reaches this boundary,3004.32.00.20,"Corticosteriod hormones, for veterinary use, in dosage",2002-01,2011-12,0.6667,use,3004.32.00.20 (use); 3004.32.00.00 (continuity),none,no official source reaches 200201,,3004.32.00.19,"Medicaments containing corticosteroid hormones, for human use, nes",0.6325,yes,same class,Adrenal cortical hormones,"asserted, unsourced",3004.32.00.19,"Medicaments containing corticosteroid hormones, for human use, nes (0.6325)",0.6325,,,,NO,,,,yes,adrenal cortical hormone,hydrocortisone,yes,hydrocortisone,3004.32.00.81,no,,,,,236,3004.39.00.85,"Hormones, nes, for human use, in dosage",0.8090
exports:3004.90.10:1988-12,2,CONFIRM - the evidence supports this link,decide,1,"a list lost an item, or one code is the leftover case of the other",exports,3004.90.10,"Medicaments nes, in dosage, for human use",1988-12,52047406.00,3004.90.00,"Medicaments nes, in dosage",1989-01,2017-12,yes,yes,0,no,approve,,0.7812,0.5000,,,,,,0,no official source reaches this boundary,3004.90.90,"Medicaments,nes,therap/prophltc uses,doses/pack f retail sale,o/t No 30.02/05/06",2018-01,2026-06,0.4538,continuity,3004.90.90 (continuity),none,no official source reaches 198901,,,,,,unknown,,,,,,,,,NO,yes,3004.60.00,2,no,,,no,,,no,,,,,60,3004.49.00,"Medi,cont alkaloids/deriv t/o,nes,therap/prophltc,doses/frs,o/t No 30.02/05/06",0.5548
imports:3004.90.99.40:1989-12,3,CONFIRM - the evidence supports this link,decide,1,"a list lost an item, or one code is the leftover case of the other",imports,3004.90.99.40,"Anti-infective agents, for human use, in dosage",1989-12,45447503.00,3004.90.99.49,"Anti-infective agents, for human use, in dosage, nes",1990-01,1997-12,yes,no,0,no,approve,,0.9574,1.0000,3004.90.99.60,"Antineoplastic agents, for human use, in dosage",1988-01,1997-12,0.8667,26,no official source reaches this boundary,3004.90.00.69,"Anti-infective agents, for human use, in dosage, nes",1998-01,2026-06,0.9574,continuity,3004.90.00.69 (continuity); 3004.90.00.72 (continuity); 3004.90.00.33 (continuity); 3004.90.00.34 (continuity); 3004.90.00.61 (continuity); 3004.90.00.49 (continuity); 3004.90.00.71 (continuity); 3004.90.00.77 (continuity); 3004.90.00.42 (continuity); 3004.90.00.31 (continuity); 3004.90.00.43 (continuity); 3004.90.00.75 (continuity); 3004.90.00.32 (continuity); 3004.90.00.79 (continuity); 3004.90.00.36 (continuity); 3004.90.00.24 (continuity); 3004.90.00.41 (continuity); 3004.90.00.25 (continuity); 3004.90.00.73 (continuity); 3004.90.99.93 (use); 3004.90.00.81 (continuity;use); 3004.90.99.91 (use); 3004.90.00.76 (continuity); 3004.90.00.74 (continuity); 3004.90.00.89 (continuity;use); 3004.90.99.99 (use); 3004.90.00.90 (continuity;use); 3004.90.00.35 (continuity); 3004.90.00.50 (continuity); 3004.90.00.22 (continuity); 3004.90.00.23 (continuity); 3004.90.00.78 (continuity); 3004.90.00.39 (continuity); 3004.90.00.27 (continuity); 3004.90.00.11 (continuity); 3004.90.00.19 (continuity); 3004.90.00.20 (continuity); 3004.90.00.29 (continuity); 3004.90.00.26 (continuity); 3004.90.00.12 (continuity); 3004.90.00.21 (continuity),none,no official source reaches 199001,,,,,,its own leftover line,"Anti-infective agents, for human use, in dosage, nes",derived from the tariff block,,,,,,,yes,yes,3004.90.00.69,2,no,,,no,,,no,,,,,311,3004.20.00.69,"Antibiotics, nes, for human use, in dosage",0.7857
imports:3004.90.10.90:1997-12,4,CONFIRM - the evidence supports this link,decide,1,"a list lost an item, or one code is the leftover case of the other",imports,3004.90.10.90,"Mx of amino acids & protein hydrolysates, etc, in dosage",1997-12,40955791.00,3004.90.00.19,"Mx of amino acids & protein hydrolysates, etc, in dosage, nes",1998-01,2026-06,yes,no,0,no,approve,,0.9630,1.0000,3004.90.00.11,"Mixtures of amino acids, nes, in dosage",1998-01,2026-06,0.6966,27,no official source reaches this boundary,3004.90.00.21,"Medi cont cannabis/cannabinoids, therap/prophltc uses, doses/pack f retail sale",2018-04,2026-06,0.4031,continuity,3004.90.00.21 (continuity); 3004.90.00.90 (continuity); 3004.90.00.25 (continuity); 3004.90.00.27 (continuity); 3004.90.00.22 (continuity); 3004.90.00.24 (continuity); 3004.90.00.26 (continuity); 3004.90.00.29 (continuity); 3004.90.00.23 (continuity),none,no official source reaches 199801,,,,,,a catch-all line that may cover it,,,,,,,,,yes,,,,no,,,no,,,no,,,,,207,3004.50.00.10,"Mx of amino acids & vitamins,& mx of amino acids, protein hydrolysates & vit,etc",0.6720
imports:3004.32.00.90:2001-12,5,ANALYST - a candidate is shown but NOT recommended,decide,1,"a list lost an item, or one code is the leftover case of the other",imports,3004.32.00.90,"Adrenal cortical hormones, for vet use, in dosage",2001-12,38149408.00,3004.32.00.20,"Corticosteriod hormones, for veterinary use, in dosage",2002-01,2011-12,yes,no,0,no,none,"SAME FRAME, DIFFERENT TERM: adrenal cortical against corticosteriod. The wording match is scoring the boilerplate these two share, not the word that says what the goods are.",0.7475,0.5714,,,,,,0,no official source reaches this boundary,3004.32.00.11,"Hydrocortisone, for human use, in dosage",2002-01,2011-12,0.6824,use,3004.32.00.11 (use); 3004.32.00.19 (use); 3004.32.00.00 (continuity),none,no official source reaches 200201,,,,,,same class,Adrenal cortical hormones,"asserted, unsourced",,,,,,,yes,,,,yes,adrenal cortical,corticosteriod,no,,,no,,,,,236,3004.39.00.81,"Anterior pituitary hormones, for human use, in dosage",0.7143
imports:3002.90.10.10:1996-12,6,CONFIRM - the evidence supports this link,decide,1,"a list lost an item, or one code is the leftover case of the other",imports,3002.90.10.10,"Toxins, toxoids, antitoxins, viruses, bacteriophage and bacterial lysates",1996-12,17090674.00,3002.90.00.19,"Toxins, toxoids, antitoxins, viruses, bacteriophage and bacterial lysates, nes",1998-01,2016-12,no,no,12,no,approve,,0.9718,1.0000,3002.90.10.19,"Toxins, toxoids, antitoxins, viruses, bacteriophage and bacterial lysates, nes",1997-01,1997-12,0.9718,13,no official source reaches this boundary,3002.90.00.10,"Toxins, toxoids, antitoxins, viruses, bacteriophage and bacterial lysates",2017-01,2021-12,1.0000,continuity,3002.90.00.10 (continuity); 3002.90.00.93 (continuity); 3002.90.00.30 (continuity); 3002.90.00.40 (continuity); 3002.90.00.12 (continuity); 3002.90.00.90 (continuity); 3002.90.00.50 (continuity),none,no official source reaches 199701,,,,,,its own leftover line,"Toxins, toxoids, antitoxins, viruses, bacteriophage and bacterial lysates, nes",derived from the tariff block,,,,3002.90.00.10,2017-01,240,yes,,,,no,,,no,,,no,,,,,341,3005.90.00.20,"Dressings & sim articles coated or impreg w pharm substances, nes",0.3969
imports:3004.10.00.14:1991-12,7,CONFIRM - the evidence supports this link,decide,6,"the wording and the meaning both match, please spot check",imports,3004.10.00.14,"Amoxycillin for human use, in dosage",1991-12,9591808.00,3004.10.00.13,"Amoxycillin for human use, in dosage",1988-01,2011-12,no,no,0,no,approve,,1.0000,1.0000,3004.10.00.12,"Penicillin V for human use, in dosage",1988-01,2011-11,0.8451,3,no official source reaches this boundary,3004.10.00.31,"Penicillins or their derivs, for vet use, in dosage",1988-01,2011-12,0.5952,use,3004.10.00.31 (use); 3004.10.00.32 (use); 3004.10.00.10 (continuity); 3004.10.00.90 (continuity;use),none,no official source reaches 199201,,,,,,the same commodity under a new number,"Penicillins or their derivs nes, for human use, in dosage",derived from the tariff block,,,,,,,yes,,,,no,,,no,,,no,,,,46,363,3004.40.00.50,"Aminophylline, for human use, in dosage",0.8889
exports:3004.20.10:1988-12,8,CONFIRM - the evidence supports this link,decide,1,"a list lost an item, or one code is the leftover case of the other",exports,3004.20.10,"Antibiotics nes, in dosage, for human use",1988-12,7651667.00,3004.20.00,"Antibiotics nes, in dosage",1989-01,2026-06,yes,yes,0,no,approve,,0.7812,0.5000,,,,,,0,no official source reaches this boundary,,,,,,,none,none,no official source reaches 198901,,,,,,unknown,,,,,,,,,,,,,no,,,no,,,no,,,,,62,3004.90.00,"Medicaments nes, in dosage",0.5625
exports:3004.39.10:1988-12,9,CONFIRM - the evidence supports this link,decide,1,"a list lost an item, or one code is the leftover case of the other",exports,3004.39.10,"Hormones nes, not containing antibiotics, in dosage,o/t contraceptive,human use",1988-12,6819167.00,3004.39.00,"Hormones nes, not containing antibiotics, in dosage,o/t contraceptive",1989-01,2026-06,yes,yes,0,no,approve,,0.9306,0.7143,,,,,,0,no official source reaches this boundary,,,,,,,none,none,no official source reaches 198901,,,,,,unknown,,,,,,,,,yes,,,,no,,,no,,,no,,,,,62,3003.39.00,"Hormones nes, formulated, not cntg antibiotics, in bulk, o/t contraceptives",0.7568
exports:3004.90.20:1988-12,10,CONFIRM - the evidence supports this link,decide,1,"a list lost an item, or one code is the leftover case of the other",exports,3004.90.20,"Medicaments nes, in dosage, for veterinary use",1988-12,5163106.00,3004.90.00,"Medicaments nes, in dosage",1989-01,2017-12,yes,yes,0,no,approve,,0.7246,0.5000,,,,,,0,no official source reaches this boundary,3004.90.90,"Medicaments,nes,therap/prophltc uses,doses/pack f retail sale,o/t No 30.02/05/06",2018-01,2026-06,0.4516,continuity,3004.90.90 (continuity); 3004.90.10 (continuity),none,no official source reaches 198901,,,,,,unknown,,,,,,,,,,yes,3004.60.00,2,no,,,no,,,no,,,,,60,3002.30.10,"Vaccines against foot or mouth disease, veterinary use",0.5567
imports:3004.40.90.20:1997-07,11,ANALYST - a candidate is shown but NOT recommended,decide,1,"a list lost an item, or one code is the leftover case of the other",imports,3004.40.90.20,"Quinidine sulphate, for human use, in dosage",1997-07,4869341.00,3004.40.00.20,"Vincristine, for human use, in dosage",1998-01,2011-12,no,no,5,no,none,"SAME FRAME, DIFFERENT TERM: quinidine sulphate against vincristine. The wording match is scoring the boilerplate these two share, not the word that says what the goods are.",0.7792,0.5000,3004.40.90.30,"Vincristine, for human use, in dosage",1988-02,1997-11,0.7792,13,no official source reaches this boundary,,,,,,,none,none,no official source reaches 199708,,3004.40.00.80,"Narcotic veg alkaloids or their narc derivs, nes, for human use, in dosage",0.5487,no,different class,Non-narcotic vegetable alkaloids,"asserted, unsourced",3004.40.90.19; 3004.40.90.80; 3004.40.90.90,"Codeine or its derivs nes, for human use, in dosage (0.6813); Narcotic veg alkaloids or their narc derivs, nes, for human use, in dosage (0.5487); Non-narc veg alkaloids or their non-narc derivs, nes, for human use, in dosage (0.5299)",0.6813,,,,NO,,,,yes,quinidine sulphate,vincristine,no,,,no,,,,,343,3004.31.00.90,"Insulin, nes, for human use, in dosage",0.7792
exports:3004.10.10:1988-12,12,CONFIRM - the evidence supports this link,decide,1,"a list lost an item, or one code is the leftover case of the other",exports,3004.10.10,"Penicillins or streptomycins and their derivatives,in dosage,for human use",1988-12,3401123.00,3004.10.00,"Penicillins or streptomycins and their derivatives, in dosage",1989-01,2026-06,yes,yes,0,no,approve,,0.8955,0.7143,,,,,,0,no official source reaches this boundary,,,,,,,none,none,no official source reaches 198901,,,,,,unknown,,,,,,,,,,,,,no,,,no,,,no,,,,,62,3003.10.00,"Penicillins or streptomycins and their derivatives, formulated, in bulk",0.7692
imports:3004.32.90.12:1997-06,13,ANALYST - a candidate is shown but NOT recommended,decide,1,"a list lost an item, or one code is the leftover case of the other",imports,3004.32.90.12,"Betamethasone, for human use, in dosage",1997-06,1190222.00,3004.32.00.81,"Hydrocortisone, for human use, in dosage",1998-01,2001-12,no,no,6,no,none,"SAME FRAME, DIFFERENT TERM: betamethasone against hydrocortisone. The wording match is scoring the boilerplate these two share, not the word that says what the goods are.",0.7733,0.6000,3004.32.90.11,"Hydrocortisone, for human use, in dosage",1988-01,1997-12,0.7733,4,no official source reaches this boundary,3004.32.00.82,"Betamethasone, for human use, in dosage",2000-11,2001-11,1.0000,continuity,3004.32.00.82 (continuity); 3004.32.00.11 (continuity); 3004.32.00.90 (use); 3004.32.90.20 (use); 3004.32.00.20 (continuity;use); 3004.32.00.19 (continuity); 3004.32.00.00 (continuity),none,no official source reaches 199707,,3004.32.00.89,"Adrenal cortical hormones, nes, for human use, in dosage",0.6889,no,same class,"Adrenal cortical hormones, nes, for human use, in dosage","asserted, unsourced",3004.32.90.19,"Adrenal cortical hormones, nes, for human use, in dosage (0.6889)",0.6889,3004.32.00.82,2000-11,40,yes,yes,3004.32.00.11,2,yes,betamethasone,hydrocortisone,no,,,no,,,,,347,3004.90.00.79,"Medicaments nes, for human use, in dosage",0.8421
imports:3004.20.00.52:1996-11,14,ANALYST - a candidate is shown but NOT recommended,decide,1,"a list lost an item, or one code is the leftover case of the other",imports,3004.20.00.52,"Polymyxins, for human use, in dosage",1996-11,1094147.00,3004.20.00.63,"Vancomycin, for human use, in dosage",1988-01,2011-12,no,no,0,no,none,"SAME FRAME, DIFFERENT TERM: polymyxin against vancomycin. The wording match is scoring the boilerplate these two share, not the word that says what the goods are.",0.8529,0.6000,3004.20.00.41,"Gentamycins, for human use, in dosage",1988-01,2011-12,0.8406,10,no official source reaches this boundary,3004.20.00.71,"Ivermectin, for vet use, in dosage",1989-01,2011-12,0.6667,use,3004.20.00.71 (use); 3004.20.00.79 (use); 3004.20.00.11 (continuity); 3004.20.00.13 (continuity); 3004.20.00.12 (continuity); 3004.20.00.18 (continuity); 3004.20.00.90 (continuity;use); 3004.20.00.80 (continuity;use); 3004.20.00.19 (continuity),none,no official source reaches 199612,,3004.20.00.69,"Antibiotics, nes, for human use, in dosage",0.7671,yes,different family,"Polypeptide antibiotics, nes, for human use, in dosage",derived from the tariff block,3004.20.00.69; 3004.20.00.59; 3004.20.00.39; 3004.20.00.49,"Antibiotics, nes, for human use, in dosage (0.7671); Polypeptides antibiotics, nes, for human use, in dosage (0.7209); Macrolide antibiotics nes, for human use, in dosage (0.6988); Aminoglycoside antibiotics, nes, for human use, in dosage (0.6818)",0.7671,,,,NO,,,,yes,polymyxin,vancomycin,no,,,no,,,,105,344,3004.90.00.42,"Laxatives, for human use, in dosage",0.8358
exports:3004.10.20:1988-12,15,CONFIRM - the evidence supports this link,decide,1,"a list lost an item, or one code is the leftover case of the other",exports,3004.10.20,"Penicillins or streptomycins and their derivatives,in dosage,for vet use",1988-12,992811.00,3004.10.00,"Penicillins or streptomycins and their derivatives, in dosage",1989-01,2026-06,yes,yes,0,no,approve,,0.9091,0.7143,,,,,,0,no official source reaches this boundary,,,,,,,none,none,no official source reaches 198901,,,,,,unknown,,,,,,,,,yes,,,,no,,,no,,,no,,,,,62,3003.10.00,"Penicillins or streptomycins and their derivatives, formulated, in bulk",0.7801
exports:3004.20.20:1988-12,16,CONFIRM - the evidence supports this link,decide,1,"a list lost an item, or one code is the leftover case of the other",exports,3004.20.20,"Antibiotics nes, in dosage, for veterinary use",1988-12,718992.00,3004.20.00,"Antibiotics nes, in dosage",1989-01,2026-06,yes,yes,0,no,approve,,0.7246,0.5000,,,,,,0,no official source reaches this boundary,,,,,,,none,none,no official source reaches 198901,,,,,,unknown,,,,,,,,,,,,,no,,,no,,,no,,,,,62,3002.30.00,"Vaccines, for veterinary medecine",0.5789
imports:3004.20.00.64:1991-12,17,ANALYST - a candidate is shown but NOT recommended,decide,1,"a list lost an item, or one code is the leftover case of the other",imports,3004.20.00.64,"Lincomycin, for human use, in dosage",1991-12,510594.00,3004.20.00.63,"Vancomycin, for human use, in dosage",1988-01,2011-12,no,no,0,no,none,"SAME FRAME, DIFFERENT TERM: lincomycin against vancomycin. The wording match is scoring the boilerplate these two share, not the word that says what the goods are.",0.9412,0.6000,3004.20.00.62,"Mitomycin C, for human use, in dosage",1988-03,2011-10,0.8986,11,no official source reaches this boundary,3004.20.00.71,"Ivermectin, for vet use, in dosage",1989-01,2011-12,0.6970,use,3004.20.00.71 (use); 3004.20.00.79 (use); 3004.20.00.12 (continuity); 3004.20.00.13 (continuity); 3004.20.00.11 (continuity); 3004.20.00.18 (continuity); 3004.20.00.80 (continuity;use); 3004.20.00.90 (continuity;use); 3004.20.00.19 (continuity),none,no official source reaches 199201,,3004.20.00.69,"Antibiotics, nes, for human use, in dosage",0.7123,yes,same family,"Antibiotics, nes, for human use, in dosage",derived from the tariff block,3004.20.00.69; 3004.20.00.39; 3004.20.00.59; 3004.20.00.49,"Antibiotics, nes, for human use, in dosage (0.7123); Macrolide antibiotics nes, for human use, in dosage (0.6988); Polypeptide antibiotics, nes, for human use, in dosage (0.6824); Aminoglycoside antibiotics, nes, for human use, in dosage (0.6818)",0.7123,,,,NO,,,,yes,lincomycin,vancomycin,no,,,no,,,,46,350,3004.10.00.13,"Amoxycillin for human use, in dosage",0.8406
exports:3004.43.00:2022-03,18,DO NOT DECIDE - the record does not call this a retirement,"NOT A RETIREMENT, nothing to decide",not a retirement,"the delivery records no termination for this line and the number was never handed to different goods, so trade stopped without the classification ending. There is no transfer to trace and nothing here to answer.",exports,3004.43.00,"Medi,cont norephedrine/salts,therap/prophltc,in doses/frs,o/t No 30.02/05/06",2022-03,497680.00,3004.41.00,"Medicaments,cont ephedrin/salts,therap/prophltc,in doses/frs,o/t No 30.02/05/06",2017-01,2026-05,no,no,0,no,none,"SAME FRAME, DIFFERENT TERM: norephedrine against ephedrin. The wording match is scoring the boilerplate these two share, not the word that says what the goods are.",0.9290,0.8750,3004.20.00,"Medicaments,cont antibiotics,f therap/prophltc,in doses/frs,o/t No 30.02/05/06",1989-01,2026-06,0.8052,9,a tariff schedule was read and ruled nothing out,3004.42.00,"Medi,cont pseudoephedrine/salts,therap/prophltc,in doses/frs,o/t No 30.02/05/06",2017-01,2026-06,0.9548,stimulant,3004.42.00 (stimulant),none,"the 2022 schedule holds every candidate, so it excludes none",,3004.49.00,"Medi,cont alkaloids/deriv t/o,nes,therap/prophltc,doses/frs,o/t No 30.02/05/06",0.8052,no,same class,Non-narcotic vegetable alkaloids,"asserted, unsourced",,,,,,,NO,yes,3004.42.00,2,yes,norephedrine,ephedrin,no,,,no,,,,61,32,3003.42.00,"Medicaments,cont pseudoephedrine/sa,mix,therap/prophltc,nfrs,o/t No 30.02/05/06",0.8129
exports:3004.39.20:1988-12,19,CONFIRM - the evidence supports this link,decide,1,"a list lost an item, or one code is the leftover case of the other",exports,3004.39.20,"Hormones nes, not containing antibiotics, in dosage,o/t contraceptive,vet use",1988-12,304529.00,3004.39.00,"Hormones nes, not containing antibiotics, in dosage,o/t contraceptive",1989-01,2026-06,yes,yes,0,no,approve,,0.9437,0.7143,,,,,,0,no official source reaches this boundary,,,,,,,none,none,no official source reaches 198901,,,,,,unknown,,,,,,,,,yes,,,,no,,,no,,,no,,,,,62,3003.39.00,"Hormones nes, formulated, not cntg antibiotics, in bulk, o/t contraceptives",0.7671
imports:3004.40.90.60:1994-03,20,ANALYST - a candidate is shown but NOT recommended,decide,1,"a list lost an item, or one code is the leftover case of the other",imports,3004.40.90.60,"Cocaine or its derivs, for human use, in dosage",1994-03,217467.00,3004.40.90.50,"Morphine or its derivs, for human use, in dosage",1988-01,1997-12,no,no,0,no,none,"SAME FRAME, DIFFERENT TERM: cocaine against morphine. The wording match is scoring the boilerplate these two share, not the word that says what the goods are.",0.9231,0.7143,3004.40.90.19,"Codeine or its derivs nes, for human use, in dosage",1988-01,1997-12,0.9149,8,no official source reaches this boundary,3004.40.00.40,"Morphine or its derivs, for human use, in dosage",1998-01,2016-12,0.9231,continuity,3004.40.00.40 (continuity); 3004.40.00.10 (continuity); 3004.40.00.80 (continuity); 3004.40.00.20 (continuity); 3004.40.00.30 (continuity); 3004.40.00.50 (continuity); 3004.40.00.90 (continuity),none,no official source reaches 199404,,3004.40.90.19,"Codeine or its derivs nes, for human use, in dosage",0.9149,yes,different class,Narcotic vegetable alkaloids,"asserted, unsourced",3004.40.90.19; 3004.40.90.80; 3004.40.90.90,"Codeine or its derivs nes, for human use, in dosage (0.9149); Narcotic veg alkaloids or their narc derivs, nes, for human use, in dosage (0.7069); Non-narc veg alkaloids or their non-narc derivs, nes, for human use, in dosage (0.6500)",0.9149,,,,yes,yes,3004.40.00.40,2,yes,cocaine,morphine,no,,,no,,,,73,353,3004.20.00.10,"Tetracyclines or their derivs, for human use, in dosage",0.8367
imports:3004.20.00.66:1991-01,21,ANALYST - a candidate is shown but NOT recommended,decide,1,"a list lost an item, or one code is the leftover case of the other",imports,3004.20.00.66,"Spectinomycin, for human use, in dosage",1991-01,185394.00,3004.20.00.64,"Lincomycin, for human use, in dosage",1988-01,1991-12,no,no,0,no,none,"SAME FRAME, DIFFERENT TERM: spectinomycin against lincomycin. The wording match is scoring the boilerplate these two share, not the word that says what the goods are.",0.9014,0.6000,3004.20.00.31,"Erythromycin, for human use, in dosage",1988-01,2011-12,0.8767,12,no official source reaches this boundary,3004.20.00.71,"Ivermectin, for vet use, in dosage",1989-01,2011-12,0.6957,use,3004.20.00.71 (use); 3004.20.00.12 (continuity); 3004.20.00.79 (use); 3004.20.00.13 (continuity); 3004.20.00.18 (continuity); 3004.20.00.11 (continuity); 3004.20.00.90 (continuity;use); 3004.20.00.80 (continuity;use); 3004.20.00.19 (continuity),none,no official source reaches 199102,,3004.20.00.69,"Antibiotics, nes, for human use, in dosage",0.7105,yes,same family,"Antibiotics, nes, for human use, in dosage",derived from the tariff block,3004.20.00.69; 3004.20.00.59; 3004.20.00.49; 3004.20.00.39,"Antibiotics, nes, for human use, in dosage (0.7105); Polypeptide antibiotics, nes, for human use, in dosage (0.7273); Aminoglycoside antibiotics, nes, for human use, in dosage (0.6813); Macrolide antibiotics nes, for human use, in dosage (0.6512)",0.7105,,,,NO,"yes, within 11 months",3004.20.00.63,2,yes,spectinomycin,lincomycin,no,,,no,,,,35,354,3004.40.00.50,"Aminophylline, for human use, in dosage",0.8108
imports:3004.90.99.93:1991-06,22,ANALYST - a candidate is shown but NOT recommended,decide,1,"a list lost an item, or one code is the leftover case of the other",imports,3004.90.99.93,"Tranquilizers, for veterinary use, in dosage",1991-06,161155.00,3004.90.99.91,"Anaesthetic, for veterinary use, in dosage",1988-01,1997-12,no,no,0,no,none,"SAME FRAME, DIFFERENT TERM: tranquilizer against anaesthetic. The wording match is scoring the boilerplate these two share, not the word that says what the goods are.",0.7805,0.6000,3004.90.99.99,"Medicaments nes, for veterinary use, in dosage",1988-01,1997-12,0.7674,4,no official source reaches this boundary,3004.90.00.81,"Anaesthetic, for veterinary use, in dosage",1998-01,2011-12,0.7805,continuity,3004.90.00.81 (continuity); 3004.90.00.89 (continuity); 3004.90.00.90 (continuity); 3004.90.00.32 (continuity;use); 3004.90.99.12 (use); 3004.90.00.43 (continuity;use); 3004.90.99.23 (use); 3004.90.00.42 (continuity;use); 3004.90.99.22 (use); 3004.90.00.31 (continuity;use); 3004.90.99.11 (use); 3004.90.00.72 (continuity;use); 3004.90.99.60 (use); 3004.90.00.75 (continuity;use); 3004.90.99.81 (use); 3004.90.00.34 (continuity;use); 3004.90.99.14 (use); 3004.90.00.79 (continuity;use); 3004.90.99.89 (use); 3004.90.00.33 (continuity;use); 3004.90.99.13 (use); 3004.90.00.36 (continuity;use); 3004.90.00.69 (continuity;use); 3004.90.99.16 (use); 3004.90.99.49 (use); 3004.90.00.11 (continuity); 3004.90.00.71 (continuity;use); 3004.90.99.50 (use); 3004.90.99.71 (use); 3004.90.00.49 (continuity;use); 3004.90.99.29 (use); 3004.90.00.41 (continuity;use); 3004.90.99.21 (use); 3004.90.00.77 (continuity;use); 3004.90.99.83 (use); 3004.90.00.73 (continuity;use); 3004.90.00.61 (continuity;use); 3004.90.00.23 (continuity;use); 3004.90.99.41 (use); 3004.90.00.74 (continuity;use); 3004.90.99.79 (use); 3004.90.00.78 (continuity;use); 3004.90.99.84 (use); 3004.90.00.25 (continuity;use); 3004.90.00.24 (continuity;use); 3004.90.00.19 (continuity); 3004.90.00.22 (continuity;use); 3004.90.00.35 (continuity;use); 3004.90.99.15 (use); 3004.90.00.50 (continuity;use); 3004.90.99.30 (use); 3004.90.00.12 (continuity); 3004.90.00.27 (continuity;use); 3004.90.00.39 (continuity;use); 3004.90.99.19 (use); 3004.90.00.76 (continuity;use); 3004.90.99.82 (use); 3004.90.00.20 (continuity); 3004.90.00.29 (continuity;use); 3004.90.00.26 (continuity;use); 3004.90.00.21 (continuity),none,no official source reaches 199107,,3004.90.99.99,"Medicaments nes, for veterinary use, in dosage",0.7674,yes,different class,"Medicaments nes, for veterinary use, in dosage","asserted, unsourced",3004.90.99.99,"Medicaments nes, for veterinary use, in dosage (0.7674)",0.7674,,,,yes,yes,3004.90.00.81,2,yes,tranquilizer,anaesthetic,no,,,no,,,,40,307,3004.32.00.20,"Corticosteriod hormones, for veterinary use, in dosage",0.7234
imports:3004.20.00.65:1989-04,23,CONFIRM - the evidence supports this link,decide,2,the wording matches closely but the meaning does not,imports,3004.20.00.65,"Lincomycin, for human use, in dosage",1989-04,128029.00,3004.20.00.64,"Lincomycin, for human use, in dosage",1988-01,1991-12,no,no,0,no,approve,,1.0000,0.6000,3004.20.00.63,"Vancomycin, for human use, in dosage",1988-01,2011-12,0.9412,14,no official source reaches this boundary,3004.20.00.71,"Ivermectin, for vet use, in dosage",1989-01,2011-12,0.6970,use,3004.20.00.71 (use); 3004.20.00.79 (use); 3004.20.00.12 (continuity); 3004.20.00.13 (continuity); 3004.20.00.11 (continuity); 3004.20.00.18 (continuity); 3004.20.00.80 (continuity;use); 3004.20.00.90 (continuity;use); 3004.20.00.19 (continuity),none,no official source reaches 198905,,,,,,the same commodity under a new number,"Antibiotics, nes, for human use, in dosage",derived from the tariff block,,,,,,,yes,yes,3004.20.00.63,2,no,,,no,,,no,,,,14,359,3004.10.00.13,"Amoxycillin for human use, in dosage",0.8406
imports:3004.40.90.11:1996-12,24,ANALYST - a candidate is shown but NOT recommended,decide,1,"a list lost an item, or one code is the leftover case of the other",imports,3004.40.90.11,"Codeine phosphate, for human use, in dosage",1996-12,111515.00,3004.40.90.20,"Quinidine sulphate, for human use, in dosage",1988-02,1997-07,no,no,0,no,none,"SAME FRAME, DIFFERENT TERM: codeine phosphate against quinidine sulphate. The wording match is scoring the boilerplate these two share, not the word that says what the goods are.",0.8434,0.4286,3004.40.00.10,"Codeine or its derivatives, for human use, in dosage",1998-01,2011-12,0.8132,13,no official source reaches this boundary,3004.40.00.50,"Aminophylline, for human use, in dosage",1998-03,2011-12,0.7436,continuity,3004.40.00.50 (continuity),none,no official source reaches 199701,,3004.40.00.80,"Narcotic veg alkaloids or their narc derivs, nes, for human use, in dosage",0.5714,no,different family,"Codeine or its derivs nes, for human use, in dosage",derived from the tariff block,3004.40.90.19; 3004.40.90.80; 3004.40.90.90,"Codeine or its derivs nes, for human use, in dosage (0.7778); Narcotic veg alkaloids or their narc derivs, nes, for human use, in dosage (0.5714); Non-narc veg alkaloids or their non-narc derivs, nes, for human use, in dosage (0.5517)",0.7778,,,,yes,"yes, within 7 months",3004.40.00.20,2,yes,codeine phosphate,quinidine sulphate,no,,,no,,,,105,347,3004.20.00.20,"Cephalosporins, for human use, in dosage",0.7848
imports:3006.80.90.42:2006-04,25,ANALYST - a candidate is shown but NOT recommended,decide,1,"a list lost an item, or one code is the leftover case of the other",imports,3006.80.90.42,Waste pharmaceuticals of the goods of subheadings 3004.40 or 3004.50,2006-04,86732.00,3006.80.90.41,Waste pharmaceuticals of the goods of subheadings 3004.10 to 3004.39,2003-06,2006-10,no,no,0,no,none,"SAME FRAME, DIFFERENT TERM: 40 50 against 10 39. The wording match is scoring the boilerplate these two share, not the word that says what the goods are.",0.9412,0.5556,3006.80.90.50,Waste pharmaceuticals of the goods of heading 30.05,2002-04,2006-12,0.8403,3,the WCO correlation names a subheading no candidate trades under,,,,,,,none,none,"the WCO 2002 to 2007 correlation sends this subheading to 300692, which no candidate trades under","THE OFFICIAL RECORD NARROWED THIS ROW: the WCO 2002 to 2007 correlation sends this subheading to 300692, which no candidate trades under. The proposal rests on the correlation table and not on wording alone. The tables map six digits to six digits, so the record chose the SUBHEADING; the statistical line beneath it is still the analyst's.",,,,,different class,Waste pharmaceuticals,"asserted, unsourced",,,,,,,yes,"yes, within 6 months",3006.92.00.00,3,yes,40 50,10 39,no,,,no,,,,33,230,3006.92.00.00,"Waste pharmaceuticals, nes",0.5161
imports:3002.10.29.20:1991-04,26,CONFIRM - the evidence supports this link,decide,1,"a list lost an item, or one code is the leftover case of the other",imports,3002.10.29.20,"Blood fractions, nes, for use in animals",1991-04,77143.00,3002.10.29.90,"Blood fractions, nes",1988-01,1997-12,no,yes,0,no,approve,,0.6667,0.5000,3002.10.10.90,"Antisera & o blood fractions, of human origin, for other uses",1988-01,1997-12,0.5474,1,no official source reaches this boundary,3002.10.00.51,"Blood fractions, nes, for use in humans",1998-01,2016-12,0.9067,continuity;use,3002.10.00.51 (continuity;use); 3002.10.29.10 (use); 3002.10.00.59 (continuity); 3002.10.00.30 (continuity); 3002.10.00.10 (continuity); 3002.10.00.21 (continuity;use); 3002.10.10.21 (use); 3002.10.00.29 (continuity;use); 3002.10.10.29 (use); 3002.10.00.49 (continuity;use); 3002.10.21.90 (use); 3002.10.00.41 (continuity;use); 3002.10.21.10 (use); 3002.10.00.22 (continuity;use); 3002.10.00.23 (continuity;use); 3002.10.10.22 (use); 3002.10.10.23 (use); 3002.10.00.90 (continuity); 3002.10.00.42 (continuity;use); 3002.10.21.20 (use); 3002.10.00.60 (continuity),none,no official source reaches 199105,,,,,,unknown,,,,,,,,,yes,yes,3002.10.00.59,2,no,,,no,,,no,,,,38,352,3004.39.00.90,"Hormones, nes, for vet use, in dosage",0.6111
imports:3006.80.90.30:2005-01,27,ANALYST - a candidate is shown but NOT recommended,decide,1,"a list lost an item, or one code is the leftover case of the other",imports,3006.80.90.30,Waste pharmaceuticals of the goods of heading 30.03,2005-01,7134.00,3006.80.90.10,Waste pharmaceuticals of the goods of heading 30.01,2002-01,2005-10,no,no,0,no,none,"SAME FRAME, DIFFERENT TERM: 03 against 01. The wording match is scoring the boilerplate these two share, not the word that says what the goods are.",0.9804,0.7143,3006.80.90.20,Waste pharmaceuticals of the goods of heading 30.02,2004-07,2005-11,0.9804,7,the WCO correlation names a subheading no candidate trades under,,,,,,,none,none,"the WCO 2002 to 2007 correlation sends this subheading to 300692, which no candidate trades under","THE OFFICIAL RECORD NARROWED THIS ROW: the WCO 2002 to 2007 correlation sends this subheading to 300692, which no candidate trades under. The proposal rests on the correlation table and not on wording alone. The tables map six digits to six digits, so the record chose the SUBHEADING; the statistical line beneath it is still the analyst's.",,,,,same class,Waste pharmaceuticals,"asserted, unsourced",,,,,,,yes,"yes, within 9 months",3006.92.00.00,4,yes,03,01,no,,,no,,,,35,230,3006.92.00.00,"Waste pharmaceuticals, nes",0.6316
imports:3004.20.00.42:1990-07,28,ANALYST - a candidate is shown but NOT recommended,decide,1,"a list lost an item, or one code is the leftover case of the other",imports,3004.20.00.42,"Kanamycins, for human use, in dosage",1990-07,4757.00,3004.20.00.41,"Gentamycins, for human use, in dosage",1988-01,2011-12,no,no,0,no,none,"SAME FRAME, DIFFERENT TERM: kanamycin against gentamycin. The wording match is scoring the boilerplate these two share, not the word that says what the goods are.",0.9275,0.6000,3004.20.00.63,"Vancomycin, for human use, in dosage",1988-01,2011-12,0.9118,13,no official source reaches this boundary,3004.20.00.71,"Ivermectin, for vet use, in dosage",1989-01,2011-12,0.6970,use,3004.20.00.71 (use); 3004.20.00.79 (use); 3004.20.00.13 (continuity); 3004.20.00.11 (continuity); 3004.20.00.12 (continuity); 3004.20.00.18 (continuity); 3004.20.00.90 (continuity;use); 3004.20.00.80 (continuity;use); 3004.20.00.19 (continuity),none,no official source reaches 199008,,3004.20.00.49,"Aminoglycoside antibiotics, nes, for human use, in dosage",0.6591,yes,same family,"Aminoglycoside antibiotics, nes, for human use, in dosage",derived from the tariff block,3004.20.00.49; 3004.20.00.69; 3004.20.00.39; 3004.20.00.59,"Aminoglycoside antibiotics, nes, for human use, in dosage (0.6591); Antibiotics, nes, for human use, in dosage (0.7945); Macrolide antibiotics nes, for human use, in dosage (0.6988); Polypeptide antibiotics, nes, for human use, in dosage (0.6824)",0.6591,,,,NO,,,,yes,kanamycin,gentamycin,no,,,no,,,,29,354,3004.90.00.43,"Antacids, for human use, in dosage",0.9091
imports:3006.80.90.20:2005-11,29,ANALYST - a candidate is shown but NOT recommended,decide,1,"a list lost an item, or one code is the leftover case of the other",imports,3006.80.90.20,Waste pharmaceuticals of the goods of heading 30.02,2005-11,539.00,3006.80.90.50,Waste pharmaceuticals of the goods of heading 30.05,2002-04,2006-12,no,no,0,no,none,"SAME FRAME, DIFFERENT TERM: 02 against 05. The wording match is scoring the boilerplate these two share, not the word that says what the goods are.",0.9804,0.7143,3006.80.90.60,Waste pharmaceuticals of the goods of heading 30.06,2002-01,2006-12,0.9804,4,the WCO correlation names a subheading no candidate trades under,,,,,,,none,none,"the WCO 2002 to 2007 correlation sends this subheading to 300692, which no candidate trades under","THE OFFICIAL RECORD NARROWED THIS ROW: the WCO 2002 to 2007 correlation sends this subheading to 300692, which no candidate trades under. The proposal rests on the correlation table and not on wording alone. The tables map six digits to six digits, so the record chose the SUBHEADING; the statistical line beneath it is still the analyst's.",,,,,same class,Waste pharmaceuticals,"asserted, unsourced",,,,,,,yes,"yes, within 13 months",3006.92.00.00,2,yes,02,05,no,,,no,,,,42,230,3006.92.00.00,"Waste pharmaceuticals, nes",0.6316
imports:3006.80.90.10:2005-10,30,ANALYST - a candidate is shown but NOT recommended,decide,1,"a list lost an item, or one code is the leftover case of the other",imports,3006.80.90.10,Waste pharmaceuticals of the goods of heading 30.01,2005-10,53.00,3006.80.90.20,Waste pharmaceuticals of the goods of heading 30.02,2004-07,2005-11,no,no,0,no,none,"SAME FRAME, DIFFERENT TERM: 01 against 02. The wording match is scoring the boilerplate these two share, not the word that says what the goods are.",0.9804,0.7143,3006.80.90.50,Waste pharmaceuticals of the goods of heading 30.05,2002-04,2006-12,0.9804,5,the WCO correlation names a subheading no candidate trades under,,,,,,,none,none,"the WCO 2002 to 2007 correlation sends this subheading to 300692, which no candidate trades under","THE OFFICIAL RECORD NARROWED THIS ROW: the WCO 2002 to 2007 correlation sends this subheading to 300692, which no candidate trades under. The proposal rests on the correlation table and not on wording alone. The tables map six digits to six digits, so the record chose the SUBHEADING; the statistical line beneath it is still the analyst's.",,,,,same class,Waste pharmaceuticals,"asserted, unsourced",,,,,,,yes,"yes, within 1 months",3006.92.00.00,3,yes,01,02,no,,,no,,,,14,230,3006.92.00.00,"Waste pharmaceuticals, nes",0.6316
imports:3004.32.00.82:2001-11,31,ANALYST - a candidate is shown but NOT recommended,decide,1,"a list lost an item, or one code is the leftover case of the other",imports,3004.32.00.82,"Betamethasone, for human use, in dosage",2001-11,25.00,3004.32.00.11,"Hydrocortisone, for human use, in dosage",2002-01,2011-12,no,no,1,no,none,"SAME FRAME, DIFFERENT TERM: betamethasone against hydrocortisone. The wording match is scoring the boilerplate these two share, not the word that says what the goods are.",0.7733,0.6000,3004.32.00.81,"Hydrocortisone, for human use, in dosage",1998-01,2001-12,0.7733,3,no official source reaches this boundary,3004.32.00.90,"Adrenal cortical hormones, for vet use, in dosage",1998-01,2001-12,0.6190,use,3004.32.00.90 (use); 3004.32.00.20 (use); 3004.32.00.00 (continuity),none,no official source reaches 200112,,3004.32.00.19,"Medicaments containing corticosteroid hormones, for human use, nes",0.5149,yes,same class,"Adrenal cortical hormones, nes, for human use, in dosage","asserted, unsourced",3004.32.00.89; 3004.32.00.19,"Adrenal cortical hormones, nes, for human use, in dosage (0.6889); Medicaments containing corticosteroid hormones, for human use, nes (0.5149)",0.6889,,,,NO,,,,yes,betamethasone,hydrocortisone,no,,,no,,,,,236,3004.90.00.79,"Medicaments, nes, for human use, in dosage",0.8421
exports:3002.90.10:1988-12,32,CONFIRM - the evidence supports this link,decide,2,the wording matches closely but the meaning does not,exports,3002.90.10,"Human blood;animal blood for therap,prophtc/diag use; microbial prep,human use",1988-12,7990944.00,3002.90.00,"Human blood;animal blood for therap,prophtc or diag uses; microbial prep nes",1989-01,1996-12,yes,yes,0,no,approve,,0.9211,0.8000,,,,,,0,no official source reaches this boundary,3002.90.90,"Human blood;animal blood for therap,prophtc or diag uses; microbial prep, nes",1997-01,2026-06,0.9211,continuity,3002.90.90 (continuity); 3002.90.20 (continuity),none,no official source reaches 198901,,,,,,a catch-all line that may cover it,,,,,,,,,NO,yes,3002.90.90,2,no,,,no,,,no,,,,,59,3002.41.00,"Vaccines, for human medicine",0.3125
exports:3004.50.10:1988-12,33,CONFIRM - the evidence supports this link,decide,2,the wording matches closely but the meaning does not,exports,3004.50.10,"Vitamins and their derivatives,in dosage for human use",1988-12,5171012.00,3004.50.00,"Vitamins and their derivatives,in dosage",1989-01,2026-06,yes,yes,0,no,approve,,0.8511,0.6667,,,,,,0,no official source reaches this boundary,,,,,,,none,none,no official source reaches 198901,,,,,,unknown,,,,,,,,,yes,,,,no,,,no,,,no,,,,,62,3004.10.00,"Penicillins or streptomycins and their derivatives, in dosage",0.6667
imports:3003.40.90.00:1997-12,34,CONFIRM - the evidence supports this link,decide,2,the wording matches closely but the meaning does not,imports,3003.40.90.00,"Alkaloids or their derivs, formltd, not cont antibiotics or horm, in bulk, nes",1997-12,3954586.00,3003.40.00.00,"Alkaloids or their derivs, formulated, not cont antibiotics/hormones, in bulk",1998-01,2016-12,yes,no,0,no,approve,,0.9054,0.7778,,,,,,0,no official source reaches this boundary,,,,,,,none,none,no official source reaches 199801,,,,,,unknown,,,,,,,,,yes,yes,3003.49.00.00,2,no,,,no,,,no,,,,,244,3004.40.00.80,"Narcotic veg alkaloids or their narc derivs, nes, for human use, in dosage",0.5379
exports:3002.90.20:1988-12,35,CONFIRM - the evidence supports this link,decide,2,the wording matches closely but the meaning does not,exports,3002.90.20,"Human blood;animal blood for therap,prophtc/diag use;microbial prep nes,vet use",1988-12,331522.00,3002.90.00,"Human blood;animal blood for therap,prophtc or diag uses; microbial prep nes",1989-01,1996-12,yes,yes,0,no,approve,,0.9221,0.7273,,,,,,0,no official source reaches this boundary,3002.90.90,"Human blood;animal blood for therap,prophtc or diag uses; microbial prep, nes",1997-01,2026-06,0.9221,continuity,3002.90.90 (continuity); 3002.90.10 (continuity),none,no official source reaches 198901,,,,,,unknown,Toxins,"asserted, unsourced",,,,,,,NO,yes,3002.90.90,2,no,,,no,,,no,,,,,59,3006.50.00,First-aid boxes and kits,0.3030
imports:3006.80.90.43:2005-08,36,ANALYST - a candidate is shown but NOT recommended,decide,2,the wording matches closely but the meaning does not,imports,3006.80.90.43,Waste pharmaceuticals of the goods of subheading 3004.90,2005-08,36718.00,3006.80.90.10,Waste pharmaceuticals of the goods of heading 30.01,2002-01,2005-10,no,no,0,no,none,"the code proposed here stops trading 2 months after the one it would replace, so the two ended in the same restructuring and neither received the other's trade. Following the chain, the trade appears to end at 3006.92.00.00.",0.9159,0.3333,3006.80.90.20,Waste pharmaceuticals of the goods of heading 30.02,2004-07,2005-11,0.9159,6,the WCO correlation names a subheading no candidate trades under,,,,,,,none,none,"the WCO 2002 to 2007 correlation sends this subheading to 300692, which no candidate trades under","THE OFFICIAL RECORD NARROWED THIS ROW: the WCO 2002 to 2007 correlation sends this subheading to 300692, which no candidate trades under. The proposal rests on the correlation table and not on wording alone. The tables map six digits to six digits, so the record chose the SUBHEADING; the statistical line beneath it is still the analyst's.",,,,,different class,Waste pharmaceuticals,"asserted, unsourced",,,,,,,yes,"yes, within 2 months",3006.92.00.00,4,no,,,no,,,no,,,,42,230,3006.92.00.00,"Waste pharmaceuticals, nes",0.5926
exports:3003.41.00:2020-09,37,DO NOT DECIDE - the record does not call this a retirement,"NOT A RETIREMENT, nothing to decide",not a retirement,"the delivery records no termination for this line and the number was never handed to different goods, so trade stopped without the classification ending. There is no transfer to trace and nothing here to answer.",exports,3003.41.00,"Medicaments,cont ephedrin/salts,mix,therap/prophltc uses,nfrs,o/t No 30.02/05/06",2020-09,16605.00,3003.42.00,"Medicaments,cont pseudoephedrine/sa,mix,therap/prophltc,nfrs,o/t No 30.02/05/06",2019-05,2024-09,no,no,0,no,approve,,0.9057,0.7222,3003.90.00,"Medicaments, nes,mix,therap/prophltc uses,not for retail sale,o/t No 30.02/05/06",1988-01,2026-06,0.8050,6,a tariff schedule was read and ruled nothing out,,,,,,,none,none,"the 2020 schedule holds every candidate, so it excludes none",,,,,,same class,Vegetable alkaloids,"asserted, unsourced",,,,,,,yes,yes,3003.20.00,2,no,,,no,,,no,,,,15,42,3004.41.00,"Medicaments,cont ephedrin/salts,therap/prophltc,in doses/frs,o/t No 30.02/05/06",0.9308
imports:3003.42.00.00:2024-01,38,DO NOT DECIDE - the record does not call this a retirement,"NOT A RETIREMENT, nothing to decide",not a retirement,"the delivery records no termination for this line and the number was never handed to different goods, so trade stopped without the classification ending. There is no transfer to trace and nothing here to answer.",imports,3003.42.00.00,"Medicaments,cont pseudoephedrine/sa,mix,therap/prophltc,nfrs,o/t No 30.02/05/06",2024-01,193.00,3003.41.00.00,"Medicaments,cont ephedrin/salts,mix,therap/prophltc uses,nfrs,o/t No 30.02/05/06",2017-06,2026-05,no,no,0,no,approve,,0.9057,0.7222,3003.90.00.30,"Medicaments,cont acetaminophen,mix,therap/prophltc uses,nfrs,o/t No 30.02/05/06",2012-01,2026-06,0.8481,7,a tariff schedule was read and ruled nothing out,3003.43.00.00,"Medicaments,cont norephedrine/salts,mix,therap/prophltc,nfrs,o/t No 30.02/05/06",2017-01,2025-06,0.9367,stimulant,3003.43.00.00 (stimulant),none,"the 2024 schedule holds every candidate, so it excludes none",,,,,,same class,Non-narcotic vegetable alkaloids,"asserted, unsourced",,,,,,,yes,yes,3003.90.00.30,2,no,,,no,,,no,,,,78,104,3004.41.00.00,"Medicaments,cont ephedrin/salts,therap/prophltc,in doses/frs,o/t No 30.02/05/06",0.8608
imports:3003.90.99.00:1994-12,39,CONFIRM - the evidence supports this link,decide,3,the closest wording was ruled out on meaning,imports,3003.90.99.00,"Medicaments, nes, formulated, in bulk",1994-12,158198908.00,3003.90.99.90,"Medicaments nes, formulated, in bulk",1995-01,1997-12,yes,no,0,no,approve,,1.0000,1.0000,3003.90.99.10,"Medicaments containing acetaminophen, in bulk",1995-01,1997-12,0.6154,2,no official source reaches this boundary,3003.90.00.99,"Medicaments nes, formulated, in bulk",1998-01,2011-12,1.0000,continuity,3003.90.00.99 (continuity); 3003.90.00.90 (continuity); 3003.90.00.30 (continuity); 3003.90.00.91 (continuity); 3003.90.00.20 (continuity); 3003.90.00.10 (continuity),none,no official source reaches 199501,,,,,,unknown,,,,,,,,,yes,yes,3003.90.00.99,2,no,,,no,,,no,,,,,359,3003.20.00.00,"Antibiotics, nes, formulated, in bulk",0.7647
imports:3002.39.10.00:1995-12,40,ANALYST - a candidate is shown but NOT recommended,decide,3,the closest wording was ruled out on meaning,imports,3002.39.10.00,"Vaccines nes, prepared for parenteral admin in animal; bovine intranasal vaccine",1995-12,74686051.00,3002.30.10.00,Vacc agnst foot and mth disse; vacc prepr for parentl admin; bovi intrnsl vacc,1996-01,1997-12,yes,no,0,no,none,"the subheading is gone and nothing left in the chapter shares the meaning, so the goods may have left Chapter 30 entirely",0.6364,0.2000,3002.90.10.40,Dried blood of animal origin,1988-01,1997-12,0.3019,13,no official source reaches this boundary,3002.42.00.10,Vaccines agnst foot and mth disse;vacc prepr for parentl admin;bovi intrnsl vacc,2022-01,2026-06,0.6709,continuity,3002.42.00.10 (continuity); 3002.30.00.10 (continuity); 3002.10.00.41 (continuity;use); 3002.10.21.10 (use); 3002.10.00.49 (continuity;use); 3002.10.21.90 (use); 3002.41.00.90 (continuity;use); 3002.20.00.90 (use); 3002.41.00.10 (continuity;use); 3002.10.00.42 (continuity;use); 3002.10.21.20 (use); 3002.10.00.51 (continuity;use); 3002.10.29.10 (use); 3002.12.00.21 (continuity;use); 3002.20.00.30 (use); 3002.20.00.10 (use); 3002.12.00.29 (continuity); 3002.15.00.00 (continuity); 3002.20.00.20 (use); 3002.14.00.00 (continuity); 3002.10.00.21 (continuity;use); 3002.10.10.21 (use); 3002.90.00.30 (continuity); 3002.90.00.99 (continuity); 3002.12.00.12 (continuity); 3002.10.00.22 (continuity;use); 3002.10.10.22 (use); 3002.13.00.00 (continuity); 3002.19.00.00 (continuity); 3002.10.00.23 (continuity;use); 3002.10.10.23 (use); 3002.90.00.93 (continuity); 3002.90.00.90 (continuity); 3002.90.00.91 (continuity); 3002.12.00.13 (continuity); 3002.30.00.90 (continuity); 3002.42.00.90 (continuity); 3002.49.00.20 (continuity); 3002.10.00.30 (continuity); 3002.90.00.10 (continuity); 3002.90.00.50 (continuity); 3002.11.00.00 (continuity); 3002.90.00.20 (continuity); 3002.51.00.00 (continuity); 3002.10.00.59 (continuity); 3002.49.00.10 (continuity); 3002.12.00.11 (continuity); 3002.10.00.10 (continuity); 3002.49.00.90 (continuity); 3002.90.00.19 (continuity); 3002.12.00.19 (continuity); 3002.59.00.00 (continuity); 3002.10.00.29 (continuity;use); 3002.10.10.29 (use); 3002.10.00.60 (continuity); 3002.10.00.90 (continuity); 3002.90.00.40 (continuity); 3002.90.00.92 (continuity); 3002.90.00.11 (continuity); 3002.90.00.12 (continuity),none,no official source reaches 199601,,,,,,same class,Veterinary vaccines,"asserted, unsourced",,,,,,,yes,"yes, within 24 months",3002.42.00.10,3,no,,,no,,,no,,,,,291,3003.39.00.10,"Epinephrine & its solutions, prepared for parenteral admin in humans, in bulk",0.6225
imports:3002.39.90.00:1995-12,41,ANALYST - a candidate is shown but NOT recommended,decide,3,the closest wording was ruled out on meaning,imports,3002.39.90.00,"Vaccines, veterinary use, nes",1995-12,71013102.00,3002.30.90.00,"Vaccines, veterinary use, nes",1996-01,1997-12,yes,no,0,no,none,"the code proposed here stops trading 24 months after the one it would replace, so the two ended in the same restructuring and neither received the other's trade. Following the chain, the trade appears to end at 3002.42.00.90.",1.0000,1.0000,3002.90.90.10,Bacteria culture inoculants for seeds,1988-01,1997-12,0.4375,13,no official source reaches this boundary,3002.30.00.90,"Vaccines, veterinary use, nes",1998-01,2021-12,1.0000,continuity,3002.30.00.90 (continuity); 3002.42.00.90 (continuity); 3002.20.00.30 (use); 3002.41.00.90 (continuity;use); 3002.41.00.10 (continuity;use); 3002.20.00.20 (use); 3002.10.00.51 (continuity;use); 3002.10.29.10 (use); 3002.20.00.10 (use); 3002.59.00.00 (continuity); 3002.90.00.91 (continuity); 3002.20.00.90 (use); 3002.49.00.90 (continuity); 3002.10.00.59 (continuity); 3002.90.00.19 (continuity); 3002.10.00.41 (continuity;use); 3002.10.21.10 (use); 3002.49.00.20 (continuity); 3002.90.00.20 (continuity); 3002.51.00.00 (continuity); 3002.10.00.29 (continuity;use); 3002.10.10.29 (use); 3002.10.00.49 (continuity;use); 3002.10.21.90 (use); 3002.90.00.10 (continuity); 3002.90.00.99 (continuity); 3002.10.00.30 (continuity); 3002.12.00.21 (continuity;use); 3002.42.00.10 (continuity); 3002.90.00.90 (continuity); 3002.12.00.12 (continuity); 3002.12.00.13 (continuity); 3002.12.00.11 (continuity); 3002.49.00.10 (continuity); 3002.10.00.10 (continuity); 3002.10.00.42 (continuity;use); 3002.10.21.20 (use); 3002.11.00.00 (continuity); 3002.19.00.00 (continuity); 3002.10.00.21 (continuity;use); 3002.10.10.21 (use); 3002.12.00.19 (continuity); 3002.13.00.00 (continuity); 3002.12.00.29 (continuity); 3002.30.00.10 (continuity); 3002.10.00.22 (continuity;use); 3002.10.00.23 (continuity;use); 3002.10.10.22 (use); 3002.10.10.23 (use); 3002.10.00.90 (continuity); 3002.15.00.00 (continuity); 3002.90.00.11 (continuity); 3002.14.00.00 (continuity); 3002.90.00.12 (continuity); 3002.90.00.50 (continuity); 3002.90.00.40 (continuity); 3002.90.00.92 (continuity); 3002.90.00.93 (continuity); 3002.90.00.30 (continuity); 3002.10.00.60 (continuity),none,no official source reaches 199601,,,,,,the same commodity under a new number,Veterinary vaccines,"asserted, unsourced",,,,,,,yes,"yes, within 24 months",3002.42.00.90,3,no,,,no,,,no,,,,,291,3004.90.00.81,"Anaesthetic, for veterinary use, in dosage",0.6567
imports:3004.32.90.11:1997-12,42,CONFIRM - the evidence supports this link,decide,3,the closest wording was ruled out on meaning,imports,3004.32.90.11,"Hydrocortisone, for human use, in dosage",1997-12,23749181.00,3004.32.00.81,"Hydrocortisone, for human use, in dosage",1998-01,2001-12,yes,no,0,no,approve,,1.0000,1.0000,3004.32.00.89,"Adrenal cortical hormones, nes, for human use, in dosage",1998-01,2001-12,0.7473,1,no official source reaches this boundary,3004.32.00.11,"Hydrocortisone, for human use, in dosage",2002-01,2011-12,1.0000,continuity,3004.32.00.11 (continuity); 3004.32.00.82 (continuity); 3004.32.00.90 (use); 3004.32.00.20 (continuity;use); 3004.32.00.19 (continuity); 3004.32.00.00 (continuity),none,no official source reaches 199801,,,,,,the same commodity under a new number,"Adrenal cortical hormones, nes, for human use, in dosage","asserted, unsourced",,,,,,,yes,yes,3004.32.00.11,2,no,,,no,,,no,,,,,236,3004.90.00.75,"Diuretics, for human use, in dosage",0.8169
imports:3004.50.99.22:1989-12,43,CONFIRM - the evidence supports this link,decide,3,the closest wording was ruled out on meaning,imports,3004.50.99.22,"Multivitamins not mixed with o supplements, for human use, in dosage",1989-12,11347774.00,3004.50.99.30,"Multivitamins not mixed with o supplements, for human use, in dosage",1990-01,1997-12,yes,no,0,no,approve,,1.0000,1.0000,3004.50.99.12,"Vitamin E only, for human use, in dosage",1988-01,1997-12,0.6923,5,no official source reaches this boundary,3004.50.00.50,"Multivitamins not mixed with o supplements, for human use, in dosage",1998-01,2011-12,1.0000,continuity,3004.50.00.50 (continuity); 3004.50.00.69 (continuity;mixing); 3004.50.99.49 (mixing); 3004.50.00.40 (continuity;mixing); 3004.50.99.20 (mixing); 3004.50.00.13 (continuity); 3004.50.00.32 (continuity); 3004.50.00.31 (continuity); 3004.50.00.20 (continuity); 3004.50.00.39 (continuity); 3004.50.00.12 (continuity;mixing); 3004.50.00.61 (continuity); 3004.50.00.14 (continuity;mixing); 3004.50.00.19 (continuity); 3004.50.00.70 (continuity;use); 3004.50.99.50 (use); 3004.50.00.11 (continuity); 3004.50.00.10 (continuity); 3004.50.00.90 (continuity;use),none,no official source reaches 199001,,,,,,the same commodity under a new number,"Multivitamins mixed with other supplements, nes, for human use, in dosage",derived from the tariff block,,,,,,,yes,yes,3004.50.00.50,2,no,,,no,,,no,,,,,354,3004.90.00.34,"Antihistamines agents, for human use, in dosage",0.6847
imports:3004.50.99.29:1989-12,44,CONFIRM - the evidence supports this link,decide,3,the closest wording was ruled out on meaning,imports,3004.50.99.29,"Multivitamins mixed with other supplements, nes, for human use, in dosage",1989-12,11260315.00,3004.50.99.49,"Multivitamins mixed with other supplements, nes, for human use, in dosage,",1990-01,1997-12,yes,no,0,no,approve,,1.0000,1.0000,3004.50.99.20,"Single vitamin mixed w o supplements, for human use, in dosage",1990-01,1997-12,0.8308,6,no official source reaches this boundary,3004.50.00.69,"Multivitamins mixed with other supplements, nes, for human use, in dosage,",1998-01,2011-12,1.0000,continuity,3004.50.00.69 (continuity); 3004.50.00.50 (continuity;mixing); 3004.50.99.30 (mixing); 3004.50.00.40 (continuity); 3004.50.00.13 (continuity;mixing); 3004.50.00.32 (continuity); 3004.50.00.39 (continuity); 3004.50.00.70 (continuity;use); 3004.50.99.50 (use); 3004.50.00.31 (continuity); 3004.50.00.61 (continuity); 3004.50.00.20 (continuity); 3004.50.00.12 (continuity); 3004.50.00.19 (continuity); 3004.50.00.14 (continuity); 3004.50.00.90 (continuity;use); 3004.50.00.11 (continuity;mixing); 3004.50.00.10 (continuity),none,no official source reaches 199001,,,,,,unknown,,,,,,,,,yes,yes,3004.50.00.69,2,no,,,no,,,no,,,,,354,3004.90.00.79,"Medicaments nes, for human use, in dosage",0.6789
imports:3003.90.99.10:1997-12,45,CONFIRM - the evidence supports this link,decide,3,the closest wording was ruled out on meaning,imports,3003.90.99.10,"Medicaments containing acetaminophen, in bulk",1997-12,10818930.00,3003.90.00.91,"Medicaments containing acetaminophen, in bulk",1998-01,2011-12,yes,no,0,no,approve,,1.0000,1.0000,3003.90.00.99,"Medicaments nes, formulated, in bulk",1998-01,2011-12,0.5897,2,no official source reaches this boundary,3003.90.00.30,"Medicaments containing acetaminophen, in bulk",2012-01,2026-06,1.0000,continuity,3003.90.00.30 (continuity); 3003.90.00.90 (continuity),none,no official source reaches 199801,,,,,,the same commodity under a new number,,,,,,,,,yes,,,,no,,,no,,,no,,,,,239,3004.20.00.11,"Medicaments containing cephalosporins, for human use, in doses/packings frs",0.6154
imports:3002.90.10.30:1997-12,46,ANALYST - a candidate is shown but NOT recommended,decide,3,the closest wording was ruled out on meaning,imports,3002.90.10.30,Dried blood of human origin,1997-12,5096986.00,3002.90.00.93,Antiallergenic preparations of microbial origin,1998-02,2016-12,no,no,1,no,none,"a candidate exists but its wording is below the 0.50 review threshold, so the method sends it on without a recommendation",0.4595,0.1429,3002.90.00.92,Whole human blood,1998-01,2016-12,0.4091,5,no official source reaches this boundary,3002.90.00.30,Dried blood of animal origin,1998-02,2026-06,0.8727,origin,3002.90.00.30 (origin); 3002.90.00.40 (continuity); 3002.90.00.90 (continuity); 3002.90.00.50 (continuity); 3002.90.00.12 (continuity); 3002.90.00.10 (continuity),none,no official source reaches 199801,,,,,,different family,Blood products,"asserted, unsourced",,,,,,,yes,,,,no,,,no,,,no,,,,,232,3006.20.00.10,"Blood-grouping reagents, of human origin",0.6364
imports:3002.90.90.20:1997-06,47,CONFIRM - the evidence supports this link,decide,3,the closest wording was ruled out on meaning,imports,3002.90.90.20,Whole human blood,1997-06,1607419.00,3002.90.00.92,Whole human blood,1998-01,2016-12,no,no,6,no,approve,,1.0000,1.0000,3002.90.10.30,Dried blood of human origin,1988-01,1997-12,0.4091,14,no official source reaches this boundary,3002.90.00.40,Whole human blood,2017-01,2026-06,1.0000,continuity,3002.90.00.40 (continuity); 3002.90.00.50 (continuity); 3002.90.00.90 (continuity); 3002.90.00.10 (continuity); 3002.90.00.12 (continuity),none,no official source reaches 199707,,,,,,the same commodity under a new number,,,,,,,,,yes,,,,no,,,no,,,no,,,,,339,3004.40.00.30,"Theophylline, for human use, in dosage",0.4528
imports:3004.50.99.21:1989-12,48,CONFIRM - the evidence supports this link,decide,3,the closest wording was ruled out on meaning,imports,3004.50.99.21,"Vitamins-iron preparation, for human use, in dosage",1989-12,1445854.00,3004.50.99.41,"Vitamins-iron preparation, for human use, in dosage",1990-01,1997-12,yes,no,0,no,approve,,1.0000,1.0000,3004.50.99.11,"Vitamin C only, for human use, in dosage",1988-01,1997-12,0.7816,7,no official source reaches this boundary,3004.50.00.61,"Vitamins-iron preparation, for human use, in dosage",1998-01,2011-12,1.0000,continuity,3004.50.00.61 (continuity); 3004.50.00.31 (continuity); 3004.50.00.32 (continuity); 3004.50.00.39 (continuity); 3004.50.00.20 (continuity); 3004.50.00.70 (continuity;use); 3004.50.99.50 (use); 3004.50.00.50 (continuity); 3004.50.00.69 (continuity); 3004.50.00.40 (continuity); 3004.50.00.19 (continuity); 3004.50.00.13 (continuity); 3004.50.00.14 (continuity); 3004.50.00.90 (continuity;use); 3004.50.00.12 (continuity); 3004.50.00.10 (continuity); 3004.50.00.11 (continuity),none,no official source reaches 199001,,,,,,the same commodity under a new number,"Multivitamins mixed with other supplements, nes, for human use, in dosage",derived from the tariff block,,,,,,,yes,yes,3004.50.00.61,2,no,,,no,,,no,,,,,354,3004.90.99.71,"Cough/cold preparations, for human use, in dosage",0.7917
imports:3002.31.00.00:1995-07,49,CONFIRM - the evidence supports this link,decide,3,the closest wording was ruled out on meaning,imports,3002.31.00.00,"Vaccines against foot or mouth disease, veterinary use",1995-07,671805.00,3002.30.90.00,"Vaccines, veterinary use, nes",1996-01,1997-12,no,yes,5,no,approve,,0.5750,0.4286,3002.39.90.00,"Vaccines, veterinary use, nes",1988-01,1995-12,0.5750,13,no official source reaches this boundary,3002.20.00.30,"Vaccines against rabies, for human use",1988-01,2011-11,0.6222,use,3002.20.00.30 (use); 3002.20.00.10 (use); 3002.30.00.90 (continuity); 3002.42.00.90 (continuity); 3002.42.00.10 (continuity); 3002.20.00.90 (use); 3002.20.00.20 (use); 3002.41.00.10 (continuity;use); 3002.30.00.10 (continuity); 3002.41.00.90 (continuity;use); 3002.49.00.90 (continuity); 3002.10.00.41 (continuity;use); 3002.10.21.10 (use); 3002.10.00.49 (continuity;use); 3002.10.21.90 (use); 3002.49.00.10 (continuity); 3002.90.00.90 (continuity); 3002.90.00.99 (continuity); 3002.10.00.10 (continuity); 3002.10.00.21 (continuity;use); 3002.10.10.21 (use); 3002.12.00.11 (continuity); 3002.59.00.00 (continuity); 3002.10.00.51 (continuity;use); 3002.10.29.10 (use); 3002.10.00.22 (continuity;use); 3002.10.10.22 (use); 3002.49.00.20 (continuity); 3002.10.00.30 (continuity); 3002.15.00.00 (continuity); 3002.12.00.12 (continuity); 3002.51.00.00 (continuity); 3002.10.00.42 (continuity;use); 3002.10.21.20 (use); 3002.10.00.23 (continuity;use); 3002.10.10.23 (use); 3002.11.00.00 (continuity); 3002.90.00.30 (continuity); 3002.90.00.91 (continuity); 3002.12.00.13 (continuity); 3002.90.00.10 (continuity); 3002.90.00.93 (continuity); 3002.19.00.00 (continuity); 3002.90.00.19 (continuity); 3002.90.10.19 (continuity); 3002.10.00.29 (continuity;use); 3002.10.10.29 (use); 3002.90.00.20 (continuity); 3002.90.00.50 (continuity); 3002.13.00.00 (continuity); 3002.14.00.00 (continuity); 3002.12.00.21 (continuity;use); 3002.90.00.40 (continuity); 3002.90.00.92 (continuity); 3002.10.00.59 (continuity); 3002.10.00.60 (continuity); 3002.12.00.19 (continuity); 3002.12.00.29 (continuity); 3002.10.00.90 (continuity); 3002.90.00.11 (continuity); 3002.90.10.11 (continuity); 3002.90.00.12 (continuity),none,no official source reaches 199508,,,,,,its own leftover line,Veterinary vaccines,"asserted, unsourced",,,,,,,yes,yes,3002.42.00.90,3,no,,,no,,,no,,,,,291,3004.90.00.81,"Anaesthetic, for veterinary use, in dosage",0.5161
imports:3003.31.91.00:1990-05,50,ANALYST - a candidate is shown but NOT recommended,decide,3,the closest wording was ruled out on meaning,imports,3003.31.91.00,"Insulin, cont more than 23% of absolute ethyl alcohol by volume, in bulk",1990-05,129843.00,3003.31.99.00,"Insulin, formulated, in bulk, nes",1988-01,1997-12,no,no,0,no,none,"a candidate exists but its wording is below the 0.50 review threshold, so the method sends it on without a recommendation",0.4242,0.1818,3003.31.10.00,"Insulin, prepared for parenteral administration in humans, in bulk",1988-03,1997-10,0.4211,0,no official source reaches this boundary,3003.31.00.90,"Insulin, formulated, in bulk, nes",1998-01,2011-12,0.4242,continuity,3003.31.00.90 (continuity); 3003.31.00.10 (continuity); 3003.31.00.00 (continuity),none,no official source reaches 199006,,,,,,a catch-all line that may cover it,Hormones,"asserted, unsourced",,,,,,,yes,yes,3003.31.00.90,2,no,,,no,,,no,,,,27,374,3003.90.00.20,"Medicaments, nes, cont more than 23% of absolute ethyl alcohol by volume,in bulk",0.9041
imports:3004.90.99.92:1991-06,51,ANALYST - a candidate is shown but NOT recommended,decide,3,the closest wording was ruled out on meaning,imports,3004.90.99.92,"Coccidiostats, in dosage",1991-06,69111.00,3004.90.99.23,"Antacids, for human use, in dosage",1990-01,1997-12,no,no,0,no,none,"NOTHING IN COMMON: this names coccidiostats and the proposal names antacids, and neither is a catch-all that could absorb the other. The score comes from shared phrasing.",0.5455,0.2000,3004.90.99.71,"Cough/cold preparations, for human use, in dosage",1990-01,1997-12,0.5429,27,no official source reaches this boundary,3004.90.00.43,"Antacids, for human use, in dosage",1998-01,2026-06,0.5455,continuity,3004.90.00.43 (continuity); 3004.90.00.11 (continuity); 3004.90.00.73 (continuity); 3004.90.00.12 (continuity); 3004.90.00.19 (continuity); 3004.90.00.34 (continuity); 3004.90.00.75 (continuity); 3004.90.00.36 (continuity); 3004.90.00.79 (continuity); 3004.90.00.72 (continuity); 3004.90.00.42 (continuity); 3004.90.00.31 (continuity); 3004.90.00.89 (continuity); 3004.90.00.81 (continuity); 3004.90.00.90 (continuity); 3004.90.00.33 (continuity); 3004.90.00.32 (continuity); 3004.90.00.69 (continuity); 3004.90.00.77 (continuity); 3004.90.00.41 (continuity); 3004.90.00.49 (continuity); 3004.90.00.50 (continuity); 3004.90.00.78 (continuity); 3004.90.00.71 (continuity); 3004.90.00.61 (continuity); 3004.90.00.20 (continuity); 3004.90.00.35 (continuity); 3004.90.00.25 (continuity); 3004.90.00.39 (continuity); 3004.90.00.74 (continuity); 3004.90.00.27 (continuity); 3004.90.00.21 (continuity); 3004.90.00.76 (continuity); 3004.90.00.23 (continuity); 3004.90.00.24 (continuity); 3004.90.00.22 (continuity); 3004.90.00.29 (continuity); 3004.90.00.26 (continuity),none,no official source reaches 199107,,3004.90.99.99,"Medicaments nes, for veterinary use, in dosage",0.4478,yes,different family,"Medicaments nes, for veterinary use, in dosage",derived from the tariff block,3004.90.99.99; 3004.90.99.89; 3004.90.99.49; 3004.90.99.29; 3004.90.99.15; 3004.90.99.19; 3004.90.99.79,"Medicaments nes, for veterinary use, in dosage (0.4478); Medicaments nes, for human use, in dosage (0.4839); Anti-infective agents, for human use, in dosage, nes (0.4167); Gastro-intestinal agents, for human use, in dosage, nes (0.4000); Medicaments, for human use, acting on the nervous system, in dosage, nes (0.3297); Medicaments, for human use, acting on the central nervous system, in dosage, nes (0.3030); Medicaments, prim affecting eyes,ears & respiratory system,human use, in dos,nes (0.3030)",0.4478,,,,NO,yes,3004.90.00.43,2,no,,,no,,,no,,,,16,307,3004.40.90.11,"Codeine phosphate, for human use, in dosage",0.5625
exports:3004.32.20:1988-11,52,CONFIRM - the evidence supports this link,decide,3,the closest wording was ruled out on meaning,exports,3004.32.20,"Adrenal cortical hormones, in dosage, for veterinary use",1988-11,47163.00,3004.32.00,"Adrenal cortical hormones, not containing antibiotics, in dosage",1989-01,2026-06,no,yes,1,no,approve,,0.6034,0.5000,,,,,,0,no official source reaches this boundary,3004.32.10,"Adrenal cortical hormones, in dosage, for human use",1988-01,1988-12,0.8738,use,3004.32.10 (use),none,no official source reaches 198812,,,,,,unknown,,,,,,,,,yes,,,,no,,,no,,,no,,,,,71,3004.20.20,"Antibiotics nes, in dosage, for veterinary use",0.7959
imports:3004.90.99.50:1997-12,53,CONFIRM - the evidence supports this link,decide,4,two candidates are almost equally close,imports,3004.90.99.50,"Haematological agents, for human use, in dosage",1997-12,148659591.00,3004.90.00.71,"Haematological agents, for human use, in dosage",1998-01,2026-06,yes,no,0,no,approve,,1.0000,1.0000,3004.90.00.77,"Dermatological agents, for human use, in dosage",1998-01,2026-06,0.9556,25,no official source reaches this boundary,3004.90.00.90,"Other medicaments, for veterinary use, in dosage, nes",2012-01,2026-06,0.6316,continuity;use,3004.90.00.90 (continuity;use); 3004.90.00.89 (use); 3004.90.00.81 (use); 3004.90.00.25 (continuity); 3004.90.00.24 (continuity); 3004.90.00.27 (continuity); 3004.90.00.22 (continuity); 3004.90.00.23 (continuity); 3004.90.00.29 (continuity); 3004.90.00.26 (continuity); 3004.90.00.21 (continuity),none,no official source reaches 199801,,,,,,the same commodity under a new number,,,,,,,,,yes,,,,no,,,no,,,no,,,,,207,3004.20.00.69,"Antibiotics, nes, for human use, in dosage",0.7619
imports:3004.90.99.83:1997-12,54,CONFIRM - the evidence supports this link,decide,4,two candidates are almost equally close,imports,3004.90.99.83,"Dermatological agents, for human use, in dosage",1997-12,146213780.00,3004.90.00.77,"Dermatological agents, for human use, in dosage",1998-01,2026-06,yes,no,0,no,approve,,1.0000,1.0000,3004.90.00.71,"Haematological agents, for human use, in dosage",1998-01,2026-06,0.9556,25,no official source reaches this boundary,3004.90.00.90,"Other medicaments, for veterinary use, in dosage, nes",2012-01,2026-06,0.6316,continuity;use,3004.90.00.90 (continuity;use); 3004.90.00.89 (use); 3004.90.00.81 (use); 3004.90.00.24 (continuity); 3004.90.00.25 (continuity); 3004.90.00.27 (continuity); 3004.90.00.22 (continuity); 3004.90.00.23 (continuity); 3004.90.00.29 (continuity); 3004.90.00.26 (continuity); 3004.90.00.21 (continuity),none,no official source reaches 199801,,,,,,the same commodity under a new number,"Medicaments nes, for human use, in dosage",derived from the tariff block,,,,,,,yes,,,,no,,,no,,,no,,,,,207,3004.20.00.69,"Antibiotics, nes, for human use, in dosage",0.7619
imports:3004.39.99.10:1997-12,55,CONFIRM - the evidence supports this link,decide,4,two candidates are almost equally close,imports,3004.39.99.10,"Anterior pituitary hormones, for human use, in dosage",1997-12,97455853.00,3004.39.00.81,"Anterior pituitary hormones, for human use, in dosage",1998-01,2011-12,yes,no,0,no,approve,,1.0000,1.0000,3004.39.00.82,"Posterior pituitary hormones, for human use, in dosage",1998-06,2011-12,0.9515,4,no official source reaches this boundary,3004.39.00.90,"Hormones, nes, for vet use, in dosage",1998-01,2026-06,0.6353,use,3004.39.00.90 (use); 3004.39.00.12 (continuity); 3004.39.00.11 (continuity); 3004.39.00.19 (continuity); 3004.39.00.13 (continuity),none,no official source reaches 199801,,,,,,the same commodity under a new number,,,,,,,,,yes,,,,no,,,no,,,no,,,,,234,3004.32.00.89,"Adrenal cortical hormones, nes, for human use, in dosage",0.7500
imports:3004.50.99.11:1997-12,56,CONFIRM - the evidence supports this link,decide,4,two candidates are almost equally close,imports,3004.50.99.11,"Vitamin C only, for human use, in dosage",1997-12,34612678.00,3004.50.00.31,"Vitamin C only, for human use, in dosage",1998-01,2011-12,yes,no,0,no,approve,,1.0000,1.0000,3004.50.00.32,"Vitamin E only, for human use, in dosage",1998-01,2011-12,0.9737,7,no official source reaches this boundary,3004.50.00.70,"Vitamins & their derivs, nes, for vet use, in dosage",1998-01,2011-12,0.6824,use,3004.50.00.70 (use); 3004.50.00.19 (continuity); 3004.50.00.13 (continuity); 3004.50.00.14 (continuity); 3004.50.00.12 (continuity); 3004.50.00.90 (continuity;use); 3004.50.00.11 (continuity),none,no official source reaches 199801,,,,,,the same commodity under a new number,"Single vitamin only, nes, for human use, in dosage",derived from the tariff block,,,,,,,yes,,,,no,,,no,,,no,,,,,229,3004.20.00.62,"Mitomycin C, for human use, in dosage",0.8493
imports:3004.50.99.12:1997-12,57,CONFIRM - the evidence supports this link,decide,4,two candidates are almost equally close,imports,3004.50.99.12,"Vitamin E only, for human use, in dosage",1997-12,20986151.00,3004.50.00.32,"Vitamin E only, for human use, in dosage",1998-01,2011-12,yes,no,0,no,approve,,1.0000,1.0000,3004.50.00.31,"Vitamin C only, for human use, in dosage",1998-01,2011-12,0.9737,7,no official source reaches this boundary,3004.50.00.70,"Vitamins & their derivs, nes, for vet use, in dosage",1998-01,2011-12,0.7059,use,3004.50.00.70 (use); 3004.50.00.19 (continuity); 3004.50.00.13 (continuity); 3004.50.00.14 (continuity); 3004.50.00.12 (continuity); 3004.50.00.90 (continuity;use); 3004.50.00.11 (continuity),none,no official source reaches 199801,,,,,,the same commodity under a new number,"Single vitamin only, nes, for human use, in dosage",derived from the tariff block,,,,,,,yes,,,,no,,,no,,,no,,,,,229,3004.20.00.62,"Mitomycin C, for human use, in dosage",0.8219
imports:3004.40.90.19:1997-12,58,CONFIRM - the evidence supports this link,decide,4,two candidates are almost equally close,imports,3004.40.90.19,"Codeine or its derivs nes, for human use, in dosage",1997-12,10263737.00,3004.40.00.10,"Codeine or its derivatives, for human use, in dosage",1998-01,2011-12,yes,no,0,no,approve,,0.9293,1.0000,3004.40.00.40,"Morphine or its derivs, for human use, in dosage",1998-01,2016-12,0.8842,5,no official source reaches this boundary,,,,,,,none,none,no official source reaches 199801,,,,,,unknown,,,,,,,,,yes,,,,no,,,no,,,no,,,,,238,3004.10.00.19,"Penicillins or their derivs nes, for human use, in dosage",0.8269
exports:3002.30.10:2016-06,59,ANALYST - a candidate is shown but NOT recommended,decide,4,two candidates are almost equally close,exports,3002.30.10,"Vaccines against foot or mouth disease, veterinary use",2016-06,9430362.00,3002.30.00,"Vaccines, for veterinary medecine",2017-01,2021-12,no,yes,6,no,none,"NOTHING IN COMMON: this names against, disease, foot, mouth and the proposal names medecine, and neither is a catch-all that could absorb the other. The score comes from shared phrasing.",0.5882,0.2500,3002.30.90,"Vaccines, veterinary use, nes",1996-01,2016-12,0.5750,0,a tariff schedule was read and ruled nothing out,,,,,,,none,none,"the 2016 to 2017 schedule holds every candidate, so it excludes none",,,,,,same class,Veterinary vaccines,"asserted, unsourced",,,,,,,NO,yes,3002.42.00,2,no,,,no,,,no,,,,,55,3002.42.00,"Vaccines, for veterinary medecine",0.5882
exports:3003.60.00:2023-08,60,DO NOT DECIDE - the record does not call this a retirement,"NOT A RETIREMENT, nothing to decide",not a retirement,"the delivery records no termination for this line and the number was never handed to different goods, so trade stopped without the classification ending. There is no transfer to trace and nothing here to answer.",exports,3003.60.00,"Medicaments,cont antimalarial active principles,mixed,nfrs,o/t No 30.02/05/06",2023-08,7735481.00,3003.20.00,"Medicaments,cont antibiotics,nes,mix,for therap/prophltc,nfrs,o/t No 30.02/05/06",1988-01,2026-06,no,no,0,no,approve,,0.7261,0.6471,3003.42.00,"Medicaments,cont pseudoephedrine/sa,mix,therap/prophltc,nfrs,o/t No 30.02/05/06",2019-05,2024-09,0.6795,5,a tariff schedule was read and ruled nothing out,,,,,,,none,none,"the 2023 schedule holds every candidate, so it excludes none",,,,,,a catch-all line that may cover it,Antimalarials,"asserted, unsourced",,,,,,,yes,,,,no,,,no,,,no,,,,426,36,3004.60.00,"Medicaments,cont antimalarial active principles,in doses/frs,o/t No 30.02/05/06",0.9359
imports:3004.39.99.20:1997-12,61,CONFIRM - the evidence supports this link,decide,4,two candidates are almost equally close,imports,3004.39.99.20,"Posterior pituitary hormones, for human use, in dosage",1997-12,1779924.00,3004.39.00.82,"Posterior pituitary hormones, for human use, in dosage",1998-06,2011-12,no,no,5,no,approve,,1.0000,1.0000,3004.39.00.81,"Anterior pituitary hormones, for human use, in dosage",1998-01,2011-12,0.9515,4,no official source reaches this boundary,3004.39.00.90,"Hormones, nes, for vet use, in dosage",1998-01,2026-06,0.6279,use,3004.39.00.90 (use); 3004.39.00.12 (continuity); 3004.39.00.19 (continuity); 3004.39.00.11 (continuity); 3004.39.00.13 (continuity),none,no official source reaches 199801,,,,,,the same commodity under a new number,,,,,,,,,yes,,,,no,,,no,,,no,,,,,234,3004.32.00.89,"Adrenal cortical hormones, nes, for human use, in dosage",0.7238
imports:3004.39.91.00:1997-09,63,CONFIRM - the evidence supports this link,decide,4,two candidates are almost equally close,imports,3004.39.91.00,"Hormones, nes, cont more than 23% of abs ethy alc by vol, in dosage",1997-09,288996.00,3004.39.00.85,"Hormones, nes, for human use, in dosage",1998-01,2011-12,no,no,3,no,approve,,0.6465,0.1667,3004.39.99.50,"Hormones, nes, for human use, in dosage",1988-01,1997-12,0.6465,12,no official source reaches this boundary,3004.39.00.11,"Medi,cont epinephrine/solutions/pituitary extracts,doses/frs,o/t No 30.02/05/06",2012-01,2026-06,0.3521,continuity,3004.39.00.11 (continuity); 3004.39.00.19 (continuity); 3004.39.00.13 (continuity); 3004.39.00.12 (continuity),none,no official source reaches 199710,,,,,,unknown,,,,,,,,,yes,,,,no,,,no,,,no,,,,,338,3004.90.00.20,"Medicaments cont more than 23% of abs ethyl alc by vol, nes, in dosage",0.8308
imports:3004.40.10.00:1997-12,64,CONFIRM - the evidence supports this link,decide,4,two candidates are almost equally close,imports,3004.40.10.00,"Alkaloids or their derivs, cont more than 23% of abs ethyl alc by vol, in dosage",1997-12,207577.00,3004.40.00.80,"Narcotic veg alkaloids or their narc derivs, nes, for human use, in dosage",1998-01,2011-12,yes,no,0,no,approve,,0.6351,0.2500,3004.40.00.90,"Non-narc veg alkaloids or their non-narc derivs, nes, for human use, in dosage",1998-01,2016-12,0.6184,5,no official source reaches this boundary,3003.40.00.00,"Alkaloids or their derivs, formulated, not cont antibiotics/hormones, in bulk",1998-01,2016-12,0.5166,dose form,3003.40.00.00 (dose form),none,no official source reaches 199801,,,,,,a catch-all line that may cover it,,,,,,,,,yes,,,,no,,,no,,,no,,,,,237,3004.32.00.10,"Adrenal cortical horm, cont more than 23% of abs ethyl alc by vol, in dosage",0.7867
imports:3006.80.90.41:2006-10,65,ANALYST - a candidate is shown but NOT recommended,decide,4,two candidates are almost equally close,imports,3006.80.90.41,Waste pharmaceuticals of the goods of subheadings 3004.10 to 3004.39,2006-10,171.00,3006.80.90.50,Waste pharmaceuticals of the goods of heading 30.05,2002-04,2006-12,no,no,0,no,none,"the code proposed here stops trading 2 months after the one it would replace, so the two ended in the same restructuring and neither received the other's trade. Following the chain, the trade appears to end at 3006.92.00.00.",0.8235,0.3000,3006.80.90.60,Waste pharmaceuticals of the goods of heading 30.06,2002-01,2006-12,0.8235,2,the WCO correlation names a subheading no candidate trades under,,,,,,,none,none,"the WCO 2002 to 2007 correlation sends this subheading to 300692, which no candidate trades under","THE OFFICIAL RECORD NARROWED THIS ROW: the WCO 2002 to 2007 correlation sends this subheading to 300692, which no candidate trades under. The proposal rests on the correlation table and not on wording alone. The tables map six digits to six digits, so the record chose the SUBHEADING; the statistical line beneath it is still the analyst's.",,,,,different class,Waste pharmaceuticals,"asserted, unsourced",,,,,,,yes,"yes, within 2 months",3006.92.00.00,2,no,,,no,,,no,,,,53,230,3006.92.00.00,"Waste pharmaceuticals, nes",0.5161
imports:3002.90.00.10:2021-12,66,CONFIRM - the evidence supports this link,decide,1,"a list lost an item, or one code is the leftover case of the other",imports,3002.90.00.10,"Toxins, toxoids, antitoxins, viruses, bacteriophage and bacterial lysates",2021-12,825580243.00,3002.90.00.20,"Toxoids, antitoxins, viruses, bacteriophage and bacterial lysates",2022-01,2026-06,yes,yes,0,no,approve,,0.9466,0.8571,3002.90.00.90,"Human blood;animal blood therap/diag,etc;antisera,etc;vaccines,etc;cell cult,nes",2017-01,2026-06,0.3221,3,a tariff schedule was read and ruled nothing out,,,,,,,none,none,"the 2022 schedule holds every candidate, so it excludes none",,,,,,unknown,,derived from the tariff block,,,,,,,yes,,,,no,,,no,,,yes,3002.90.00.90,"antisera, cell, culture, etc, vaccines",2,,110,3005.90.00.20,"Dressings & sim articles, coated or impreg w pharm substances, nes",0.3969
imports:3004.40.00.90:2016-12,67,ANALYST - a candidate is shown but NOT recommended,decide,5,no candidate is close on wording,imports,3004.40.00.90,"Non-narc veg alkaloids or their non-narc derivatives,nes,for human use,in dosage",2016-12,584366588.00,3004.49.00.90,"Medi,cont alkaloids/deriv t/o,nes,therap/prophltc,doses/frs,o/t No 30.02/05/06",2017-01,2026-06,yes,no,0,no,none,"the subheading is gone and no wording is close, so the goods may have left Chapter 30 entirely",0.3924,0.0417,3004.41.00.00,"Medicaments,cont ephedrin/salts,therap/prophltc,in doses/frs,o/t No 30.02/05/06",2017-01,2026-05,0.3145,2,the record bounds the answer to a short list,,,,,,,none,none,named by Canada's concordance at 201701,,,,,,same class,Non-narcotic vegetable alkaloids,"asserted, unsourced",,,,,,,yes,,,,no,,,no,,,no,,,,,71,3002.20.00.90,"Vaccines, nes, for human medicine",0.4324
imports:3002.90.00.50:2021-12,68,ANALYST - a candidate is shown but NOT recommended,decide,5,no candidate is close on wording,imports,3002.90.00.50,Micro-organisms cultures,2021-12,257772832.00,3002.49.00.10,"Cultures, of micro-organisms (excluding yeasts) and similar products",2022-01,2026-06,yes,no,0,no,none,"a candidate exists but its wording is below the 0.50 review threshold, so the method sends it on without a recommendation",0.4719,0.4286,3002.90.00.90,"Human blood;animal blood therap/diag,etc;antisera,etc;vaccines,etc;cell cult,nes",2017-01,2026-06,0.2885,3,a tariff schedule was read and ruled nothing out,,,,,,,none,none,"the 2022 schedule holds every candidate, so it excludes none",,,,,,unknown,Micro-organism cultures,"asserted, unsourced",3002.90.00.90,"Human blood;animal blood therap/diag,etc;antisera,etc;vaccines,etc;cell cult,nes (0.2885)",0.2885,,,,yes,,,,no,,,no,,,yes,3002.90.00.90,"antisera, cell, culture, etc, vaccines",2,,110,3001.90.00.10,Heparin and its salts,0.4444
imports:3004.39.00.10:2011-12,69,ANALYST - a candidate is shown but NOT recommended,decide,5,no candidate is close on wording,imports,3004.39.00.10,"Epinephrine & its sol & pituitary extrc, prepr for parentl admin in hum, in dos",2011-12,220635457.00,3004.39.00.11,"Medi,cont epinephrine/solutions/pituitary extracts,doses/frs,o/t No 30.02/05/06",2012-01,2026-06,yes,no,0,no,none,"a candidate exists but its wording is below the 0.50 review threshold, so the method sends it on without a recommendation",0.4737,0.0870,3004.39.00.19,"Medi,cont horm/prod No 29.37,f human use,doses/pack frs,o/t No 30.02/05/06,nes",2012-01,2026-06,0.2517,1,the record bounds the answer to a short list,,,,,,,none,none,named by Canada's concordance at 201201,,,,,,same class,Hormones,"asserted, unsourced",3004.39.00.19; 3004.39.00.90,"Medi,cont horm/prod No 29.37,f human use,doses/pack frs,o/t No 30.02/05/06,nes (0.2517); Medi,cont hormones/prod No 29.37,f vet use,doses/pack frs,o/t No 30.02/05/06,nes (0.2484)",0.2517,,,,yes,,,,no,,,no,,,yes,3004.39.00.90,"29, 37, containing, prod, products, retail, sale, than",3,,153,3002.42.00.10,Vaccines agnst foot and mth disse;vacc prepr for parentl admin;bovi intrnsl vacc,0.5098
imports:3003.40.00.00:2016-12,70,ANALYST - a candidate is shown but NOT recommended,decide,5,no candidate is close on wording,imports,3003.40.00.00,"Alkaloids or their derivs, formulated, not cont antibiotics/hormones, in bulk",2016-12,112415829.00,3003.49.00.00,"Medi,cont alkaloids/deriv t/o,nes,mix,f therap/prophltc,nfrs,o/t No 30.02/05/06",2017-01,2026-06,yes,no,0,no,none,"the subheading is gone and no wording is close, so the goods may have left Chapter 30 entirely",0.3529,0.0909,3003.43.00.00,"Medicaments,cont norephedrine/salts,mix,therap/prophltc,nfrs,o/t No 30.02/05/06",2017-01,2025-06,0.2876,2,the record bounds the answer to a short list,,,,,,,none,none,named by Canada's concordance at 201701,,,,,,a catch-all line that may cover it,Vegetable alkaloids,"asserted, unsourced",,,,,,,yes,,,,no,,,no,,,no,,,,,121,3004.10.00.10,"Medicaments,cont penicillins/their derivatives, for human use, in doses/pack frs",0.4079
exports:3002.90.20:2016-11,71,ANALYST - a candidate is shown but NOT recommended,decide,5,no candidate is close on wording,exports,3002.90.20,Saxitoxin,2016-11,10613008.00,3002.90.10,Ricin,1997-12,2026-06,no,no,0,no,none,"a candidate exists but its wording is below the 0.50 review threshold, so the method sends it on without a recommendation",0.4286,0.0000,3002.90.90,"Human blood;anml blood therap/prophltc/diag uses;toxins,micro-orga cult,sim,nes",1997-01,2026-06,0.1364,0,a tariff schedule was read and ruled nothing out,,,,,,,none,none,"the 2016 to 2017 schedule holds every candidate, so it excludes none",,3002.90.90,"Human blood;anml blood therap/prophltc/diag uses;toxins,micro-orga cult,sim,nes",0.1364,no,different family,Toxins,"asserted, unsourced",,,,,,,NO,yes,3002.90.90,3,no,,,no,,,no,,,,226,53,3006.50.00,First-aid boxes and kits,0.3030
exports:3003.40.00:2016-11,72,ANALYST - a candidate is shown but NOT recommended,decide,5,no candidate is close on wording,exports,3003.40.00,"Alkaloids or their derivs, formltd, not cntg antibiotics or hormones, in bulk",2016-11,2243690.00,3003.49.00,"Medi,cont alkaloids/deriv t/o,nes,mix,f therap/prophltc,nfrs,o/t No 30.02/05/06",2018-05,2026-06,no,no,17,yes,none,"the subheading is gone and no wording is close, so the goods may have left Chapter 30 entirely",0.3399,0.0435,3003.42.00,"Medicaments,cont pseudoephedrine/sa,mix,therap/prophltc,nfrs,o/t No 30.02/05/06",2019-05,2024-09,0.3007,2,the record bounds the answer to a short list,,,,,,,none,none,"bounded by the official record, action constrain",,,,,,a catch-all line that may cover it,Vegetable alkaloids,"asserted, unsourced",,,,,,,yes,,,,no,,,no,,,no,,,,,46,3004.40.00,"Alkaloids or their derivs, not cntg antibiotics or hormones, in dosage",0.8732
exports:3002.11.00:2021-11,73,ANALYST - a candidate is shown but NOT recommended,decide,5,no candidate is close on wording,exports,3002.11.00,Malaria diagnostic test kits,2021-11,450273.00,3002.90.90,"Human blood;animal blood therap/diag,etc;antisera,etc;vaccines,etc;cell cult,nes",1997-01,2026-06,no,no,0,no,none,"the WCO correlation table for this revision sends the whole subheading OUT of Chapter 30, so no code in this chapter is its successor. The candidates below are shown because the answer still has to be recorded, not because any of them qualifies. Expected answer: reject, with the successor written `none`.",0.3519,0.0667,3002.15.00,"Immunological products, put up in measured doses/forms/packings, for retail sale",2017-01,2026-06,0.3019,12,the WCO correlation sends this subheading OUT of Chapter 30,,,,,,,none,none,"the WCO 2017 to 2022 correlation sends this subheading to 382211, outside Chapter 30",,,,,,a catch-all line that may cover it,Diagnostic reagents,"asserted, unsourced",,,,,,,yes,,,,no,,,no,,,no,,,,297,35,3006.50.00,First-aid boxes and kits,0.4615
imports:3003.39.91.00:1997-07,74,ANALYST - a candidate is shown but NOT recommended,decide,5,no candidate is close on wording,imports,3003.39.91.00,"Hormones, containing more than 23% of absolute ethyl alcohol by volume, in bulk",1997-07,10184.00,3003.39.00.90,"Hormones, nes, not containing antibiotics, in bulk, o/t contraceptives",1998-01,2011-12,no,no,5,no,none,"a candidate exists but its wording is below the 0.50 review threshold, so the method sends it on without a recommendation",0.4507,0.2500,3003.39.99.00,"Hormones, nes, not cont antibiotics, in bulk, o/t contraceptives",1988-01,1997-12,0.3824,2,no official source reaches this boundary,3003.39.00.00,"Medi,cont horm/prostaglandins/thromboxanes/leukotrienes/deriv/analogues,nes,nfrs",2012-01,2026-06,0.3205,continuity,3003.39.00.00 (continuity),none,no official source reaches 199708,,,,,,same class,Hormones,"asserted, unsourced",,,,,,,yes,,,,no,,,no,,,no,,,,,353,3003.90.00.20,"Medicaments, nes, cont more than 23% of absolute ethyl alcohol by volume,in bulk",0.8627
exports:3004.90.00:2017-12,75,ANALYST - a candidate is shown but NOT recommended,decide,6,"the wording and the meaning both match, please spot check",exports,3004.90.00,"Medicaments,nes,therap/prophltc uses,doses/pack f retail sale,o/t No 30.02/05/06",2017-12,67033315697.00,3004.60.00,"Medicaments,cont antimalarial active principles,in doses/frs,o/t No 30.02/05/06",2017-01,2026-06,no,no,0,no,none,"a different code, 3004.90.90, carries this description word for word from 2018-01, 0 month(s) after this one stopped. Either that is the renumbering or the proposal is, and the wording cannot separate them.",0.5660,0.5556,,,,,,0,the record bounds it and this row needs a ruling,,,,,,,none,none,"bounded by the official record, action constrain_and_rule",,,,,,unknown,,,,,,3004.90.90,2018-01,0,,,,,no,,,no,,,no,,,,10,49,3003.90.00,"Medicaments, nes,mix,therap/prophltc uses,not for retail sale,o/t No 30.02/05/06",0.8931
imports:3002.10.00.90:2016-12,76,ANALYST - a candidate is shown but NOT recommended,decide,6,"the wording and the meaning both match, please spot check",imports,3002.10.00.90,"Antisera,o blood fract,immunological prod,w/n mod/obt biotechnological proc,nes",2016-12,7588057599.00,3002.19.00.00,"Immunological products, nes, w/n modified/obtained by biotechnological processes",2017-01,2021-12,yes,yes,0,no,none,"the subheading is gone and nothing left in the chapter shares the meaning, so the goods may have left Chapter 30 entirely",0.6879,0.2308,3002.13.00.00,"Immunological products, unmixed, not put up in measured doses/forms/packings frs",2017-01,2026-06,0.4076,3,the record bounds the answer to a short list,,,,,,,none,none,named by Canada's concordance at 201701,,,,,,different class,Blood products,"asserted, unsourced",,,,,,,yes,yes,3002.15.00.00,2,no,,,no,,,no,,,,,102,3005.90.00.30,"Surgical dressings, not stitched or o/w mfd, not coated/impreg w pharm subs, nes",0.3974
imports:3004.90.00.35:2017-12,77,CONFIRM - the evidence supports this link,decide,6,"the wording and the meaning both match, please spot check",imports,3004.90.00.35,"Agents,acting on central nervous system,hum use,doses/frs,o/t No 30.02/05/06,nes",2017-12,6760065602.00,3004.90.00.26,"Agents,acting on central nervous system,hum use,doses/frs,o/t No 30.02/05/06,nes",2018-01,2026-06,yes,no,0,no,approve,,1.0000,1.0000,3004.90.00.29,"Medi,acting on central nervous system,human use,doses/frs,o/t No 30.02/05/06,nes",2018-01,2026-06,0.9375,24,a tariff schedule was read and ruled nothing out,3004.90.00.90,"Medicaments,f veterinary use,doses/packings f retail sale,o/t No 30.02/05/06,nes",2012-01,2026-06,0.6000,use,3004.90.00.90 (use),none,"the 2018 schedule holds every candidate, so it excludes none",,,,,,the same commodity under a new number,,,,,,,,,yes,,,,no,,,no,,,no,,,,,98,3004.39.00.19,"Medi,cont horm/prod No 29.37,f human use,doses/pack frs,o/t No 30.02/05/06,nes",0.6456
imports:3004.90.00.32:2017-12,78,CONFIRM - the evidence supports this link,decide,6,"the wording and the meaning both match, please spot check",imports,3004.90.00.32,"Antidepressants & tranquilizers,f human use,in doses/pack frs,o/t No 30.02/05/06",2017-12,6525417842.00,3004.90.00.23,"Antidepressants & tranquilizers,f human use,in doses/pack frs,o/t No 30.02/05/06",2018-01,2026-06,yes,no,0,no,approve,,1.0000,1.0000,3004.90.00.24,"Antihypertensive agents, for human use, in doses/packings frs,o/t No 30.02/05/06",2018-01,2026-06,0.7821,24,a tariff schedule was read and ruled nothing out,3004.90.00.90,"Medicaments,f veterinary use,doses/packings f retail sale,o/t No 30.02/05/06,nes",2012-01,2026-06,0.6076,use,3004.90.00.90 (use),none,"the 2018 schedule holds every candidate, so it excludes none",,,,,,the same commodity under a new number,"Medicaments, for human use, acting on the nervous system, in dosage, nes",derived from the tariff block,,,,,,,yes,,,,no,,,no,,,no,,,,,98,3004.39.00.13,"Medi,cont unmixed single estrogens,for human,doses/pack frs,o/t No 30.02/05/06",0.6795
imports:3004.90.00.39:2017-12,79,CONFIRM - the evidence supports this link,decide,6,"the wording and the meaning both match, please spot check",imports,3004.90.00.39,"Medi,acting on central nervous system,human use,doses/frs,o/t No 30.02/05/06,nes",2017-12,3792547257.00,3004.90.00.29,"Medi,acting on central nervous system,human use,doses/frs,o/t No 30.02/05/06,nes",2018-01,2026-06,yes,no,0,no,approve,,1.0000,1.0000,3004.90.00.26,"Agents,acting on central nervous system,hum use,doses/frs,o/t No 30.02/05/06,nes",2018-01,2026-06,0.9375,24,a tariff schedule was read and ruled nothing out,3004.90.00.90,"Medicaments,f veterinary use,doses/packings f retail sale,o/t No 30.02/05/06,nes",2012-01,2026-06,0.6125,use,3004.90.00.90 (use),none,"the 2018 schedule holds every candidate, so it excludes none",,,,,,the same commodity under a new number,,,,,,,,,yes,,,,no,,,no,,,no,,,,,98,3004.39.00.19,"Medi,cont horm/prod No 29.37,f human use,doses/pack frs,o/t No 30.02/05/06,nes",0.7215
imports:3004.90.00.33:2017-12,80,CONFIRM - the evidence supports this link,decide,6,"the wording and the meaning both match, please spot check",imports,3004.90.00.33,"Antihypertensive agents, for human use, in doses/packings frs,o/t No 30.02/05/06",2017-12,2694917989.00,3004.90.00.24,"Antihypertensive agents, for human use, in doses/packings frs,o/t No 30.02/05/06",2018-01,2026-06,yes,no,0,no,approve,,1.0000,1.0000,3004.90.00.25,"Antihistaminic agents, for human use, in doses/packings frs, o/t No 30.02/05/06",2018-01,2026-06,0.9091,24,a tariff schedule was read and ruled nothing out,3004.90.00.90,"Medicaments,f veterinary use,doses/packings f retail sale,o/t No 30.02/05/06,nes",2012-01,2026-06,0.6456,use,3004.90.00.90 (use),none,"the 2018 schedule holds every candidate, so it excludes none",,,,,,the same commodity under a new number,"Medicaments, for human use, acting on the nervous system, in dosage, nes",derived from the tariff block,,,,,,,yes,,,,no,,,no,,,no,,,,,98,3004.39.00.13,"Medi,cont unmixed single estrogens,for human,doses/pack frs,o/t No 30.02/05/06",0.7179
imports:3004.90.00.31:2017-12,81,CONFIRM - the evidence supports this link,decide,6,"the wording and the meaning both match, please spot check",imports,3004.90.00.31,"Analgesics, for human use, in doses/packings for retail sale, o/t No 30.02/05/06",2017-12,2089844029.00,3004.90.00.22,"Analgesics, for human use, in doses/packings for retail sale, o/t No 30.02/05/06",2018-01,2026-06,yes,no,0,no,approve,,1.0000,1.0000,3004.90.00.43,"Antacids, for human use, in doses/packings for retail sale, o/t No 30.02/05/06",1998-01,2026-06,0.9474,24,a tariff schedule was read and ruled nothing out,3004.90.00.90,"Medicaments,f veterinary use,doses/packings f retail sale,o/t No 30.02/05/06,nes",2012-01,2026-06,0.7643,use,3004.90.00.90 (use),none,"the 2018 schedule holds every candidate, so it excludes none",,,,,,the same commodity under a new number,"Medicaments, for human use, acting on the nervous system, in dosage, nes",derived from the tariff block,,,,,,,yes,,,,no,,,no,,,no,,,,,98,3004.31.00.00,"Medicaments,cont insulin,in doses/forms/pack f retail sale,o/t No 30.02/05/06",0.7273
imports:3004.90.99.89:1997-12,82,CONFIRM - the evidence supports this link,decide,6,"the wording and the meaning both match, please spot check",imports,3004.90.99.89,"Medicaments nes, for human use, in dosage",1997-12,1883788320.00,3004.90.00.79,"Medicaments nes, for human use, in dosage",1998-01,2026-06,yes,no,0,no,approve,,1.0000,1.0000,3004.90.00.43,"Antacids, for human use, in dosage",1998-01,2026-06,0.7887,25,no official source reaches this boundary,3004.90.00.89,"Medicaments nes, for veterinary use, in dosage",1998-01,2011-12,0.8434,use,3004.90.00.89 (use); 3004.90.00.90 (continuity;use); 3004.90.00.81 (use); 3004.90.00.25 (continuity); 3004.90.00.24 (continuity); 3004.90.00.23 (continuity); 3004.90.00.22 (continuity); 3004.90.00.29 (continuity); 3004.90.00.27 (continuity); 3004.90.00.21 (continuity); 3004.90.00.26 (continuity),none,no official source reaches 199801,,,,,,the same commodity under a new number,,,,,,,,,,,,,no,,,no,,,no,,,,,207,3004.32.00.82,"Betamethasone, for human use, in dosage",0.8421
imports:3004.90.99.30:1997-12,83,CONFIRM - the evidence supports this link,decide,6,"the wording and the meaning both match, please spot check",imports,3004.90.99.30,"Medicaments, for human use, acting on the cardio-vascular system, in dosage",1997-12,1142787624.00,3004.90.00.50,"Medicaments, for human use, acting on the cardio-vascular system, in dosage",1998-01,2026-06,yes,no,0,no,approve,,1.0000,1.0000,3004.90.00.35,"Medicaments, for human use, acting on the nervous system, in dosage, nes",1998-01,2017-12,0.8571,25,no official source reaches this boundary,3004.90.00.89,"Medicaments nes, for veterinary use, in dosage",1998-01,2011-12,0.5345,use,3004.90.00.89 (use); 3004.90.00.90 (continuity;use); 3004.90.00.26 (continuity); 3004.90.00.25 (continuity); 3004.90.00.81 (use); 3004.90.00.24 (continuity); 3004.90.00.22 (continuity); 3004.90.00.27 (continuity); 3004.90.00.23 (continuity); 3004.90.00.29 (continuity); 3004.90.00.21 (continuity),none,no official source reaches 199801,,,,,,the same commodity under a new number,,,,,,,,,yes,,,,no,,,no,,,no,,,,,207,3004.32.00.82,"Betamethasone, for human use, in dosage",0.5321
imports:3002.10.00.30:2016-12,84,CONFIRM - the evidence supports this link,decide,6,"the wording and the meaning both match, please spot check",imports,3002.10.00.30,"Antisera and other blood fractions, of human origin, for other uses",2016-12,1100455460.00,3002.12.00.19,"Human antisera and other human blood fractions, nes",2017-01,2026-06,yes,yes,0,no,approve,,0.6609,0.6667,3002.12.00.12,"Human blood plasma, for therapeutic/prophylactic/other uses",2017-01,2026-06,0.4228,1,the record bounds the answer to a short list,,,,,,,none,none,named by Canada's concordance at 201701,,,,,,a catch-all line that may cover it,,,,,,,,,yes,,,,no,,,no,,,no,,,,,102,3006.20.00.90,"Blood-grouping reagents, other than of animal origin, nes",0.4833
imports:3002.90.00.99:2016-12,85,CONFIRM - the evidence supports this link,decide,6,"the wording and the meaning both match, please spot check",imports,3002.90.00.99,"Human blood;anml blood therap/prophltc/diag uses;toxins,micro-organisms cult,nes",2016-12,685125802.00,3002.90.00.90,"Human blood;animal blood for therap/prophltc/diagnostic uses;toxins,sim prod,nes",2017-01,2026-06,yes,no,0,no,approve,,0.7875,0.6154,3002.90.00.50,Micro-organisms cultures,2017-01,2021-12,0.4231,0,the record bounds the answer to a short list,,,,,,,none,none,named by Canada's concordance at 201701,,,,,,unknown,,,,,,,,,yes,,,,no,,,no,,,no,,,,,126,3002.12.00.12,"Human blood plasma, for therapeutic/prophylactic/other uses",0.5507
imports:3004.90.99.29:1997-12,86,CONFIRM - the evidence supports this link,decide,6,"the wording and the meaning both match, please spot check",imports,3004.90.99.29,"Gastro-intestinal agents, for human use, in dosage, nes",1997-12,665980987.00,3004.90.00.49,"Gastro-intestinal agents, for human use, in dosage, nes",1998-01,2026-06,yes,no,0,no,approve,,1.0000,1.0000,3004.90.00.69,"Anti-infective agents, for human use, in dosage, nes",1998-01,2026-06,0.8515,25,no official source reaches this boundary,3004.90.00.25,"Antihistaminic agents, for human use, in doses/packings frs, o/t No 30.02/05/06",2018-01,2026-06,0.5938,continuity,3004.90.00.25 (continuity); 3004.90.00.24 (continuity); 3004.90.00.90 (continuity;use); 3004.90.00.81 (use); 3004.90.00.89 (use); 3004.90.00.22 (continuity); 3004.90.00.27 (continuity); 3004.90.00.23 (continuity); 3004.90.00.29 (continuity); 3004.90.00.26 (continuity); 3004.90.00.21 (continuity),none,no official source reaches 199801,,,,,,the same commodity under a new number,,,,,,,,,yes,,,,no,,,no,,,no,,,,,207,3004.31.00.90,"Insulin, nes, for human use, in dosage",0.7356
imports:3004.90.00.36:2017-12,87,CONFIRM - the evidence supports this link,decide,6,"the wording and the meaning both match, please spot check",imports,3004.90.00.36,"Local anaesthetics, for human use,in doses/pack f retail sale,o/t No 30.02/05/06",2017-12,627338348.00,3004.90.00.27,"Local anaesthetics, for human use,in doses/pack f retail sale,o/t No 30.02/05/06",2018-01,2026-06,yes,no,0,no,approve,,1.0000,1.0000,3004.90.00.22,"Analgesics, for human use, in doses/packings for retail sale, o/t No 30.02/05/06",2018-01,2026-06,0.8846,24,a tariff schedule was read and ruled nothing out,3004.90.00.90,"Medicaments,f veterinary use,doses/packings f retail sale,o/t No 30.02/05/06,nes",2012-01,2026-06,0.7170,use,3004.90.00.90 (use),none,"the 2018 schedule holds every candidate, so it excludes none",,,,,,the same commodity under a new number,"Medicaments, for human use, acting on the nervous system, in dosage, nes",derived from the tariff block,,,,,,,yes,,,,no,,,no,,,no,,,,,98,3004.31.00.00,"Medicaments,cont insulin,in doses/forms/pack f retail sale,o/t No 30.02/05/06",0.7308
imports:3004.90.99.49:1997-12,88,CONFIRM - the evidence supports this link,decide,6,"the wording and the meaning both match, please spot check",imports,3004.90.99.49,"Anti-infective agents, for human use, in dosage, nes",1997-12,526326356.00,3004.90.00.69,"Anti-infective agents, for human use, in dosage, nes",1998-01,2026-06,yes,no,0,no,approve,,1.0000,1.0000,3004.90.00.49,"Gastro-intestinal agents, for human use, in dosage, nes",1998-01,2026-06,0.8515,25,no official source reaches this boundary,3004.90.00.24,"Antihypertensive agents, for human use, in doses/packings frs,o/t No 30.02/05/06",2018-01,2026-06,0.6299,continuity,3004.90.00.24 (continuity); 3004.90.00.25 (continuity); 3004.90.00.90 (continuity;use); 3004.90.00.81 (use); 3004.90.00.89 (use); 3004.90.00.22 (continuity); 3004.90.00.23 (continuity); 3004.90.00.27 (continuity); 3004.90.00.29 (continuity); 3004.90.00.26 (continuity); 3004.90.00.21 (continuity),none,no official source reaches 199801,,,,,,the same commodity under a new number,,,,,,,,,yes,,,,no,,,no,,,no,,,,,207,3004.20.00.69,"Antibiotics, nes, for human use, in dosage",0.7500
imports:3004.90.99.19:1997-12,89,CONFIRM - the evidence supports this link,decide,6,"the wording and the meaning both match, please spot check",imports,3004.90.99.19,"Medicaments, for human use, acting on the central nervous system, in dosage, nes",1997-12,492424909.00,3004.90.00.39,"Medicaments, for human use, acting on the central nervous system, in dosage, nes",1998-01,2017-12,yes,no,0,no,approve,,1.0000,1.0000,3004.90.00.35,"Medicaments, for human use, acting on the nervous system, in dosage, nes",1998-01,2017-12,0.9444,25,no official source reaches this boundary,3004.90.00.26,"Agents,acting on central nervous system,hum use,doses/frs,o/t No 30.02/05/06,nes",2018-01,2026-06,0.6154,continuity,3004.90.00.26 (continuity); 3004.90.00.29 (continuity); 3004.90.00.90 (continuity;use); 3004.90.00.89 (use); 3004.90.00.25 (continuity); 3004.90.00.24 (continuity); 3004.90.00.81 (use); 3004.90.00.22 (continuity); 3004.90.00.27 (continuity); 3004.90.00.23 (continuity); 3004.90.00.21 (continuity),none,no official source reaches 199801,,,,,,the same commodity under a new number,,,,,,,,,yes,yes,3004.90.00.29,2,no,,,no,,,no,,,,,207,3004.32.00.82,"Betamethasone, for human use, in dosage",0.5133
imports:3004.90.00.34:2017-12,90,CONFIRM - the evidence supports this link,decide,6,"the wording and the meaning both match, please spot check",imports,3004.90.00.34,"Antihistaminic agents, for human use, in doses/packings frs, o/t No 30.02/05/06",2017-12,457653908.00,3004.90.00.25,"Antihistaminic agents, for human use, in doses/packings frs, o/t No 30.02/05/06",2018-01,2026-06,yes,no,0,no,approve,,1.0000,1.0000,3004.90.00.72,"Antineoplastic agents, for human use, in doses/packings frs, o/t No 30.02/05/06",1998-01,2026-06,0.9211,24,a tariff schedule was read and ruled nothing out,3004.90.00.90,"Medicaments,f veterinary use,doses/packings f retail sale,o/t No 30.02/05/06,nes",2012-01,2026-06,0.6795,use,3004.90.00.90 (use),none,"the 2018 schedule holds every candidate, so it excludes none",,,,,,the same commodity under a new number,"Medicaments, for human use, acting on the nervous system, in dosage, nes",derived from the tariff block,,,,,,,yes,,,,no,,,no,,,no,,,,,98,3004.50.00.90,"Medi,cont vitamins,for veterinary use,in doses/pack frs,o/t No 30.02/05/06,nes",0.7273
imports:3004.90.99.12:1997-12,91,CONFIRM - the evidence supports this link,decide,6,"the wording and the meaning both match, please spot check",imports,3004.90.99.12,"Antidepressants & tranquilizers, for human use, in dosage",1997-12,405662933.00,3004.90.00.32,"Antidepressants & tranquilizers, for human use, in dosage",1998-01,2017-12,yes,no,0,no,approve,,1.0000,1.0000,3004.90.00.33,"Antihypertensive agents, for human use, in dosage",1998-01,2017-12,0.7200,25,no official source reaches this boundary,3004.90.00.23,"Antidepressants & tranquilizers,f human use,in doses/pack frs,o/t No 30.02/05/06",2018-01,2026-06,0.7481,continuity,3004.90.00.23 (continuity); 3004.90.00.89 (use); 3004.90.00.24 (continuity); 3004.90.00.81 (use); 3004.90.00.25 (continuity); 3004.90.00.90 (continuity;use); 3004.90.00.22 (continuity); 3004.90.00.27 (continuity); 3004.90.00.29 (continuity); 3004.90.00.26 (continuity); 3004.90.00.21 (continuity),none,no official source reaches 199801,,,,,,the same commodity under a new number,"Medicaments, for human use, acting on the nervous system, in dosage, nes",derived from the tariff block,,,,,,,yes,yes,3004.90.00.23,2,no,,,no,,,no,,,,,207,3004.20.00.69,"Antibiotics, nes, for human use, in dosage",0.7391
imports:3004.90.99.99:1997-12,92,CONFIRM - the evidence supports this link,decide,6,"the wording and the meaning both match, please spot check",imports,3004.90.99.99,"Medicaments nes, for veterinary use, in dosage",1997-12,393958224.00,3004.90.00.89,"Medicaments nes, for veterinary use, in dosage",1998-01,2011-12,yes,no,0,no,approve,,1.0000,1.0000,3004.90.00.81,"Anaesthetic, for veterinary use, in dosage",1998-01,2011-12,0.7619,4,no official source reaches this boundary,3004.90.00.90,"Other medicaments, for veterinary use, in dosage, nes",2012-01,2026-06,0.8511,continuity,3004.90.00.90 (continuity); 3004.90.00.79 (use); 3004.90.00.43 (use); 3004.90.00.71 (use); 3004.90.00.72 (use); 3004.90.00.77 (use); 3004.90.00.75 (use); 3004.90.00.31 (use); 3004.90.00.34 (use); 3004.90.00.32 (use); 3004.90.00.42 (use); 3004.90.00.33 (use); 3004.90.00.69 (use); 3004.90.00.61 (use); 3004.90.00.78 (use); 3004.90.00.74 (use); 3004.90.00.49 (use); 3004.90.00.36 (use); 3004.90.00.35 (use); 3004.90.00.41 (use); 3004.90.00.50 (use); 3004.90.00.39 (use); 3004.90.00.76 (use); 3004.90.00.73 (use); 3004.90.00.25 (continuity;use); 3004.90.00.21 (continuity); 3004.90.00.24 (continuity;use); 3004.90.00.23 (continuity;use); 3004.90.00.29 (continuity;use); 3004.90.00.22 (continuity;use); 3004.90.00.27 (continuity;use); 3004.90.00.26 (continuity;use),none,no official source reaches 199801,,,,,,the same commodity under a new number,,,,,,,,,,,,,no,,,no,,,no,,,,,207,3004.39.00.90,"Hormones, nes, for vet use, in dosage",0.7436
imports:3002.10.10.29:1997-12,93,CONFIRM - the evidence supports this link,decide,6,"the wording and the meaning both match, please spot check",imports,3002.10.10.29,"Antisera & o blood fract, human orig, therapeutic/prophylactic use in humans,nes",1997-12,377806210.00,3002.10.00.29,"Antisera & o blood fract, human orig, therapeutic/prophylactic use in humans,nes",1998-01,2016-12,yes,no,0,no,approve,,1.0000,1.0000,3002.10.00.21,"Blood plasma, for therapeutic or prophylactic use in humans",1998-01,2016-12,0.7612,6,no official source reaches this boundary,3002.10.00.10,"Antisera & o blood fractions, human origin, for diagnostic use",1998-01,2016-12,0.6567,purpose,3002.10.00.10 (purpose); 3002.10.00.90 (continuity); 3002.10.00.42 (origin); 3002.10.00.49 (origin); 3002.10.00.60 (continuity),none,no official source reaches 199801,,,,,,the same commodity under a new number,,,,,,,,,yes,,,,no,,,no,,,no,,,,,232,3002.12.00.12,"Human blood plasma, for therapeutic/prophylactic/other uses",0.6716
imports:3004.90.99.13:1997-12,94,CONFIRM - the evidence supports this link,decide,6,"the wording and the meaning both match, please spot check",imports,3004.90.99.13,"Antihypertensive agents, for human use, in dosage",1997-12,369413385.00,3004.90.00.33,"Antihypertensive agents, for human use, in dosage",1998-01,2017-12,yes,no,0,no,approve,,1.0000,1.0000,3004.90.00.69,"Anti-infective agents, for human use, in dosage, nes",1998-01,2026-06,0.8333,25,no official source reaches this boundary,3004.90.00.24,"Antihypertensive agents, for human use, in doses/packings frs,o/t No 30.02/05/06",2018-01,2026-06,0.7360,continuity,3004.90.00.24 (continuity); 3004.90.00.90 (continuity;use); 3004.90.00.25 (continuity); 3004.90.00.81 (use); 3004.90.00.89 (use); 3004.90.00.23 (continuity); 3004.90.00.22 (continuity); 3004.90.00.27 (continuity); 3004.90.00.29 (continuity); 3004.90.00.26 (continuity); 3004.90.00.21 (continuity),none,no official source reaches 199801,,,,,,the same commodity under a new number,"Medicaments, for human use, acting on the nervous system, in dosage, nes",derived from the tariff block,,,,,,,yes,yes,3004.90.00.24,2,no,,,no,,,no,,,,,207,3004.39.00.83,"Unmixed single estrogens, for human use, in dosage",0.7368
imports:3004.90.99.60:1997-12,95,CONFIRM - the evidence supports this link,decide,6,"the wording and the meaning both match, please spot check",imports,3004.90.99.60,"Antineoplastic agents, for human use, in dosage",1997-12,367961271.00,3004.90.00.72,"Antineoplastic agents, for human use, in dosage",1998-01,2026-06,yes,no,0,no,approve,,1.0000,1.0000,3004.90.00.34,"Antihistamines agents, for human use, in dosage",1998-01,2017-12,0.8444,25,no official source reaches this boundary,3004.90.00.81,"Anaesthetic, for veterinary use, in dosage",1998-01,2011-12,0.6353,use,3004.90.00.81 (use); 3004.90.00.89 (use); 3004.90.00.25 (continuity); 3004.90.00.90 (continuity;use); 3004.90.00.24 (continuity); 3004.90.00.22 (continuity); 3004.90.00.27 (continuity); 3004.90.00.23 (continuity); 3004.90.00.29 (continuity); 3004.90.00.26 (continuity); 3004.90.00.21 (continuity),none,no official source reaches 199801,,,,,,the same commodity under a new number,,,,,,,,,yes,,,,no,,,no,,,no,,,,,207,3004.20.00.69,"Antibiotics, nes, for human use, in dosage",0.8333
imports:3004.39.99.50:1997-12,96,CONFIRM - the evidence supports this link,decide,6,"the wording and the meaning both match, please spot check",imports,3004.39.99.50,"Hormones, nes, for human use, in dosage",1997-12,313061021.00,3004.39.00.85,"Hormones, nes, for human use, in dosage",1998-01,2011-12,yes,no,0,no,approve,,1.0000,1.0000,3004.39.00.81,"Anterior pituitary hormones, for human use, in dosage",1998-01,2011-12,0.7356,4,no official source reaches this boundary,3004.39.00.90,"Hormones, nes, for vet use, in dosage",1998-01,2026-06,0.8857,use,3004.39.00.90 (use); 3004.39.00.19 (continuity); 3004.39.00.13 (continuity); 3004.39.00.12 (continuity); 3004.39.00.11 (continuity),none,no official source reaches 199801,,,,,,the same commodity under a new number,,,,,,,,,,,,,no,,,no,,,no,,,,,234,3004.31.00.90,"Insulin, nes, for human use, in dosage",0.8451
imports:3004.90.99.21:1997-12,97,CONFIRM - the evidence supports this link,decide,6,"the wording and the meaning both match, please spot check",imports,3004.90.99.21,"Histamine H2 receptor antagonist, for human use, in dosage",1997-12,270583468.00,3004.90.00.41,"Histamine H2 receptor antagonist, for human use, in dosage",1998-01,2011-12,yes,no,0,no,approve,,1.0000,1.0000,3004.90.00.34,"Antihistamines agents, for human use, in dosage",1998-01,2017-12,0.7525,25,no official source reaches this boundary,3004.90.00.25,"Antihistaminic agents, for human use, in doses/packings frs, o/t No 30.02/05/06",2018-01,2026-06,0.5606,continuity,3004.90.00.25 (continuity); 3004.90.00.90 (continuity;use); 3004.90.00.89 (use); 3004.90.00.81 (use); 3004.90.00.22 (continuity); 3004.90.00.24 (continuity); 3004.90.00.27 (continuity); 3004.90.00.23 (continuity); 3004.90.00.21 (continuity); 3004.90.00.29 (continuity); 3004.90.00.26 (continuity),none,no official source reaches 199801,,,,,,the same commodity under a new number,"Gastro-intestinal agents, for human use, in dosage, nes",derived from the tariff block,,,,,,,yes,,,,no,,,no,,,no,,,,,207,3004.50.00.61,"Vitamins-iron preparation, for human use, in dosage",0.7238
imports:3004.31.10.00:1997-12,98,CONFIRM - the evidence supports this link,decide,6,"the wording and the meaning both match, please spot check",imports,3004.31.10.00,"Insulin, w/n mixed w zinc, globin or protamine, prepr for parentl admin, in dos",1997-12,266955474.00,3004.31.00.10,"Insulin, w/n mixed w zinc, globin or protamine, prepr for parentl admin, in dos",1998-01,2011-12,yes,no,0,no,approve,,1.0000,1.0000,3004.31.00.90,"Insulin, nes, for human use, in dosage",1998-01,2011-12,0.4364,0,no official source reaches this boundary,3004.31.00.00,"Medicaments,cont insulin,in doses/forms/pack f retail sale,o/t No 30.02/05/06",2012-01,2026-06,0.1842,continuity,3004.31.00.00 (continuity),none,no official source reaches 199801,,,,,,the same commodity under a new number,,,,,,,,,yes,,,,no,,,no,,,no,,,,,242,3003.90.00.10,"Fractioned soya oil emulsions, prepr for parenteral admin; mx of amino acids,etc",0.5359
imports:3003.90.99.90:1997-12,99,CONFIRM - the evidence supports this link,decide,6,"the wording and the meaning both match, please spot check",imports,3003.90.99.90,"Medicaments nes, formulated, in bulk",1997-12,229173341.00,3003.90.00.99,"Medicaments nes, formulated, in bulk",1998-01,2011-12,yes,no,0,no,approve,,1.0000,1.0000,3003.90.00.91,"Medicaments containing acetaminophen, in bulk",1998-01,2011-12,0.6154,2,no official source reaches this boundary,3003.90.00.90,"Other medicaments, formulated, in bulk, nes",2012-01,2026-06,0.8108,continuity,3003.90.00.90 (continuity); 3003.90.00.30 (continuity),none,no official source reaches 199801,,,,,,the same commodity under a new number,,,,,,,,,yes,,,,no,,,no,,,no,,,,,239,3003.20.00.00,"Antibiotics, nes, formulated, in bulk",0.7647
exports:3002.30.90:2016-12,100,CONFIRM - the evidence supports this link,decide,6,"the wording and the meaning both match, please spot check",exports,3002.30.90,"Vaccines, veterinary use, nes",2016-12,230488314.00,3002.30.00,"Vaccines, for veterinary medecine",2017-01,2021-12,yes,yes,0,no,approve,,0.7797,0.5000,,,,,,0,a tariff schedule was read and ruled nothing out,,,,,,,none,none,"the 2017 schedule holds every candidate, so it excludes none",,,,,,same class,Veterinary vaccines,"asserted, unsourced",,,,,,,,yes,3002.42.00,2,no,,,no,,,no,,,,,51,3002.42.00,"Vaccines, for veterinary medecine",0.7797
imports:3004.90.99.11:1997-12,101,CONFIRM - the evidence supports this link,decide,6,"the wording and the meaning both match, please spot check",imports,3004.90.99.11,"Analgesics, for human use, in dosage",1997-12,226805033.00,3004.90.00.31,"Analgesics, for human use, in dosage",1998-01,2017-12,yes,no,0,no,approve,,1.0000,1.0000,3004.90.00.43,"Antacids, for human use, in dosage",1998-01,2026-06,0.8788,25,no official source reaches this boundary,3004.90.00.81,"Anaesthetic, for veterinary use, in dosage",1998-01,2011-12,0.7297,use,3004.90.00.81 (use); 3004.90.00.89 (use); 3004.90.00.22 (continuity); 3004.90.00.90 (continuity;use); 3004.90.00.27 (continuity); 3004.90.00.25 (continuity); 3004.90.00.24 (continuity); 3004.90.00.23 (continuity); 3004.90.00.29 (continuity); 3004.90.00.26 (continuity); 3004.90.00.21 (continuity),none,no official source reaches 199801,,,,,,the same commodity under a new number,"Medicaments, for human use, acting on the nervous system, in dosage, nes",derived from the tariff block,,,,,,,yes,yes,3004.90.00.22,2,no,,,no,,,no,,,,,207,3004.20.00.41,"Gentamycins, for human use, in dosage",0.8116
imports:3006.30.10.00:1997-12,102,CONFIRM - the evidence supports this link,decide,6,"the wording and the meaning both match, please spot check",imports,3006.30.10.00,Opacifying preparations for X-ray examinations,1997-12,207390256.00,3006.30.00.10,Opacifying preparations for X-ray examinations,1998-01,2026-06,yes,no,0,no,approve,,1.0000,1.0000,3006.30.00.20,Allergenics prepared for parenteral administration,1998-01,2011-12,0.2917,1,no official source reaches this boundary,,,,,,,none,none,no official source reaches 199801,,,,,,the same commodity under a new number,,,,,,,,,yes,,,,no,,,no,,,no,,,,,242,3004.50.00.61,"Vitamins-iron preparation, for human use, in dosage",0.5263
imports:3004.32.90.19:1997-12,103,CONFIRM - the evidence supports this link,decide,6,"the wording and the meaning both match, please spot check",imports,3004.32.90.19,"Adrenal cortical hormones, nes, for human use, in dosage",1997-12,195552129.00,3004.32.00.89,"Adrenal cortical hormones, nes, for human use, in dosage",1998-01,2001-12,yes,no,0,no,approve,,1.0000,1.0000,3004.32.00.81,"Hydrocortisone, for human use, in dosage",1998-01,2001-12,0.7473,1,no official source reaches this boundary,3004.32.00.90,"Adrenal cortical hormones, for vet use, in dosage",1998-01,2001-12,0.8800,use,3004.32.00.90 (use); 3004.32.00.11 (continuity); 3004.32.00.20 (continuity;use); 3004.32.00.82 (continuity); 3004.32.00.19 (continuity); 3004.32.00.00 (continuity),none,no official source reaches 199801,,,,,,the same commodity under a new number,Corticosteroid hormones,"asserted, unsourced",,,,,,,yes,yes,3004.32.00.11,2,no,,,no,,,no,,,,,236,3004.39.00.85,"Hormones, nes, for human use, in dosage",0.8090
imports:3004.40.90.90:1997-12,104,CONFIRM - the evidence supports this link,decide,6,"the wording and the meaning both match, please spot check",imports,3004.40.90.90,"Non-narc veg alkaloids or their non-narc derivs, nes, for human use, in dosage",1997-12,172848913.00,3004.40.00.90,"Non-narc veg alkaloids or their non-narc derivs, nes, for human use, in dosage",1998-01,2016-12,yes,no,0,no,approve,,1.0000,1.0000,3004.40.00.80,"Narcotic veg alkaloids or their narc derivs, nes, for human use, in dosage",1998-01,2011-12,0.9178,5,no official source reaches this boundary,,,,,,,none,none,no official source reaches 199801,,,,,,the same commodity under a new number,,,,,,,,,yes,yes,3004.49.00.90,2,no,,,no,,,no,,,,,238,3004.10.00.19,"Penicillins or their derivs nes, for human use, in dosage",0.7231
imports:3004.90.99.79:1997-12,105,CONFIRM - the evidence supports this link,decide,6,"the wording and the meaning both match, please spot check",imports,3004.90.99.79,"Medicaments, prim affecting eyes,ears & respiratory system,human use, in dos,nes",1997-12,171116815.00,3004.90.00.74,"Medicaments, prim affecting eyes,ears & respiratory system,human use, in dos,nes",1998-01,2026-06,yes,no,0,no,approve,,1.0000,1.0000,3004.90.00.76,"Medicaments affecting electrolytic, caloric/water balance, for human use, in dos",1998-01,2026-06,0.6405,25,no official source reaches this boundary,3004.90.00.89,"Medicaments nes, for veterinary use, in dosage",1998-01,2011-12,0.5333,use,3004.90.00.89 (use); 3004.90.00.29 (continuity); 3004.90.00.90 (continuity;use); 3004.90.00.26 (continuity); 3004.90.00.25 (continuity); 3004.90.00.23 (continuity); 3004.90.00.81 (use); 3004.90.00.24 (continuity); 3004.90.00.22 (continuity); 3004.90.00.27 (continuity); 3004.90.00.21 (continuity),none,no official source reaches 199801,,,,,,the same commodity under a new number,,,,,,,,,yes,,,,no,,,no,,,no,,,,,207,3004.20.00.11,"Medicaments containing cephalosporins, for human use, in doses/packings frs",0.5503
imports:3006.20.10.00:1997-12,106,CONFIRM - the evidence supports this link,decide,6,"the wording and the meaning both match, please spot check",imports,3006.20.10.00,"Blood-grouping reagents, of human origin",1997-12,140148071.00,3006.20.00.10,"Blood-grouping reagents, of human origin",1998-01,2011-12,yes,no,0,no,approve,,1.0000,1.0000,3006.20.00.90,"Blood-grouping reagents, except of human or animal origin",1998-01,2021-12,0.8211,1,no official source reaches this boundary,3006.20.00.20,"Blood-grouping reagents, of animal origin",1998-01,2021-12,0.9114,origin,3006.20.00.20 (origin),none,no official source reaches 199801,,,,,,the same commodity under a new number,,,,,,,,,yes,,,,no,,,no,,,no,,,,,241,3002.10.00.30,"Antisera & o blood fractions, of human origin, for other uses",0.5417
imports:3004.39.99.30:1997-12,107,CONFIRM - the evidence supports this link,decide,6,"the wording and the meaning both match, please spot check",imports,3004.39.99.30,"Unmixed single estrogens, for human use, in dosage",1997-12,125015221.00,3004.39.00.83,"Unmixed single estrogens, for human use, in dosage",1998-01,2011-12,yes,no,0,no,approve,,1.0000,1.0000,3004.39.00.84,"Unmixed single progestational hormones, for human use, in dosage",1998-01,2011-12,0.8182,4,no official source reaches this boundary,3004.39.00.13,"Medi,cont unmixed single estrogens,for human,doses/pack frs,o/t No 30.02/05/06",2012-01,2026-06,0.6190,continuity,3004.39.00.13 (continuity); 3004.39.00.90 (use); 3004.39.00.19 (continuity); 3004.39.00.12 (continuity); 3004.39.00.11 (continuity),none,no official source reaches 199801,,,,,,the same commodity under a new number,,,,,,,,,yes,,,,no,,,no,,,no,,,,,234,3004.90.00.33,"Antihypertensive agents, for human use, in dosage",0.7368
imports:3004.50.99.49:1997-12,108,CONFIRM - the evidence supports this link,decide,6,"the wording and the meaning both match, please spot check",imports,3004.50.99.49,"Multivitamins mixed with other supplements, nes, for human use, in dosage,",1997-12,121058460.00,3004.50.00.69,"Multivitamins mixed with other supplements, nes, for human use, in dosage,",1998-01,2011-12,yes,no,0,no,approve,,1.0000,1.0000,3004.50.00.40,"Single vitamin mixed w o supplements, for human use, in dosage",1998-01,2011-12,0.8308,6,no official source reaches this boundary,3004.50.00.50,"Multivitamins not mixed with o supplements, for human use, in dosage",1998-01,2011-12,0.9118,mixing,3004.50.00.50 (mixing); 3004.50.00.13 (continuity;mixing); 3004.50.00.70 (use); 3004.50.00.12 (continuity); 3004.50.00.19 (continuity); 3004.50.00.14 (continuity); 3004.50.00.90 (continuity;use); 3004.50.00.11 (continuity;mixing),none,no official source reaches 199801,,,,,,the same commodity under a new number,,,,,,,,,yes,,,,no,,,no,,,no,,,,,229,3004.90.00.79,"Medicaments nes, for human use, in dosage",0.6789
imports:3004.90.99.15:1997-12,109,CONFIRM - the evidence supports this link,decide,6,"the wording and the meaning both match, please spot check",imports,3004.90.99.15,"Medicaments, for human use, acting on the nervous system, in dosage, nes",1997-12,116976986.00,3004.90.00.35,"Medicaments, for human use, acting on the nervous system, in dosage, nes",1998-01,2017-12,yes,no,0,no,approve,,1.0000,1.0000,3004.90.00.39,"Medicaments, for human use, acting on the central nervous system, in dosage, nes",1998-01,2017-12,0.9444,25,no official source reaches this boundary,3004.90.00.90,"Other medicaments, for veterinary use, in dosage, nes",2012-01,2026-06,0.5932,continuity;use,3004.90.00.90 (continuity;use); 3004.90.00.26 (continuity); 3004.90.00.29 (continuity); 3004.90.00.89 (use); 3004.90.00.25 (continuity); 3004.90.00.24 (continuity); 3004.90.00.81 (use); 3004.90.00.22 (continuity); 3004.90.00.27 (continuity); 3004.90.00.23 (continuity); 3004.90.00.21 (continuity),none,no official source reaches 199801,,,,,,the same commodity under a new number,,,,,,,,,yes,yes,3004.90.00.26,2,no,,,no,,,no,,,,,207,3004.32.00.82,"Betamethasone, for human use, in dosage",0.5524
imports:3005.90.30.00:1997-12,110,CONFIRM - the evidence supports this link,decide,6,"the wording and the meaning both match, please spot check",imports,3005.90.30.00,"Surgical dressings, not stitched or o/w mfd, not coated/impreg w pharm subs, nes",1997-12,102059460.00,3005.90.00.30,"Surgical dressings, not stitched or o/w mfd, not coated/impreg w pharm subs, nes",1998-01,2026-06,yes,no,0,no,approve,,1.0000,1.0000,3005.90.00.20,"Dressings & sim articles coated or impreg w pharm substances, nes",1998-01,2026-06,0.6619,5,no official source reaches this boundary,,,,,,,none,none,no official source reaches 199801,,,,,,the same commodity under a new number,,,,,,,,,yes,,,,no,,,no,,,no,,,,,238,3005.10.00.10,"Dressings & sim articles having an adhesive layer, coated/impreg w pharm subs",0.5960
imports:3002.10.10.10:1997-12,111,CONFIRM - the evidence supports this link,decide,6,"the wording and the meaning both match, please spot check",imports,3002.10.10.10,"Antisera & o blood fractions, human origin, for diagnostic use",1997-12,101722161.00,3002.10.00.10,"Antisera & o blood fractions, human origin, for diagnostic use",1998-01,2016-12,yes,no,0,no,approve,,1.0000,1.0000,3002.10.00.30,"Antisera & o blood fractions, of human origin, for other uses",1998-01,2016-12,0.8696,3,no official source reaches this boundary,3002.10.00.29,"Antisera & o blood fract, human orig, therapeutic/prophylactic use in humans,nes",1998-01,2016-12,0.6567,purpose,3002.10.00.29 (purpose); 3002.10.00.42 (origin); 3002.10.00.49 (origin); 3002.10.00.90 (continuity); 3002.10.00.21 (purpose); 3002.10.00.22 (purpose); 3002.10.00.23 (purpose); 3002.10.00.60 (continuity),none,no official source reaches 199801,,,,,,the same commodity under a new number,,,,,,,,,yes,,,,no,,,no,,,no,,,,,232,3002.12.00.11,"Human antisera and other human blood fractions, for diagnostic use",0.7317
imports:3004.90.99.71:1997-12,112,CONFIRM - the evidence supports this link,decide,6,"the wording and the meaning both match, please spot check",imports,3004.90.99.71,"Cough/cold preparations, for human use, in dosage",1997-12,97818164.00,3004.90.00.73,"Cough or cold preparations, for human use, in dosage",1998-01,2026-06,yes,no,0,no,approve,,0.9691,1.0000,3004.90.00.42,"Laxatives, for human use, in dosage",1998-01,2026-06,0.7500,25,no official source reaches this boundary,3004.90.00.81,"Anaesthetic, for veterinary use, in dosage",1998-01,2011-12,0.5517,use,3004.90.00.81 (use); 3004.90.00.89 (use); 3004.90.00.90 (continuity;use); 3004.90.00.23 (continuity); 3004.90.00.27 (continuity); 3004.90.00.25 (continuity); 3004.90.00.24 (continuity); 3004.90.00.22 (continuity); 3004.90.00.29 (continuity); 3004.90.00.21 (continuity); 3004.90.00.26 (continuity),none,no official source reaches 199801,,,,,,same family,"Medicaments, prim affecting eyes,ears & respiratory system,human use, in dos,nes",derived from the tariff block,,,,,,,yes,,,,no,,,no,,,no,,,,,207,3004.50.00.61,"Vitamins-iron preparation, for human use, in dosage",0.7708
exports:3002.90.00:1996-12,113,CONFIRM - the evidence supports this link,decide,6,"the wording and the meaning both match, please spot check",exports,3002.90.00,"Human blood;animal blood for therap,prophtc or diag uses; microbial prep nes",1996-12,87070203.00,3002.90.90,"Human blood;animal blood for therap,prophtc or diag uses; microbial prep, nes",1997-01,2026-06,yes,no,0,no,approve,,1.0000,1.0000,3002.90.10,Ricin,1997-12,2026-06,0.1250,1,no official source reaches this boundary,,,,,,,none,none,no official source reaches 199701,,,,,,unknown,,,,,,,,,yes,,,,no,,,no,,,no,,,,,57,3001.90.00,"Heparin & its salts;human or animal substnces for therap or prophltc uses, nes",0.5867
imports:3005.10.91.00:1997-12,114,CONFIRM - the evidence supports this link,decide,6,"the wording and the meaning both match, please spot check",imports,3005.10.91.00,"Adhesive dressings, nes, packaged for retail sale",1997-12,85056257.00,3005.10.00.91,"Adhesive dressings, nes, packaged for retail sale",1998-01,2026-06,yes,no,0,no,approve,,1.0000,1.0000,3005.10.00.99,"Wadding, gauze, bandages & sim articles, nes, with adhesive layer, pack ret sale",1998-01,2026-06,0.4000,1,no official source reaches this boundary,,,,,,,none,none,no official source reaches 199801,,,,,,the same commodity under a new number,,,,,,,,,yes,,,,no,,,no,,,no,,,,,242,3005.90.00.90,"Dressings and similar articles packaged for medical use, nes",0.6226
imports:3006.40.90.00:1997-12,115,CONFIRM - the evidence supports this link,decide,6,"the wording and the meaning both match, please spot check",imports,3006.40.90.00,"Dental fillings, nes",1997-12,83063425.00,3006.40.00.90,"Dental fillings, nes",1998-01,2026-06,yes,no,0,no,approve,,1.0000,1.0000,3006.40.00.30,"Dental fillings of composition metals, except those in powder or pellet form",1998-01,2011-12,0.4043,2,no official source reaches this boundary,,,,,,,none,none,no official source reaches 199801,,,,,,the same commodity under a new number,,,,,,,,,yes,,,,no,,,no,,,no,,,,,241,3002.10.00.59,"Blood fractions, nes",0.5263
imports:3006.40.10.10:1997-12,116,CONFIRM - the evidence supports this link,decide,6,"the wording and the meaning both match, please spot check",imports,3006.40.10.10,Dental cements and bone reconstruction cements,1997-12,82885877.00,3006.40.00.10,Dental cements and bone reconstruction cements,1998-01,2026-06,yes,no,0,no,approve,,1.0000,1.0000,3006.40.00.90,"Dental fillings, nes",1998-01,2026-06,0.4000,2,no official source reaches this boundary,,,,,,,none,none,no official source reaches 199801,,,,,,the same commodity under a new number,,,,,,,,,yes,,,,no,,,no,,,no,,,,,241,3002.12.00.29,"Animal antisera and other animal blood fractions, nes",0.4898
imports:3002.10.10.21:1997-12,117,CONFIRM - the evidence supports this link,decide,6,"the wording and the meaning both match, please spot check",imports,3002.10.10.21,"Blood plasma, for therapeutic or prophylactic use in humans",1997-12,80754016.00,3002.10.00.21,"Blood plasma, for therapeutic or prophylactic use in humans",1998-01,2016-12,yes,no,0,no,approve,,1.0000,1.0000,3002.10.00.22,"Normal serum globulin, for therapeutic or prophylactic use in humans",1998-01,2016-12,0.7840,8,no official source reaches this boundary,3002.10.00.10,"Antisera & o blood fractions, human origin, for diagnostic use",1998-01,2016-12,0.4138,purpose,3002.10.00.10 (purpose); 3002.10.00.90 (continuity); 3002.10.00.60 (continuity),none,no official source reaches 199801,,,,,,the same commodity under a new number,"Antisera & o blood fract, human orig, therapeutic/prophylactic use in humans,nes",derived from the tariff block,,,,,,,yes,,,,no,,,no,,,no,,,,,232,3002.12.00.12,"Human blood plasma, for therapeutic/prophylactic/other uses",0.7931
imports:3004.90.99.82:1997-12,118,CONFIRM - the evidence supports this link,decide,6,"the wording and the meaning both match, please spot check",imports,3004.90.99.82,"Medicaments affecting electrolytic, caloric/water balance, for human use, in dos",1997-12,73229634.00,3004.90.00.76,"Medicaments affecting electrolytic, caloric/water balance, for human use, in dos",1998-01,2026-06,yes,no,0,no,approve,,1.0000,1.0000,3004.90.00.74,"Medicaments, prim affecting eyes,ears & respiratory system,human use, in dos,nes",1998-01,2026-06,0.6144,25,no official source reaches this boundary,3004.90.00.89,"Medicaments nes, for veterinary use, in dosage",1998-01,2011-12,0.4959,use,3004.90.00.89 (use); 3004.90.00.29 (continuity); 3004.90.00.90 (continuity;use); 3004.90.00.26 (continuity); 3004.90.00.23 (continuity); 3004.90.00.27 (continuity); 3004.90.00.25 (continuity); 3004.90.00.81 (use); 3004.90.00.24 (continuity); 3004.90.00.21 (continuity); 3004.90.00.22 (continuity),none,no official source reaches 199801,,,,,,the same commodity under a new number,"Medicaments nes, for human use, in dosage",derived from the tariff block,,,,,,,yes,,,,no,,,no,,,no,,,,,207,3004.32.00.19,"Medicaments containing corticosteroid hormones, for human use, nes",0.6525
imports:3004.50.99.19:1997-12,119,CONFIRM - the evidence supports this link,decide,6,"the wording and the meaning both match, please spot check",imports,3004.50.99.19,"Single vitamin only, nes, for human use, in dosage",1997-12,70973832.00,3004.50.00.39,"Single vitamin only, nes, for human use, in dosage",1998-01,2011-12,yes,no,0,no,approve,,1.0000,1.0000,3004.50.00.31,"Vitamin C only, for human use, in dosage",1998-01,2011-12,0.8471,7,no official source reaches this boundary,3004.50.00.70,"Vitamins & their derivs, nes, for vet use, in dosage",1998-01,2011-12,0.6596,use,3004.50.00.70 (use); 3004.50.00.19 (continuity); 3004.50.00.13 (continuity); 3004.50.00.11 (continuity); 3004.50.00.12 (continuity); 3004.50.00.14 (continuity); 3004.50.00.90 (continuity;use),none,no official source reaches 199801,,,,,,the same commodity under a new number,,,,,,,,,yes,,,,no,,,no,,,no,,,,,229,3004.31.00.90,"Insulin, nes, for human use, in dosage",0.8049
imports:3002.10.10.90:1997-12,120,CONFIRM - the evidence supports this link,decide,6,"the wording and the meaning both match, please spot check",imports,3002.10.10.90,"Antisera & o blood fractions, of human origin, for other uses",1997-12,70111731.00,3002.10.00.30,"Antisera & o blood fractions, of human origin, for other uses",1998-01,2016-12,yes,no,0,no,approve,,1.0000,1.0000,3002.10.00.10,"Antisera & o blood fractions, human origin, for diagnostic use",1998-01,2016-12,0.8696,7,no official source reaches this boundary,3002.10.00.49,"Blood albumin nes, of animal origin, for parenteral administration in humans",1998-01,2016-12,0.5191,origin,3002.10.00.49 (origin); 3002.10.00.42 (origin); 3002.10.00.90 (continuity); 3002.10.00.60 (continuity),none,no official source reaches 199801,,,,,,the same commodity under a new number,,,,,,,,,yes,yes,3002.12.00.19,2,no,,,no,,,no,,,,,232,3002.12.00.11,"Human antisera and other human blood fractions, for diagnostic use",0.6066
imports:3004.90.99.22:1997-12,121,CONFIRM - the evidence supports this link,decide,6,"the wording and the meaning both match, please spot check",imports,3004.90.99.22,"Laxatives, for human use, in dosage",1997-12,69723767.00,3004.90.00.42,"Laxatives, for human use, in dosage",1998-01,2026-06,yes,no,0,no,approve,,1.0000,1.0000,3004.90.00.43,"Antacids, for human use, in dosage",1998-01,2026-06,0.8615,25,no official source reaches this boundary,3004.90.00.81,"Anaesthetic, for veterinary use, in dosage",1998-01,2011-12,0.6575,use,3004.90.00.81 (use); 3004.90.00.89 (use); 3004.90.00.90 (continuity;use); 3004.90.00.24 (continuity); 3004.90.00.27 (continuity); 3004.90.00.25 (continuity); 3004.90.00.22 (continuity); 3004.90.00.23 (continuity); 3004.90.00.29 (continuity); 3004.90.00.26 (continuity); 3004.90.00.21 (continuity),none,no official source reaches 199801,,,,,,the same commodity under a new number,"Gastro-intestinal agents, for human use, in dosage, nes",derived from the tariff block,,,,,,,yes,,,,no,,,no,,,no,,,,,207,3004.31.00.90,"Insulin, nes, for human use, in dosage",0.8235
imports:3002.90.90.90:1997-12,122,CONFIRM - the evidence supports this link,decide,6,"the wording and the meaning both match, please spot check",imports,3002.90.90.90,"Human blood, animal blood for therap, prophltc or diag uses, microbial prep, nes",1997-12,69506433.00,3002.90.00.99,"Human blood, animal blood for therap, prophltc or diag uses, microbial prep, nes",1998-01,2016-12,yes,no,0,no,approve,,1.0000,1.0000,3002.90.00.93,Antiallergenic preparations of microbial origin,1998-02,2016-12,0.3902,8,no official source reaches this boundary,3002.90.00.90,"Human blood;animal blood for therap/prophltc/diagnostic uses;toxins,sim prod,nes",2017-01,2026-06,0.8077,continuity,3002.90.00.90 (continuity); 3002.90.00.10 (continuity); 3002.90.00.40 (continuity); 3002.90.00.50 (continuity); 3002.90.00.12 (continuity),none,no official source reaches 199801,,,,,,the same commodity under a new number,,,,,,,,,yes,yes,3002.90.00.90,2,no,,,no,,,no,,,,,230,3002.12.00.12,"Human blood plasma, for therapeutic/prophylactic/other uses",0.6418
imports:3004.90.99.23:1997-12,123,CONFIRM - the evidence supports this link,decide,6,"the wording and the meaning both match, please spot check",imports,3004.90.99.23,"Antacids, for human use, in dosage",1997-12,67925751.00,3004.90.00.43,"Antacids, for human use, in dosage",1998-01,2026-06,yes,no,0,no,approve,,1.0000,1.0000,3004.90.00.31,"Analgesics, for human use, in dosage",1998-01,2017-12,0.8788,25,no official source reaches this boundary,3004.90.00.81,"Anaesthetic, for veterinary use, in dosage",1998-01,2011-12,0.6667,use,3004.90.00.81 (use); 3004.90.00.89 (use); 3004.90.00.90 (continuity;use); 3004.90.00.25 (continuity); 3004.90.00.22 (continuity); 3004.90.00.24 (continuity); 3004.90.00.27 (continuity); 3004.90.00.23 (continuity); 3004.90.00.26 (continuity); 3004.90.00.29 (continuity); 3004.90.00.21 (continuity),none,no official source reaches 199801,,,,,,the same commodity under a new number,"Gastro-intestinal agents, for human use, in dosage, nes","derived from the tariff block (family) + asserted, unsourced (class)",,,,,,,yes,,,,no,,,no,,,no,,,,,207,3004.20.00.41,"Gentamycins, for human use, in dosage",0.8955
imports:3004.90.10.20:1997-12,124,CONFIRM - the evidence supports this link,decide,6,"the wording and the meaning both match, please spot check",imports,3004.90.10.20,"Dextrose (glucose) solutions, in dosage",1997-12,64569831.00,3004.90.00.12,"Dextrose (glucose) solutions, in dosage",1998-01,2026-06,yes,no,0,no,approve,,1.0000,1.0000,3004.90.00.11,"Mixtures of amino acids, nes, in dosage",1998-01,2026-06,0.4658,27,no official source reaches this boundary,3004.90.00.90,"Other medicaments, for veterinary use, in dosage, nes",2012-01,2026-06,0.3721,continuity,3004.90.00.90 (continuity); 3004.90.00.25 (continuity); 3004.90.00.22 (continuity); 3004.90.00.23 (continuity); 3004.90.00.24 (continuity); 3004.90.00.27 (continuity); 3004.90.00.21 (continuity); 3004.90.00.29 (continuity); 3004.90.00.26 (continuity),none,no official source reaches 199801,,,,,,the same commodity under a new number,,,,,,,,,yes,,,,no,,,no,,,no,,,,,207,3004.20.00.49,"Aminoglycoside antibiotics, nes, for human use, in dosage",0.5111
imports:3005.10.10.00:1997-12,125,CONFIRM - the evidence supports this link,decide,6,"the wording and the meaning both match, please spot check",imports,3005.10.10.00,"Dressings & sim articles having an adhesive layer, coated/impreg w pharm subs",1997-12,64532479.00,3005.10.00.10,"Dressings & sim articles having an adhesive layer, coated/impreg w pharm subs",1998-01,2026-06,yes,no,0,no,approve,,1.0000,1.0000,3005.10.00.99,"Wadding, gauze, bandages & sim articles, nes, with adhesive layer, pack ret sale",1998-01,2026-06,0.5714,1,no official source reaches this boundary,,,,,,,none,none,no official source reaches 199801,,,,,,the same commodity under a new number,,,,,,,,,yes,,,,no,,,no,,,no,,,,,242,3005.90.00.20,"Dressings & sim articles coated or impreg w pharm substances, nes",0.7206
imports:3004.90.99.14:1997-12,126,CONFIRM - the evidence supports this link,decide,6,"the wording and the meaning both match, please spot check",imports,3004.90.99.14,"Antihistamines agents, for human use, in dosage",1997-12,61924264.00,3004.90.00.34,"Antihistamines agents, for human use, in dosage",1998-01,2017-12,yes,no,0,no,approve,,1.0000,1.0000,3004.90.00.72,"Antineoplastic agents, for human use, in dosage",1998-01,2026-06,0.8444,25,no official source reaches this boundary,3004.90.00.25,"Antihistaminic agents, for human use, in doses/packings frs, o/t No 30.02/05/06",2018-01,2026-06,0.6942,continuity,3004.90.00.25 (continuity); 3004.90.00.89 (use); 3004.90.00.24 (continuity); 3004.90.00.90 (continuity;use); 3004.90.00.81 (use); 3004.90.00.22 (continuity); 3004.90.00.23 (continuity); 3004.90.00.27 (continuity); 3004.90.00.29 (continuity); 3004.90.00.26 (continuity); 3004.90.00.21 (continuity),none,no official source reaches 199801,,,,,,the same commodity under a new number,"Medicaments, for human use, acting on the nervous system, in dosage, nes",derived from the tariff block,,,,,,,yes,yes,3004.90.00.25,2,no,,,no,,,no,,,,,207,3004.50.00.32,"Vitamin E only, for human use, in dosage",0.7952
imports:3004.50.99.30:1997-12,127,CONFIRM - the evidence supports this link,decide,6,"the wording and the meaning both match, please spot check",imports,3004.50.99.30,"Multivitamins not mixed with o supplements, for human use, in dosage",1997-12,55679911.00,3004.50.00.50,"Multivitamins not mixed with o supplements, for human use, in dosage",1998-01,2011-12,yes,no,0,no,approve,,1.0000,1.0000,3004.50.00.32,"Vitamin E only, for human use, in dosage",1998-01,2011-12,0.6923,5,no official source reaches this boundary,3004.50.00.69,"Multivitamins mixed with other supplements, nes, for human use, in dosage,",1998-01,2011-12,0.9118,mixing,3004.50.00.69 (mixing); 3004.50.00.40 (mixing); 3004.50.00.13 (continuity); 3004.50.00.12 (continuity;mixing); 3004.50.00.14 (continuity;mixing); 3004.50.00.19 (continuity); 3004.50.00.70 (use); 3004.50.00.11 (continuity); 3004.50.00.90 (continuity;use),none,no official source reaches 199801,,,,,,the same commodity under a new number,Vitamins,"asserted, unsourced",,,,,,,yes,,,,no,,,no,,,no,,,,,229,3004.90.00.34,"Antihistamines agents, for human use, in dosage",0.6847
imports:3006.30.99.00:1997-12,128,CONFIRM - the evidence supports this link,decide,6,"the wording and the meaning both match, please spot check",imports,3006.30.99.00,"Diagnostic reagents designed to be administered to the patient, nes",1997-12,53976365.00,3006.30.00.90,"Diagnostic reagents designed to be administered to the patient, nes",1998-01,2026-06,yes,no,0,no,approve,,1.0000,1.0000,3006.30.00.20,Allergenics prepared for parenteral administration,1998-01,2011-12,0.4655,1,no official source reaches this boundary,,,,,,,none,none,no official source reaches 199801,,,,,,the same commodity under a new number,,,,,,,,,yes,,,,no,,,no,,,no,,,,,242,3002.14.00.00,"Immunological products,mixed,not put in measured doses/forms/packings f ret sale",0.4658
imports:3005.90.92.00:1997-12,129,CONFIRM - the evidence supports this link,decide,6,"the wording and the meaning both match, please spot check",imports,3005.90.92.00,"Dressings and sim articles of woven fabric solely of cotton, nes",1997-12,46712311.00,3005.90.00.50,"Dressings and sim articles of woven fabric solely of cotton, nes",1998-01,2011-12,yes,no,0,no,approve,,1.0000,1.0000,3005.90.00.60,"Dressings and similar articles of paper, nes",1998-01,2011-12,0.6792,4,no official source reaches this boundary,3005.90.00.40,"Dressings/sim art of woven fab o/t of cotton; of knit fab, n-wov or felts, nes",1998-01,2026-06,0.6667,fibre,3005.90.00.40 (fibre),none,no official source reaches 199801,,,,,,the same commodity under a new number,,,,,,,,,yes,,,,no,,,no,,,no,,,,,238,3005.10.00.10,"Dressings & sim articles having an adhesive layer, coated/impreg w pharm subs",0.5255
imports:3004.40.90.50:1997-12,130,CONFIRM - the evidence supports this link,decide,6,"the wording and the meaning both match, please spot check",imports,3004.40.90.50,"Morphine or its derivs, for human use, in dosage",1997-12,41902526.00,3004.40.00.40,"Morphine or its derivs, for human use, in dosage",1998-01,2016-12,yes,no,0,no,approve,,1.0000,1.0000,3004.40.00.10,"Codeine or its derivatives, for human use, in dosage",1998-01,2011-12,0.8750,5,no official source reaches this boundary,,,,,,,none,none,no official source reaches 199801,,,,,,the same commodity under a new number,Narcotic vegetable alkaloids,"asserted, unsourced",,,,,,,yes,,,,no,,,no,,,no,,,,,238,3004.20.00.10,"Tetracyclines or their derivs, for human use, in dosage",0.8081
imports:3004.90.99.81:1997-12,131,CONFIRM - the evidence supports this link,decide,6,"the wording and the meaning both match, please spot check",imports,3004.90.99.81,"Diuretics, for human use, in dosage",1997-12,41243804.00,3004.90.00.75,"Diuretics, for human use, in dosage",1998-01,2026-06,yes,no,0,no,approve,,1.0000,1.0000,3004.90.00.31,"Analgesics, for human use, in dosage",1998-01,2017-12,0.8358,25,no official source reaches this boundary,3004.90.00.81,"Anaesthetic, for veterinary use, in dosage",1998-01,2011-12,0.6575,use,3004.90.00.81 (use); 3004.90.00.89 (use); 3004.90.00.90 (continuity;use); 3004.90.00.22 (continuity); 3004.90.00.27 (continuity); 3004.90.00.25 (continuity); 3004.90.00.23 (continuity); 3004.90.00.24 (continuity); 3004.90.00.29 (continuity); 3004.90.00.26 (continuity); 3004.90.00.21 (continuity),none,no official source reaches 199801,,,,,,the same commodity under a new number,"Medicaments nes, for human use, in dosage",derived from the tariff block,,,,,,,yes,,,,no,,,no,,,no,,,,,207,3004.20.00.62,"Mitomycin C, for human use, in dosage",0.8235
imports:3003.39.99.00:1997-12,132,CONFIRM - the evidence supports this link,decide,6,"the wording and the meaning both match, please spot check",imports,3003.39.99.00,"Hormones, nes, not cont antibiotics, in bulk, o/t contraceptives",1997-12,41099945.00,3003.39.00.90,"Hormones, nes, not containing antibiotics, in bulk, o/t contraceptives",1998-01,2011-12,yes,no,0,no,approve,,0.9524,1.0000,3003.39.00.10,"Epinephrine & its solutions, prepared for parenteral admin in humans, in bulk",1998-01,2011-12,0.2857,0,no official source reaches this boundary,3003.39.00.00,"Medi,cont horm/prostaglandins/thromboxanes/leukotrienes/deriv/analogues,nes,nfrs",2012-01,2026-06,0.2143,continuity,3003.39.00.00 (continuity),none,no official source reaches 199801,,,,,,unknown,,,,,,,,,yes,,,,no,,,no,,,no,,,,,242,3004.39.00.85,"Hormones, nes, for human use, in dosage",0.5208
exports:3002.39.00:1995-12,133,CONFIRM - the evidence supports this link,decide,6,"the wording and the meaning both match, please spot check",exports,3002.39.00,"Vaccines, veterinary use, nes",1995-12,40239940.00,3002.30.90,"Vaccines, veterinary use, nes",1996-01,2016-12,yes,no,0,no,approve,,1.0000,1.0000,3002.30.10,"Vaccines against foot or mouth disease, veterinary use",1996-02,2016-06,0.5750,3,no official source reaches this boundary,3002.30.00,"Vaccines, for veterinary medecine",2017-01,2021-12,0.7797,continuity,3002.30.00 (continuity); 3002.42.00 (continuity); 3002.20.00 (use); 3002.41.00 (continuity;use); 3002.59.00 (continuity); 3002.49.00 (continuity); 3002.51.00 (continuity); 3002.11.00 (continuity); 3002.19.00 (continuity); 3002.13.00 (continuity); 3002.15.00 (continuity); 3002.90.10 (continuity); 3002.14.00 (continuity); 3002.12.00 (continuity); 3002.90.20 (continuity),none,no official source reaches 199601,,,,,,the same commodity under a new number,Veterinary vaccines,"asserted, unsourced",,,,,,,,yes,3002.42.00,3,no,,,no,,,no,,,,,41,3006.91.00,Appliances identifiable for ostomy use,0.4308
imports:3002.10.21.90:1997-12,134,CONFIRM - the evidence supports this link,decide,6,"the wording and the meaning both match, please spot check",imports,3002.10.21.90,"Blood albumin nes, of animal origin, for parenteral administration in humans",1997-12,40116460.00,3002.10.00.49,"Blood albumin nes, of animal origin, for parenteral administration in humans",1998-01,2016-12,yes,no,0,no,approve,,1.0000,1.0000,3002.10.00.42,"Sera and antisera, of animal origin, for parenteral administration in humans",1998-01,2016-12,0.8378,6,no official source reaches this boundary,3002.10.00.30,"Antisera & o blood fractions, of human origin, for other uses",1998-01,2016-12,0.5191,origin,3002.10.00.30 (origin); 3002.10.00.10 (origin); 3002.10.00.29 (origin); 3002.10.00.90 (continuity); 3002.10.00.60 (continuity),none,no official source reaches 199801,,,,,,the same commodity under a new number,,,,,,,,,yes,,,,no,,,no,,,no,,,,,232,3003.31.00.10,"Insulin, prepared for parenteral administration in humans, in bulk",0.6812
imports:3004.39.99.60:1997-12,135,CONFIRM - the evidence supports this link,decide,6,"the wording and the meaning both match, please spot check",imports,3004.39.99.60,"Hormones, nes, for vet use, in dosage",1997-12,39767037.00,3004.39.00.90,"Hormones, nes, for vet use, in dosage",1998-01,2026-06,yes,no,0,no,approve,,1.0000,1.0000,3004.39.00.10,"Epinephrine & its sol & pituitary extrc, prepr for parentl admin in hum, in dos",1998-01,2011-12,0.3925,0,no official source reaches this boundary,3004.39.00.85,"Hormones, nes, for human use, in dosage",1998-01,2011-12,0.8857,use,3004.39.00.85 (use); 3004.39.00.81 (use); 3004.39.00.82 (use); 3004.39.00.83 (use); 3004.39.00.84 (use); 3004.39.00.19 (continuity;use); 3004.39.00.13 (continuity); 3004.39.00.12 (continuity); 3004.39.00.11 (continuity),none,no official source reaches 199801,,,,,,the same commodity under a new number,,,,,,,,,yes,,,,no,,,no,,,no,,,,,234,3004.20.00.79,"Antibiotics, nes, for vet use, in dosage",0.7887
imports:3005.90.20.00:1997-12,136,CONFIRM - the evidence supports this link,decide,6,"the wording and the meaning both match, please spot check",imports,3005.90.20.00,"Dressings & sim articles coated or impreg w pharm substances, nes",1997-12,35108734.00,3005.90.00.20,"Dressings & sim articles coated or impreg w pharm substances, nes",1998-01,2026-06,yes,no,0,no,approve,,1.0000,1.0000,3005.90.00.30,"Surgical dressings, not stitched or o/w mfd, not coated/impreg w pharm subs, nes",1998-01,2026-06,0.6619,5,no official source reaches this boundary,,,,,,,none,none,no official source reaches 199801,,,,,,the same commodity under a new number,,,,,,,,,yes,,,,no,,,no,,,no,,,,,238,3005.10.00.10,"Dressings & sim articles having an adhesive layer, coated/impreg w pharm subs",0.7206
imports:3002.10.21.20:1997-12,137,CONFIRM - the evidence supports this link,decide,6,"the wording and the meaning both match, please spot check",imports,3002.10.21.20,"Sera and antisera, of animal origin, for parenteral administration in humans",1997-12,34907173.00,3002.10.00.42,"Sera and antisera, of animal origin, for parenteral administration in humans",1998-01,2016-12,yes,no,0,no,approve,,1.0000,1.0000,3002.10.00.49,"Blood albumin nes, of animal origin, for parenteral administration in humans",1998-01,2016-12,0.8378,6,no official source reaches this boundary,3002.10.00.10,"Antisera & o blood fractions, human origin, for diagnostic use",1998-01,2016-12,0.5152,origin,3002.10.00.10 (origin); 3002.10.00.29 (origin); 3002.10.00.30 (origin); 3002.10.00.90 (continuity); 3002.10.00.60 (continuity),none,no official source reaches 199801,,,,,,the same commodity under a new number,,,,,,,,,yes,,,,no,,,no,,,no,,,,,232,3003.31.00.10,"Insulin, prepared for parenteral administration in humans, in bulk",0.6087
imports:3002.30.10.00:1997-12,138,CONFIRM - the evidence supports this link,decide,6,"the wording and the meaning both match, please spot check",imports,3002.30.10.00,Vacc agnst foot and mth disse; vacc prepr for parentl admin; bovi intrnsl vacc,1997-12,33376350.00,3002.30.00.10,Vacc agnst foot and mth disse; vacc prepr for parentl admin; bovi intrnsl vacc,1998-01,2021-12,yes,no,0,no,approve,,1.0000,1.0000,3002.30.00.90,"Vaccines, veterinary use, nes",1998-01,2021-12,0.2330,0,no official source reaches this boundary,,,,,,,none,none,no official source reaches 199801,,,,,,the same commodity under a new number,Veterinary vaccines,"asserted, unsourced",,,,,,,yes,yes,3002.42.00.10,2,no,,,no,,,no,,,,,243,3002.42.00.10,Vaccines agnst foot and mth disse;vacc prepr for parentl admin;bovi intrnsl vacc,0.9744
imports:3002.90.90.10:1997-12,139,CONFIRM - the evidence supports this link,decide,6,"the wording and the meaning both match, please spot check",imports,3002.90.90.10,Bacteria culture inoculants for seeds,1997-12,30779871.00,3002.90.00.91,Bacteria culture inoculants for seeds,1998-01,2016-12,yes,no,0,no,approve,,1.0000,1.0000,3002.90.00.20,Butter-making ferment cultures,1998-01,2016-12,0.4179,6,no official source reaches this boundary,3002.90.00.50,Micro-organisms cultures,2017-01,2021-12,0.3607,continuity,3002.90.00.50 (continuity); 3002.90.00.40 (continuity); 3002.90.00.10 (continuity); 3002.90.00.90 (continuity); 3002.90.00.12 (continuity),none,no official source reaches 199801,,,,,,the same commodity under a new number,,,,,,,,,yes,,,,no,,,no,,,no,,,,,232,3004.20.00.51,"Bacitracin, for human use, in dosage",0.4789
imports:3004.39.99.40:1997-11,140,CONFIRM - the evidence supports this link,decide,6,"the wording and the meaning both match, please spot check",imports,3004.39.99.40,"Unmixed single progestational hormones, for human use, in dosage",1997-11,29990842.00,3004.39.00.84,"Unmixed single progestational hormones, for human use, in dosage",1998-01,2011-12,no,no,1,no,approve,,1.0000,1.0000,3004.39.00.83,"Unmixed single estrogens, for human use, in dosage",1998-01,2011-12,0.8182,9,no official source reaches this boundary,3004.39.00.90,"Hormones, nes, for vet use, in dosage",1998-01,2026-06,0.5625,use,3004.39.00.90 (use); 3004.39.99.60 (use); 3004.39.00.13 (continuity); 3004.39.00.19 (continuity); 3004.39.00.12 (continuity); 3004.39.00.11 (continuity),none,no official source reaches 199712,,,,,,the same commodity under a new number,,,,,,,,,yes,,,,no,,,no,,,no,,,,,335,3004.50.00.39,"Single vitamin only, nes, for human use, in dosage",0.7523
imports:3004.50.10.00:1997-12,141,CONFIRM - the evidence supports this link,decide,6,"the wording and the meaning both match, please spot check",imports,3004.50.10.00,"Mx of amino acids & vitamins,& mx of amino acids, protein hydrolysates & vit,etc",1997-12,29913272.00,3004.50.00.10,"Mx of amino acids & vitamins,& mx of amino acids, protein hydrolysates & vit,etc",1998-01,2011-12,yes,no,0,no,approve,,1.0000,1.0000,3004.50.00.31,"Vitamin C only, for human use, in dosage",1998-01,2011-12,0.4505,8,no official source reaches this boundary,3004.50.00.13,"Medicaments cont multivitamins not mixed with other suppl,for hum use,in dosage",2012-01,2016-12,0.4342,continuity,3004.50.00.13 (continuity); 3004.50.00.19 (continuity); 3004.50.00.14 (continuity); 3004.50.00.11 (continuity); 3004.50.00.90 (continuity); 3004.50.00.12 (continuity),none,no official source reaches 199801,,,,,,the same commodity under a new number,,,,,,,,,yes,,,,no,,,no,,,no,,,,,229,3004.90.00.19,"Mx of amino acids & protein hydrolysates, etc, in dosage, nes",0.6512
imports:3002.30.90.00:1997-12,142,CONFIRM - the evidence supports this link,decide,6,"the wording and the meaning both match, please spot check",imports,3002.30.90.00,"Vaccines, veterinary use, nes",1997-12,29624986.00,3002.30.00.90,"Vaccines, veterinary use, nes",1998-01,2021-12,yes,no,0,no,approve,,1.0000,1.0000,3002.30.00.10,Vacc agnst foot and mth disse; vacc prepr for parentl admin; bovi intrnsl vacc,1998-01,2021-12,0.2136,0,no official source reaches this boundary,,,,,,,none,none,no official source reaches 199801,,,,,,the same commodity under a new number,Veterinary vaccines,"asserted, unsourced",,,,,,,yes,yes,3002.42.00.90,2,no,,,no,,,no,,,,,243,3002.42.00.90,"Vaccines, veterinary use, nes",1.0000
imports:3004.39.10.00:1997-12,143,CONFIRM - the evidence supports this link,decide,6,"the wording and the meaning both match, please spot check",imports,3004.39.10.00,"Epinephrine & its sol & pituitary extrc, prepr for parentl admin in hum, in dos",1997-12,28343955.00,3004.39.00.10,"Epinephrine & its sol & pituitary extrc, prepr for parentl admin in hum, in dos",1998-01,2011-12,yes,no,0,no,approve,,1.0000,1.0000,3004.39.00.81,"Anterior pituitary hormones, for human use, in dosage",1998-01,2011-12,0.5000,5,no official source reaches this boundary,3004.39.00.11,"Medi,cont epinephrine/solutions/pituitary extracts,doses/frs,o/t No 30.02/05/06",2012-01,2026-06,0.4737,continuity,3004.39.00.11 (continuity); 3004.39.00.12 (continuity); 3004.39.00.13 (continuity); 3004.39.00.19 (continuity),none,no official source reaches 199801,,,,,,the same commodity under a new number,,,,,,,,,yes,yes,3004.39.00.11,2,no,,,no,,,no,,,,,234,3003.39.00.10,"Epinephrine & its solutions, prepared for parenteral admin in humans, in bulk",0.7534
imports:3002.10.21.10:1997-12,144,CONFIRM - the evidence supports this link,decide,6,"the wording and the meaning both match, please spot check",imports,3002.10.21.10,"Bovine albumin, for parenteral administration in humans",1997-12,27900542.00,3002.10.00.41,"Bovine albumin, for parenteral administration in humans",1998-01,2016-12,yes,no,0,no,approve,,1.0000,1.0000,3002.10.00.49,"Blood albumin nes, of animal origin, for parenteral administration in humans",1998-01,2016-12,0.7812,9,no official source reaches this boundary,3002.10.00.90,"Antisera,o blood fract,immunological prod,w/n mod/obt biotechnological proc,nes",2012-01,2016-12,0.2556,continuity,3002.10.00.90 (continuity); 3002.10.00.60 (continuity),none,no official source reaches 199801,,,,,,the same commodity under a new number,,,,,,,,,yes,,,,no,,,no,,,no,,,,,232,3003.31.00.10,"Insulin, prepared for parenteral administration in humans, in bulk",0.7627
imports:3004.90.10.10:1997-12,145,CONFIRM - the evidence supports this link,decide,6,"the wording and the meaning both match, please spot check",imports,3004.90.10.10,"Mixtures of amino acids, nes, in dosage",1997-12,27832591.00,3004.90.00.11,"Mixtures of amino acids, nes, in dosage",1998-01,2026-06,yes,no,0,no,approve,,1.0000,1.0000,3004.90.00.19,"Mx of amino acids & protein hydrolysates, etc, in dosage, nes",1998-01,2026-06,0.6667,27,no official source reaches this boundary,3004.90.00.90,"Other medicaments, for veterinary use, in dosage, nes",2012-01,2026-06,0.5057,continuity,3004.90.00.90 (continuity); 3004.90.00.25 (continuity); 3004.90.00.21 (continuity); 3004.90.00.24 (continuity); 3004.90.00.23 (continuity); 3004.90.00.22 (continuity); 3004.90.00.27 (continuity); 3004.90.00.29 (continuity); 3004.90.00.26 (continuity),none,no official source reaches 199801,,,,,,the same commodity under a new number,,,,,,,,,yes,,,,no,,,no,,,no,,,,,207,3004.20.00.62,"Mitomycin C, for human use, in dosage",0.6111
imports:3001.90.20.00:1997-12,146,CONFIRM - the evidence supports this link,decide,6,"the wording and the meaning both match, please spot check",imports,3001.90.20.00,"Bone, organs & o human/animal tissue, living/preserved,for grafting/implantation",1997-12,26959462.00,3001.90.00.20,"Bone, organs & o human/animal tissue, living/preserved,for grafting/implantation",1998-01,2026-06,yes,no,0,no,approve,,1.0000,1.0000,3001.90.00.90,"Other human or animal subs prepared for therapeutic or prophylactic uses, nes",1998-01,2026-06,0.5526,1,no official source reaches this boundary,,,,,,,none,none,no official source reaches 199801,,,,,,the same commodity under a new number,,,,,,,,,yes,,,,no,,,no,,,no,,,,,242,3002.42.00.10,Vaccines agnst foot and mth disse;vacc prepr for parentl admin;bovi intrnsl vacc,0.4872
imports:3002.10.29.90:1997-12,147,CONFIRM - the evidence supports this link,decide,6,"the wording and the meaning both match, please spot check",imports,3002.10.29.90,"Blood fractions, nes",1997-12,26422139.00,3002.10.00.59,"Blood fractions, nes",1998-01,2016-12,yes,no,0,no,approve,,1.0000,1.0000,3002.10.00.51,"Blood fractions, nes, for use in humans",1998-01,2016-12,0.6786,9,no official source reaches this boundary,3002.10.00.90,"Antisera,o blood fract,immunological prod,w/n mod/obt biotechnological proc,nes",2012-01,2016-12,0.3673,continuity,3002.10.00.90 (continuity); 3002.10.00.60 (continuity),none,no official source reaches 199801,,,,,,the same commodity under a new number,,,,,,,,,yes,,,,no,,,no,,,no,,,,,232,3002.12.00.19,"Human antisera and other human blood fractions, nes",0.5507
imports:3002.10.10.23:1997-12,148,CONFIRM - the evidence supports this link,decide,6,"the wording and the meaning both match, please spot check",imports,3002.10.10.23,"Immune serum globulin, for therapeutic or prophylactic use in humans",1997-12,24552889.00,3002.10.00.23,"Immune serum globulin, for therapeutic or prophylactic use in humans",1998-01,2016-12,yes,no,0,no,approve,,1.0000,1.0000,3002.10.00.22,"Normal serum globulin, for therapeutic or prophylactic use in humans",1998-01,2016-12,0.9254,8,no official source reaches this boundary,3002.10.00.10,"Antisera & o blood fractions, human origin, for diagnostic use",1998-01,2016-12,0.3840,purpose,3002.10.00.10 (purpose); 3002.10.00.60 (continuity); 3002.10.00.90 (continuity),none,no official source reaches 199801,,,,,,the same commodity under a new number,"Antisera & o blood fract, human orig, therapeutic/prophylactic use in humans,nes",derived from the tariff block,,,,,,,yes,,,,no,,,no,,,no,,,,,232,3002.12.00.13,"Human immune globulin, for therapeutic/prophylactic/other uses",0.7656
imports:3001.90.10.00:1997-12,149,CONFIRM - the evidence supports this link,decide,6,"the wording and the meaning both match, please spot check",imports,3001.90.10.00,Heparin and its salts,1997-12,23789116.00,3001.90.00.10,Heparin and its salts,1998-01,2026-06,yes,no,0,no,approve,,1.0000,1.0000,3001.90.00.20,"Bone, organs & o human/animal tissue, living/preserved,for grafting/implantation",1998-01,2026-06,0.2474,1,no official source reaches this boundary,,,,,,,none,none,no official source reaches 199801,,,,,,the same commodity under a new number,,,,,,,,,yes,,,,no,,,no,,,no,,,,,242,3004.20.00.20,"Cephalosporins, for human use, in dosage",0.4746
imports:3004.90.99.16:1997-12,150,CONFIRM - the evidence supports this link,decide,6,"the wording and the meaning both match, please spot check",imports,3004.90.99.16,"Local anaesthetics, for human use, in dosage",1997-12,23048265.00,3004.90.00.36,"Local anaesthetics, for human use, in dosage",1998-01,2017-12,yes,no,0,no,approve,,1.0000,1.0000,3004.90.00.31,"Analgesics, for human use, in dosage",1998-01,2017-12,0.8421,25,no official source reaches this boundary,3004.90.00.81,"Anaesthetic, for veterinary use, in dosage",1998-01,2011-12,0.7561,use,3004.90.00.81 (use); 3004.90.00.27 (continuity); 3004.90.00.89 (use); 3004.90.00.90 (continuity;use); 3004.90.00.22 (continuity); 3004.90.00.25 (continuity); 3004.90.00.24 (continuity); 3004.90.00.23 (continuity); 3004.90.00.29 (continuity); 3004.90.00.21 (continuity); 3004.90.00.26 (continuity),none,no official source reaches 199801,,,,,,the same commodity under a new number,"Medicaments, for human use, acting on the nervous system, in dosage, nes",derived from the tariff block,,,,,,,yes,yes,3004.90.00.27,2,no,,,no,,,no,,,,,207,3004.39.00.85,"Hormones, nes, for human use, in dosage",0.7692
imports:3004.40.90.80:1997-12,151,CONFIRM - the evidence supports this link,decide,6,"the wording and the meaning both match, please spot check",imports,3004.40.90.80,"Narcotic veg alkaloids or their narc derivs, nes, for human use, in dosage",1997-12,22494169.00,3004.40.00.80,"Narcotic veg alkaloids or their narc derivs, nes, for human use, in dosage",1998-01,2011-12,yes,no,0,no,approve,,1.0000,1.0000,3004.40.00.90,"Non-narc veg alkaloids or their non-narc derivs, nes, for human use, in dosage",1998-01,2016-12,0.9178,5,no official source reaches this boundary,,,,,,,none,none,no official source reaches 199801,,,,,,the same commodity under a new number,,,,,,,,,yes,,,,no,,,no,,,no,,,,,238,3004.10.00.19,"Penicillins or their derivs nes, for human use, in dosage",0.8095
imports:3004.90.00.20:2011-12,152,CONFIRM - the evidence supports this link,decide,4,two candidates are almost equally close,imports,3004.90.00.20,"Medicaments cont more than 23% of abs ethyl alc by vol, nes, in dosage",2011-12,21555796.00,3004.90.00.79,"Other medicaments, for human use, in dosage, nes",1998-01,2026-06,no,no,0,no,approve,,0.5536,0.1667,3004.90.00.90,"Other medicaments, for veterinary use, in dosage, nes",2012-01,2026-06,0.5299,0,the record bounds the answer to a short list,,,,,,,none,none,named by Canada's concordance at 201201,,,,,,unknown,,,,,,,,,yes,,,,no,,,no,,,no,,,,166,124,3003.90.00.30,"Medicaments containing acetaminophen, in bulk",0.5045
imports:3005.90.91.00:1997-12,153,CONFIRM - the evidence supports this link,decide,6,"the wording and the meaning both match, please spot check",imports,3005.90.91.00,"Dressings/sim art of woven fab o/t of cotton; of knit fab, n-wov or felts, nes",1997-12,21207608.00,3005.90.00.40,"Dressings/sim art of woven fab o/t of cotton; of knit fab, n-wov or felts, nes",1998-01,2026-06,yes,no,0,no,approve,,1.0000,1.0000,3005.90.00.20,"Dressings & sim articles coated or impreg w pharm substances, nes",1998-01,2026-06,0.4818,4,no official source reaches this boundary,3005.90.00.50,"Dressings and sim articles of woven fabric solely of cotton, nes",1998-01,2011-12,0.6667,fibre,3005.90.00.50 (fibre),none,no official source reaches 199801,,,,,,the same commodity under a new number,,,,,,,,,yes,,,,no,,,no,,,no,,,,,238,3005.10.00.10,"Dressings & sim articles having an adhesive layer, coated/impreg w pharm subs",0.4832
imports:3002.10.10.22:1997-12,154,CONFIRM - the evidence supports this link,decide,6,"the wording and the meaning both match, please spot check",imports,3002.10.10.22,"Normal serum globulin, for therapeutic or prophylactic use in humans",1997-12,19609749.00,3002.10.00.22,"Normal serum globulin, for therapeutic or prophylactic use in humans",1998-01,2016-12,yes,no,0,no,approve,,1.0000,1.0000,3002.10.00.23,"Immune serum globulin, for therapeutic or prophylactic use in humans",1998-01,2016-12,0.9254,8,no official source reaches this boundary,3002.10.00.10,"Antisera & o blood fractions, human origin, for diagnostic use",1998-01,2016-12,0.3840,purpose,3002.10.00.10 (purpose); 3002.10.00.90 (continuity); 3002.10.00.60 (continuity),none,no official source reaches 199801,,,,,,the same commodity under a new number,"Antisera & o blood fract, human orig, therapeutic/prophylactic use in humans,nes",derived from the tariff block,,,,,,,yes,,,,no,,,no,,,no,,,,,232,3002.12.00.13,"Human immune globulin, for therapeutic/prophylactic/other uses",0.7344
imports:3005.90.99.00:1997-12,155,CONFIRM - the evidence supports this link,decide,6,"the wording and the meaning both match, please spot check",imports,3005.90.99.00,"Dressings and similar articles packaged for medical use, nes",1997-12,19543614.00,3005.90.00.90,"Dressings and similar articles packaged for medical use, nes",1998-01,2026-06,yes,no,0,no,approve,,1.0000,1.0000,3005.90.00.60,"Dressings and similar articles of paper, nes",1998-01,2011-12,0.7647,5,no official source reaches this boundary,,,,,,,none,none,no official source reaches 199801,,,,,,the same commodity under a new number,,,,,,,,,yes,,,,no,,,no,,,no,,,,,238,3005.10.00.91,"Adhesive dressings, nes, packaged for retail sale",0.6038
imports:3004.50.99.20:1997-12,156,CONFIRM - the evidence supports this link,decide,6,"the wording and the meaning both match, please spot check",imports,3004.50.99.20,"Single vitamin mixed w o supplements, for human use, in dosage",1997-12,18411892.00,3004.50.00.40,"Single vitamin mixed w o supplements, for human use, in dosage",1998-01,2011-12,yes,no,0,no,approve,,1.0000,1.0000,3004.50.00.69,"Multivitamins mixed with other supplements, nes, for human use, in dosage,",1998-01,2011-12,0.8308,6,no official source reaches this boundary,3004.50.00.50,"Multivitamins not mixed with o supplements, for human use, in dosage",1998-01,2011-12,0.8571,mixing,3004.50.00.50 (mixing); 3004.50.00.13 (continuity;mixing); 3004.50.00.12 (continuity); 3004.50.00.70 (use); 3004.50.00.14 (continuity); 3004.50.00.19 (continuity); 3004.50.00.11 (continuity;mixing); 3004.50.00.90 (continuity;use),none,no official source reaches 199801,,,,,,the same commodity under a new number,,derived from the tariff block,,,,,,,yes,,,,no,,,no,,,no,,,,,229,3004.31.00.90,"Insulin, nes, for human use, in dosage",0.6737
imports:3002.90.10.20:1997-12,157,CONFIRM - the evidence supports this link,decide,6,"the wording and the meaning both match, please spot check",imports,3002.90.10.20,Ferment cultures,1997-12,17995840.00,3002.90.00.20,Butter-making ferment cultures,1998-01,2016-12,yes,no,0,no,approve,,0.6957,0.5000,3002.90.00.91,Bacteria culture inoculants for seeds,1998-01,2016-12,0.4151,6,no official source reaches this boundary,3002.90.00.50,Micro-organisms cultures,2017-01,2021-12,0.5500,continuity,3002.90.00.50 (continuity); 3002.90.00.40 (continuity); 3002.90.00.10 (continuity); 3002.90.00.90 (continuity); 3002.90.00.12 (continuity),none,no official source reaches 199801,,,,,,unknown,,,,,,,,,yes,,,,no,,,no,,,no,,,,,232,3003.90.00.90,"Other medicaments, formulated, in bulk, nes",0.4643
imports:3006.20.90.00:1997-12,158,CONFIRM - the evidence supports this link,decide,6,"the wording and the meaning both match, please spot check",imports,3006.20.90.00,"Blood-grouping reagents, except of human or animal origin",1997-12,15915707.00,3006.20.00.90,"Blood-grouping reagents, except of human or animal origin",1998-01,2021-12,yes,no,0,no,approve,,1.0000,1.0000,3006.20.00.20,"Blood-grouping reagents, of animal origin",1998-01,2021-12,0.8333,2,no official source reaches this boundary,,,,,,,none,none,no official source reaches 199801,,,,,,the same commodity under a new number,,,,,,,,,yes,yes,3006.30.00.10,2,no,,,no,,,no,,,,,241,3002.90.00.30,Dried blood of animal origin,0.5238
imports:3004.50.99.41:1997-12,159,CONFIRM - the evidence supports this link,decide,6,"the wording and the meaning both match, please spot check",imports,3004.50.99.41,"Vitamins-iron preparation, for human use, in dosage",1997-12,15830543.00,3004.50.00.61,"Vitamins-iron preparation, for human use, in dosage",1998-01,2011-12,yes,no,0,no,approve,,1.0000,1.0000,3004.50.00.31,"Vitamin C only, for human use, in dosage",1998-01,2011-12,0.7816,7,no official source reaches this boundary,3004.50.00.70,"Vitamins & their derivs, nes, for vet use, in dosage",1998-01,2011-12,0.6667,use,3004.50.00.70 (use); 3004.50.00.19 (continuity); 3004.50.00.13 (continuity); 3004.50.00.14 (continuity); 3004.50.00.90 (continuity;use); 3004.50.00.12 (continuity); 3004.50.00.11 (continuity),none,no official source reaches 199801,,,,,,the same commodity under a new number,"Multivitamins mixed with other supplements, nes, for human use, in dosage",derived from the tariff block,,,,,,,yes,,,,no,,,no,,,no,,,,,229,3004.90.00.73,"Cough or cold preparations, for human use, in dosage",0.7879
imports:3004.90.99.41:1997-12,160,CONFIRM - the evidence supports this link,decide,6,"the wording and the meaning both match, please spot check",imports,3004.90.99.41,"Anti-infective agents, containing sulfonamides, for human use, in dosage",1997-12,15348385.00,3004.90.00.61,"Anti-infective agents, cont sulfonamides, for human use, in dosage",1998-01,2026-06,yes,no,0,no,approve,,0.9545,1.0000,3004.90.00.69,"Anti-infective agents, for human use, in dosage, nes",1998-01,2026-06,0.7627,25,no official source reaches this boundary,3004.90.00.24,"Antihypertensive agents, for human use, in doses/packings frs,o/t No 30.02/05/06",2018-01,2026-06,0.5170,continuity,3004.90.00.24 (continuity); 3004.90.00.89 (use); 3004.90.00.25 (continuity); 3004.90.00.23 (continuity); 3004.90.00.81 (use); 3004.90.00.22 (continuity); 3004.90.00.26 (continuity); 3004.90.00.90 (continuity;use); 3004.90.00.27 (continuity); 3004.90.00.29 (continuity); 3004.90.00.21 (continuity),none,no official source reaches 199801,,,,,,same family,"Anti-infective agents, for human use, in dosage, nes",derived from the tariff block,,,,,,,yes,,,,no,,,no,,,no,,,,,207,3004.20.00.69,"Antibiotics, nes, for human use, in dosage",0.6667
imports:3006.40.10.20:1997-12,161,CONFIRM - the evidence supports this link,decide,6,"the wording and the meaning both match, please spot check",imports,3006.40.10.20,Points for filling dental root canals,1997-12,12822836.00,3006.40.00.20,Points for filling dental root canals,1998-01,2011-12,yes,no,0,no,approve,,1.0000,1.0000,3006.40.00.90,"Dental fillings, nes",1998-01,2026-06,0.4643,2,no official source reaches this boundary,,,,,,,none,none,no official source reaches 199801,,,,,,the same commodity under a new number,,,,,,,,,yes,,,,no,,,no,,,no,,,,,241,3004.90.00.39,"Medicaments, for human use, acting on the central nervous system, in dosage, nes",0.4425
imports:3006.40.20.00:1997-12,162,CONFIRM - the evidence supports this link,decide,6,"the wording and the meaning both match, please spot check",imports,3006.40.20.00,"Dental fillings of composition metals, except those in powder or pellet form",1997-12,12771217.00,3006.40.00.30,"Dental fillings of composition metals, except those in powder or pellet form",1998-01,2011-12,yes,no,0,no,approve,,1.0000,1.0000,3006.40.00.10,Dental cements and bone reconstruction cements,1998-01,2026-06,0.3967,2,no official source reaches this boundary,,,,,,,none,none,no official source reaches 199801,,,,,,the same commodity under a new number,,,,,,,,,yes,,,,no,,,no,,,no,,,,,241,3004.20.00.12,"Medicaments containing vancomycin, for human use, in doses/pack for retail sale",0.4342
imports:3003.90.10.00:1997-12,163,CONFIRM - the evidence supports this link,decide,6,"the wording and the meaning both match, please spot check",imports,3003.90.10.00,"Fractioned soya oil emulsions, prepr for parenteral admin; mx of amino acids,etc",1997-12,11827021.00,3003.90.00.10,"Fractioned soya oil emulsions, prepr for parenteral admin; mx of amino acids,etc",1998-01,2011-12,yes,no,0,no,approve,,1.0000,1.0000,3003.90.00.91,"Medicaments containing acetaminophen, in bulk",1998-01,2011-12,0.2951,2,no official source reaches this boundary,3003.90.00.90,"Other medicaments, formulated, in bulk, nes",2012-01,2026-06,0.3051,continuity,3003.90.00.90 (continuity); 3003.90.00.30 (continuity),none,no official source reaches 199801,,,,,,the same commodity under a new number,,,,,,,,,yes,,,,no,,,no,,,no,,,,,239,3003.39.00.10,"Epinephrine & its solutions, prepared for parenteral admin in humans, in bulk",0.6093
imports:3004.32.00.81:2001-12,164,CONFIRM - the evidence supports this link,decide,6,"the wording and the meaning both match, please spot check",imports,3004.32.00.81,"Hydrocortisone, for human use, in dosage",2001-12,10422499.00,3004.32.00.11,"Hydrocortisone, for human use, in dosage",2002-01,2011-12,yes,no,0,no,approve,,1.0000,1.0000,3004.32.00.19,"Medicaments containing corticosteroid hormones, for human use, nes",2002-01,2011-12,0.5490,0,no official source reaches this boundary,3004.32.00.20,"Corticosteriod hormones, for veterinary use, in dosage",2002-01,2011-12,0.6444,use,3004.32.00.20 (use); 3004.32.00.00 (continuity),none,no official source reaches 200201,,,,,,the same commodity under a new number,"Adrenal cortical hormones, nes, for human use, in dosage","asserted, unsourced",,,,,,,yes,,,,no,,,no,,,no,,,,,236,3004.90.00.75,"Diuretics, for human use, in dosage",0.8169
imports:3005.90.10.00:1997-12,165,CONFIRM - the evidence supports this link,decide,6,"the wording and the meaning both match, please spot check",imports,3005.90.10.00,Bandages & slabs of tex fab coated w plaster;o art used for orthopaedic casts,1997-12,10103909.00,3005.90.00.10,Bandages & slabs of tex fab coated w plaster;o art used for orthopaedic casts,1998-01,2011-12,yes,no,0,no,approve,,1.0000,1.0000,3005.90.00.90,"Dressings and similar articles packaged for medical use, nes",1998-01,2026-06,0.4030,5,no official source reaches this boundary,,,,,,,none,none,no official source reaches 199801,,,,,,the same commodity under a new number,,,,,,,,,yes,,,,no,,,no,,,no,,,,,238,3001.20.00.00,"Extracts of glands or other organs or of their secretions, for therapeutic uses",0.4444
imports:3005.10.99.00:1997-12,166,CONFIRM - the evidence supports this link,decide,6,"the wording and the meaning both match, please spot check",imports,3005.10.99.00,"Wadding, gauze, bandages & sim articles, nes, with adhesive layer, pack ret sale",1997-12,9717032.00,3005.10.00.99,"Wadding, gauze, bandages & sim articles, nes, with adhesive layer, pack ret sale",1998-01,2026-06,yes,no,0,no,approve,,1.0000,1.0000,3005.10.00.10,"Dressings & sim articles having an adhesive layer, coated/impreg w pharm subs",1998-01,2026-06,0.5714,1,no official source reaches this boundary,,,,,,,none,none,no official source reaches 199801,,,,,,the same commodity under a new number,,,,,,,,,yes,,,,no,,,no,,,no,,,,,242,3005.90.00.90,"Dressings and similar articles packaged for medical use, nes",0.4848
imports:3004.40.90.40:1997-11,167,CONFIRM - the evidence supports this link,decide,6,"the wording and the meaning both match, please spot check",imports,3004.40.90.40,"Theophylline, for human use, in dosage",1997-11,9473686.00,3004.40.00.30,"Theophylline, for human use, in dosage",1998-01,2016-12,no,no,1,no,approve,,1.0000,1.0000,3004.40.00.50,"Aminophylline, for human use, in dosage",1998-03,2011-12,0.9041,11,no official source reaches this boundary,,,,,,,none,none,no official source reaches 199712,,,,,,the same commodity under a new number,,,,,,,,,yes,,,,no,,,no,,,no,,,,,339,3004.10.00.13,"Amoxycillin for human use, in dosage",0.8451
imports:3004.32.90.20:1997-12,168,CONFIRM - the evidence supports this link,decide,6,"the wording and the meaning both match, please spot check",imports,3004.32.90.20,"Adrenal cortical hormones, for vet use, in dosage",1997-12,9284228.00,3004.32.00.90,"Adrenal cortical hormones, for vet use, in dosage",1998-01,2001-12,yes,no,0,no,approve,,1.0000,1.0000,3004.32.00.10,"Adrenal cortical horm, cont more than 23% of abs ethyl alc by vol, in dosage",1998-03,2001-12,0.6333,0,no official source reaches this boundary,3004.32.00.89,"Adrenal cortical hormones, nes, for human use, in dosage",1998-01,2001-12,0.8800,use,3004.32.00.89 (use); 3004.32.00.20 (continuity); 3004.32.00.11 (continuity;use); 3004.32.00.81 (use); 3004.32.00.82 (continuity;use); 3004.32.00.19 (continuity;use); 3004.32.00.00 (continuity),none,no official source reaches 199801,,,,,,the same commodity under a new number,,,,,,,,,yes,yes,3004.32.00.20,2,no,,,no,,,no,,,,,236,3004.20.00.79,"Antibiotics, nes, for vet use, in dosage",0.7619
imports:3006.30.91.00:1997-12,169,CONFIRM - the evidence supports this link,decide,6,"the wording and the meaning both match, please spot check",imports,3006.30.91.00,Allergenics prepared for parenteral administration,1997-12,8572971.00,3006.30.00.20,Allergenics prepared for parenteral administration,1998-01,2011-12,yes,no,0,no,approve,,1.0000,1.0000,3006.30.00.10,Opacifying preparations for X-ray examinations,1998-01,2026-06,0.5417,1,no official source reaches this boundary,,,,,,,none,none,no official source reaches 199801,,,,,,the same commodity under a new number,,,,,,,,,yes,,,,no,,,no,,,no,,,,,242,3003.31.00.10,"Insulin, prepared for parenteral administration in humans, in bulk",0.7193
imports:3004.90.91.00:1997-12,170,CONFIRM - the evidence supports this link,decide,6,"the wording and the meaning both match, please spot check",imports,3004.90.91.00,"Medicaments cont more than 23% of abs ethyl alc by vol, nes, in dosage",1997-12,7663951.00,3004.90.00.20,"Medicaments cont more than 23% of abs ethyl alc by vol, nes, in dosage",1998-01,2011-12,yes,no,0,no,approve,,1.0000,1.0000,3004.90.00.79,"Medicaments nes, for human use, in dosage",1998-01,2026-06,0.6226,27,no official source reaches this boundary,3004.90.00.90,"Other medicaments, for veterinary use, in dosage, nes",2012-01,2026-06,0.5299,continuity,3004.90.00.90 (continuity); 3004.90.00.21 (continuity); 3004.90.00.25 (continuity); 3004.90.00.24 (continuity); 3004.90.00.22 (continuity); 3004.90.00.27 (continuity); 3004.90.00.26 (continuity); 3004.90.00.23 (continuity); 3004.90.00.29 (continuity),none,no official source reaches 199801,,,,,,the same commodity under a new number,,,,,,,,,yes,yes,3004.90.00.79,2,no,,,no,,,no,,,,,207,3004.50.00.20,"Vitamins, cont more than 23% of abs ethyl alc by vol, for human use, in dosage",0.8511
imports:3004.50.00.20:2011-12,171,CONFIRM - the evidence supports this link,decide,6,"the wording and the meaning both match, please spot check",imports,3004.50.00.20,"Vitamins, cont more than 23% of abs ethyl alc by vol, for human use, in dosage",2011-12,7548977.00,3004.50.00.19,"Other medicaments cont vitamins and their derivs, for human use, in dosage,nes",2012-01,2026-06,yes,no,0,no,approve,,0.5200,0.3333,3004.50.00.90,"Medi,cont vitamins,for veterinary use,in doses/pack frs,o/t No 30.02/05/06,nes",2012-01,2026-06,0.3553,0,the record bounds the answer to a short list,,,,,,,none,"3004.50.00.90 (the use rule objects; the official record names it, so it stands)",named by Canada's concordance at 201201,,,,,,a catch-all line that may cover it,,,,,,,,,yes,,,,no,,,no,,,no,,,,,152,3004.90.00.78,"Medicaments cont hyaluronic acid or its sodium salt, for human use, in dosage",0.5906
imports:3006.20.20.00:1997-12,172,CONFIRM - the evidence supports this link,decide,6,"the wording and the meaning both match, please spot check",imports,3006.20.20.00,"Blood-grouping reagents, of animal origin",1997-12,6909500.00,3006.20.00.20,"Blood-grouping reagents, of animal origin",1998-01,2021-12,yes,no,0,no,approve,,1.0000,1.0000,3006.20.00.90,"Blood-grouping reagents, except of human or animal origin",1998-01,2021-12,0.8333,0,no official source reaches this boundary,3006.20.00.10,"Blood-grouping reagents, of human origin",1998-01,2011-12,0.9114,origin,3006.20.00.10 (origin),none,no official source reaches 199801,,,,,,the same commodity under a new number,,,,,,,,,yes,yes,3006.30.00.10,2,no,,,no,,,no,,,,,242,3002.90.00.30,Dried blood of animal origin,0.6471
imports:3002.90.10.19:1997-12,173,CONFIRM - the evidence supports this link,decide,6,"the wording and the meaning both match, please spot check",imports,3002.90.10.19,"Toxins, toxoids, antitoxins, viruses, bacteriophage and bacterial lysates, nes",1997-12,6387863.00,3002.90.00.19,"Toxins, toxoids, antitoxins, viruses, bacteriophage and bacterial lysates, nes",1998-01,2016-12,yes,no,0,no,approve,,1.0000,1.0000,3002.90.00.99,"Human blood, animal blood for therap, prophltc or diag uses, microbial prep, nes",1998-01,2016-12,0.3221,6,no official source reaches this boundary,3002.90.00.10,"Toxins, toxoids, antitoxins, viruses, bacteriophage and bacterial lysates",2017-01,2021-12,0.9718,continuity,3002.90.00.10 (continuity); 3002.90.00.40 (continuity); 3002.90.00.12 (continuity); 3002.90.00.90 (continuity); 3002.90.00.50 (continuity),none,no official source reaches 199801,,,,,,the same commodity under a new number,,,,,,,,,yes,,,,no,,,no,,,no,,,,,232,3005.90.00.20,"Dressings & sim articles coated or impreg w pharm substances, nes",0.4444
imports:3004.90.99.91:1997-12,174,CONFIRM - the evidence supports this link,decide,6,"the wording and the meaning both match, please spot check",imports,3004.90.99.91,"Anaesthetic, for veterinary use, in dosage",1997-12,4778034.00,3004.90.00.81,"Anaesthetic, for veterinary use, in dosage",1998-01,2011-12,yes,no,0,no,approve,,1.0000,1.0000,3004.90.00.89,"Medicaments nes, for veterinary use, in dosage",1998-01,2011-12,0.7857,4,no official source reaches this boundary,3004.90.00.36,"Local anaesthetics, for human use, in dosage",1998-01,2017-12,0.7561,use,3004.90.00.36 (use); 3004.90.00.90 (continuity); 3004.90.00.31 (use); 3004.90.00.43 (use); 3004.90.00.42 (use); 3004.90.00.75 (use); 3004.90.00.72 (use); 3004.90.00.34 (use); 3004.90.00.79 (use); 3004.90.00.71 (use); 3004.90.00.49 (use); 3004.90.00.77 (use); 3004.90.00.69 (use); 3004.90.00.32 (use); 3004.90.00.33 (use); 3004.90.00.73 (use); 3004.90.00.41 (use); 3004.90.00.27 (continuity;use); 3004.90.00.61 (use); 3004.90.00.22 (continuity;use); 3004.90.00.76 (use); 3004.90.00.25 (continuity;use); 3004.90.00.35 (use); 3004.90.00.50 (use); 3004.90.00.78 (use); 3004.90.00.39 (use); 3004.90.00.24 (continuity;use); 3004.90.00.23 (continuity;use); 3004.90.00.21 (continuity); 3004.90.00.26 (continuity;use); 3004.90.00.74 (use); 3004.90.00.29 (continuity;use),none,no official source reaches 199801,,,,,,the same commodity under a new number,"Medicaments nes, for veterinary use, in dosage","asserted, unsourced",,,,,,,yes,,,,no,,,no,,,no,,,,,207,3004.20.00.79,"Antibiotics, nes, for vet use, in dosage",0.7273
imports:3003.31.10.00:1997-10,175,CONFIRM - the evidence supports this link,decide,6,"the wording and the meaning both match, please spot check",imports,3003.31.10.00,"Insulin, prepared for parenteral administration in humans, in bulk",1997-10,4350765.00,3003.31.00.10,"Insulin, prepared for parenteral administration in humans, in bulk",1998-02,2011-08,no,no,3,no,approve,,1.0000,1.0000,3003.31.00.90,"Insulin, formulated, in bulk, nes",1998-01,2011-12,0.4894,1,no official source reaches this boundary,3003.31.00.00,"Medicaments,cont insulin,mixed,not in doses/forms/pack/frs,o/t No 30.02/05/06",2012-01,2026-03,0.3121,continuity,3003.31.00.00 (continuity),none,no official source reaches 199711,,,,,,the same commodity under a new number,,,,,,,,,yes,,,,no,,,no,,,no,,,,,351,3002.10.00.41,"Bovine albumin, for parenteral administration in humans",0.7627
imports:3004.20.00.70:1988-12,176,CONFIRM - the evidence supports this link,decide,6,"the wording and the meaning both match, please spot check",imports,3004.20.00.70,"Antibiotics, nes, for vet use, in dosage",1988-12,4291483.00,3004.20.00.79,"Antibiotics, nes, for vet use, in dosage",1989-01,2011-12,yes,no,0,no,approve,,1.0000,1.0000,3004.20.00.71,"Ivermectin, for vet use, in dosage",1989-01,2011-12,0.7246,0,no official source reaches this boundary,3004.20.00.69,"Antibiotics, nes, for human use, in dosage",1988-01,2011-12,0.8947,use,3004.20.00.69 (use); 3004.20.00.39 (use); 3004.20.00.59 (use); 3004.20.00.49 (use); 3004.20.00.42 (use); 3004.20.00.41 (use); 3004.20.00.63 (use); 3004.20.00.66 (use); 3004.20.00.64 (use); 3004.20.00.65 (use); 3004.20.00.61 (use); 3004.20.00.51 (continuity;use); 3004.20.00.52 (use); 3004.20.00.20 (use); 3004.20.00.62 (use); 3004.20.00.10 (use); 3004.20.00.31 (use); 3004.20.00.90 (continuity); 3004.20.00.11 (continuity;use); 3004.20.00.13 (continuity;use); 3004.20.00.80 (continuity); 3004.20.00.12 (continuity;use); 3004.20.00.19 (continuity); 3004.20.00.18 (continuity;use),none,no official source reaches 198901,,,,,,the same commodity under a new number,,,,,,,,,yes,,,,no,,,no,,,no,,,,,359,3004.39.00.90,"Hormones, nes, for vet use, in dosage",0.7887
exports:3001.10.00:2006-10,177,ANALYST - a candidate is shown but NOT recommended,decide,5,no candidate is close on wording,exports,3001.10.00,"Glands and other organs, dried, powdered or not, for therapeutic uses",2006-10,5567265.00,3001.90.00,"Heparin & its salts;human or animal substances for therap or prophltc uses, nes",1988-01,2026-06,no,no,0,no,none,"the subheading is gone and no wording is close. THE RECORD PLACES THIS INSIDE CHAPTER 30 and the departure hypothesis is withdrawn: the WCO 2002 to 2007 correlation sends this subheading to 300190, leaving 1 of 2 candidate(s). The proposal is still not recommended, because the wording is weak, and that is now the only reason.",0.3803,0.1538,,,,,,0,the WCO correlation left one candidate,,,,,,,none,none,"the WCO 2002 to 2007 correlation sends this subheading to 300190, leaving 1 of 2 candidate(s)","THE OFFICIAL RECORD NARROWED THIS ROW: the WCO 2002 to 2007 correlation sends this subheading to 300190, leaving 1 of 2 candidate(s). The proposal rests on the correlation table and not on wording alone. The tables map six digits to six digits, so the record chose the SUBHEADING; the statistical line beneath it is still the analyst's.",,,,,a catch-all line that may cover it,,,,,,,,,yes,,,,no,,,no,,,no,,,,224,57,3002.12.00,"Antisera & other blood fractions, w/n modified/obtained by biotechnological proc",0.4615
imports:3003.31.99.00:1997-12,178,CONFIRM - the evidence supports this link,decide,6,"the wording and the meaning both match, please spot check",imports,3003.31.99.00,"Insulin, formulated, in bulk, nes",1997-12,3974845.00,3003.31.00.90,"Insulin, formulated, in bulk, nes",1998-01,2011-12,yes,no,0,no,approve,,1.0000,1.0000,3003.31.00.10,"Insulin, prepared for parenteral administration in humans, in bulk",1998-02,2011-08,0.4681,0,no official source reaches this boundary,3003.31.00.00,"Medicaments,cont insulin,mixed,not in doses/forms/pack/frs,o/t No 30.02/05/06",2012-01,2026-03,0.2991,continuity,3003.31.00.00 (continuity),none,no official source reaches 199801,,,,,,the same commodity under a new number,Hormones,"asserted, unsourced",,,,,,,yes,,,,no,,,no,,,no,,,,,242,3003.90.00.90,"Other medicaments, formulated, in bulk, nes",0.7429
exports:3004.32.10:1988-12,179,CONFIRM - the evidence supports this link,decide,6,"the wording and the meaning both match, please spot check",exports,3004.32.10,"Adrenal cortical hormones, in dosage, for human use",1988-12,3924008.00,3004.32.00,"Adrenal cortical hormones, not containing antibiotics, in dosage",1989-01,2026-06,yes,yes,0,no,approve,,0.6306,0.5000,,,,,,0,no official source reaches this boundary,,,,,,,none,none,no official source reaches 198901,,,,,,unknown,,,,,,,,,yes,,,,no,,,no,,,no,,,,,62,3004.20.00,"Antibiotics nes, in dosage",0.5405
imports:3004.50.99.50:1997-12,180,CONFIRM - the evidence supports this link,decide,6,"the wording and the meaning both match, please spot check",imports,3004.50.99.50,"Vitamins & their derivs, nes, for vet use, in dosage",1997-12,3851408.00,3004.50.00.70,"Vitamins & their derivs, nes, for vet use, in dosage",1998-01,2011-12,yes,no,0,no,approve,,1.0000,1.0000,3004.50.00.10,"Mx of amino acids & vitamins,& mx of amino acids, protein hydrolysates & vit,etc",1998-01,2011-12,0.3333,0,no official source reaches this boundary,3004.50.00.61,"Vitamins-iron preparation, for human use, in dosage",1998-01,2011-12,0.7292,use,3004.50.00.61 (use); 3004.50.00.32 (use); 3004.50.00.31 (use); 3004.50.00.69 (use); 3004.50.00.39 (use); 3004.50.00.19 (continuity;use); 3004.50.00.50 (use); 3004.50.00.20 (use); 3004.50.00.40 (use); 3004.50.00.13 (continuity;use); 3004.50.00.90 (continuity); 3004.50.00.14 (continuity;use); 3004.50.00.12 (continuity;use); 3004.50.00.11 (continuity),none,no official source reaches 199801,,,,,,the same commodity under a new number,,,,,,,,,yes,,,,no,,,no,,,no,,,,,229,3004.10.00.32,"Streptomycins or their derivs, for vet use, in dosage",0.8163
imports:3001.90.90.00:1997-12,181,CONFIRM - the evidence supports this link,decide,6,"the wording and the meaning both match, please spot check",imports,3001.90.90.00,"Other human or animal subs prepared for therapeutic or prophylactic uses, nes",1997-12,2825176.00,3001.90.00.90,"Other human or animal subs prepared for therapeutic or prophylactic uses, nes",1998-01,2026-06,yes,no,0,no,approve,,1.0000,1.0000,3001.90.00.20,"Bone, organs & o human/animal tissue, living/preserved,for grafting/implantation",1998-01,2026-06,0.5526,1,no official source reaches this boundary,,,,,,,none,none,no official source reaches 199801,,,,,,the same commodity under a new number,,,,,,,,,yes,,,,no,,,no,,,no,,,,,242,3002.12.00.12,"Human blood plasma, for therapeutic/prophylactic/other uses",0.6716
imports:3004.40.90.30:1997-11,182,CONFIRM - the evidence supports this link,decide,6,"the wording and the meaning both match, please spot check",imports,3004.40.90.30,"Vincristine, for human use, in dosage",1997-11,2496656.00,3004.40.00.20,"Vincristine, for human use, in dosage",1998-01,2011-12,no,no,1,no,approve,,1.0000,1.0000,3004.40.00.50,"Aminophylline, for human use, in dosage",1998-03,2011-12,0.8056,11,no official source reaches this boundary,,,,,,,none,none,no official source reaches 199712,,,,,,the same commodity under a new number,,,,,,,,,yes,,,,no,,,no,,,no,,,,,339,3004.31.00.90,"Insulin, nes, for human use, in dosage",0.8571
imports:3004.90.99.84:1997-12,183,CONFIRM - the evidence supports this link,decide,6,"the wording and the meaning both match, please spot check",imports,3004.90.99.84,"Medicaments cont hyaluronic acid or its sodium salt, for human use, in dosage",1997-12,2455445.00,3004.90.00.78,"Medicaments cont hyaluronic acid or its sodium salt, for human use, in dosage",1998-01,2026-06,yes,no,0,no,approve,,1.0000,1.0000,3004.90.00.79,"Medicaments nes, for human use, in dosage",1998-01,2026-06,0.6667,25,no official source reaches this boundary,3004.90.00.89,"Medicaments nes, for veterinary use, in dosage",1998-01,2011-12,0.5714,use,3004.90.00.89 (use); 3004.90.00.90 (continuity;use); 3004.90.00.25 (continuity); 3004.90.00.81 (use); 3004.90.00.23 (continuity); 3004.90.00.24 (continuity); 3004.90.00.26 (continuity); 3004.90.00.29 (continuity); 3004.90.00.22 (continuity); 3004.90.00.27 (continuity); 3004.90.00.21 (continuity),none,no official source reaches 199801,,,,,,the same commodity under a new number,"Medicaments nes, for human use, in dosage",derived from the tariff block,,,,,,,yes,,,,no,,,no,,,no,,,,,207,3004.50.00.19,"Other medicaments cont vitamins and their derivs, for human use, in dosage,nes",0.6755
imports:3002.90.10.40:1997-12,184,CONFIRM - the evidence supports this link,decide,6,"the wording and the meaning both match, please spot check",imports,3002.90.10.40,Dried blood of animal origin,1997-12,2070092.00,3002.90.00.30,Dried blood of animal origin,1998-02,2026-06,no,no,1,no,approve,,1.0000,1.0000,3002.90.00.93,Antiallergenic preparations of microbial origin,1998-02,2016-12,0.4800,6,no official source reaches this boundary,3002.90.00.50,Micro-organisms cultures,2017-01,2021-12,0.3846,continuity,3002.90.00.50 (continuity); 3002.90.00.90 (continuity); 3002.90.00.40 (continuity); 3002.90.00.10 (continuity); 3002.90.00.12 (continuity),none,no official source reaches 199801,,,,,,the same commodity under a new number,,,,,,,,,yes,,,,no,,,no,,,no,,,,,232,3006.20.00.20,"Blood-grouping reagents, of animal origin",0.6471
imports:3005.90.93.00:1997-12,185,CONFIRM - the evidence supports this link,decide,6,"the wording and the meaning both match, please spot check",imports,3005.90.93.00,"Dressings and similar articles of paper, nes",1997-12,1808053.00,3005.90.00.60,"Dressings and similar articles of paper, nes",1998-01,2011-12,yes,no,0,no,approve,,1.0000,1.0000,3005.90.00.90,"Dressings and similar articles packaged for medical use, nes",1998-01,2026-06,0.7647,5,no official source reaches this boundary,,,,,,,none,none,no official source reaches 199801,,,,,,the same commodity under a new number,,,,,,,,,yes,,,,no,,,no,,,no,,,,,238,3002.49.00.20,Toxins and similar products,0.5429
imports:3004.32.10.00:1997-12,186,CONFIRM - the evidence supports this link,decide,6,"the wording and the meaning both match, please spot check",imports,3004.32.10.00,"Adrenal cortical horm, cont more than 23% of abs ethyl alc by vol, in dosage",1997-12,1805132.00,3004.32.00.10,"Adrenal cortical horm, cont more than 23% of abs ethyl alc by vol, in dosage",1998-03,2001-12,no,no,2,no,approve,,1.0000,1.0000,3004.32.00.89,"Adrenal cortical hormones, nes, for human use, in dosage",1998-01,2001-12,0.6825,2,no official source reaches this boundary,3004.32.00.20,"Corticosteriod hormones, for veterinary use, in dosage",2002-01,2011-12,0.5120,continuity,3004.32.00.20 (continuity); 3004.32.00.11 (continuity); 3004.32.00.19 (continuity); 3004.32.00.00 (continuity); 3004.32.00.82 (continuity),none,no official source reaches 199801,,,,,,the same commodity under a new number,,,,,,,,,yes,yes,3004.32.00.20,2,no,,,no,,,no,,,,,236,3004.90.00.20,"Medicaments cont more than 23% of abs ethyl alc by vol, nes, in dosage",0.8143
imports:3004.40.90.70:1997-12,187,CONFIRM - the evidence supports this link,decide,6,"the wording and the meaning both match, please spot check",imports,3004.40.90.70,"Aminophylline, for human use, in dosage",1997-12,1778947.00,3004.40.00.50,"Aminophylline, for human use, in dosage",1998-03,2011-12,no,no,2,no,approve,,1.0000,1.0000,3004.40.00.30,"Theophylline, for human use, in dosage",1998-01,2016-12,0.9041,5,no official source reaches this boundary,,,,,,,none,none,no official source reaches 199801,,,,,,the same commodity under a new number,,,,,,,,,yes,,,,no,,,no,,,no,,,,,238,3004.10.00.13,"Amoxycillin for human use, in dosage",0.8611
imports:3004.31.99.00:1997-12,188,CONFIRM - the evidence supports this link,decide,6,"the wording and the meaning both match, please spot check",imports,3004.31.99.00,"Insulin, nes, for human use, in dosage",1997-12,1727839.00,3004.31.00.90,"Insulin, nes, for human use, in dosage",1998-01,2011-12,yes,no,0,no,approve,,1.0000,1.0000,3004.31.00.10,"Insulin, w/n mixed w zinc, globin or protamine, prepr for parentl admin, in dos",1998-01,2011-12,0.4364,0,no official source reaches this boundary,3004.31.00.00,"Medicaments,cont insulin,in doses/forms/pack f retail sale,o/t No 30.02/05/06",2012-01,2026-06,0.4107,continuity,3004.31.00.00 (continuity),none,no official source reaches 199801,,,,,,the same commodity under a new number,,,,,,,,,yes,,,,no,,,no,,,no,,,,,242,3004.40.00.20,"Vincristine, for human use, in dosage",0.8571
exports:3004.50.20:1988-12,189,CONFIRM - the evidence supports this link,decide,6,"the wording and the meaning both match, please spot check",exports,3004.50.20,"Vitamins and their derivatives,in dosage for veterinary use",1988-12,1105557.00,3004.50.00,"Vitamins and their derivatives,in dosage",1989-01,2026-06,yes,yes,0,no,approve,,0.8081,0.6667,,,,,,0,no official source reaches this boundary,,,,,,,none,none,no official source reaches 198901,,,,,,unknown,,,,,,,,,yes,,,,no,,,no,,,no,,,,,62,3004.10.00,"Penicillins or streptomycins and their derivatives, in dosage",0.6387
exports:3002.31.00:1995-12,190,CONFIRM - the evidence supports this link,decide,6,"the wording and the meaning both match, please spot check",exports,3002.31.00,"Vaccines against foot or mouth disease, veterinary use",1995-12,962870.00,3002.30.10,"Vaccines against foot or mouth disease, veterinary use",1996-02,2016-06,no,no,1,no,approve,,1.0000,1.0000,3002.30.90,"Vaccines, veterinary use, nes",1996-01,2016-12,0.5750,3,no official source reaches this boundary,3002.30.00,"Vaccines, for veterinary medecine",2017-01,2021-12,0.5882,continuity,3002.30.00 (continuity); 3002.42.00 (continuity); 3002.41.00 (continuity;use); 3002.20.00 (use); 3002.49.00 (continuity); 3002.59.00 (continuity); 3002.15.00 (continuity); 3002.51.00 (continuity); 3002.11.00 (continuity); 3002.19.00 (continuity); 3002.13.00 (continuity); 3002.14.00 (continuity); 3002.12.00 (continuity); 3002.90.10 (continuity); 3002.90.20 (continuity),none,no official source reaches 199601,,,,,,the same commodity under a new number,Veterinary vaccines,"asserted, unsourced",,,,,,,yes,yes,3002.42.00,3,no,,,no,,,no,,,,,41,3001.90.00,"Heparin & its salts;human or animal substnces for therap or prophltc uses, nes",0.3750
imports:3002.10.29.10:1997-12,191,CONFIRM - the evidence supports this link,decide,6,"the wording and the meaning both match, please spot check",imports,3002.10.29.10,"Blood fractions, nes, for use in humans",1997-12,955745.00,3002.10.00.51,"Blood fractions, nes, for use in humans",1998-01,2016-12,yes,no,0,no,approve,,1.0000,1.0000,3002.10.00.59,"Blood fractions, nes",1998-01,2016-12,0.6786,9,no official source reaches this boundary,3002.10.00.90,"Antisera,o blood fract,immunological prod,w/n mod/obt biotechnological proc,nes",2012-01,2016-12,0.3103,continuity,3002.10.00.90 (continuity); 3002.10.00.60 (continuity),none,no official source reaches 199801,,,,,,the same commodity under a new number,,,,,,,,,yes,,,,no,,,no,,,no,,,,,232,3002.12.00.21,"Animal antisera and other animal blood fractions, for use in humans",0.6408
imports:3004.32.00.10:2001-12,192,ANALYST - a candidate is shown but NOT recommended,decide,6,"the wording and the meaning both match, please spot check",imports,3004.32.00.10,"Adrenal cortical horm, cont more than 23% of abs ethyl alc by vol, in dosage",2001-12,929148.00,3004.32.00.20,"Corticosteriod hormones, for veterinary use, in dosage",2002-01,2011-12,yes,no,0,no,none,"NOTHING IN COMMON: this names abs, adrenal, alc, by, cortical, ethyl, horm, more, than, vo and the proposal names corticosteriod, and neither is a catch-all that could absorb the other. The score comes from shared phrasing.",0.5120,0.0625,3004.32.00.11,"Hydrocortisone, for human use, in dosage",2002-01,2011-12,0.4505,1,no official source reaches this boundary,3004.32.00.00,"Medi,cont corticosteroid horm/deriv/struct ana,in doses/frs,o/t No 30.02/05/06",2012-01,2026-06,0.3841,continuity,3004.32.00.00 (continuity),none,no official source reaches 200201,,3004.32.00.19,"Medicaments containing corticosteroid hormones, for human use, nes",0.4088,yes,different family,"Medicaments containing corticosteroid hormones, for human use, nes",derived from the tariff block,3004.32.00.19,"Medicaments containing corticosteroid hormones, for human use, nes (0.4088)",0.4088,,,,yes,,,,no,,,no,,,no,,,,,236,3004.90.00.20,"Medicaments cont more than 23% of abs ethyl alc by vol, nes, in dosage",0.8143
exports:3003.31.00:2025-05,193,DO NOT DECIDE - the record does not call this a retirement,"NOT A RETIREMENT, nothing to decide",not a retirement,"the delivery records no termination for this line and the number was never handed to different goods, so trade stopped without the classification ending. There is no transfer to trace and nothing here to answer.",exports,3003.31.00,"Medicaments,cont insulin,mixed,not in doses/forms/pack/frs,o/t No 30.02/05/06",2025-05,1208878.00,3003.20.00,"Medicaments,cont antibiotics,nes,mix,for therap/prophltc,nfrs,o/t No 30.02/05/06",1988-01,2026-06,no,no,0,no,approve,,0.6879,0.6111,3003.90.00,"Medicaments, nes,mix,therap/prophltc uses,not for retail sale,o/t No 30.02/05/06",1988-01,2026-06,0.6154,3,a tariff schedule was read and ruled nothing out,,,,,,,none,none,"the 2025 schedule holds every candidate, so it excludes none",,,,,,a catch-all line that may cover it,,,,,,,,,yes,,,,no,,,no,,,no,,,,447,36,3004.31.00,"Medicaments,cont insulin,in doses/forms/pack f retail sale,o/t No 30.02/05/06",0.8701
imports:3003.39.10.00:1997-12,194,CONFIRM - the evidence supports this link,decide,6,"the wording and the meaning both match, please spot check",imports,3003.39.10.00,"Epinephrine & its solutions, prepared for parenteral admin in humans, in bulk",1997-12,724092.00,3003.39.00.10,"Epinephrine & its solutions, prepared for parenteral admin in humans, in bulk",1998-01,2011-12,yes,no,0,no,approve,,1.0000,1.0000,3003.39.00.90,"Hormones, nes, not containing antibiotics, in bulk, o/t contraceptives",1998-01,2011-12,0.2878,0,no official source reaches this boundary,3003.39.00.00,"Medi,cont horm/prostaglandins/thromboxanes/leukotrienes/deriv/analogues,nes,nfrs",2012-01,2026-06,0.2614,continuity,3003.39.00.00 (continuity),none,no official source reaches 199801,,,,,,the same commodity under a new number,,,,,,,,,yes,,,,no,,,no,,,no,,,,,242,3004.39.00.10,"Epinephrine & its sol & pituitary extrc, prepr for parentl admin in hum, in dos",0.7671
imports:3003.90.91.00:1997-12,195,CONFIRM - the evidence supports this link,decide,6,"the wording and the meaning both match, please spot check",imports,3003.90.91.00,"Medicaments, nes, cont more than 23% of absolute ethyl alcohol by volume,in bulk",1997-12,621683.00,3003.90.00.20,"Medicaments, nes, cont more than 23% of absolute ethyl alcohol by volume,in bulk",1998-01,2011-12,yes,no,0,no,approve,,1.0000,1.0000,3003.90.00.91,"Medicaments containing acetaminophen, in bulk",1998-01,2011-12,0.5289,2,no official source reaches this boundary,3003.90.00.30,"Medicaments containing acetaminophen, in bulk",2012-01,2026-06,0.5289,continuity,3003.90.00.30 (continuity); 3003.90.00.90 (continuity),none,no official source reaches 199801,,,,,,the same commodity under a new number,,,,,,,,,yes,,,,no,,,no,,,no,,,,,239,3004.90.00.20,"Medicaments cont more than 23% of abs ethyl alc by vol, nes, in dosage",0.8056
exports:3003.42.00:2024-09,196,DO NOT DECIDE - the record does not call this a retirement,"NOT A RETIREMENT, nothing to decide",not a retirement,"the delivery records no termination for this line and the number was never handed to different goods, so trade stopped without the classification ending. There is no transfer to trace and nothing here to answer.",exports,3003.42.00,"Medicaments,cont pseudoephedrine/sa,mix,therap/prophltc,nfrs,o/t No 30.02/05/06",2024-09,594838.00,3003.20.00,"Medicaments,cont antibiotics,nes,mix,for therap/prophltc,nfrs,o/t No 30.02/05/06",1988-01,2026-06,no,no,0,no,none,"SAME FRAME, DIFFERENT TERM: pseudoephedrine sa against antibiotic. The wording match is scoring the boilerplate these two share, not the word that says what the goods are.",0.8176,0.8125,3003.49.00,"Medi,cont alkaloids/deriv t/o,nes,mix,f therap/prophltc,nfrs,o/t No 30.02/05/06",2018-05,2026-06,0.7722,4,a tariff schedule was read and ruled nothing out,,,,,,,none,none,"the 2024 schedule holds every candidate, so it excludes none",,3003.49.00,"Medi,cont alkaloids/deriv t/o,nes,mix,f therap/prophltc,nfrs,o/t No 30.02/05/06",0.7722,no,a catch-all line that may cover it,Non-narcotic vegetable alkaloids,"asserted, unsourced",,,,,,,yes,,,,yes,pseudoephedrine sa,antibiotic,no,,,no,,,,439,36,3004.41.00,"Medicaments,cont ephedrin/salts,therap/prophltc,in doses/frs,o/t No 30.02/05/06",0.8608
imports:3004.50.91.00:1997-06,197,CONFIRM - the evidence supports this link,decide,6,"the wording and the meaning both match, please spot check",imports,3004.50.91.00,"Vitamins, cont more than 23% of abs ethyl alc by vol, for human use, in dosage",1997-06,405203.00,3004.50.00.20,"Vitamins, cont more than 23% of abs ethyl alc by vol, for human use, in dosage",1998-01,2011-12,no,no,6,no,approve,,1.0000,1.0000,3004.50.00.50,"Multivitamins not mixed with o supplements, for human use, in dosage",1998-01,2011-12,0.6714,15,no official source reaches this boundary,3004.50.00.13,"Medicaments cont multivitamins not mixed with other suppl,for hum use,in dosage",2012-01,2016-12,0.5882,continuity,3004.50.00.13 (continuity); 3004.50.00.70 (use); 3004.50.99.50 (use); 3004.50.00.19 (continuity); 3004.50.00.14 (continuity); 3004.50.00.90 (continuity;use); 3004.50.00.11 (continuity); 3004.50.00.12 (continuity),none,no official source reaches 199707,,,,,,the same commodity under a new number,,,,,,,,,yes,yes,3004.50.00.19,2,no,,,no,,,no,,,,,335,3004.90.00.20,"Medicaments cont more than 23% of abs ethyl alc by vol, nes, in dosage",0.8511
imports:3002.90.90.30:1997-09,198,CONFIRM - the evidence supports this link,decide,6,"the wording and the meaning both match, please spot check",imports,3002.90.90.30,Antiallergenic preparations of microbial origin,1997-09,96578.00,3002.90.00.93,Antiallergenic preparations of microbial origin,1998-02,2016-12,no,no,4,no,approve,,1.0000,1.0000,3002.90.00.99,"Human blood, animal blood for therap, prophltc or diag uses, microbial prep, nes",1998-01,2016-12,0.4553,13,no official source reaches this boundary,3002.90.00.90,"Human blood;animal blood for therap/prophltc/diagnostic uses;toxins,sim prod,nes",2017-01,2026-06,0.3307,continuity,3002.90.00.90 (continuity); 3002.90.00.10 (continuity); 3002.90.00.50 (continuity); 3002.90.00.12 (continuity); 3002.90.00.40 (continuity),none,no official source reaches 199710,,,,,,the same commodity under a new number,,,,,,,,,yes,,,,no,,,no,,,no,,,,,336,3002.10.00.30,"Antisera & o blood fractions, of human origin, for other uses",0.5192
imports:3002.90.10.11:1997-12,199,CONFIRM - the evidence supports this link,decide,6,"the wording and the meaning both match, please spot check",imports,3002.90.10.11,Ricin,1997-12,33472.00,3002.90.00.11,Ricin,1998-01,2016-09,yes,no,0,no,approve,,1.0000,1.0000,3002.90.00.30,Dried blood of animal origin,1998-02,2026-06,0.2424,6,no official source reaches this boundary,3002.90.00.12,Saxitoxin,2000-03,2016-10,0.4286,continuity,3002.90.00.12 (continuity); 3002.90.00.50 (continuity); 3002.90.00.90 (continuity); 3002.90.00.10 (continuity); 3002.90.00.40 (continuity),none,no official source reaches 199801,,,,,,the same commodity under a new number,"Toxins, toxoids, antitoxins, viruses, bacteriophage and bacterial lysates, nes",derived from the tariff block,,,,,,,yes,,,,no,,,no,,,no,,,,,232,3002.20.00.90,"Vaccines, nes, for human medicine",0.2778
imports:3003.40.10.00:1993-08,200,CONFIRM - the evidence supports this link,decide,6,"the wording and the meaning both match, please spot check",imports,3003.40.10.00,"Alkaloids or their derivs, cont more than 23% of absol ethyl alc by vol, in bulk",1993-08,12838.00,3003.40.90.00,"Alkaloids or their derivs, formltd, not cont antibiotics or horm, in bulk, nes",1988-02,1997-12,no,no,0,no,approve,,0.5828,0.3333,,,,,,0,no official source reaches this boundary,3003.40.00.00,"Alkaloids or their derivs, formulated, not cont antibiotics/hormones, in bulk",1998-01,2016-12,0.5695,continuity,3003.40.00.00 (continuity),none,no official source reaches 199309,,,,,,a catch-all line that may cover it,,,,,,,,,yes,yes,3003.49.00.00,3,no,,,no,,,no,,,,65,369,3004.40.10.00,"Alkaloids or their derivs, cont more than 23% of abs ethyl alc by vol, in dosage",0.9221
imports:3004.39.00.12:2026-05,201,DO NOT DECIDE - the record does not call this a retirement,"NOT A RETIREMENT, nothing to decide",not a retirement,"the delivery records no termination for this line and the number was never handed to different goods, so trade stopped without the classification ending. There is no transfer to trace and nothing here to answer.",imports,3004.39.00.12,"Medi,cont anterior pituitary hormones,f human,doses/pack frs,o/t No 30.02/05/06",2026-05,184895196.00,3004.39.00.19,"Medi,cont horm/prod No 29.37,f human use,doses/pack frs,o/t No 30.02/05/06,nes",2012-01,2026-06,no,no,0,no,approve,,0.7389,0.5909,3004.39.00.13,"Medi,cont unmixed single estrogens,for human,doses/pack frs,o/t No 30.02/05/06",2012-01,2026-06,0.7261,2,no official source reaches this boundary,,,,,,,none,none,no official source reaches 202606,,,,,,a catch-all line that may cover it,,,,,,,,,yes,,,,no,,,no,,,no,,,,171,104,3004.50.00.11,"Medi,cont single vitamin,not mixed,f human,doses/pack frs,o/t No 30.02/05/06,nes",0.7799
exports:3001.20.00:2026-05,202,DO NOT DECIDE - the record does not call this a retirement,"NOT A RETIREMENT, nothing to decide",not a retirement,"the delivery records no termination for this line and the number was never handed to different goods, so trade stopped without the classification ending. There is no transfer to trace and nothing here to answer.",exports,3001.20.00,"Extracts of glands/other organs or of their secretions, for therapeutic uses",2026-05,77599600.00,3001.90.00,"Heparin & its salts;human or animal substances for therap or prophltc uses, nes",1988-01,2026-06,no,no,0,no,none,"the subheading is gone and no wording is close, so the goods may have left Chapter 30 entirely",0.4636,0.1429,,,,,,0,no official source reaches this boundary,,,,,,,none,none,no official source reaches 202606,,,,,,a catch-all line that may cover it,,,,,,,,,NO,,,,no,,,no,,,no,,,,459,37,3005.90.00,"Dressings & similar articles,impreg or coated or packaged for med use, nes",0.3973
exports:3004.41.00:2026-05,203,DO NOT DECIDE - the record does not call this a retirement,"NOT A RETIREMENT, nothing to decide",not a retirement,"the delivery records no termination for this line and the number was never handed to different goods, so trade stopped without the classification ending. There is no transfer to trace and nothing here to answer.",exports,3004.41.00,"Medicaments,cont ephedrin/salts,therap/prophltc,in doses/frs,o/t No 30.02/05/06",2026-05,104471710.00,3004.42.00,"Medi,cont pseudoephedrine/salts,therap/prophltc,in doses/frs,o/t No 30.02/05/06",2017-01,2026-06,no,no,0,no,none,"SAME FRAME, DIFFERENT TERM: ephedrin against pseudoephedrine. The wording match is scoring the boilerplate these two share, not the word that says what the goods are.",0.9114,0.8750,3004.20.00,"Medicaments,cont antibiotics,f therap/prophltc,in doses/frs,o/t No 30.02/05/06",1989-01,2026-06,0.8535,9,no official source reaches this boundary,,,,,,,none,none,no official source reaches 202606,,3004.90.90,"Medicaments,nes,therap/prophltc uses,doses/pack f retail sale,o/t No 30.02/05/06",0.7673,no,same class,Non-narcotic vegetable alkaloids,"asserted, unsourced",,,,,,,NO,,,,yes,ephedrin,pseudoephedrine,no,,,no,,,,111,27,3003.20.00,"Medicaments,cont antibiotics,nes,mix,for therap/prophltc,nfrs,o/t No 30.02/05/06",0.7421
imports:3004.41.00.00:2026-05,204,DO NOT DECIDE - the record does not call this a retirement,"NOT A RETIREMENT, nothing to decide",not a retirement,"the delivery records no termination for this line and the number was never handed to different goods, so trade stopped without the classification ending. There is no transfer to trace and nothing here to answer.",imports,3004.41.00.00,"Medicaments,cont ephedrin/salts,therap/prophltc,in doses/frs,o/t No 30.02/05/06",2026-05,8250035.00,3004.43.00.00,"Medi,cont norephedrine/salts,therap/prophltc,in doses/frs,o/t No 30.02/05/06",2017-12,2026-06,no,no,0,no,none,"SAME FRAME, DIFFERENT TERM: ephedrin against norephedrine. The wording match is scoring the boilerplate these two share, not the word that says what the goods are.",0.9290,0.8750,3004.42.00.00,"Medi,cont pseudoephedrine/salts,therap/prophltc,in doses/frs,o/t No 30.02/05/06",2017-01,2026-06,0.9114,50,no official source reaches this boundary,,,,,,,none,none,no official source reaches 202606,,3004.49.00.10,"Medi,cont morphine/deriv t/o,nes,therap/prophltc,in doses/frs,o/t No 30.02/05/06",0.8302,no,same class,Non-narcotic vegetable alkaloids,"asserted, unsourced",,,,,,,yes,,,,yes,ephedrin,norephedrine,no,,,no,,,,100,56,3003.90.00.30,"Medicaments,cont acetaminophen,mix,therap/prophltc uses,nfrs,o/t No 30.02/05/06",0.8354
imports:3003.31.00.00:2026-03,205,DO NOT DECIDE - the record does not call this a retirement,"NOT A RETIREMENT, nothing to decide",not a retirement,"the delivery records no termination for this line and the number was never handed to different goods, so trade stopped without the classification ending. There is no transfer to trace and nothing here to answer.",imports,3003.31.00.00,"Medicaments,cont insulin,mixed,not in doses/forms/pack/frs,o/t No 30.02/05/06",2026-03,2797436.00,3003.41.00.00,"Medicaments,cont ephedrin/salts,mix,therap/prophltc uses,nfrs,o/t No 30.02/05/06",2017-06,2026-05,no,no,0,no,none,"the code proposed here stops trading 2 months after the one it would replace, so the two ended in the same restructuring and neither received the other's trade. Following the chain, the trade appears to end at 3003.90.00.30.",0.7134,0.5500,3003.90.00.30,"Medicaments,cont acetaminophen,mix,therap/prophltc uses,nfrs,o/t No 30.02/05/06",2012-01,2026-06,0.7051,5,no official source reaches this boundary,,,,,,,none,none,no official source reaches 202604,,3003.90.00.30,"Medicaments,cont acetaminophen,mix,therap/prophltc uses,nfrs,o/t No 30.02/05/06",0.7051,no,unknown,,,,,,,,,yes,"yes, within 2 months",3003.90.00.30,2,no,,,no,,,no,,,,104,104,3004.31.00.00,"Medicaments,cont insulin,in doses/forms/pack f retail sale,o/t No 30.02/05/06",0.8701
exports:3003.10.00:2026-05,206,DO NOT DECIDE - the record does not call this a retirement,"NOT A RETIREMENT, nothing to decide",not a retirement,"the delivery records no termination for this line and the number was never handed to different goods, so trade stopped without the classification ending. There is no transfer to trace and nothing here to answer.",exports,3003.10.00,"Medi,cont penicillins/deriv w penicillanic acid struct, streptomycins/deriv,nfrs",2026-05,2184328.00,3003.39.00,"Medi,cont horm/prostaglandins/thromboxanes/leukotrienes/deriv/analogues,nes,nfrs",1988-01,2026-06,no,no,0,no,none,"the subheading is gone and no wording is close, so the goods may have left Chapter 30 entirely",0.4277,0.3333,3003.49.00,"Medi,cont alkaloids/deriv t/o,nes,mix,f therap/prophltc,nfrs,o/t No 30.02/05/06",2018-05,2026-06,0.3418,2,no official source reaches this boundary,,,,,,,none,none,no official source reaches 202606,,,,,,a catch-all line that may cover it,,,,,,,,,yes,,,,no,,,no,,,no,,,,459,34,3004.10.00,"Medi,cont penicillins/deriv w penicillanic acid struct, streptomycins/deriv,frs",0.9936
imports:3003.60.00.00:2025-08,207,DO NOT DECIDE - the record does not call this a retirement,"NOT A RETIREMENT, nothing to decide",not a retirement,"the delivery records no termination for this line and the number was never handed to different goods, so trade stopped without the classification ending. There is no transfer to trace and nothing here to answer.",imports,3003.60.00.00,"Medicaments,cont antimalarial active principles,mixed,nfrs,o/t No 30.02/05/06",2025-08,786374.00,3003.20.00.00,"Medicaments,cont antibiotics,nes,mix,for therap/prophltc,nfrs,o/t No 30.02/05/06",1988-01,2026-06,no,no,0,no,approve,,0.7261,0.6471,3003.90.00.30,"Medicaments,cont acetaminophen,mix,therap/prophltc uses,nfrs,o/t No 30.02/05/06",2012-01,2026-06,0.6795,6,a tariff schedule was read and ruled nothing out,,,,,,,none,none,"the 2025 schedule holds every candidate, so it excludes none",,,,,,a catch-all line that may cover it,Antimalarials,"asserted, unsourced",,,,,,,yes,,,,no,,,no,,,no,,,,450,104,3004.60.00.00,"Medicaments,cont antimalarial active principles,in doses/frs,o/t No 30.02/05/06",0.9359
imports:3003.43.00.00:2025-06,208,DO NOT DECIDE - the record does not call this a retirement,"NOT A RETIREMENT, nothing to decide",not a retirement,"the delivery records no termination for this line and the number was never handed to different goods, so trade stopped without the classification ending. There is no transfer to trace and nothing here to answer.",imports,3003.43.00.00,"Medicaments,cont norephedrine/salts,mix,therap/prophltc,nfrs,o/t No 30.02/05/06",2025-06,21630.00,3003.41.00.00,"Medicaments,cont ephedrin/salts,mix,therap/prophltc uses,nfrs,o/t No 30.02/05/06",2017-06,2026-05,no,no,0,no,none,"SAME FRAME, DIFFERENT TERM: norephedrine against ephedrin use. The wording match is scoring the boilerplate these two share, not the word that says what the goods are.",0.9434,0.8235,3003.90.00.30,"Medicaments,cont acetaminophen,mix,therap/prophltc uses,nfrs,o/t No 30.02/05/06",2012-01,2026-06,0.8481,7,a tariff schedule was read and ruled nothing out,,,,,,,none,none,"the 2025 schedule holds every candidate, so it excludes none",,3003.49.00.00,"Medi,cont alkaloids/deriv t/o,nes,mix,f therap/prophltc,nfrs,o/t No 30.02/05/06",0.7722,no,same class,Vegetable alkaloids,"asserted, unsourced",,,,,,,yes,"yes, within 11 months",3003.90.00.30,2,yes,norephedrine,ephedrin use,no,,,no,,,,95,104,3004.41.00.00,"Medicaments,cont ephedrin/salts,therap/prophltc,in doses/frs,o/t No 30.02/05/06",0.8987
imports:3003.41.00.00:2026-05,209,DO NOT DECIDE - the record does not call this a retirement,"NOT A RETIREMENT, nothing to decide",not a retirement,"the delivery records no termination for this line and the number was never handed to different goods, so trade stopped without the classification ending. There is no transfer to trace and nothing here to answer.",imports,3003.41.00.00,"Medicaments,cont ephedrin/salts,mix,therap/prophltc uses,nfrs,o/t No 30.02/05/06",2026-05,14190.00,3003.90.00.30,"Medicaments,cont acetaminophen,mix,therap/prophltc uses,nfrs,o/t No 30.02/05/06",2012-01,2026-06,no,no,0,no,none,"SAME FRAME, DIFFERENT TERM: ephedrin salt against acetaminophen. The wording match is scoring the boilerplate these two share, not the word that says what the goods are.",0.8931,0.8235,3003.90.00.90,"Medicaments, nes,mix,therap/prophltc uses,not for retail sale,o/t No 30.02/05/06",2012-01,2026-06,0.8050,4,no official source reaches this boundary,,,,,,,none,none,no official source reaches 202606,,3003.90.00.90,"Medicaments, nes,mix,therap/prophltc uses,not for retail sale,o/t No 30.02/05/06",0.8050,no,unknown,Vegetable alkaloids,"asserted, unsourced",,,,,,,yes,,,,yes,ephedrin salt,acetaminophen,no,,,no,,,,171,102,3004.43.00.00,"Medi,cont norephedrine/salts,therap/prophltc,in doses/frs,o/t No 30.02/05/06",0.8590
imports:3002.20.00.90:2021-12,210,CONFIRM - the evidence supports this link,decide,4,two candidates are almost equally close,imports,3002.20.00.90,"Vaccines, nes, for human medicine",2021-12,11076237268.00,3002.41.00.10,"Vaccines, for against influenza virus, human medicine",2022-01,2026-06,yes,no,0,no,approve,,0.6585,0.5000,3002.41.00.90,"Vaccines, o/t for against influenza virus, human medicine, nes",2022-01,2026-06,0.6222,0,the WCO correlation narrowed this to one subheading,,,,,,,none,none,"the WCO 2017 to 2022 correlation sends this subheading to 300241, leaving 2 of 22 candidate(s)","THE OFFICIAL RECORD NARROWED THIS ROW: the WCO 2017 to 2022 correlation sends this subheading to 300241, leaving 2 of 22 candidate(s). The proposal rests on the correlation table and not on wording alone. The tables map six digits to six digits, so the record chose the SUBHEADING; the statistical line beneath it is still the analyst's.",,,,,unknown,,,,,,,,,yes,,,,no,,,yes,"against, influenza, virus",3002.20.00.10,no,,,,,93,3004.20.00.11,"Medicaments containing cephalosporins, for human use, in doses/packings frs",0.4423
exports:3002.20.00:2021-12,211,CONFIRM - the evidence supports this link,decide,6,"the wording and the meaning both match, please spot check",exports,3002.20.00,Vaccines for human medicine,2021-12,11112477974.00,3002.41.00,"Vaccines, for human medicine",2022-01,2026-06,yes,no,0,no,approve,,1.0000,1.0000,,,,,,0,the WCO correlation left one candidate,,,,,,,none,none,"the WCO 2017 to 2022 correlation sends this subheading to 300241, leaving 1 of 11 candidate(s)","THE OFFICIAL RECORD NARROWED THIS ROW: the WCO 2017 to 2022 correlation sends this subheading to 300241, leaving 1 of 11 candidate(s). The proposal rests on the correlation table and not on wording alone. The tables map six digits to six digits, so the record chose the SUBHEADING; the statistical line beneath it is still the analyst's.",,,,,unknown,,,,,,,,,yes,,,,no,,,no,,,no,,,,,34,3006.50.00,First-aid boxes and kits,0.3529
exports:3002.10.00:2016-12,212,ANALYST - a candidate is shown but NOT recommended,decide,1,"a list lost an item, or one code is the leftover case of the other",exports,3002.10.00,"Antisera, o blood fract, immunological prod,w/n mod/obt by biotechnological proc",2016-12,2305274480.00,3002.12.00,"Antisera & other blood fractions, w/n modified/obtained by biotechnological proc",2017-01,2026-06,yes,no,0,no,none,"SAME FRAME, DIFFERENT TERM: immunological mod prod against modified. The wording match is scoring the boilerplate these two share, not the word that says what the goods are.",0.7871,0.6364,3002.19.00,"Immunological products, nes, w/n modified/obtained by biotechnological processes",2017-01,2021-12,0.7051,4,the record bounds the answer to a short list,,,,,,,none,none,"bounded by the official record, action constrain",,3002.19.00,"Immunological products, nes, w/n modified/obtained by biotechnological processes",0.7051,no,unknown,,,,,,,,,yes,,,,yes,immunological mod prod,modified,no,,,no,,,,,37,3006.93.00,"Placebos,blinded or double blinded clinical trial kits, put up in measured doses",0.3312
imports:3002.19.00.00:2021-12,213,DO NOT DECIDE - waiting on a document,"HELD, do not decide yet",held,"a correlation table could answer this and none has been extracted yet, so deciding now risks being overruled by a document",imports,3002.19.00.00,"Immunological products, nes, w/n modified/obtained by biotechnological processes",2021-12,1629159701.00,3002.15.00.00,"Immunological products, put up in measured doses/forms/packings, for retail sale",2017-01,2026-06,no,no,0,no,none,"the subheading is gone and nothing left in the chapter shares the meaning, so the goods may have left Chapter 30 entirely",0.5000,0.1333,3002.14.00.00,"Immunological products,mixed,not put in measured doses/forms/packings f ret sale",2017-01,2026-06,0.4557,20,a tariff schedule was read and ruled nothing out,,,,,,,none,none,"the 2022 schedule holds every candidate, so it excludes none",,,,,,unknown,Immunological products,"asserted, unsourced",,,,,,,yes,,,,no,,,no,,,yes,3002.90.00.90,"antisera, cell, culture, etc, vaccines",18,58,93,3006.70.10.00,"Chem/biolog prep,incl kits cont ancill mat f med diag;f insemination anml semen",0.4204
exports:3004.40.00:2016-12,214,ANALYST - a candidate is shown but NOT recommended,decide,5,no candidate is close on wording,exports,3004.40.00,"Alkaloids or their derivs, not cntg antibiotics or hormones, in dosage",2016-12,1560656123.00,3004.49.00,"Medi,cont alkaloids/deriv t/o,nes,therap/prophltc,doses/frs,o/t No 30.02/05/06",2017-01,2026-06,yes,no,0,no,none,"the subheading is gone and no wording is close, so the goods may have left Chapter 30 entirely",0.3836,0.0455,3004.43.00,"Medi,cont norephedrine/salts,therap/prophltc,in doses/frs,o/t No 30.02/05/06",2017-03,2022-03,0.2917,2,the record bounds the answer to a short list,,,,,,,none,none,"bounded by the official record, action constrain",,,,,,a catch-all line that may cover it,,,,,,,,,yes,,,,no,,,no,,,no,,,,,38,3005.10.00,Dressings and other articles having an adhesive layer,0.3967
imports:3002.30.00.90:2021-12,215,CONFIRM - the evidence supports this link,decide,6,"the wording and the meaning both match, please spot check",imports,3002.30.00.90,"Vaccines, veterinary use, nes",2021-12,925135646.00,3002.42.00.90,"Vaccines, veterinary use, nes",2022-01,2026-06,yes,no,0,no,approve,,1.0000,1.0000,3002.42.00.10,Vaccines agnst foot and mth disse;vacc prepr for parentl admin;bovi intrnsl vacc,2022-01,2026-06,0.2991,0,the WCO correlation narrowed this to one subheading,,,,,,,none,none,"the WCO 2017 to 2022 correlation sends this subheading to 300242, leaving 2 of 22 candidate(s)","THE OFFICIAL RECORD NARROWED THIS ROW: the WCO 2017 to 2022 correlation sends this subheading to 300242, leaving 2 of 22 candidate(s). The proposal rests on the correlation table and not on wording alone. The tables map six digits to six digits, so the record chose the SUBHEADING; the statistical line beneath it is still the analyst's.",,,,,the same commodity under a new number,Veterinary vaccines,"asserted, unsourced",,,,,,,yes,,,,no,,,no,,,no,,,,,93,3004.50.00.90,"Medi,cont vitamins,for veterinary use,in doses/pack frs,o/t No 30.02/05/06,nes",0.4571
imports:3002.20.00.10:2021-12,216,ANALYST - a candidate is shown but NOT recommended,decide,1,"a list lost an item, or one code is the leftover case of the other",imports,3002.20.00.10,"Vaccines against influenza virus, for human use",2021-12,902421504.00,3002.41.00.10,"Vaccines, for against influenza virus, human medicine",2022-01,2026-06,yes,no,0,no,none,"SAME FRAME, DIFFERENT TERM: use against medicine. The wording match is scoring the boilerplate these two share, not the word that says what the goods are.",0.8247,0.7143,3002.41.00.90,"Vaccines, o/t for against influenza virus, human medicine, nes",2022-01,2026-06,0.7619,0,the WCO correlation narrowed this to one subheading,,,,,,,none,none,"the WCO 2017 to 2022 correlation sends this subheading to 300241, leaving 2 of 22 candidate(s)","THE OFFICIAL RECORD NARROWED THIS ROW: the WCO 2017 to 2022 correlation sends this subheading to 300241, leaving 2 of 22 candidate(s). The proposal rests on the correlation table and not on wording alone. The tables map six digits to six digits, so the record chose the SUBHEADING; the statistical line beneath it is still the analyst's.",,,,,unknown,,,,,,,,,yes,,,,yes,use,medicine,no,,,no,,,,,93,3006.91.00.00,Appliances identifiable for ostomy use,0.4524
imports:3002.30.00.10:2021-12,217,CONFIRM - the evidence supports this link,decide,2,the wording matches closely but the meaning does not,imports,3002.30.00.10,Vacc agnst foot and mth disse; vacc prepr for parentl admin; bovi intrnsl vacc,2021-12,803346426.00,3002.42.00.10,Vaccines agnst foot and mth disse;vacc prepr for parentl admin;bovi intrnsl vacc,2022-01,2026-06,yes,no,0,no,approve,,0.9744,0.9091,3002.42.00.90,"Vaccines, veterinary use, nes",2022-01,2026-06,0.2330,0,the WCO correlation narrowed this to one subheading,,,,,,,none,none,"the WCO 2017 to 2022 correlation sends this subheading to 300242, leaving 2 of 22 candidate(s)","THE OFFICIAL RECORD NARROWED THIS ROW: the WCO 2017 to 2022 correlation sends this subheading to 300242, leaving 2 of 22 candidate(s). The proposal rests on the correlation table and not on wording alone. The tables map six digits to six digits, so the record chose the SUBHEADING; the statistical line beneath it is still the analyst's.",,,,,unknown,,,,,,,,,yes,,,,no,,,no,,,no,,,,,93,3001.90.00.20,"Bone, organs & o human/animal tissue, living/preserved,for grafting/implantation",0.4342
imports:3006.20.00.90:2021-12,218,ANALYST - a candidate is shown but NOT recommended,decide,5,no candidate is close on wording,imports,3006.20.00.90,"Blood-grouping reagents, other than of animal origin, nes",2021-12,159377979.00,3006.30.00.10,"Opacifying, preparations for X-ray examinations",1998-01,2026-06,no,no,0,no,none,"the WCO correlation table for this revision sends the whole subheading OUT of Chapter 30, so no code in this chapter is its successor. The candidates below are shown because the answer still has to be recorded, not because any of them qualifies. Expected answer: reject, with the successor written `none`.",0.4554,0.0000,3006.40.00.90,"Other dental fillings, nes",1998-01,2026-06,0.4250,15,the WCO correlation sends this subheading OUT of Chapter 30,,,,,,,none,none,"the WCO 2017 to 2022 correlation sends this subheading to 382213, outside Chapter 30",,,,,,unknown,,,,,,,,,yes,,,,no,,,no,,,no,,,,286,98,3002.90.00.30,Dried blood of animal origin,0.5301
imports:3006.20.00.20:2021-12,219,ANALYST - a candidate is shown but NOT recommended,decide,5,no candidate is close on wording,imports,3006.20.00.20,"Blood-grouping reagents, of animal origin",2021-12,101885670.00,3006.30.00.10,"Opacifying, preparations for X-ray examinations",1998-01,2026-06,no,no,0,no,none,"the WCO correlation table for this revision sends the whole subheading OUT of Chapter 30, so no code in this chapter is its successor. The candidates below are shown because the answer still has to be recorded, not because any of them qualifies. Expected answer: reject, with the successor written `none`.",0.3953,0.0000,3006.93.90.00,"Placebos & blinded/double-blinded kits,for clinical trial,in measured doses, nes",2022-01,2026-06,0.3932,15,the WCO correlation sends this subheading OUT of Chapter 30,,,,,,,none,none,"the WCO 2017 to 2022 correlation sends this subheading to 382213, outside Chapter 30",,3006.93.90.00,"Placebos & blinded/double-blinded kits,for clinical trial,in measured doses, nes",0.3932,no,unknown,,,,,,,,,yes,,,,no,,,no,,,no,,,,286,98,3002.90.00.30,Dried blood of animal origin,0.6471
exports:3002.30.00:2021-12,220,CONFIRM - the evidence supports this link,decide,6,"the wording and the meaning both match, please spot check",exports,3002.30.00,"Vaccines, for veterinary medecine",2021-12,90821585.00,3002.42.00,"Vaccines, for veterinary medecine",2022-01,2026-06,yes,no,0,no,approve,,1.0000,1.0000,,,,,,0,the WCO correlation left one candidate,,,,,,,none,none,"the WCO 2017 to 2022 correlation sends this subheading to 300242, leaving 1 of 11 candidate(s)","THE OFFICIAL RECORD NARROWED THIS ROW: the WCO 2017 to 2022 correlation sends this subheading to 300242, leaving 1 of 11 candidate(s). The proposal rests on the correlation table and not on wording alone. The tables map six digits to six digits, so the record chose the SUBHEADING; the statistical line beneath it is still the analyst's.",,,,,the same commodity under a new number,Veterinary vaccines,"asserted, unsourced",,,,,,,yes,,,,no,,,no,,,no,,,,,34,3006.91.00,Appliances identifiable for ostomy use,0.3714
exports:3006.20.00:2021-12,221,ANALYST - a candidate is shown but NOT recommended,decide,5,no candidate is close on wording,exports,3006.20.00,Blood-grouping reagents,2021-12,72350467.00,3006.30.00,"Opacifying prep, x-ray; diagnostic reagents, designed for admin to patients",1988-01,2026-06,no,no,0,no,none,"the WCO correlation table for this revision sends the whole subheading OUT of Chapter 30, so no code in this chapter is its successor. The candidates below are shown because the answer still has to be recorded, not because any of them qualifies. Expected answer: reject, with the successor written `none`.",0.2947,0.0909,3006.93.00,"Placebos,blinded or double blinded clinical trial kits, put up in measured doses",2022-01,2026-06,0.2745,7,the WCO correlation sends this subheading OUT of Chapter 30,,,,,,,none,none,"the WCO 2017 to 2022 correlation sends this subheading to 382213, outside Chapter 30",,,,,,unknown,,,,,,,,,yes,,,,no,,,no,,,no,,,,406,36,3002.14.00,"Immunological products,mixed,not put in measured doses/forms/packings f ret sale",0.3107
exports:3002.19.00:2021-12,222,DO NOT DECIDE - waiting on a document,"HELD, do not decide yet",held,"a correlation table could answer this and none has been extracted yet, so deciding now risks being overruled by a document",exports,3002.19.00,"Immunological products, nes, w/n modified/obtained by biotechnological processes",2021-12,7464863.00,3002.12.00,"Antisera & other blood fractions, w/n modified/obtained by biotechnological proc",2017-01,2026-06,no,no,0,no,none,"the subheading is gone and nothing left in the chapter shares the meaning, so the goods may have left Chapter 30 entirely",0.7355,0.3636,3002.15.00,"Immunological products, put up in measured doses/forms/packings, for retail sale",2017-01,2026-06,0.5000,9,a tariff schedule was read and ruled nothing out,,,,,,,none,none,"the 2022 schedule holds every candidate, so it excludes none",,,,,,unknown,Immunological products,"asserted, unsourced",,,,,,,yes,,,,no,,,no,,,yes,3002.90.90,"antisera, cell, etc",10,58,34,3006.30.00,"Opacifying prep, x-ray; diagnostic reagents, designed for admin to patients",0.3333
imports:3001.10.00.90:2006-12,223,ANALYST - a candidate is shown but NOT recommended,decide,5,no candidate is close on wording,imports,3001.10.00.90,"Glands, nes, and other organs, dried, powdered or not, for therapeutic uses",2006-12,6809180.00,3001.90.00.90,"Heparin & its salts; human or animal substances for therap or prophltc uses, nes",1998-01,2026-06,no,no,0,no,none,"the subheading is gone and no wording is close. THE RECORD PLACES THIS INSIDE CHAPTER 30 and the departure hypothesis is withdrawn: the WCO 2002 to 2007 correlation sends this subheading to 300190, leaving 3 of 4 candidate(s). The proposal is still not recommended, because the wording is weak, and that is now the only reason.",0.3699,0.1538,3001.90.00.20,"Bone, organs & o human/animal tissue, living/preserved,for grafting/implantation",1998-01,2026-06,0.3151,1,the WCO correlation narrowed this to one subheading,,,,,,,none,none,"the WCO 2002 to 2007 correlation sends this subheading to 300190, leaving 3 of 4 candidate(s)","THE OFFICIAL RECORD NARROWED THIS ROW: the WCO 2002 to 2007 correlation sends this subheading to 300190, leaving 3 of 4 candidate(s). The proposal rests on the correlation table and not on wording alone. The tables map six digits to six digits, so the record chose the SUBHEADING; the statistical line beneath it is still the analyst's.",,,,,unknown,,,,,,,,,yes,,,,no,,,no,,,no,,,,106,224,3002.10.00.30,"Antisera and other blood fractions, of human origin, for other uses",0.5926
exports:3006.80.00:2006-12,224,CONFIRM - the evidence supports this link,decide,6,"the wording and the meaning both match, please spot check",exports,3006.80.00,Waste pharmaceuticals,2006-12,4595187.00,3006.92.00,"Waste pharmaceuticals, nes",2007-03,2026-06,no,no,2,no,approve,,0.9130,1.0000,,,,,,0,the WCO correlation left one candidate,,,,,,,none,none,"the WCO 2002 to 2007 correlation sends this subheading to 300692, leaving 1 of 10 candidate(s)","THE OFFICIAL RECORD NARROWED THIS ROW: the WCO 2002 to 2007 correlation sends this subheading to 300692, leaving 1 of 10 candidate(s). The proposal rests on the correlation table and not on wording alone. The tables map six digits to six digits, so the record chose the SUBHEADING; the statistical line beneath it is still the analyst's.",,,,,a catch-all line that may cover it,,,,,,,,,yes,,,,no,,,no,,,no,,,,,48,3002.20.00,Vaccines for human medicine,0.3750
imports:3001.10.00.10:2006-12,225,ANALYST - a candidate is shown but NOT recommended,decide,5,no candidate is close on wording,imports,3001.10.00.10,"Animal glands, dried, powdered or not, for therapeutic uses",2006-12,4534592.00,3001.90.00.90,"Heparin & its salts; human or animal substances for therap or prophltc uses, nes",1998-01,2026-06,no,no,0,no,none,"the subheading is gone and no wording is close. THE RECORD PLACES THIS INSIDE CHAPTER 30 and the departure hypothesis is withdrawn: the WCO 2002 to 2007 correlation sends this subheading to 300190, leaving 3 of 4 candidate(s). The proposal is still not recommended, because the wording is weak, and that is now the only reason.",0.4242,0.2500,3001.90.00.20,"Bone, organs & o human/animal tissue, living/preserved,for grafting/implantation",1998-01,2026-06,0.3333,1,the WCO correlation narrowed this to one subheading,,,,,,,none,none,"the WCO 2002 to 2007 correlation sends this subheading to 300190, leaving 3 of 4 candidate(s)","THE OFFICIAL RECORD NARROWED THIS ROW: the WCO 2002 to 2007 correlation sends this subheading to 300190, leaving 3 of 4 candidate(s). The proposal rests on the correlation table and not on wording alone. The tables map six digits to six digits, so the record chose the SUBHEADING; the statistical line beneath it is still the analyst's.",,,,,a catch-all line that may cover it,,,,,,,,,yes,,,,no,,,no,,,no,,,,106,224,3006.30.00.90,"Diagnostic reagents, designed to be administered to the patient, nes",0.5082
imports:3002.11.00.00:2021-12,226,ANALYST - a candidate is shown but NOT recommended,decide,5,no candidate is close on wording,imports,3002.11.00.00,Malaria diagnostic test kits,2021-12,3361952.00,3002.12.00.29,"Animal antisera and other animal blood fractions, nes",2017-01,2026-06,no,no,0,no,none,"the WCO correlation table for this revision sends the whole subheading OUT of Chapter 30, so no code in this chapter is its successor. The candidates below are shown because the answer still has to be recorded, not because any of them qualifies. Expected answer: reject, with the successor written `none`.",0.4000,0.0000,3002.12.00.11,"Human antisera and other human blood fractions, for diagnostic use",2017-01,2026-06,0.3871,18,the WCO correlation sends this subheading OUT of Chapter 30,3002.12.00.12,"Human blood plasma, for therapeutic/prophylactic/other uses",2017-01,2026-06,0.3256,purpose,3002.12.00.12 (purpose); 3002.12.00.13 (purpose),none,"the WCO 2017 to 2022 correlation sends this subheading to 382211, outside Chapter 30",,,,,,a catch-all line that may cover it,Diagnostic reagents,"asserted, unsourced",,,,,,,yes,,,,no,,,no,,,yes,3002.90.00.90,"antisera, cell, culture, etc, vaccines",4,58,93,3006.50.00.00,First-aid boxes and kits,0.4615
imports:3006.80.90.60:2006-12,227,ANALYST - a candidate is shown but NOT recommended,decide,6,"the wording and the meaning both match, please spot check",imports,3006.80.90.60,Waste pharmaceuticals of the goods of heading 30.06,2006-12,259506.00,3006.92.00.00,"Waste pharmaceuticals, nes",2007-01,2026-06,yes,yes,0,no,none,"the subheading is gone and nothing left in the chapter shares the meaning. THE RECORD PLACES THIS INSIDE CHAPTER 30 and the departure hypothesis is withdrawn: the WCO 2002 to 2007 correlation sends this subheading to 300692, leaving 1 of 27 candidate(s). The proposal is still not recommended, because the wording is weak, and that is now the only reason.",0.6316,0.3333,,,,,,0,the WCO correlation left one candidate,,,,,,,none,none,"the WCO 2002 to 2007 correlation sends this subheading to 300692, leaving 1 of 27 candidate(s)","THE OFFICIAL RECORD NARROWED THIS ROW: the WCO 2002 to 2007 correlation sends this subheading to 300692, leaving 1 of 27 candidate(s). The proposal rests on the correlation table and not on wording alone. The tables map six digits to six digits, so the record chose the SUBHEADING; the statistical line beneath it is still the analyst's.",,,,,a catch-all line that may cover it,,,,,,,,,yes,,,,no,,,no,,,no,,,,,201,3004.10.00.20,"Streptomycins or their derivatives, for human use, in dosage",0.4587
imports:3006.80.11.00:2006-12,228,ANALYST - a candidate is shown but NOT recommended,decide,5,no candidate is close on wording,imports,3006.80.11.00,"Waste pharm,chem/biolog prep,incl kit w ancill mat f med diag;f insem anml semen",2006-12,177848.00,3006.92.00.00,"Waste pharmaceuticals, nes",2007-01,2026-06,yes,no,0,no,none,"the subheading is gone and no wording is close. THE RECORD PLACES THIS INSIDE CHAPTER 30 and the departure hypothesis is withdrawn: the WCO 2002 to 2007 correlation sends this subheading to 300692, leaving 1 of 27 candidate(s). The proposal is still not recommended, because the wording is weak, and that is now the only reason.",0.2667,0.0667,,,,,,0,the WCO correlation left one candidate,,,,,,,none,none,"the WCO 2002 to 2007 correlation sends this subheading to 300692, leaving 1 of 27 candidate(s)","THE OFFICIAL RECORD NARROWED THIS ROW: the WCO 2002 to 2007 correlation sends this subheading to 300692, leaving 1 of 27 candidate(s). The proposal rests on the correlation table and not on wording alone. The tables map six digits to six digits, so the record chose the SUBHEADING; the statistical line beneath it is still the analyst's.",,,,,a catch-all line that may cover it,,,,,,,,,yes,,,,no,,,no,,,no,,,,,201,3002.15.00.00,"Immunological products, put up in measured doses/forms/packings, for retail sale",0.4051
imports:3006.80.19.00:2006-12,229,ANALYST - a candidate is shown but NOT recommended,decide,5,no candidate is close on wording,imports,3006.80.19.00,"Waste of gel prep f human/vet med as lub f pts of body f oper/examin,etc,nes",2006-12,168927.00,3006.92.00.00,"Waste pharmaceuticals, nes",2007-01,2026-06,yes,no,0,no,none,"the subheading is gone and no wording is close. THE RECORD PLACES THIS INSIDE CHAPTER 30 and the departure hypothesis is withdrawn: the WCO 2002 to 2007 correlation sends this subheading to 300692, leaving 1 of 27 candidate(s). The proposal is still not recommended, because the wording is weak, and that is now the only reason.",0.3564,0.0714,,,,,,0,the WCO correlation left one candidate,,,,,,,none,none,"the WCO 2002 to 2007 correlation sends this subheading to 300692, leaving 1 of 27 candidate(s)","THE OFFICIAL RECORD NARROWED THIS ROW: the WCO 2002 to 2007 correlation sends this subheading to 300692, leaving 1 of 27 candidate(s). The proposal rests on the correlation table and not on wording alone. The tables map six digits to six digits, so the record chose the SUBHEADING; the statistical line beneath it is still the analyst's.",,,,,unknown,,,,,,,,,yes,,,,no,,,no,,,no,,,,,201,3004.39.00.19,"Medi,cont horm/prod No 29.37,f human use,doses/pack frs,o/t No 30.02/05/06,nes",0.4545
imports:3006.80.90.50:2006-12,230,ANALYST - a candidate is shown but NOT recommended,decide,6,"the wording and the meaning both match, please spot check",imports,3006.80.90.50,Waste pharmaceuticals of the goods of heading 30.05,2006-12,8220.00,3006.92.00.00,"Waste pharmaceuticals, nes",2007-01,2026-06,yes,yes,0,no,none,"the subheading is gone and nothing left in the chapter shares the meaning. THE RECORD PLACES THIS INSIDE CHAPTER 30 and the departure hypothesis is withdrawn: the WCO 2002 to 2007 correlation sends this subheading to 300692, leaving 1 of 27 candidate(s). The proposal is still not recommended, because the wording is weak, and that is now the only reason.",0.6316,0.3333,,,,,,0,the WCO correlation left one candidate,,,,,,,none,none,"the WCO 2002 to 2007 correlation sends this subheading to 300692, leaving 1 of 27 candidate(s)","THE OFFICIAL RECORD NARROWED THIS ROW: the WCO 2002 to 2007 correlation sends this subheading to 300692, leaving 1 of 27 candidate(s). The proposal rests on the correlation table and not on wording alone. The tables map six digits to six digits, so the record chose the SUBHEADING; the statistical line beneath it is still the analyst's.",,,,,its own leftover line,Waste pharmaceuticals,"asserted, unsourced",,,,,,,yes,,,,no,,,no,,,no,,,,,201,3004.10.00.20,"Streptomycins or their derivatives, for human use, in dosage",0.4587
imports:3004.50.99.30:1989-12,231,ANALYST - a candidate is shown but NOT recommended,decide,3,the closest wording was ruled out on meaning,imports,3004.50.99.30,"Vitamins & their derivs,nes,for vet use, in dosage",1989-12,1124520.00,3004.50.99.50,"Vitamins & their derivs, nes, for vet use, in dosage",1990-01,1997-12,yes,no,0,no,none,"a different code, 3004.50.00.50, carries this description word for word from 1998-01, 96 month(s) after this one stopped. Either that is the renumbering or the proposal is, and the wording cannot separate them.",1.0000,1.0000,3004.50.10.00,"Mx of amino acids & vitamins,& mx of amino acids, protein hydrolysates & vit,etc",1988-01,1997-12,0.3333,0,no official source reaches this boundary,3004.50.00.70,"Vitamins & their derivs, nes, for vet use, in dosage",1998-01,2011-12,1.0000,continuity,3004.50.00.70 (continuity); 3004.50.00.61 (continuity;use); 3004.50.99.41 (use); 3004.50.00.32 (continuity;use); 3004.50.99.12 (use); 3004.50.00.31 (continuity;use); 3004.50.99.11 (use); 3004.50.00.69 (continuity;use); 3004.50.99.49 (use); 3004.50.00.39 (continuity;use); 3004.50.99.19 (use); 3004.50.00.19 (continuity;use); 3004.50.00.50 (continuity;use); 3004.50.00.20 (continuity;use); 3004.50.91.00 (use); 3004.50.00.40 (continuity;use); 3004.50.99.20 (use); 3004.50.00.13 (continuity;use); 3004.50.00.90 (continuity); 3004.50.00.14 (continuity;use); 3004.50.00.12 (continuity;use); 3004.50.00.10 (continuity); 3004.50.00.11 (continuity),none,no official source reaches 199001,,,,,,its own leftover line,Vitamins,"asserted, unsourced",,,,3004.50.00.50,1998-01,96,yes,yes,3004.50.00.70,2,no,,,no,,,no,,,,,354,3004.90.00.34,"Antihistamines agents, for human use, in dosage",0.6847
exports:3003.31.00:1993-04,232,CONFIRM - the evidence supports this link,decide,4,two candidates are almost equally close,exports,3003.31.00,"Insulin, formulated, in bulk",1993-04,745761.00,3003.90.00,"Medicaments nes, formulated, in bulk",1988-01,2026-06,no,no,0,no,approve,,0.7667,0.5000,3003.20.00,"Antibiotics nes, formulated, in bulk",1988-01,2026-06,0.7333,3,no official source reaches this boundary,3003.49.00,"Medi,cont alkaloids/deriv t/o,nes,mix,f therap/prophltc,nfrs,o/t No 30.02/05/06",2018-05,2026-06,0.2476,continuity,3003.49.00 (continuity); 3003.41.00 (continuity); 3003.42.00 (continuity); 3003.60.00 (continuity),none,no official source reaches 199305,,,,,,a catch-all line that may cover it,,,,,,,,,yes,,,,no,,,no,,,no,,,,62,53,3004.41.00,"Medicaments,cont ephedrin/salts,therap/prophltc,in doses/frs,o/t No 30.02/05/06",0.7179
