link_id,retiring_code,span_index,flow,last_period,total_value_cad,retiring_description,successor,successor_description,successor_first_traded,successor_last_traded,outcome,authority,basis,detail,decided_by,decided_on,reason,overrode_a_hold
imports:3001.10.00.10:2006-12,3001.10.00.10,1,imports,200612,4534592.00,"Animal glands, dried, powdered or not, for therapeutic uses",3001.90.00.90,"Heparin & its salts; human or animal substances for therap or prophltc uses, nes",200201,202606,succeeded,analyst,approve,the analyst accepted the proposal,analysts,2026-08-14,"ACCEPT 3001.90.00.90, 2026-08-14. The WCO 2002-to-2007 table maps 3001.10 to 3001.90 and to nothing else. Animal glands, dried and powdered, are not heparin and not living or preserved tissue for grafting, which are the only other lines the delivery holds under 3001.90, so the goods fall to its leftover line. Reached by elimination rather than by wording, and decided together with row 223.",no
imports:3001.10.00.90:2006-12,3001.10.00.90,1,imports,200612,6809180.00,"Glands, nes, and other organs, dried, powdered or not, for therapeutic uses",3001.90.00.90,"Heparin & its salts; human or animal substances for therap or prophltc uses, nes",200201,202606,succeeded,analyst,approve,the analyst accepted the proposal,analysts,2026-08-14,"ACCEPT 3001.90.00.90, 2026-08-14. The WCO 2002-to-2007 table maps 3001.10 to 3001.90 and to nothing else, with the remark 'Deletion of subheading 3001.10 because of the low volume of trade'. Under 3001.90 the delivery holds three lines and only .90 carries a residual marker, in both of its published wordings; .10 is heparin and .20 is living or preserved tissue for grafting. This is the residual going to the residual, and it is the import side of the ruling made on row 177.",no
imports:3001.90.10.00:1997-12,3001.90.10.00,1,imports,199712,23789116.00,Heparin and its salts,3001.90.00.10,Heparin and its salts,199801,202606,succeeded,analyst,approve,the analyst accepted the proposal,analysts,2026-08-12,,no
imports:3001.90.20.00:1997-12,3001.90.20.00,1,imports,199712,26959462.00,"Bone, organs & o human/animal tissue, living/preserved,for grafting/implantation",3001.90.00.20,"Bone, organs & o human/animal tissue, living/preserved,for grafting/implantation",199801,202606,succeeded,analyst,approve,the analyst accepted the proposal,analysts,2026-08-12,,no
imports:3001.90.90.00:1997-12,3001.90.90.00,1,imports,199712,2825176.00,"Other human or animal subs prepared for therapeutic or prophylactic uses, nes",3001.90.00.90,"Other human or animal subs prepared for therapeutic or prophylactic uses, nes",199801,200112,succeeded,analyst,approve,the analyst accepted the proposal,analysts,2026-08-12,,no
imports:3002.10.00.10:2016-12,3002.10.00.10,1,imports,201612,3166447761.00,"Antisera & o blood fractions, human origin, for diagnostic use",3002.12.00.11,"Human antisera and other human blood fractions, for diagnostic use",201701,202606,succeeded,official_record,decided,"named outright by Canada's ten-digit concordance, 2016 to 2017",,,,no
imports:3002.10.00.21:2016-12,3002.10.00.21,1,imports,201612,1761536873.00,"Blood plasma, for therapeutic or prophylactic use in humans",3002.12.00.12,"Human blood plasma, for therapeutic/prophylactic/other uses",201701,202606,succeeded,official_record,decided,"named outright by Canada's ten-digit concordance, 2016 to 2017",,,,no
imports:3002.10.00.22:2016-12,3002.10.00.22,1,imports,201612,2414301.00,"Normal serum globulin, for therapeutic or prophylactic use in humans",3002.12.00.19,"Human antisera and other human blood fractions, nes",201701,202606,succeeded,official_record,decided,"named outright by Canada's ten-digit concordance, 2016 to 2017",,,,no
imports:3002.10.00.23:2016-12,3002.10.00.23,1,imports,201612,1415737704.00,"Immune serum globulin, for therapeutic or prophylactic use in humans",3002.12.00.13,"Human immune globulin, for therapeutic/prophylactic/other uses",201701,202606,succeeded,official_record,decided,"named outright by Canada's ten-digit concordance, 2016 to 2017",,,,no
imports:3002.10.00.29:2016-12,3002.10.00.29,1,imports,201612,5754885877.00,"Antisera & o blood fract, human orig, therapeutic/prophylactic use in humans,nes",3002.12.00.19,"Human antisera and other human blood fractions, nes",201701,202606,succeeded,official_record,decided,"named outright by Canada's ten-digit concordance, 2016 to 2017",,,,no
imports:3002.10.00.30:2016-12,3002.10.00.30,1,imports,201612,1100455460.00,"Antisera and other blood fractions, of human origin, for other uses",3002.12.00.19,"Human antisera and other human blood fractions, nes",201701,202606,succeeded,analyst,approve,the analyst accepted the proposal,analysts,2026-08-12,,no
imports:3002.10.00.41:2016-12,3002.10.00.41,1,imports,201612,27309966.00,"Bovine albumin, for parenteral administration in humans",3002.12.00.21,"Animal antisera and other animal blood fractions, for use in humans",201701,202606,succeeded,official_record,decided,"named outright by Canada's ten-digit concordance, 2016 to 2017",,,,no
imports:3002.10.00.42:2016-12,3002.10.00.42,1,imports,201612,70394543.00,"Sera and antisera, of animal origin, for parenteral administration in humans",3002.12.00.21,"Animal antisera and other animal blood fractions, for use in humans",201701,202606,succeeded,official_record,decided,"named outright by Canada's ten-digit concordance, 2016 to 2017",,,,no
imports:3002.10.00.49:2016-12,3002.10.00.49,1,imports,201612,135621054.00,"Blood albumin, nes, of animal origin, for parenteral administration in humans",3002.12.00.21,"Animal antisera and other animal blood fractions, for use in humans",201701,202606,succeeded,official_record,decided,"named outright by Canada's ten-digit concordance, 2016 to 2017",,,,no
imports:3002.10.00.51:2016-12,3002.10.00.51,1,imports,201612,565555590.00,"Blood fractions, nes, for use in humans",3002.12.00.21,"Animal antisera and other animal blood fractions, for use in humans",201701,202606,succeeded,official_record,decided,"named outright by Canada's ten-digit concordance, 2016 to 2017",,,,no
imports:3002.10.00.59:2016-12,3002.10.00.59,1,imports,201612,1723388665.00,"Blood fractions, nes",3002.12.00.29,"Animal antisera and other animal blood fractions, nes",201701,202606,succeeded,official_record,decided,"named outright by Canada's ten-digit concordance, 2016 to 2017",,,,no
imports:3002.10.00.60:2011-12,3002.10.00.60,1,imports,201112,1580200084.00,Modified immunological products,3002.10.00.90,"Antisera,o blood fract,immunological prod,w/n mod/obt biotechnological proc,nes",201201,201612,succeeded,official_record,decided,"named outright by Canada's ten-digit concordance, 2011 to 2012",,,,no
imports:3002.10.00.90:2016-12,3002.10.00.90,1,imports,201612,7588057599.00,"Antisera,o blood fract,immunological prod,w/n mod/obt biotechnological proc,nes",3002.19.00.00,"Immunological products, nes, w/n modified/obtained by biotechnological processes",201701,202112,succeeded,analyst,approve,the analyst accepted the proposal,analysts,2026-08-12,,no
imports:3002.10.10.10:1997-12,3002.10.10.10,1,imports,199712,101722161.00,"Antisera & o blood fractions, human origin, for diagnostic use",3002.10.00.10,"Antisera & o blood fractions, human origin, for diagnostic use",199801,201612,succeeded,analyst,approve,the analyst accepted the proposal,analysts,2026-08-12,,no
imports:3002.10.10.21:1997-12,3002.10.10.21,1,imports,199712,80754016.00,"Blood plasma, for therapeutic or prophylactic use in humans",3002.10.00.21,"Blood plasma, for therapeutic or prophylactic use in humans",199801,201612,succeeded,analyst,approve,the analyst accepted the proposal,analysts,2026-08-12,,no
imports:3002.10.10.22:1997-12,3002.10.10.22,1,imports,199712,19609749.00,"Normal serum globulin, for therapeutic or prophylactic use in humans",3002.10.00.22,"Normal serum globulin, for therapeutic or prophylactic use in humans",199801,201612,succeeded,analyst,approve,the analyst accepted the proposal,analysts,2026-08-12,,no
imports:3002.10.10.23:1997-12,3002.10.10.23,1,imports,199712,24552889.00,"Immune serum globulin, for therapeutic or prophylactic use in humans",3002.10.00.23,"Immune serum globulin, for therapeutic or prophylactic use in humans",199801,201612,succeeded,analyst,approve,the analyst accepted the proposal,analysts,2026-08-12,,no
imports:3002.10.10.29:1997-12,3002.10.10.29,1,imports,199712,377806210.00,"Antisera & o blood fract, human orig, therapeutic/prophylactic use in humans,nes",3002.10.00.29,"Antisera & o blood fract, human orig, therapeutic/prophylactic use in humans,nes",199801,201612,succeeded,analyst,approve,the analyst accepted the proposal,analysts,2026-08-12,,no
imports:3002.10.10.90:1997-12,3002.10.10.90,1,imports,199712,70111731.00,"Antisera & o blood fractions, of human origin, for other uses",3002.10.00.30,"Antisera & o blood fractions, of human origin, for other uses",199801,200112,succeeded,analyst,approve,the analyst accepted the proposal,analysts,2026-08-12,,no
imports:3002.10.21.10:1997-12,3002.10.21.10,1,imports,199712,27900542.00,"Bovine albumin, for parenteral administration in humans",3002.10.00.41,"Bovine albumin, for parenteral administration in humans",199801,201612,succeeded,analyst,approve,the analyst accepted the proposal,analysts,2026-08-12,,no
imports:3002.10.21.20:1997-12,3002.10.21.20,1,imports,199712,34907173.00,"Sera and antisera, of animal origin, for parenteral administration in humans",3002.10.00.42,"Sera and antisera, of animal origin, for parenteral administration in humans",199801,201612,succeeded,analyst,approve,the analyst accepted the proposal,analysts,2026-08-12,,no
imports:3002.10.21.90:1997-12,3002.10.21.90,1,imports,199712,40116460.00,"Blood albumin nes, of animal origin, for parenteral administration in humans",3002.10.00.49,"Blood albumin nes, of animal origin, for parenteral administration in humans",199801,200112,succeeded,analyst,approve,the analyst accepted the proposal,analysts,2026-08-12,,no
imports:3002.10.29.10:1997-12,3002.10.29.10,1,imports,199712,955745.00,"Blood fractions, nes, for use in humans",3002.10.00.51,"Blood fractions, nes, for use in humans",199801,201612,succeeded,analyst,approve,the analyst accepted the proposal,analysts,2026-08-12,,no
imports:3002.10.29.20:1991-04,3002.10.29.20,1,imports,199104,77143.00,"Blood fractions, nes, for use in animals",3002.10.29.90,"Blood fractions, nes",198801,199712,succeeded,analyst,approve,the analyst accepted the proposal,analysts,2026-08-12,,no
imports:3002.10.29.90:1997-12,3002.10.29.90,1,imports,199712,26422139.00,"Blood fractions, nes",3002.10.00.59,"Blood fractions, nes",199801,201612,succeeded,analyst,approve,the analyst accepted the proposal,analysts,2026-08-12,,no
imports:3002.11.00.00:2021-12,3002.11.00.00,1,imports,202112,3361952.00,Malaria diagnostic test kits,,,,,left_chapter,analyst,reject_none,the analyst rejected the proposal and recorded no successor in this chapter,analysts,2026-08-14,"NONE, on the official record, 2026-08-14. The WCO 2017-to-2022 correlation table maps 3002.11 to 3822.11 and to nothing else, under the new exclusion Note 1 (ij) to Chapter 30. The malaria diagnostic kits left the chapter, so no code here succeeds them. This is the import side of the ruling already made on row 73.",no
imports:3002.19.00.00:2021-12,3002.19.00.00,1,imports,202112,1629159701.00,"Immunological products, nes, w/n modified/obtained by biotechnological processes",3002.90.00.90,"Human blood;animal blood therap/diag,etc;antisera,etc;vaccines,etc;cell cult,nes",202201,202606,succeeded,analyst,reject_named,the analyst rejected the proposal and named 3002.90.00.90 instead,analysts,2026-08-15,"REJECT, successor 3002.90.00.90, 2026-08-15. THIS REVERSES THE UNRESOLVED RULING OF 2026-08-14, which held the proposal wrong and the right answer not determinable. Every fact in that ruling still holds and none of it is withdrawn: the WCO 2017-to-2022 correlation addresses 3002.19 only to say the subheading 'was considered by the HS Committee to be empty and it was therefore deleted', read at the source on both of the document's independently typeset tables, and that premise is false for Canada, which imported CAD 1,629,159,701 under it. What changed is that the tariff schedules were read. In the 2021 schedule the 3002.1 group holds 3002.11, .12, .13, .14, .15 and .19 'Other'. In the 2022 schedule it holds .12, .13, .14 and .15 and NO residual at all. Under HS2022 heading 30.02 runs 3002.1 immunological products, 3002.4 vaccines, toxins and cultures, 3002.5 cell cultures, and 3002.90 'Other', which is the heading's own leftover. An immunological product that is not unmixed, not mixed and not in measured doses therefore has no line left in 3002.1x and falls to the heading residual, not to 3002.49, which is the leftover of the vaccines and toxins family. In the same month 3002.90.00.90's published wording was restated to name antisera, vaccines and cell cultures. This is the same move as rows 223 and 229, where a leftover line retires and its goods fall to the next broader leftover. Rows 210, 177 and 225 were cited here until 2026-08-18 and are NOT the same move: row 210 goes from one named vaccine line to another, and rows 177 and 225 are the glands event that row 223 already covers. Measured across the whole delivery the move occurs 10 times and carries $17,745,790,534. The tariff schedules or the WCO correlation specify or constrain the destination in six of them, which is what establishes it as a rule rather than a choice made here. Two more carry identical wording and decide themselves. This row and its export twin, row 222, are the only two where the record excludes nothing AND the wording is distant, and together they carry $1,636,154,203. THE TRADE DOES NOT CORROBORATE THIS AND IT IS NOT CLAIMED TO: 3002.19 was running at CAD 8,365,928 a month over its final two years, 3002.90.00.90 gained CAD 13,232,553 a month, and about CAD 7,933,230 of that gain is the shortfall left by toxins and cultures departing 3002.90 for 3002.49. The residue is the right order of magnitude, but 3002.15 grew CAD 75,230,388 a month across the same boundary and would hide the whole of it. The structure decides this row; the money cannot.",yes
imports:3002.20.00.10:2021-12,3002.20.00.10,1,imports,202112,902421504.00,"Vaccines against influenza virus, for human use",3002.41.00.10,"Vaccines, for against influenza virus, human medicine",202201,202606,succeeded,analyst,approve,the analyst accepted the proposal,analysts,2026-08-14,"ACCEPT 3002.41.00.10 on the official record, 2026-08-14. The WCO 2017-to-2022 table maps 3002.20 to 3002.41, and Canada carried the influenza carve-out across: 3002.20.00.10 named influenza and 3002.41.00.10 names influenza. The same link was reviewed individually and approved on 2026-08-05 in the signed v1 record.",no
imports:3002.20.00.20:2011-12,3002.20.00.20,1,imports,201112,5568753.00,"Vaccines against rubella (german measles), for human use",3002.20.00.90,"Vaccines, nes, for human medicine",198801,202112,succeeded,official_record,decided,"named outright by Canada's ten-digit concordance, 2011 to 2012",,,,no
imports:3002.20.00.30:2011-11,3002.20.00.30,1,imports,201111,9012275.00,"Vaccines against rabies, for human use",3002.20.00.90,"Vaccines, nes, for human medicine",198801,202112,succeeded,official_record,decided,"named outright by Canada's ten-digit concordance, 2011 to 2012",,,,no
imports:3002.20.00.90:2021-12,3002.20.00.90,1,imports,202112,11076237268.00,"Vaccines, nes, for human medicine",3002.41.00.90,"Vaccines, o/t for against influenza virus, human medicine, nes",202201,202606,succeeded,analyst,reject_named,the analyst rejected the proposal and named 3002.41.00.90 instead,analysts,2026-08-14,"REJECT, successor 3002.41.00.90, 2026-08-14. The retiring line is the residual of 3002.20 and it lived alongside 3002.20.00.10 'Vaccines against influenza virus' from 1988-02 to 2021-12, so it was defined as the human vaccines that are NOT influenza. Canada carried the same carve-out into the new subheading and spelled it out: 3002.41.00.90 reads 'Vaccines, o/t for against influenza virus, human medicine, nes'. Sending the residual to the influenza line would move goods defined as not-influenza into influenza. The identical link was rejected at first review in the signed v1 record. The proposal outscored the residual by 0.0363 of wording, which says nothing about what the goods are.",no
imports:3002.30.00.10:2021-12,3002.30.00.10,1,imports,202112,803346426.00,Vacc agnst foot and mth disse; vacc prepr for parentl admin; bovi intrnsl vacc,3002.42.00.10,Vaccines agnst foot and mth disse;vacc prepr for parentl admin;bovi intrnsl vacc,202201,202606,succeeded,analyst,approve,the analyst accepted the proposal,analysts,2026-08-14,"ACCEPT 3002.42.00.10 on the official record, 2026-08-14. The WCO 2017-to-2022 table maps 3002.30 to 3002.42, and Canada carried the split across unchanged, so the foot and mouth line goes to the foot and mouth line. The score of 0.9744 is the published abbreviation of Vaccines and nothing else.",no
imports:3002.30.00.90:2021-12,3002.30.00.90,1,imports,202112,925135646.00,"Vaccines, veterinary use, nes",3002.42.00.90,"Vaccines, veterinary use, nes",202201,202606,succeeded,analyst,approve,the analyst accepted the proposal,analysts,2026-08-14,"ACCEPT 3002.42.00.90 on the official record, 2026-08-14. The WCO 2017-to-2022 table maps 3002.30 to 3002.42. Canada carried the statistical split across unchanged, so the veterinary leftover line goes to the veterinary leftover line. The two descriptions are word for word the same, 1.0000.",no
imports:3002.30.10.00:1997-12,3002.30.10.00,1,imports,199712,33376350.00,Vacc agnst foot and mth disse; vacc prepr for parentl admin; bovi intrnsl vacc,3002.30.00.10,Vacc agnst foot and mth disse; vacc prepr for parentl admin; bovi intrnsl vacc,199801,202112,succeeded,analyst,approve,the analyst accepted the proposal,analysts,2026-08-12,,no
imports:3002.30.90.00:1997-12,3002.30.90.00,1,imports,199712,29624986.00,"Vaccines, veterinary use, nes",3002.30.00.90,"Vaccines, veterinary use, nes",199801,202112,succeeded,analyst,approve,the analyst accepted the proposal,analysts,2026-08-12,,no
imports:3002.31.00.00:1995-07,3002.31.00.00,1,imports,199507,671805.00,"Vaccines against foot or mouth disease, veterinary use",3002.30.90.00,"Vaccines, veterinary use, nes",199601,199712,succeeded,analyst,approve,the analyst accepted the proposal,analysts,2026-08-12,,no
imports:3002.39.10.00:1995-12,3002.39.10.00,1,imports,199512,74686051.00,"Vaccines nes, prepared for parenteral admin in animal; bovine intranasal vaccine",3002.30.10.00,Vacc agnst foot and mth disse; vacc prepr for parentl admin; bovi intrnsl vacc,199601,199712,succeeded,analyst,approve,the analyst accepted the proposal,analysts,2026-08-12,,no
imports:3002.39.90.00:1995-12,3002.39.90.00,1,imports,199512,71013102.00,"Vaccines, veterinary use, nes",3002.30.90.00,"Vaccines, veterinary use, nes",199601,199712,succeeded,analyst,approve,the analyst accepted the proposal,analysts,2026-08-12,,no
imports:3002.90.00.10:2021-12,3002.90.00.10,1,imports,202112,825580243.00,"Toxins, toxoids, antitoxins, viruses, bacteriophage and bacterial lysates",3002.49.00.20,Toxins and similar products,202201,202606,succeeded,analyst,reject_named,the analyst rejected the proposal and named 3002.49.00.20 instead,analysts,2026-08-18,"HS2022 split this line. Five of its six terms kept their wording in 3002.90.00.20, which is why text ranks that line first at 0.9466, but it carries CAD 9 to 18 million a year against this line's 159 to 175 million. Toxins moved to 3002.49.00.20, which runs at 189 million in 2023, 223 million in 2024 and 269 million in 2025 and so continues the series. 2022 is a transition year in which the residual 3002.90.00.90 absorbed both dying lines, 274.9 million lost against 268.3 million gained, so no single year settles this. No official source reaches this boundary. Decided on the trade series. Also corrects Ricin and Saxitoxin, which terminated at a toxoid line.",no
imports:3002.90.00.11:2016-09,3002.90.00.11,1,imports,201609,74680.00,Ricin,3002.90.00.10,"Toxins, toxoids, antitoxins, viruses, bacteriophage and bacterial lysates",201701,202112,succeeded,official_record,decided,"named outright by Canada's ten-digit concordance, 2016 to 2017",,,,no
imports:3002.90.00.12:2016-10,3002.90.00.12,1,imports,201610,578.00,Saxitoxin,3002.90.00.10,"Toxins, toxoids, antitoxins, viruses, bacteriophage and bacterial lysates",201701,202112,succeeded,official_record,decided,"named outright by Canada's ten-digit concordance, 2016 to 2017",,,,no
imports:3002.90.00.19:2016-12,3002.90.00.19,1,imports,201612,836383694.00,"Toxins, toxoids, antitoxins, viruses, bacteriophage and bacterial lysates, nes",3002.90.00.10,"Toxins, toxoids, antitoxins, viruses, bacteriophage and bacterial lysates",201701,202112,succeeded,official_record,decided,"named outright by Canada's ten-digit concordance, 2016 to 2017",,,,no
imports:3002.90.00.20:2016-12,3002.90.00.20,1,imports,201612,17636239.00,Butter-making ferment cultures,3002.90.00.90,"Human blood;animal blood for therap/prophltc/diagnostic uses;toxins,sim prod,nes",201701,202112,succeeded,official_record,decided,"named outright by Canada's ten-digit concordance, 2016 to 2017",,,,no
imports:3002.90.00.50:2021-12,3002.90.00.50,1,imports,202112,257772832.00,Micro-organisms cultures,3002.49.00.10,"Cultures, of micro-organisms (excluding yeasts) and similar products",202201,202606,succeeded,analyst,approve,the analyst accepted the proposal,analysts,2026-08-18,"3002.49.00.10 Cultures, of micro-organisms (excluding yeasts) and similar products is the HS2022 successor. It was not a candidate until the carve-out rung was added, finding 122: subheading 300290 survived the boundary so the ladder never widened and the receiving line sat among 110 codes never considered. Wording 0.4719 against 0.2885 for the residual it had been given, and the trade series continues: 25.8, 66.1 and 99.5 million before, 42.5, 51.5, 48.2 and 90.0 million after.",no
imports:3002.90.00.91:2016-12,3002.90.00.91,1,imports,201612,155366436.00,"Bacteria culture inoculants, for seeds",3002.90.00.90,"Human blood;animal blood for therap/prophltc/diagnostic uses;toxins,sim prod,nes",201701,202112,succeeded,official_record,decided,"named outright by Canada's ten-digit concordance, 2016 to 2017",,,,no
imports:3002.90.00.92:2016-12,3002.90.00.92,1,imports,201612,15524973.00,Whole human blood,3002.90.00.40,Whole human blood,201701,202606,succeeded,official_record,decided,"named outright by Canada's ten-digit concordance, 2016 to 2017",,,,no
imports:3002.90.00.93:2016-12,3002.90.00.93,1,imports,201612,1530127.00,Antiallergenic preparations of microbial origin,3002.90.00.90,"Human blood;animal blood for therap/prophltc/diagnostic uses;toxins,sim prod,nes",201701,202112,succeeded,official_record,decided,"named outright by Canada's ten-digit concordance, 2016 to 2017",,,,no
imports:3002.90.00.99:2016-12,3002.90.00.99,1,imports,201612,685125802.00,"Human blood;anml blood therap/prophltc/diag uses;toxins,micro-organisms cult,nes",3002.90.00.90,"Human blood;animal blood for therap/prophltc/diagnostic uses;toxins,sim prod,nes",201701,202112,succeeded,analyst,approve,the analyst accepted the proposal,analysts,2026-08-12,,no
imports:3002.90.10.10:1996-12,3002.90.10.10,1,imports,199612,17090674.00,"Toxins, toxoids, antitoxins, viruses, bacteriophage and bacterial lysates",3002.90.00.19,"Toxins, toxoids, antitoxins, viruses, bacteriophage and bacterial lysates, nes",199801,201612,succeeded,analyst,approve,the analyst accepted the proposal,analysts,2026-08-11,,no
imports:3002.90.10.11:1997-12,3002.90.10.11,1,imports,199712,33472.00,Ricin,3002.90.00.11,Ricin,199801,201609,succeeded,analyst,approve,the analyst accepted the proposal,analysts,2026-08-12,,no
imports:3002.90.10.19:1997-12,3002.90.10.19,1,imports,199712,6387863.00,"Toxins, toxoids, antitoxins, viruses, bacteriophage and bacterial lysates, nes",3002.90.00.19,"Toxins, toxoids, antitoxins, viruses, bacteriophage and bacterial lysates, nes",199801,201612,succeeded,analyst,approve,the analyst accepted the proposal,analysts,2026-08-12,,no
imports:3002.90.10.20:1997-12,3002.90.10.20,1,imports,199712,17995840.00,Ferment cultures,3002.90.00.20,Butter-making ferment cultures,199801,201612,succeeded,analyst,approve,the analyst accepted the proposal,analysts,2026-08-12,,no
imports:3002.90.10.30:1997-12,3002.90.10.30,1,imports,199712,5096986.00,Dried blood of human origin,3002.90.00.99,"Human blood, animal blood for therap, prophltc or diag uses, microbial prep, nes",199801,201112,succeeded,analyst,reject_named,the analyst rejected the proposal and named 3002.90.00.99 instead,analysts,2026-08-12,"There is no dried human blood line in the receiving block, so the goods fall to its leftover. The closest wording, 3002.90.00.30 Dried blood of animal origin at 0.8727, was removed by the origin rule and is correctly gone. The nearest human line is 3002.90.00.92 Whole human blood, and dried blood is not whole blood. That leaves 3002.90.00.99 Other, candidate 5 at 0.3107 with no veto. 3002.90.00.90 carries the same meaning but a continuity veto, so the era-correct residual is the one named. The proposal, Antiallergenic preparations of microbial origin at 0.4595, is a different family and sits below the review threshold.",no
imports:3002.90.10.40:1997-12,3002.90.10.40,1,imports,199712,2070092.00,Dried blood of animal origin,3002.90.00.30,Dried blood of animal origin,199802,202606,succeeded,analyst,approve,the analyst accepted the proposal,analysts,2026-08-12,,no
imports:3002.90.90.10:1997-12,3002.90.90.10,1,imports,199712,30779871.00,Bacteria culture inoculants for seeds,3002.90.00.91,Bacteria culture inoculants for seeds,199801,200112,succeeded,analyst,approve,the analyst accepted the proposal,analysts,2026-08-12,,no
imports:3002.90.90.20:1997-06,3002.90.90.20,1,imports,199706,1607419.00,Whole human blood,3002.90.00.92,Whole human blood,199801,201612,succeeded,analyst,approve,the analyst accepted the proposal,analysts,2026-08-12,,no
imports:3002.90.90.30:1997-09,3002.90.90.30,1,imports,199709,96578.00,Antiallergenic preparations of microbial origin,3002.90.00.93,Antiallergenic preparations of microbial origin,199802,201612,succeeded,analyst,approve,the analyst accepted the proposal,analysts,2026-08-12,,no
imports:3002.90.90.90:1997-12,3002.90.90.90,1,imports,199712,69506433.00,"Human blood, animal blood for therap, prophltc or diag uses, microbial prep, nes",3002.90.00.99,"Human blood, animal blood for therap, prophltc or diag uses, microbial prep, nes",199801,201112,succeeded,analyst,approve,the analyst accepted the proposal,analysts,2026-08-12,,no
imports:3003.31.00.00:2026-03,3003.31.00.00,1,imports,202603,2797436.00,"Medicaments,cont insulin,mixed,not in doses/forms/pack/frs,o/t No 30.02/05/06",,,,,not_a_retirement,delivery,no_termination_declared,"the delivery declares no termination for this line and the number was never reused, so trade ceased without the classification ending",,,,no
imports:3003.31.00.10:2011-08,3003.31.00.10,1,imports,201108,77748.00,"Insulin, prepared for parenteral administration in humans, in bulk",3003.31.00.00,"Medicaments,cont insulin,mixed,not in doses/forms/pack/frs,o/t No 30.02/05/06",201201,202603,succeeded,official_record,decided,"named outright by Canada's ten-digit concordance, 2011 to 2012",,,,no
imports:3003.31.00.90:2011-12,3003.31.00.90,1,imports,201112,5331921.00,"Insulin, formulated, in bulk, nes",3003.31.00.00,"Medicaments,cont insulin,mixed,not in doses/forms/pack/frs,o/t No 30.02/05/06",201201,202603,succeeded,official_record,decided,"named outright by Canada's ten-digit concordance, 2011 to 2012",,,,no
imports:3003.31.10.00:1997-10,3003.31.10.00,1,imports,199710,4350765.00,"Insulin, prepared for parenteral administration in humans, in bulk",3003.31.00.10,"Insulin, prepared for parenteral administration in humans, in bulk",199802,201108,succeeded,analyst,approve,the analyst accepted the proposal,analysts,2026-08-12,,no
imports:3003.31.91.00:1990-05,3003.31.91.00,1,imports,199005,129843.00,"Insulin, cont more than 23% of absolute ethyl alcohol by volume, in bulk",3003.31.99.00,"Insulin, formulated, in bulk, nes",198801,199712,succeeded,analyst,approve,the analyst accepted the proposal,analysts,2026-08-12,,no
imports:3003.31.99.00:1997-12,3003.31.99.00,1,imports,199712,3974845.00,"Insulin, formulated, in bulk, nes",3003.31.00.90,"Insulin, formulated, in bulk, nes",199801,201112,succeeded,analyst,approve,the analyst accepted the proposal,analysts,2026-08-12,,no
imports:3003.39.00.10:2011-12,3003.39.00.10,1,imports,201112,4162382.00,"Epinephrine and its solutions, prepared for parenteral admin in humans, in bulk",3003.39.00.00,"Medi,cont horm/prostaglandins/thromboxanes/leukotrienes/deriv/analogues,nes,nfrs",201201,202606,succeeded,official_record,decided,"named outright by Canada's ten-digit concordance, 2011 to 2012",,,,no
imports:3003.39.00.90:2011-12,3003.39.00.90,1,imports,201112,151533683.00,"Hormones, nes, not containing antibiotics, in bulk, o/t contraceptives",3003.39.00.00,"Medi,cont horm/prostaglandins/thromboxanes/leukotrienes/deriv/analogues,nes,nfrs",201201,202606,succeeded,official_record,decided,"named outright by Canada's ten-digit concordance, 2011 to 2012",,,,no
imports:3003.39.10.00:1997-12,3003.39.10.00,1,imports,199712,724092.00,"Epinephrine & its solutions, prepared for parenteral admin in humans, in bulk",3003.39.00.10,"Epinephrine & its solutions, prepared for parenteral admin in humans, in bulk",199801,200110,succeeded,analyst,approve,the analyst accepted the proposal,analysts,2026-08-12,,no
imports:3003.39.91.00:1997-07,3003.39.91.00,1,imports,199707,10184.00,"Hormones, containing more than 23% of absolute ethyl alcohol by volume, in bulk",3003.39.00.90,"Hormones, nes, not containing antibiotics, in bulk, o/t contraceptives",199801,201112,succeeded,analyst,approve,the analyst accepted the proposal,analysts,2026-08-12,,no
imports:3003.39.99.00:1997-12,3003.39.99.00,1,imports,199712,41099945.00,"Hormones, nes, not cont antibiotics, in bulk, o/t contraceptives",3003.39.00.90,"Hormones, nes, not containing antibiotics, in bulk, o/t contraceptives",199801,201112,succeeded,analyst,approve,the analyst accepted the proposal,analysts,2026-08-12,,no
imports:3003.40.00.00:2016-12,3003.40.00.00,1,imports,201612,112415829.00,"Alkaloids or their derivs, formulated, not cont antibiotics/hormones, in bulk",3003.49.00.00,"Medi,cont alkaloids/deriv t/o,nes,mix,f therap/prophltc,nfrs,o/t No 30.02/05/06",201701,202606,succeeded,analyst,approve,the analyst accepted the proposal,analysts,2026-08-12,,no
imports:3003.40.10.00:1993-08,3003.40.10.00,1,imports,199308,12838.00,"Alkaloids or their derivs, cont more than 23% of absol ethyl alc by vol, in bulk",3003.40.90.00,"Alkaloids or their derivs, formltd, not cont antibiotics or horm, in bulk, nes",198802,199712,succeeded,analyst,approve,the analyst accepted the proposal,analysts,2026-08-12,,no
imports:3003.40.90.00:1997-12,3003.40.90.00,1,imports,199712,3954586.00,"Alkaloids or their derivs, formltd, not cont antibiotics or horm, in bulk, nes",3003.40.00.00,"Alkaloids or their derivs, formulated, not cont antibiotics/hormones, in bulk",199801,201612,succeeded,analyst,approve,the analyst accepted the proposal,analysts,2026-08-11,,no
imports:3003.41.00.00:2026-05,3003.41.00.00,1,imports,202605,14190.00,"Medicaments,cont ephedrin/salts,mix,therap/prophltc uses,nfrs,o/t No 30.02/05/06",,,,,not_a_retirement,delivery,no_termination_declared,"the delivery declares no termination for this line and the number was never reused, so trade ceased without the classification ending",,,,no
imports:3003.42.00.00:2024-01,3003.42.00.00,1,imports,202401,193.00,"Medicaments,cont pseudoephedrine/sa,mix,therap/prophltc,nfrs,o/t No 30.02/05/06",,,,,not_a_retirement,delivery,no_termination_declared,"the delivery declares no termination for this line and the number was never reused, so trade ceased without the classification ending",analysts,2026-08-13,"The line was not withdrawn, so there is no successor to name. 3003.42.00.00 stands in Canada's published tariff across all nine vintages from 2017 to 2025, continuously, and carries no stated_termination, while 3003.40 in the same heading was withdrawn after 2016. What stopped in 2024-01 is the import flow, and it was never more than a trickle: CAD 193 in total across 4 months, being 73 in 2022, 99 in 2023 and 21 in 2024. The proposal is the ephedrine line. Pseudoephedrine is a diastereomer of ephedrine and the tariff places them in the same one-dash group, which is why the wording matches at 0.9057, but the two subheadings exist to separate them and pseudoephedrine medicaments cannot be entered under 3003.41. Same class is the cause of the match, not evidence of succession. The subheading-residual rule does not reach this row either: 3003.41 sits inside 3003.42's own group, and tested against Canada's concordances a rule preferring the residual over a sibling contradicts the official record in 14 of 16 cases.",no
imports:3003.43.00.00:2025-06,3003.43.00.00,1,imports,202506,21630.00,"Medicaments,cont norephedrine/salts,mix,therap/prophltc,nfrs,o/t No 30.02/05/06",,,,,not_a_retirement,delivery,no_termination_declared,"the delivery declares no termination for this line and the number was never reused, so trade ceased without the classification ending",,,,no
imports:3003.60.00.00:2025-08,3003.60.00.00,1,imports,202508,786374.00,"Medicaments,cont antimalarial active principles,mixed,nfrs,o/t No 30.02/05/06",,,,,not_a_retirement,delivery,no_termination_declared,"the delivery declares no termination for this line and the number was never reused, so trade ceased without the classification ending",,,,no
imports:3003.90.00.10:2011-12,3003.90.00.10,1,imports,201112,8239452.00,"Fractioned soya oil emulsions, prepr for parenteral admin; mx of amino acids,etc",3003.90.00.90,"Other medicaments, formulated, in bulk, nes",201201,201612,succeeded,official_record,decided,"named outright by Canada's ten-digit concordance, 2011 to 2012",,,,no
imports:3003.90.00.20:2011-12,3003.90.00.20,1,imports,201112,1506308.00,"Medicaments, nes, cont more than 23% of absolute ethyl alcohol by volume,in bulk",3003.90.00.90,"Other medicaments, formulated, in bulk, nes",201201,201612,succeeded,official_record,decided,"named outright by Canada's ten-digit concordance, 2011 to 2012",,,,no
imports:3003.90.00.91:2011-12,3003.90.00.91,1,imports,201112,71952532.00,"Medicaments containing acetaminophen, in bulk",3003.90.00.30,"Medicaments containing acetaminophen, in bulk",201201,201612,succeeded,official_record,decided,"named outright by Canada's ten-digit concordance, 2011 to 2012",,,,no
imports:3003.90.00.99:2011-12,3003.90.00.99,1,imports,201112,1694115004.00,"Medicaments, nes, formulated, in bulk",3003.90.00.90,"Other medicaments, formulated, in bulk, nes",201201,201612,succeeded,official_record,decided,"named outright by Canada's ten-digit concordance, 2011 to 2012",,,,no
imports:3003.90.10.00:1997-12,3003.90.10.00,1,imports,199712,11827021.00,"Fractioned soya oil emulsions, prepr for parenteral admin; mx of amino acids,etc",3003.90.00.10,"Fractioned soya oil emulsions, prepr for parenteral admin; mx of amino acids,etc",199801,201112,succeeded,analyst,approve,the analyst accepted the proposal,analysts,2026-08-12,,no
imports:3003.90.91.00:1997-12,3003.90.91.00,1,imports,199712,621683.00,"Medicaments, nes, cont more than 23% of absolute ethyl alcohol by volume,in bulk",3003.90.00.20,"Medicaments, nes, cont more than 23% of absolute ethyl alcohol by volume,in bulk",199801,201112,succeeded,analyst,approve,the analyst accepted the proposal,analysts,2026-08-12,,no
imports:3003.90.99.00:1994-12,3003.90.99.00,1,imports,199412,158198908.00,"Medicaments, nes, formulated, in bulk",3003.90.99.90,"Medicaments nes, formulated, in bulk",199501,199712,succeeded,analyst,approve,the analyst accepted the proposal,analysts,2026-08-12,,no
imports:3003.90.99.10:1997-12,3003.90.99.10,1,imports,199712,10818930.00,"Medicaments containing acetaminophen, in bulk",3003.90.00.91,"Medicaments containing acetaminophen, in bulk",199801,201112,succeeded,analyst,approve,the analyst accepted the proposal,analysts,2026-08-12,,no
imports:3003.90.99.90:1997-12,3003.90.99.90,1,imports,199712,229173341.00,"Medicaments nes, formulated, in bulk",3003.90.00.99,"Medicaments nes, formulated, in bulk",199801,200112,succeeded,analyst,approve,the analyst accepted the proposal,analysts,2026-08-12,,no
imports:3004.10.00.11:2011-12,3004.10.00.11,1,imports,201112,9924685.00,"Penicillin G sodium, for human use, in dosage",3004.10.00.10,"Medicaments,cont penicillins/their derivatives, for human use, in doses/pack frs",201201,202606,succeeded,official_record,decided,"named outright by Canada's ten-digit concordance, 2011 to 2012",,,,no
imports:3004.10.00.12:2011-11,3004.10.00.12,1,imports,201111,700053.00,"Penicillin V, for human use, in dosage",3004.10.00.10,"Medicaments,cont penicillins/their derivatives, for human use, in doses/pack frs",201201,202606,succeeded,official_record,decided,"named outright by Canada's ten-digit concordance, 2011 to 2012",,,,no
imports:3004.10.00.13:2011-12,3004.10.00.13,1,imports,201112,23568551.00,"Amoxycillin, for human use, in dosage",3004.10.00.10,"Medicaments,cont penicillins/their derivatives, for human use, in doses/pack frs",201201,202606,succeeded,official_record,decided,"named outright by Canada's ten-digit concordance, 2011 to 2012",,,,no
imports:3004.10.00.14:1991-12,3004.10.00.14,1,imports,199112,9591808.00,"Amoxycillin for human use, in dosage",3004.10.00.13,"Amoxycillin for human use, in dosage",199201,200111,succeeded,analyst,approve,the analyst accepted the proposal,analysts,2026-08-12,,no
imports:3004.10.00.19:2011-12,3004.10.00.19,1,imports,201112,488231929.00,"Penicillins or their derivatives, nes, for human use, in dosage",3004.10.00.10,"Medicaments,cont penicillins/their derivatives, for human use, in doses/pack frs",201201,202606,succeeded,official_record,decided,"named outright by Canada's ten-digit concordance, 2011 to 2012",,,,no
imports:3004.10.00.20:2011-12,3004.10.00.20,1,imports,201112,20420808.00,"Streptomycins or their derivatives, for human use, in dosage",3004.10.00.10,"Medicaments,cont penicillins/their derivatives, for human use, in doses/pack frs",201201,202606,succeeded,official_record,decided,"named outright by Canada's ten-digit concordance, 2011 to 2012",,,,no
imports:3004.10.00.31:2011-12,3004.10.00.31,1,imports,201112,95284642.00,"Penicillins or their derivatives, for veterinary use, in dosage",3004.10.00.90,"Medi cont penicillins/streptomycins/deriv,f veterinary use,in doses/pack frs,nes",201201,202606,succeeded,official_record,decided,"named outright by Canada's ten-digit concordance, 2011 to 2012",,,,no
imports:3004.10.00.32:2011-12,3004.10.00.32,1,imports,201112,50412716.00,"Streptomycins or their derivatives, for veterinary use, in dosage",3004.10.00.90,"Medi cont penicillins/streptomycins/deriv,f veterinary use,in doses/pack frs,nes",201201,202606,succeeded,official_record,decided,"named outright by Canada's ten-digit concordance, 2011 to 2012",,,,no
imports:3004.20.00.10:2011-12,3004.20.00.10,1,imports,201112,47992503.00,"Tetracyclines or their derivatives, for human use, in dosage",3004.20.00.19,"Medi,cont antibiotics,hum,therap/prophltc,doses/pack frs,o/t No 30.02/05/06,nes",201201,202606,succeeded,official_record,decided,"named outright by Canada's ten-digit concordance, 2011 to 2012",,,,no
imports:3004.20.00.20:2011-12,3004.20.00.20,1,imports,201112,952412146.00,"Cephalosporins, for human use, in dosage",3004.20.00.11,"Medicaments containing cephalosporins, for human use, in doses/packings frs",201201,202606,succeeded,official_record,decided,"named outright by Canada's ten-digit concordance, 2011 to 2012",,,,no
imports:3004.20.00.31:2011-12,3004.20.00.31,1,imports,201112,217132160.00,"Erythromycin, for human use, in dosage",3004.20.00.13,"Medicaments containing erythromycin, for human use,in doses/pack for retail sale",201201,202606,succeeded,official_record,decided,"named outright by Canada's ten-digit concordance, 2011 to 2012",,,,no
imports:3004.20.00.39:2011-12,3004.20.00.39,1,imports,201112,363544547.00,"Macrolide antibiotics, nes, for human use, in dosage",3004.20.00.18,"Medicaments containing macrolide,o/t erythromycin,f human use,doses/pack frs,nes",201201,202606,succeeded,official_record,decided,"named outright by Canada's ten-digit concordance, 2011 to 2012",,,,no
imports:3004.20.00.41:2011-12,3004.20.00.41,1,imports,201112,23415016.00,"Gentamycins, for human use, in dosage",3004.20.00.19,"Medi,cont antibiotics,hum,therap/prophltc,doses/pack frs,o/t No 30.02/05/06,nes",201201,202606,succeeded,official_record,decided,"named outright by Canada's ten-digit concordance, 2011 to 2012",,,,no
imports:3004.20.00.42:1990-07,3004.20.00.42,1,imports,199007,4757.00,"Kanamycins, for human use, in dosage",3004.20.00.49,"Aminoglycoside antibiotics, nes, for human use, in dosage",198801,201112,succeeded,analyst,second,the analyst preferred the second alternative to the proposal,analysts,2026-08-12,,no
imports:3004.20.00.49:2011-12,3004.20.00.49,1,imports,201112,86823169.00,"Aminoglycoside antibiotics, nes, for human use, in dosage",3004.20.00.19,"Medi,cont antibiotics,hum,therap/prophltc,doses/pack frs,o/t No 30.02/05/06,nes",201201,202606,succeeded,official_record,decided,"named outright by Canada's ten-digit concordance, 2011 to 2012",,,,no
imports:3004.20.00.51:2011-12,3004.20.00.51,1,imports,201112,11061879.00,"Bacitracin, for human use, in dosage",3004.20.00.19,"Medi,cont antibiotics,hum,therap/prophltc,doses/pack frs,o/t No 30.02/05/06,nes",201201,202606,succeeded,official_record,decided,"named outright by Canada's ten-digit concordance, 2011 to 2012",,,,no
imports:3004.20.00.52:1996-11,3004.20.00.52,1,imports,199611,1094147.00,"Polymyxins, for human use, in dosage",3004.20.00.69,"Antibiotics, nes, for human use, in dosage",198801,201112,succeeded,analyst,second,the analyst preferred the second alternative to the proposal,analysts,2026-08-12,,no
imports:3004.20.00.59:2011-12,3004.20.00.59,1,imports,201112,214979963.00,"Polypeptides antibiotics, nes, for human use, in dosage",3004.20.00.19,"Medi,cont antibiotics,hum,therap/prophltc,doses/pack frs,o/t No 30.02/05/06,nes",201201,202606,succeeded,official_record,decided,"named outright by Canada's ten-digit concordance, 2011 to 2012",,,,no
imports:3004.20.00.61:2011-10,3004.20.00.61,1,imports,201110,2971734.00,"Chloramphenicol, for human use, in dosage",3004.20.00.19,"Medi,cont antibiotics,hum,therap/prophltc,doses/pack frs,o/t No 30.02/05/06,nes",201201,202606,succeeded,official_record,decided,"named outright by Canada's ten-digit concordance, 2011 to 2012",,,,no
imports:3004.20.00.62:2011-10,3004.20.00.62,1,imports,201110,11650860.00,"Mitomycin C, for human use, in dosage",3004.20.00.19,"Medi,cont antibiotics,hum,therap/prophltc,doses/pack frs,o/t No 30.02/05/06,nes",201201,202606,succeeded,official_record,decided,"named outright by Canada's ten-digit concordance, 2011 to 2012",,,,no
imports:3004.20.00.63:2011-12,3004.20.00.63,1,imports,201112,142830549.00,"Vancomycin, for human use, in dosage",3004.20.00.12,"Medicaments containing vancomycin, for human use, in doses/pack for retail sale",201201,202606,succeeded,official_record,decided,"named outright by Canada's ten-digit concordance, 2011 to 2012",,,,no
imports:3004.20.00.64:1991-12,3004.20.00.64,1,imports,199112,510594.00,"Lincomycin, for human use, in dosage",3004.20.00.69,"Antibiotics, nes, for human use, in dosage",198801,201112,succeeded,analyst,second,the analyst preferred the second alternative to the proposal,analysts,2026-08-12,,no
imports:3004.20.00.65:1989-04,3004.20.00.65,1,imports,198904,128029.00,"Lincomycin, for human use, in dosage",3004.20.00.64,"Rifamycins, for human use, in dosage",198801,199106,succeeded,analyst,approve,the analyst accepted the proposal,analysts,2026-08-16,"ACCEPT 3004.20.00.64, 2026-08-16. THIS REPLACES THE `second` RULING OF 2026-08-12, which was taken against a different proposal and is not withdrawn lightly. That ruling preferred the second alternative over 3004.20.00.63; correcting the era a candidate is read in withdrew that alternative and put 3004.20.00.64 in the proposal's place. 3004.20.00.64 carries this line's own wording word for word, 'Lincomycin, for human use, in dosage'. The earlier evidence hid it: the candidate was scored against a life that had already closed by the month the record ends this classification, which is finding 106 and the same class as M4, M6 and the 2026-08-11 concordance defect. Nothing about the goods changed. What changed is that the sheet now shows the wording the score was computed on, and on that wording the proposal is an exact match.",no
imports:3004.20.00.66:1991-01,3004.20.00.66,1,imports,199101,185394.00,"Spectinomycin, for human use, in dosage",3004.20.00.69,"Antibiotics, nes, for human use, in dosage",198801,201112,succeeded,analyst,second,the analyst preferred the second alternative to the proposal,analysts,2026-08-12,,no
imports:3004.20.00.69:2011-12,3004.20.00.69,1,imports,201112,2133828374.00,"Antibiotics, nes, for human use, in dosage",3004.20.00.19,"Medi,cont antibiotics,hum,therap/prophltc,doses/pack frs,o/t No 30.02/05/06,nes",201201,202606,succeeded,official_record,decided,"named outright by Canada's ten-digit concordance, 2011 to 2012",,,,no
imports:3004.20.00.70:1988-12,3004.20.00.70,1,imports,198812,4291483.00,"Antibiotics, nes, for vet use, in dosage",3004.20.00.79,"Antibiotics, nes, for vet use, in dosage",198901,200112,succeeded,analyst,approve,the analyst accepted the proposal,analysts,2026-08-12,,no
imports:3004.20.00.71:2011-12,3004.20.00.71,1,imports,201112,347629609.00,"Ivermectin, for veterinary use, in dosage",3004.20.00.80,"Medicaments,cont ivermectin,for veterinary use,doses/pack frs,o/t No 30.02/05/06",201201,202606,succeeded,official_record,decided,"named outright by Canada's ten-digit concordance, 2011 to 2012",,,,no
imports:3004.20.00.79:2011-12,3004.20.00.79,1,imports,201112,741387848.00,"Antibiotics, nes, for veterinary use, in dosage",3004.20.00.90,"Medi,cont antibiotics,for veterinary use,doses/pack frs,o/t No 30.02/05/06,nes",201201,202606,succeeded,official_record,decided,"named outright by Canada's ten-digit concordance, 2011 to 2012",,,,no
imports:3004.31.00.10:2011-12,3004.31.00.10,1,imports,201112,1770683777.00,"Insulin, w/n mixed w zinc,globin or protamine, prepr for parentl admin,in dosage",3004.31.00.00,"Medicaments,cont insulin,in doses/forms/pack f retail sale,o/t No 30.02/05/06",201201,202606,succeeded,official_record,decided,"named outright by Canada's ten-digit concordance, 2011 to 2012",,,,no
imports:3004.31.00.90:2011-12,3004.31.00.90,1,imports,201112,7272310.00,"Insulin, nes, for human use, in dosage",3004.31.00.00,"Medicaments,cont insulin,in doses/forms/pack f retail sale,o/t No 30.02/05/06",201201,202606,succeeded,official_record,decided,"named outright by Canada's ten-digit concordance, 2011 to 2012",,,,no
imports:3004.31.10.00:1997-12,3004.31.10.00,1,imports,199712,266955474.00,"Insulin, w/n mixed w zinc, globin or protamine, prepr for parentl admin, in dos",3004.31.00.10,"Insulin, w/n mixed w zinc, globin or protamine, prepr for parentl admin, in dos",199801,200112,succeeded,analyst,approve,the analyst accepted the proposal,analysts,2026-08-12,,no
imports:3004.31.99.00:1997-12,3004.31.99.00,1,imports,199712,1727839.00,"Insulin, nes, for human use, in dosage",3004.31.00.90,"Insulin, nes, for human use, in dosage",199801,201112,succeeded,analyst,approve,the analyst accepted the proposal,analysts,2026-08-12,,no
imports:3004.32.00.10:2001-12,3004.32.00.10,1,imports,200112,929148.00,"Adrenal cortical horm, cont more than 23% of abs ethyl alc by vol, in dosage",3004.32.00.19,"Medicaments containing corticosteroid hormones, for human use, nes",200201,201112,succeeded,analyst,second,the analyst preferred the second alternative to the proposal,analysts,2026-08-12,,no
imports:3004.32.00.11:2011-12,3004.32.00.11,1,imports,201112,30740274.00,"Hydrocortisone, for human use, in dosage",3004.32.00.00,"Medi,cont corticosteroid horm/deriv/struct ana,in doses/frs,o/t No 30.02/05/06",201201,202606,succeeded,official_record,decided,"named outright by Canada's ten-digit concordance, 2011 to 2012",,,,no
imports:3004.32.00.19:2011-12,3004.32.00.19,1,imports,201112,578742262.00,"Medicaments containing corticosteroid hormones, for human use, nes",3004.32.00.00,"Medi,cont corticosteroid horm/deriv/struct ana,in doses/frs,o/t No 30.02/05/06",201201,202606,succeeded,official_record,decided,"named outright by Canada's ten-digit concordance, 2011 to 2012",,,,no
imports:3004.32.00.20:2011-12,3004.32.00.20,1,imports,201112,13895452.00,"Corticosteriod hormones, for veterinary use, in dosage",3004.32.00.00,"Medi,cont corticosteroid horm/deriv/struct ana,in doses/frs,o/t No 30.02/05/06",201201,202606,succeeded,official_record,decided,"named outright by Canada's ten-digit concordance, 2011 to 2012",,,,no
imports:3004.32.00.81:2001-12,3004.32.00.81,1,imports,200112,10422499.00,"Hydrocortisone, for human use, in dosage",3004.32.00.11,"Hydrocortisone, for human use, in dosage",200201,201112,succeeded,analyst,approve,the analyst accepted the proposal,analysts,2026-08-12,,no
imports:3004.32.00.82:2001-11,3004.32.00.82,1,imports,200111,25.00,"Betamethasone, for human use, in dosage",3004.32.00.11,"Hydrocortisone, for human use, in dosage",200201,201112,succeeded,analyst,approve,the analyst accepted the proposal,analysts,2026-08-12,,no
imports:3004.32.00.89:2001-12,3004.32.00.89,1,imports,200112,128397239.00,"Adrenal cortical hormones, nes, for human use, in dosage",3004.32.00.19,"Medicaments containing corticosteroid hormones, for human use, nes",200201,201112,succeeded,analyst,reject_named,the analyst rejected the proposal and named 3004.32.00.19 instead,analysts,2026-08-14,"REJECT, successor 3004.32.00.19, 2026-08-14. THIS REVERSES THE EARLIER ACCEPT ONTO 3004.32.00.11, WHICH CARRIED NO REASON. The 2002 renumbering of the block moved each line to its counterpart: .81 hydrocortisone to .11 hydrocortisone, and .90 veterinary to .20 veterinary. The retiring line is the residual, .89 'Adrenal cortical hormones, nes', so it goes to the residual, .19 'Medicaments containing corticosteroid hormones, for human use, nes', which begins 2002-01, the month after .89 ends, and carries CAD 578,742,262 against the hydrocortisone line's CAD 30,740,274. Sending a residual to a line carved out of it is the same defect as row 210.",no
imports:3004.32.00.90:2001-12,3004.32.00.90,1,imports,200112,38149408.00,"Adrenal cortical hormones, for vet use, in dosage",3004.32.00.20,"Corticosteriod hormones, for veterinary use, in dosage",200201,201112,succeeded,analyst,approve,the analyst accepted the proposal,analysts,2026-08-12,,no
imports:3004.32.10.00:1997-12,3004.32.10.00,1,imports,199712,1805132.00,"Adrenal cortical horm, cont more than 23% of abs ethyl alc by vol, in dosage",3004.32.00.10,"Adrenal cortical horm, cont more than 23% of abs ethyl alc by vol, in dosage",199803,200112,succeeded,analyst,approve,the analyst accepted the proposal,analysts,2026-08-12,,no
imports:3004.32.90.11:1997-12,3004.32.90.11,1,imports,199712,23749181.00,"Hydrocortisone, for human use, in dosage",3004.32.00.81,"Hydrocortisone, for human use, in dosage",199801,200112,succeeded,analyst,approve,the analyst accepted the proposal,analysts,2026-08-12,,no
imports:3004.32.90.12:1997-06,3004.32.90.12,1,imports,199706,1190222.00,"Betamethasone, for human use, in dosage",3004.32.00.89,"Adrenal cortical hormones, nes, for human use, in dosage",199801,200112,succeeded,analyst,second,the analyst preferred the second alternative to the proposal,analysts,2026-08-12,,no
imports:3004.32.90.19:1997-12,3004.32.90.19,1,imports,199712,195552129.00,"Adrenal cortical hormones, nes, for human use, in dosage",3004.32.00.89,"Adrenal cortical hormones, nes, for human use, in dosage",199801,200112,succeeded,analyst,approve,the analyst accepted the proposal,analysts,2026-08-12,,no
imports:3004.32.90.20:1997-12,3004.32.90.20,1,imports,199712,9284228.00,"Adrenal cortical hormones, for vet use, in dosage",3004.32.00.90,"Adrenal cortical hormones, for vet use, in dosage",199801,200112,succeeded,analyst,approve,the analyst accepted the proposal,analysts,2026-08-12,,no
imports:3004.39.00.10:2011-12,3004.39.00.10,1,imports,201112,220635457.00,"Epinephrine & its sol & pituitary extrc, prepr for parentl admin in hum, in dos",3004.39.00.11,"Medi,cont epinephrine/solutions/pituitary extracts,doses/frs,o/t No 30.02/05/06",201201,202606,succeeded,analyst,approve,the analyst accepted the proposal,analysts,2026-08-12,,no
imports:3004.39.00.12:2026-05,3004.39.00.12,1,imports,202605,184895196.00,"Medi,cont anterior pituitary hormones,f human,doses/pack frs,o/t No 30.02/05/06",,,,,not_a_retirement,delivery,no_termination_declared,"the delivery declares no termination for this line and the number was never reused, so trade ceased without the classification ending",,,,no
imports:3004.39.00.81:2011-12,3004.39.00.81,1,imports,201112,199276643.00,"Anterior pituitary hormones, for human use, in dosage",3004.39.00.12,"Medi,cont anterior pituitary hormones,f human,doses/pack frs,o/t No 30.02/05/06",201201,202605,succeeded,official_record,decided,"named outright by Canada's ten-digit concordance, 2011 to 2012",,,,no
imports:3004.39.00.82:2011-12,3004.39.00.82,1,imports,201112,19967091.00,"Posterior pituitary hormones, for human use, in dosage",3004.39.00.19,"Medi,cont horm/prod No 29.37,f human use,doses/pack frs,o/t No 30.02/05/06,nes",201201,202606,succeeded,official_record,decided,"named outright by Canada's ten-digit concordance, 2011 to 2012",,,,no
imports:3004.39.00.83:2011-12,3004.39.00.83,1,imports,201112,416139189.00,"Unmixed single estrogens, for human use, in dosage",3004.39.00.13,"Medi,cont unmixed single estrogens,for human,doses/pack frs,o/t No 30.02/05/06",201201,202606,succeeded,official_record,decided,"named outright by Canada's ten-digit concordance, 2011 to 2012",,,,no
imports:3004.39.00.84:2011-12,3004.39.00.84,1,imports,201112,34360926.00,"Unmixed single progestational hormones, for human use, in dosage",3004.39.00.19,"Medi,cont horm/prod No 29.37,f human use,doses/pack frs,o/t No 30.02/05/06,nes",201201,202606,succeeded,official_record,decided,"named outright by Canada's ten-digit concordance, 2011 to 2012",,,,no
imports:3004.39.00.85:2011-12,3004.39.00.85,1,imports,201112,3103568844.00,"Hormones, nes, for human use, in dosage",3004.39.00.19,"Medi,cont horm/prod No 29.37,f human use,doses/pack frs,o/t No 30.02/05/06,nes",201201,202606,succeeded,official_record,decided,"named outright by Canada's ten-digit concordance, 2011 to 2012",,,,no
imports:3004.39.10.00:1997-12,3004.39.10.00,1,imports,199712,28343955.00,"Epinephrine & its sol & pituitary extrc, prepr for parentl admin in hum, in dos",3004.39.00.10,"Epinephrine & its sol & pituitary extrc, prepr for parentl admin in hum, in dos",199801,201112,succeeded,analyst,approve,the analyst accepted the proposal,analysts,2026-08-12,,no
imports:3004.39.91.00:1997-09,3004.39.91.00,1,imports,199709,288996.00,"Hormones, nes, cont more than 23% of abs ethy alc by vol, in dosage",3004.39.00.85,"Hormones, nes, for human use, in dosage",199801,201112,succeeded,analyst,approve,the analyst accepted the proposal,analysts,2026-08-12,,no
imports:3004.39.99.10:1997-12,3004.39.99.10,1,imports,199712,97455853.00,"Anterior pituitary hormones, for human use, in dosage",3004.39.00.81,"Anterior pituitary hormones, for human use, in dosage",199801,201112,succeeded,analyst,approve,the analyst accepted the proposal,analysts,2026-08-12,,no
imports:3004.39.99.20:1997-12,3004.39.99.20,1,imports,199712,1779924.00,"Posterior pituitary hormones, for human use, in dosage",3004.39.00.82,"Posterior pituitary hormones, for human use, in dosage",199806,201112,succeeded,analyst,approve,the analyst accepted the proposal,analysts,2026-08-12,,no
imports:3004.39.99.30:1997-12,3004.39.99.30,1,imports,199712,125015221.00,"Unmixed single estrogens, for human use, in dosage",3004.39.00.83,"Unmixed single estrogens, for human use, in dosage",199801,201112,succeeded,analyst,approve,the analyst accepted the proposal,analysts,2026-08-12,,no
imports:3004.39.99.40:1997-11,3004.39.99.40,1,imports,199711,29990842.00,"Unmixed single progestational hormones, for human use, in dosage",3004.39.00.84,"Unmixed single progestational hormones, for human use, in dosage",199801,201112,succeeded,analyst,approve,the analyst accepted the proposal,analysts,2026-08-12,,no
imports:3004.39.99.50:1997-12,3004.39.99.50,1,imports,199712,313061021.00,"Hormones, nes, for human use, in dosage",3004.39.00.85,"Hormones, nes, for human use, in dosage",199801,201112,succeeded,analyst,approve,the analyst accepted the proposal,analysts,2026-08-12,,no
imports:3004.39.99.60:1997-12,3004.39.99.60,1,imports,199712,39767037.00,"Hormones, nes, for vet use, in dosage",3004.39.00.90,"Hormones, nes, for vet use, in dosage",199801,200112,succeeded,analyst,approve,the analyst accepted the proposal,analysts,2026-08-12,,no
imports:3004.40.00.10:2011-12,3004.40.00.10,1,imports,201112,125087424.00,"Codeine or its derivatives, for human use, in dosage",3004.40.00.90,"Non-narc veg alkaloids or their non-narc derivatives,nes,for human use,in dosage",200201,201612,succeeded,official_record,decided,"named outright by Canada's ten-digit concordance, 2011 to 2012",,,,no
imports:3004.40.00.20:2011-12,3004.40.00.20,1,imports,201112,17487958.00,"Vincristine, for human use, in dosage",3004.40.00.90,"Non-narc veg alkaloids or their non-narc derivatives,nes,for human use,in dosage",200201,201612,succeeded,official_record,decided,"named outright by Canada's ten-digit concordance, 2011 to 2012",,,,no
imports:3004.40.00.30:2016-12,3004.40.00.30,1,imports,201612,101935277.00,"Theophylline, for human use, in dosage",3004.49.00.90,"Medi,cont alkaloids/deriv t/o,nes,therap/prophltc,doses/frs,o/t No 30.02/05/06",201701,202606,succeeded,official_record,decided,"named outright by Canada's ten-digit concordance, 2016 to 2017",,,,no
imports:3004.40.00.40:2016-12,3004.40.00.40,1,imports,201612,1572159979.00,"Morphine or its derivatives, for human use, in dosage",3004.49.00.10,"Medi,cont morphine/deriv t/o,nes,therap/prophltc,in doses/frs,o/t No 30.02/05/06",201702,202606,succeeded,official_record,decided,"named outright by Canada's ten-digit concordance, 2016 to 2017",,,,no
imports:3004.40.00.50:2011-12,3004.40.00.50,1,imports,201112,6586271.00,"Aminophylline, for human use, in dosage",3004.40.00.90,"Non-narc veg alkaloids or their non-narc derivatives,nes,for human use,in dosage",200201,201612,succeeded,official_record,decided,"named outright by Canada's ten-digit concordance, 2011 to 2012",,,,no
imports:3004.40.00.80:2011-12,3004.40.00.80,1,imports,201112,47146103.00,"Narcotic veg alkaloids or their narc derivs, nes, for human use, in dosage",3004.40.00.90,"Non-narc veg alkaloids or their non-narc derivatives,nes,for human use,in dosage",200201,201612,succeeded,official_record,decided,"named outright by Canada's ten-digit concordance, 2011 to 2012",,,,no
imports:3004.40.00.90:2016-12,3004.40.00.90,1,imports,201612,584366588.00,"Non-narc veg alkaloids or their non-narc derivatives,nes,for human use,in dosage",3004.49.00.90,"Medi,cont alkaloids/deriv t/o,nes,therap/prophltc,doses/frs,o/t No 30.02/05/06",201701,202606,succeeded,analyst,approve,the analyst accepted the proposal,analysts,2026-08-12,,no
imports:3004.40.10.00:1997-12,3004.40.10.00,1,imports,199712,207577.00,"Alkaloids or their derivs, cont more than 23% of abs ethyl alc by vol, in dosage",3004.40.00.80,"Narcotic veg alkaloids or their narc derivs, nes, for human use, in dosage",199801,201112,succeeded,analyst,approve,the analyst accepted the proposal,analysts,2026-08-12,,no
imports:3004.40.90.11:1996-12,3004.40.90.11,1,imports,199612,111515.00,"Codeine phosphate, for human use, in dosage",3004.40.00.80,"Narcotic veg alkaloids or their narc derivs, nes, for human use, in dosage",199801,201112,succeeded,analyst,second,the analyst preferred the second alternative to the proposal,analysts,2026-08-12,,no
imports:3004.40.90.19:1997-12,3004.40.90.19,1,imports,199712,10263737.00,"Codeine or its derivs nes, for human use, in dosage",3004.40.00.10,"Codeine or its derivatives, for human use, in dosage",199801,201112,succeeded,analyst,approve,the analyst accepted the proposal,analysts,2026-08-12,,no
imports:3004.40.90.20:1997-07,3004.40.90.20,1,imports,199707,4869341.00,"Quinidine sulphate, for human use, in dosage",3004.40.00.90,"Non-narc veg alkaloids or their non-narc derivs, nes, for human use, in dosage",199801,200112,succeeded,analyst,reject_named,the analyst rejected the proposal and named 3004.40.00.90 instead,analysts,2026-08-12,"Quinidine is a cinchona alkaloid and non-narcotic, so it belongs to the non-narcotic leftover line and not the narcotic one. The receiving block ends in two leftovers, 3004.40.00.80 for other narcotic vegetable alkaloids and 3004.40.00.90 for other non-narcotic, and the code carries stated_termination 199712, so the 1998 numbering is what receives it. 3004.40.00.90 is candidate 13 at 0.5299 and no meaning rule removed it. The proposal, Vincristine, is a named antineoplastic and a different medicine; its 0.7792 match is the shared frame 'for human use, in dosage'. The second alternative the sheet offers, 3004.40.00.80, is the wrong side of the narcotic split.",no
imports:3004.40.90.30:1997-11,3004.40.90.30,1,imports,199711,2496656.00,"Vincristine, for human use, in dosage",3004.40.00.20,"Vincristine, for human use, in dosage",199801,201112,succeeded,analyst,approve,the analyst accepted the proposal,analysts,2026-08-12,,no
imports:3004.40.90.40:1997-11,3004.40.90.40,1,imports,199711,9473686.00,"Theophylline, for human use, in dosage",3004.40.00.30,"Theophylline, for human use, in dosage",199801,201612,succeeded,analyst,approve,the analyst accepted the proposal,analysts,2026-08-12,,no
imports:3004.40.90.50:1997-12,3004.40.90.50,1,imports,199712,41902526.00,"Morphine or its derivs, for human use, in dosage",3004.40.00.40,"Morphine or its derivs, for human use, in dosage",199801,200112,succeeded,analyst,approve,the analyst accepted the proposal,analysts,2026-08-12,,no
imports:3004.40.90.60:1994-03,3004.40.90.60,1,imports,199403,217467.00,"Cocaine or its derivs, for human use, in dosage",3004.40.90.80,"Narcotic veg alkaloids or their narc derivs, nes, for human use, in dosage",198802,199712,succeeded,analyst,reject_named,the analyst rejected the proposal and named 3004.40.90.80 instead,analysts,2026-08-12,"Cocaine is a coca alkaloid and narcotic, so it belongs to the narcotic leftover line rather than the non-narcotic one, which is the opposite side from row 11. The named line in the 1998 numbering is 3004.40.00.80, but on this row that code carries a continuity veto: the row is framed at the last trading month of 1994-03 while the code was not withdrawn until 199712, and the 1998 numbering did not exist in 1994. 3004.40.90.80 is the same line under the numbering that was live then, candidate 7 at 0.7069 with no veto, and it chains into 3004.40.00.80 at the 1998 boundary. The proposal, Morphine, is a different narcotic and its 0.9231 match is the shared frame.",no
imports:3004.40.90.70:1997-12,3004.40.90.70,1,imports,199712,1778947.00,"Aminophylline, for human use, in dosage",3004.40.00.50,"Aminophylline, for human use, in dosage",199803,201112,succeeded,analyst,approve,the analyst accepted the proposal,analysts,2026-08-12,,no
imports:3004.40.90.80:1997-12,3004.40.90.80,1,imports,199712,22494169.00,"Narcotic veg alkaloids or their narc derivs, nes, for human use, in dosage",3004.40.00.80,"Narcotic veg alkaloids or their narc derivs, nes, for human use, in dosage",199801,201112,succeeded,analyst,approve,the analyst accepted the proposal,analysts,2026-08-12,,no
imports:3004.40.90.90:1997-12,3004.40.90.90,1,imports,199712,172848913.00,"Non-narc veg alkaloids or their non-narc derivs, nes, for human use, in dosage",3004.40.00.90,"Non-narc veg alkaloids or their non-narc derivs, nes, for human use, in dosage",199801,200112,succeeded,analyst,approve,the analyst accepted the proposal,analysts,2026-08-12,,no
imports:3004.41.00.00:2026-05,3004.41.00.00,1,imports,202605,8250035.00,"Medicaments,cont ephedrin/salts,therap/prophltc,in doses/frs,o/t No 30.02/05/06",,,,,not_a_retirement,delivery,no_termination_declared,"the delivery declares no termination for this line and the number was never reused, so trade ceased without the classification ending",,,,no
imports:3004.50.00.10:2011-12,3004.50.00.10,1,imports,201112,37019078.00,"Mx of amino acids & vitamins,& mx of amino acids, protein hydrolysates & vit,etc",3004.50.00.19,"Other medicaments cont vitamins and their derivs, for human use, in dosage,nes",201201,201612,succeeded,official_record,decided,"named outright by Canada's ten-digit concordance, 2011 to 2012",,,,no
imports:3004.50.00.13:2016-12,3004.50.00.13,1,imports,201612,20568179.00,"Medicaments cont multivitamins not mixed with other suppl,for hum use,in dosage",3004.50.00.19,"Medi,cont vitamins/prod of No 29.36,human use,doses/pack frs,o/t No 30.02/05/06",201701,202606,succeeded,official_record,decided,"named outright by Canada's ten-digit concordance, 2016 to 2017",,,,no
imports:3004.50.00.20:2011-12,3004.50.00.20,1,imports,201112,7548977.00,"Vitamins, cont more than 23% of abs ethyl alc by vol, for human use, in dosage",3004.50.00.19,"Other medicaments cont vitamins and their derivs, for human use, in dosage,nes",201201,201612,succeeded,analyst,approve,the analyst accepted the proposal,analysts,2026-08-12,,no
imports:3004.50.00.31:2011-12,3004.50.00.31,1,imports,201112,25564446.00,"Vitamin C only, for human use, in dosage",3004.50.00.11,"Medi,cont single vitamin,not mixed,f human,doses/pack frs,o/t No 30.02/05/06,nes",201201,202606,succeeded,official_record,decided,"named outright by Canada's ten-digit concordance, 2011 to 2012",,,,no
imports:3004.50.00.32:2011-12,3004.50.00.32,1,imports,201112,50770658.00,"Vitamin E only, for human use, in dosage",3004.50.00.11,"Medi,cont single vitamin,not mixed,f human,doses/pack frs,o/t No 30.02/05/06,nes",201201,202606,succeeded,official_record,decided,"named outright by Canada's ten-digit concordance, 2011 to 2012",,,,no
imports:3004.50.00.39:2011-12,3004.50.00.39,1,imports,201112,165618033.00,"Single vitamin only, nes, for human use, in dosage",3004.50.00.11,"Medi,cont single vitamin,not mixed,f human,doses/pack frs,o/t No 30.02/05/06,nes",201201,202606,succeeded,official_record,decided,"named outright by Canada's ten-digit concordance, 2011 to 2012",,,,no
imports:3004.50.00.40:2011-12,3004.50.00.40,1,imports,201112,121157561.00,"Single vitamin mixed w other supplements, for human use, in dosage",3004.50.00.12,"Medi,cont 1 vitamin,mix w o supplements,f human use,doses/frs,o/t No 30.02/05/06",201201,202606,succeeded,official_record,decided,"named outright by Canada's ten-digit concordance, 2011 to 2012",,,,no
imports:3004.50.00.50:2011-12,3004.50.00.50,1,imports,201112,62436289.00,"Multivitamins not mixed with other supplements, for human use, in dosage",3004.50.00.13,"Medicaments cont multivitamins not mixed with other suppl,for hum use,in dosage",201201,201612,succeeded,official_record,decided,"named outright by Canada's ten-digit concordance, 2011 to 2012",,,,no
imports:3004.50.00.61:2011-12,3004.50.00.61,1,imports,201112,60566515.00,"Vitamins-iron preparation, for human use, in dosage",3004.50.00.14,"Medi,cont multivitamins,mix w o suppl,f human use,doses/frs,o/t No 30.02/05/06",201201,202606,succeeded,official_record,decided,"named outright by Canada's ten-digit concordance, 2011 to 2012",,,,no
imports:3004.50.00.69:2011-12,3004.50.00.69,1,imports,201112,602021188.00,"Multivitamins mixed with other supplements, nes, for human use, in dosage",3004.50.00.14,"Medi,cont multivitamins,mix w o suppl,f human use,doses/frs,o/t No 30.02/05/06",201201,202606,succeeded,official_record,decided,"named outright by Canada's ten-digit concordance, 2011 to 2012",,,,no
imports:3004.50.00.70:2011-12,3004.50.00.70,1,imports,201112,48205931.00,"Vitamins & their derivatives, nes, for veterinary use, in dosage",3004.50.00.90,"Medi,cont vitamins,for veterinary use,in doses/pack frs,o/t No 30.02/05/06,nes",201201,202606,succeeded,official_record,decided,"named outright by Canada's ten-digit concordance, 2011 to 2012",,,,no
imports:3004.50.10.00:1997-12,3004.50.10.00,1,imports,199712,29913272.00,"Mx of amino acids & vitamins,& mx of amino acids, protein hydrolysates & vit,etc",3004.50.00.10,"Mx of amino acids & vitamins,& mx of amino acids, protein hydrolysates & vit,etc",199801,201112,succeeded,analyst,approve,the analyst accepted the proposal,analysts,2026-08-12,,no
imports:3004.50.91.00:1997-06,3004.50.91.00,1,imports,199706,405203.00,"Vitamins, cont more than 23% of abs ethyl alc by vol, for human use, in dosage",3004.50.00.20,"Vitamins, cont more than 23% of abs ethyl alc by vol, for human use, in dosage",199801,201112,succeeded,analyst,approve,the analyst accepted the proposal,analysts,2026-08-12,,no
imports:3004.50.99.11:1997-12,3004.50.99.11,1,imports,199712,34612678.00,"Vitamin C only, for human use, in dosage",3004.50.00.31,"Vitamin C only, for human use, in dosage",199801,201112,succeeded,analyst,approve,the analyst accepted the proposal,analysts,2026-08-12,,no
imports:3004.50.99.12:1997-12,3004.50.99.12,1,imports,199712,20986151.00,"Vitamin E only, for human use, in dosage",3004.50.00.32,"Vitamin E only, for human use, in dosage",199801,201112,succeeded,analyst,approve,the analyst accepted the proposal,analysts,2026-08-12,,no
imports:3004.50.99.19:1997-12,3004.50.99.19,1,imports,199712,70973832.00,"Single vitamin only, nes, for human use, in dosage",3004.50.00.39,"Single vitamin only, nes, for human use, in dosage",199801,201112,succeeded,analyst,approve,the analyst accepted the proposal,analysts,2026-08-12,,no
imports:3004.50.99.20:1997-12,3004.50.99.20,1,imports,199712,18411892.00,"Single vitamin mixed w o supplements, for human use, in dosage",3004.50.00.40,"Single vitamin mixed w o supplements, for human use, in dosage",199801,200112,succeeded,analyst,approve,the analyst accepted the proposal,analysts,2026-08-12,,no
imports:3004.50.99.21:1989-12,3004.50.99.21,1,imports,198912,1445854.00,"Vitamins-iron preparation, for human use, in dosage",3004.50.99.41,"Vitamins-iron preparation, for human use, in dosage",199001,199712,succeeded,analyst,approve,the analyst accepted the proposal,analysts,2026-08-12,,no
imports:3004.50.99.22:1989-12,3004.50.99.22,1,imports,198912,11347774.00,"Multivitamins not mixed with o supplements, for human use, in dosage",3004.50.99.30,"Multivitamins not mixed with o supplements, for human use, in dosage",199001,199712,succeeded,analyst,approve,the analyst accepted the proposal,analysts,2026-08-12,,no
imports:3004.50.99.29:1989-12,3004.50.99.29,1,imports,198912,11260315.00,"Multivitamins mixed with other supplements, nes, for human use, in dosage",3004.50.99.49,"Multivitamins mixed with other supplements, nes, for human use, in dosage,",199001,199712,succeeded,analyst,approve,the analyst accepted the proposal,analysts,2026-08-12,,no
imports:3004.50.99.30:1989-12,3004.50.99.30,1,imports,198912,1124520.00,"Vitamins & their derivs,nes,for vet use, in dosage",3004.50.99.50,"Vitamins & their derivs, nes, for vet use, in dosage",199001,199712,succeeded,analyst,approve,the analyst accepted the proposal,analysts,2026-08-17,"ACCEPT, 2026-08-17. This row exists because Stage 1a now ends a trading span where a relabel crosses a decisive distinction, not only where the number was left empty. 3004.50.99.30 read 'for vet use' to 1989-12 and 'for human use' from 1990-01 with no gap, so the two lives were one span carrying the later description and the summed value, and the veterinary record inherited the human terminal 3004.50.00.19. The proposal 3004.50.99.50 carries this line's description word for word, is veterinary on both sides, begins 1990-01, the month this line stopped, and is this line's own leftover. The closest wording match, 3004.50.00.70, carries the same description but does not begin until 1998-01, 96 months later, so the continuity gate removed it rather than this judgement.",no
imports:3004.50.99.30:1997-12,3004.50.99.30,2,imports,199712,55679911.00,"Multivitamins not mixed with o supplements, for human use, in dosage",3004.50.00.50,"Multivitamins not mixed with o supplements, for human use, in dosage",199801,200112,succeeded,analyst,approve,the analyst accepted the proposal,analysts,2026-08-12,,no
imports:3004.50.99.41:1997-12,3004.50.99.41,1,imports,199712,15830543.00,"Vitamins-iron preparation, for human use, in dosage",3004.50.00.61,"Vitamins-iron preparation, for human use, in dosage",199801,201112,succeeded,analyst,approve,the analyst accepted the proposal,analysts,2026-08-12,,no
imports:3004.50.99.49:1997-12,3004.50.99.49,1,imports,199712,121058460.00,"Multivitamins mixed with other supplements, nes, for human use, in dosage,",3004.50.00.69,"Multivitamins mixed with other supplements, nes, for human use, in dosage,",199801,200112,succeeded,analyst,approve,the analyst accepted the proposal,analysts,2026-08-12,,no
imports:3004.50.99.50:1997-12,3004.50.99.50,1,imports,199712,3851408.00,"Vitamins & their derivs, nes, for vet use, in dosage",3004.50.00.70,"Vitamins & their derivs, nes, for vet use, in dosage",199801,200112,succeeded,analyst,approve,the analyst accepted the proposal,analysts,2026-08-12,,no
imports:3004.90.00.20:2011-12,3004.90.00.20,1,imports,201112,21555796.00,"Medicaments cont more than 23% of abs ethyl alc by vol, nes, in dosage",3004.90.00.79,"Other medicaments, for human use, in dosage, nes",201201,201612,succeeded,analyst,approve,the analyst accepted the proposal,analysts,2026-08-12,,no
imports:3004.90.00.31:2017-12,3004.90.00.31,1,imports,201712,2089844029.00,"Analgesics, for human use, in doses/packings for retail sale, o/t No 30.02/05/06",3004.90.00.22,"Analgesics, for human use, in doses/packings for retail sale, o/t No 30.02/05/06",201801,202606,succeeded,analyst,approve,the analyst accepted the proposal,analysts,2026-08-12,,no
imports:3004.90.00.32:2017-12,3004.90.00.32,1,imports,201712,6525417842.00,"Antidepressants & tranquilizers,f human use,in doses/pack frs,o/t No 30.02/05/06",3004.90.00.23,"Antidepressants & tranquilizers,f human use,in doses/pack frs,o/t No 30.02/05/06",201801,202606,succeeded,analyst,approve,the analyst accepted the proposal,analysts,2026-08-12,,no
imports:3004.90.00.33:2017-12,3004.90.00.33,1,imports,201712,2694917989.00,"Antihypertensive agents, for human use, in doses/packings frs,o/t No 30.02/05/06",3004.90.00.24,"Antihypertensive agents, for human use, in doses/packings frs,o/t No 30.02/05/06",201801,202606,succeeded,analyst,approve,the analyst accepted the proposal,analysts,2026-08-12,,no
imports:3004.90.00.34:2017-12,3004.90.00.34,1,imports,201712,457653908.00,"Antihistaminic agents, for human use, in doses/packings frs, o/t No 30.02/05/06",3004.90.00.25,"Antihistaminic agents, for human use, in doses/packings frs, o/t No 30.02/05/06",201801,202606,succeeded,analyst,approve,the analyst accepted the proposal,analysts,2026-08-12,,no
imports:3004.90.00.35:2017-12,3004.90.00.35,1,imports,201712,6760065602.00,"Agents,acting on central nervous system,hum use,doses/frs,o/t No 30.02/05/06,nes",3004.90.00.26,"Agents,acting on central nervous system,hum use,doses/frs,o/t No 30.02/05/06,nes",201801,202606,succeeded,analyst,approve,the analyst accepted the proposal,analysts,2026-08-12,,no
imports:3004.90.00.36:2017-12,3004.90.00.36,1,imports,201712,627338348.00,"Local anaesthetics, for human use,in doses/pack f retail sale,o/t No 30.02/05/06",3004.90.00.27,"Local anaesthetics, for human use,in doses/pack f retail sale,o/t No 30.02/05/06",201801,202606,succeeded,analyst,approve,the analyst accepted the proposal,analysts,2026-08-12,,no
imports:3004.90.00.39:2017-12,3004.90.00.39,1,imports,201712,3792547257.00,"Medi,acting on central nervous system,human use,doses/frs,o/t No 30.02/05/06,nes",3004.90.00.29,"Medi,acting on central nervous system,human use,doses/frs,o/t No 30.02/05/06,nes",201801,202606,succeeded,analyst,approve,the analyst accepted the proposal,analysts,2026-08-12,,no
imports:3004.90.00.41:2011-12,3004.90.00.41,1,imports,201112,142378137.00,"Histamine H2 receptor antagonist, for human use, in dosage",3004.90.00.49,"Other gastrointestinal agents, for human use, in dosage, nes",201201,201612,succeeded,official_record,decided,"named outright by Canada's ten-digit concordance, 2011 to 2012",,,,no
imports:3004.90.00.81:2011-12,3004.90.00.81,1,imports,201112,17659861.00,"Anaesthetic, for veterinary use, in dosage",3004.90.00.90,"Other medicaments, for veterinary use, in dosage, nes",201201,201612,succeeded,official_record,decided,"named outright by Canada's ten-digit concordance, 2011 to 2012",,,,no
imports:3004.90.00.89:2011-12,3004.90.00.89,1,imports,201112,1795745395.00,"Medicaments, nes, for veterinary use, in dosage",3004.90.00.90,"Other medicaments, for veterinary use, in dosage, nes",201201,201612,succeeded,official_record,decided,"named outright by Canada's ten-digit concordance, 2011 to 2012",,,,no
imports:3004.90.10.10:1997-12,3004.90.10.10,1,imports,199712,27832591.00,"Mixtures of amino acids, nes, in dosage",3004.90.00.11,"Mixtures of amino acids, nes, in dosage",199801,200112,succeeded,analyst,approve,the analyst accepted the proposal,analysts,2026-08-12,,no
imports:3004.90.10.20:1997-12,3004.90.10.20,1,imports,199712,64569831.00,"Dextrose (glucose) solutions, in dosage",3004.90.00.12,"Dextrose (glucose) solutions, in dosage",199801,200112,succeeded,analyst,approve,the analyst accepted the proposal,analysts,2026-08-12,,no
imports:3004.90.10.90:1997-12,3004.90.10.90,1,imports,199712,40955791.00,"Mx of amino acids & protein hydrolysates, etc, in dosage",3004.90.00.19,"Mx of amino acids & protein hydrolysates, etc, in dosage, nes",199801,200112,succeeded,analyst,approve,the analyst accepted the proposal,analysts,2026-08-11,,no
imports:3004.90.91.00:1997-12,3004.90.91.00,1,imports,199712,7663951.00,"Medicaments cont more than 23% of abs ethyl alc by vol, nes, in dosage",3004.90.00.20,"Medicaments cont more than 23% of abs ethyl alc by vol, nes, in dosage",199801,201112,succeeded,analyst,approve,the analyst accepted the proposal,analysts,2026-08-12,,no
imports:3004.90.99.11:1997-12,3004.90.99.11,1,imports,199712,226805033.00,"Analgesics, for human use, in dosage",3004.90.00.31,"Analgesics, for human use, in dosage",199801,201612,succeeded,analyst,approve,the analyst accepted the proposal,analysts,2026-08-12,,no
imports:3004.90.99.12:1997-12,3004.90.99.12,1,imports,199712,405662933.00,"Antidepressants & tranquilizers, for human use, in dosage",3004.90.00.32,"Antidepressants & tranquilizers, for human use, in dosage",199801,200112,succeeded,analyst,approve,the analyst accepted the proposal,analysts,2026-08-12,,no
imports:3004.90.99.13:1997-12,3004.90.99.13,1,imports,199712,369413385.00,"Antihypertensive agents, for human use, in dosage",3004.90.00.33,"Antihypertensive agents, for human use, in dosage",199801,201612,succeeded,analyst,approve,the analyst accepted the proposal,analysts,2026-08-12,,no
imports:3004.90.99.14:1997-12,3004.90.99.14,1,imports,199712,61924264.00,"Antihistamines agents, for human use, in dosage",3004.90.00.34,"Antihistamines agents, for human use, in dosage",199801,201612,succeeded,analyst,approve,the analyst accepted the proposal,analysts,2026-08-12,,no
imports:3004.90.99.15:1997-12,3004.90.99.15,1,imports,199712,116976986.00,"Medicaments, for human use, acting on the nervous system, in dosage, nes",3004.90.00.35,"Medicaments, for human use, acting on the nervous system, in dosage, nes",199801,201612,succeeded,analyst,approve,the analyst accepted the proposal,analysts,2026-08-12,,no
imports:3004.90.99.16:1997-12,3004.90.99.16,1,imports,199712,23048265.00,"Local anaesthetics, for human use, in dosage",3004.90.00.36,"Local anaesthetics, for human use, in dosage",199801,201612,succeeded,analyst,approve,the analyst accepted the proposal,analysts,2026-08-12,,no
imports:3004.90.99.19:1997-12,3004.90.99.19,1,imports,199712,492424909.00,"Medicaments, for human use, acting on the central nervous system, in dosage, nes",3004.90.00.39,"Medicaments, for human use, acting on the central nervous system, in dosage, nes",199801,201612,succeeded,analyst,approve,the analyst accepted the proposal,analysts,2026-08-12,,no
imports:3004.90.99.21:1997-12,3004.90.99.21,1,imports,199712,270583468.00,"Histamine H2 receptor antagonist, for human use, in dosage",3004.90.00.41,"Histamine H2 receptor antagonist, for human use, in dosage",199801,201112,succeeded,analyst,approve,the analyst accepted the proposal,analysts,2026-08-12,,no
imports:3004.90.99.22:1997-12,3004.90.99.22,1,imports,199712,69723767.00,"Laxatives, for human use, in dosage",3004.90.00.42,"Laxatives, for human use, in dosage",199801,201612,succeeded,analyst,approve,the analyst accepted the proposal,analysts,2026-08-12,,no
imports:3004.90.99.23:1997-12,3004.90.99.23,1,imports,199712,67925751.00,"Antacids, for human use, in dosage",3004.90.00.43,"Antacids, for human use, in dosage",199801,201612,succeeded,analyst,approve,the analyst accepted the proposal,analysts,2026-08-12,,no
imports:3004.90.99.29:1997-12,3004.90.99.29,1,imports,199712,665980987.00,"Gastro-intestinal agents, for human use, in dosage, nes",3004.90.00.49,"Gastro-intestinal agents, for human use, in dosage, nes",199801,201112,succeeded,analyst,approve,the analyst accepted the proposal,analysts,2026-08-12,,no
imports:3004.90.99.30:1997-12,3004.90.99.30,1,imports,199712,1142787624.00,"Medicaments, for human use, acting on the cardio-vascular system, in dosage",3004.90.00.50,"Medicaments, for human use, acting on the cardio-vascular system, in dosage",199801,201612,succeeded,analyst,approve,the analyst accepted the proposal,analysts,2026-08-12,,no
imports:3004.90.99.40:1989-12,3004.90.99.40,1,imports,198912,45447503.00,"Anti-infective agents, for human use, in dosage",3004.90.99.49,"Anti-infective agents, for human use, in dosage, nes",199001,199712,succeeded,analyst,approve,the analyst accepted the proposal,analysts,2026-08-11,,no
imports:3004.90.99.41:1997-12,3004.90.99.41,1,imports,199712,15348385.00,"Anti-infective agents, containing sulfonamides, for human use, in dosage",3004.90.00.61,"Anti-infective agents, cont sulfonamides, for human use, in dosage",199801,201612,succeeded,analyst,approve,the analyst accepted the proposal,analysts,2026-08-12,,no
imports:3004.90.99.49:1997-12,3004.90.99.49,1,imports,199712,526326356.00,"Anti-infective agents, for human use, in dosage, nes",3004.90.00.69,"Anti-infective agents, for human use, in dosage, nes",199801,201612,succeeded,analyst,approve,the analyst accepted the proposal,analysts,2026-08-12,,no
imports:3004.90.99.50:1997-12,3004.90.99.50,1,imports,199712,148659591.00,"Haematological agents, for human use, in dosage",3004.90.00.71,"Haematological agents, for human use, in dosage",199801,201612,succeeded,analyst,approve,the analyst accepted the proposal,analysts,2026-08-12,,no
imports:3004.90.99.60:1997-12,3004.90.99.60,1,imports,199712,367961271.00,"Antineoplastic agents, for human use, in dosage",3004.90.00.72,"Antineoplastic agents, for human use, in dosage",199801,201612,succeeded,analyst,approve,the analyst accepted the proposal,analysts,2026-08-12,,no
imports:3004.90.99.71:1997-12,3004.90.99.71,1,imports,199712,97818164.00,"Cough/cold preparations, for human use, in dosage",3004.90.00.73,"Cough or cold preparations, for human use, in dosage",199801,201612,succeeded,analyst,approve,the analyst accepted the proposal,analysts,2026-08-12,,no
imports:3004.90.99.79:1997-12,3004.90.99.79,1,imports,199712,171116815.00,"Medicaments, prim affecting eyes,ears & respiratory system,human use, in dos,nes",3004.90.00.74,"Medicaments, prim affecting eyes,ears & respiratory system,human use, in dos,nes",199801,201112,succeeded,analyst,approve,the analyst accepted the proposal,analysts,2026-08-12,,no
imports:3004.90.99.81:1997-12,3004.90.99.81,1,imports,199712,41243804.00,"Diuretics, for human use, in dosage",3004.90.00.75,"Diuretics, for human use, in dosage",199801,201612,succeeded,analyst,approve,the analyst accepted the proposal,analysts,2026-08-12,,no
imports:3004.90.99.82:1997-12,3004.90.99.82,1,imports,199712,73229634.00,"Medicaments affecting electrolytic, caloric/water balance, for human use, in dos",3004.90.00.76,"Medicaments affecting electrolytic, caloric/water balance, for human use, in dos",199801,201112,succeeded,analyst,approve,the analyst accepted the proposal,analysts,2026-08-12,,no
imports:3004.90.99.83:1997-12,3004.90.99.83,1,imports,199712,146213780.00,"Dermatological agents, for human use, in dosage",3004.90.00.77,"Dermatological agents, for human use, in dosage",199801,201612,succeeded,analyst,approve,the analyst accepted the proposal,analysts,2026-08-12,,no
imports:3004.90.99.84:1997-12,3004.90.99.84,1,imports,199712,2455445.00,"Medicaments cont hyaluronic acid or its sodium salt, for human use, in dosage",3004.90.00.78,"Medicaments cont hyaluronic acid or its sodium salt, for human use, in dosage",199801,201612,succeeded,analyst,approve,the analyst accepted the proposal,analysts,2026-08-12,,no
imports:3004.90.99.89:1997-12,3004.90.99.89,1,imports,199712,1883788320.00,"Medicaments nes, for human use, in dosage",3004.90.00.79,"Medicaments nes, for human use, in dosage",199801,200112,succeeded,analyst,approve,the analyst accepted the proposal,analysts,2026-08-12,,no
imports:3004.90.99.91:1997-12,3004.90.99.91,1,imports,199712,4778034.00,"Anaesthetic, for veterinary use, in dosage",3004.90.00.81,"Anaesthetic, for veterinary use, in dosage",199801,201112,succeeded,analyst,approve,the analyst accepted the proposal,analysts,2026-08-12,,no
imports:3004.90.99.92:1991-06,3004.90.99.92,1,imports,199106,69111.00,"Coccidiostats, in dosage",3004.90.99.99,"Medicaments nes, for veterinary use, in dosage",198801,199712,succeeded,analyst,second,the analyst preferred the second alternative to the proposal,analysts,2026-08-12,,no
imports:3004.90.99.93:1991-06,3004.90.99.93,1,imports,199106,161155.00,"Tranquilizers, for veterinary use, in dosage",3004.90.99.99,"Medicaments nes, for veterinary use, in dosage",198801,199712,succeeded,analyst,second,the analyst preferred the second alternative to the proposal,analysts,2026-08-12,,no
imports:3004.90.99.99:1997-12,3004.90.99.99,1,imports,199712,393958224.00,"Medicaments nes, for veterinary use, in dosage",3004.90.00.89,"Medicaments nes, for veterinary use, in dosage",199801,200112,succeeded,analyst,approve,the analyst accepted the proposal,analysts,2026-08-12,,no
imports:3005.10.10.00:1997-12,3005.10.10.00,1,imports,199712,64532479.00,"Dressings & sim articles having an adhesive layer, coated/impreg w pharm subs",3005.10.00.10,"Dressings & sim articles having an adhesive layer, coated/impreg w pharm subs",199801,202606,succeeded,analyst,approve,the analyst accepted the proposal,analysts,2026-08-12,,no
imports:3005.10.91.00:1997-12,3005.10.91.00,1,imports,199712,85056257.00,"Adhesive dressings, nes, packaged for retail sale",3005.10.00.91,"Adhesive dressings, nes, packaged for retail sale",199801,202606,succeeded,analyst,approve,the analyst accepted the proposal,analysts,2026-08-12,,no
imports:3005.10.99.00:1997-12,3005.10.99.00,1,imports,199712,9717032.00,"Wadding, gauze, bandages & sim articles, nes, with adhesive layer, pack ret sale",3005.10.00.99,"Wadding, gauze, bandages & sim articles, nes, with adhesive layer, pack ret sale",199801,202606,succeeded,analyst,approve,the analyst accepted the proposal,analysts,2026-08-12,,no
imports:3005.90.00.10:2011-12,3005.90.00.10,1,imports,201112,41610750.00,"Bandages & slabs of tex fab, coated w plaster;o art used for orthopaedic casts",3005.90.00.90,"Wadding,gauze,bandages & sim art, packaged for retail sale & for medical use,nes",201201,202606,succeeded,official_record,decided,"named outright by Canada's ten-digit concordance, 2011 to 2012",,,,no
imports:3005.90.00.50:2011-12,3005.90.00.50,1,imports,201112,47297369.00,"Dressings and sim articles, of woven fabric solely of cotton, nes",3005.90.00.90,"Wadding,gauze,bandages & sim art, packaged for retail sale & for medical use,nes",201201,202606,succeeded,official_record,decided,"named outright by Canada's ten-digit concordance, 2011 to 2012",,,,no
imports:3005.90.00.60:2011-12,3005.90.00.60,1,imports,201112,1670276.00,"Dressings and similar articles, of paper, nes",3005.90.00.90,"Wadding,gauze,bandages & sim art, packaged for retail sale & for medical use,nes",201201,202606,succeeded,official_record,decided,"named outright by Canada's ten-digit concordance, 2011 to 2012",,,,no
imports:3005.90.10.00:1997-12,3005.90.10.00,1,imports,199712,10103909.00,Bandages & slabs of tex fab coated w plaster;o art used for orthopaedic casts,3005.90.00.10,Bandages & slabs of tex fab coated w plaster;o art used for orthopaedic casts,199801,200112,succeeded,analyst,approve,the analyst accepted the proposal,analysts,2026-08-12,,no
imports:3005.90.20.00:1997-12,3005.90.20.00,1,imports,199712,35108734.00,"Dressings & sim articles coated or impreg w pharm substances, nes",3005.90.00.20,"Dressings & sim articles coated or impreg w pharm substances, nes",199801,200112,succeeded,analyst,approve,the analyst accepted the proposal,analysts,2026-08-12,,no
imports:3005.90.30.00:1997-12,3005.90.30.00,1,imports,199712,102059460.00,"Surgical dressings, not stitched or o/w mfd, not coated/impreg w pharm subs, nes",3005.90.00.30,"Surgical dressings, not stitched or o/w mfd, not coated/impreg w pharm subs, nes",199801,202606,succeeded,analyst,approve,the analyst accepted the proposal,analysts,2026-08-12,,no
imports:3005.90.91.00:1997-12,3005.90.91.00,1,imports,199712,21207608.00,"Dressings/sim art of woven fab o/t of cotton; of knit fab, n-wov or felts, nes",3005.90.00.40,"Dressings/sim art of woven fab o/t of cotton; of knit fab, n-wov or felts, nes",199801,200112,succeeded,analyst,approve,the analyst accepted the proposal,analysts,2026-08-12,,no
imports:3005.90.92.00:1997-12,3005.90.92.00,1,imports,199712,46712311.00,"Dressings and sim articles of woven fabric solely of cotton, nes",3005.90.00.50,"Dressings and sim articles of woven fabric solely of cotton, nes",199801,200112,succeeded,analyst,approve,the analyst accepted the proposal,analysts,2026-08-12,,no
imports:3005.90.93.00:1997-12,3005.90.93.00,1,imports,199712,1808053.00,"Dressings and similar articles of paper, nes",3005.90.00.60,"Dressings and similar articles of paper, nes",199801,200112,succeeded,analyst,approve,the analyst accepted the proposal,analysts,2026-08-12,,no
imports:3005.90.99.00:1997-12,3005.90.99.00,1,imports,199712,19543614.00,"Dressings and similar articles packaged for medical use, nes",3005.90.00.90,"Dressings and similar articles packaged for medical use, nes",199801,200112,succeeded,analyst,approve,the analyst accepted the proposal,analysts,2026-08-12,,no
imports:3006.20.00.10:2011-12,3006.20.00.10,1,imports,201112,300034808.00,"Blood-grouping reagents, of human origin",3006.20.00.90,"Blood-grouping reagents, other than of animal origin, nes",201201,202112,succeeded,official_record,decided,"named outright by Canada's ten-digit concordance, 2011 to 2012",,,,no
imports:3006.20.00.20:2021-12,3006.20.00.20,1,imports,202112,101885670.00,"Blood-grouping reagents, of animal origin",,,,,left_chapter,analyst,reject_none,the analyst rejected the proposal and recorded no successor in this chapter,analysts,2026-08-14,"NONE, on the official record, 2026-08-14. The WCO 2017-to-2022 correlation table maps 3006.20 to 3822.13 and to nothing else, so the goods left Chapter 30. Heading 38.22 is outside this crosswalk and outside the delivery, so no code here can be the successor and the candidates shown qualify on wording alone.",no
imports:3006.20.00.90:2021-12,3006.20.00.90,1,imports,202112,159377979.00,"Blood-grouping reagents, other than of animal origin, nes",,,,,left_chapter,analyst,reject_none,the analyst rejected the proposal and recorded no successor in this chapter,analysts,2026-08-14,"NONE, on the official record, 2026-08-14. The WCO 2017-to-2022 correlation table maps 3006.20 to 3822.13 and to nothing else, so the goods left Chapter 30. Heading 38.22 is outside this crosswalk and outside the delivery, so no code here can be the successor and the candidates shown qualify on wording alone.",no
imports:3006.20.10.00:1997-12,3006.20.10.00,1,imports,199712,140148071.00,"Blood-grouping reagents, of human origin",3006.20.00.10,"Blood-grouping reagents, of human origin",199801,201112,succeeded,analyst,approve,the analyst accepted the proposal,analysts,2026-08-12,,no
imports:3006.20.20.00:1997-12,3006.20.20.00,1,imports,199712,6909500.00,"Blood-grouping reagents, of animal origin",3006.20.00.20,"Blood-grouping reagents, of animal origin",199801,202112,succeeded,analyst,approve,the analyst accepted the proposal,analysts,2026-08-12,,no
imports:3006.20.90.00:1997-12,3006.20.90.00,1,imports,199712,15915707.00,"Blood-grouping reagents, except of human or animal origin",3006.20.00.90,"Blood-grouping reagents, except of human or animal origin",199801,201112,succeeded,analyst,approve,the analyst accepted the proposal,analysts,2026-08-12,,no
imports:3006.30.00.20:2011-12,3006.30.00.20,1,imports,201112,17763781.00,"Allergenics, prepared for parenteral administration",3006.30.00.90,"Diagnostic reagents, designed to be administered to the patient, nes",200201,202606,succeeded,official_record,decided,"named outright by Canada's ten-digit concordance, 2011 to 2012",,,,no
imports:3006.30.10.00:1997-12,3006.30.10.00,1,imports,199712,207390256.00,Opacifying preparations for X-ray examinations,3006.30.00.10,Opacifying preparations for X-ray examinations,199801,200112,succeeded,analyst,approve,the analyst accepted the proposal,analysts,2026-08-12,,no
imports:3006.30.91.00:1997-12,3006.30.91.00,1,imports,199712,8572971.00,Allergenics prepared for parenteral administration,3006.30.00.20,Allergenics prepared for parenteral administration,199801,200112,succeeded,analyst,approve,the analyst accepted the proposal,analysts,2026-08-12,,no
imports:3006.30.99.00:1997-12,3006.30.99.00,1,imports,199712,53976365.00,"Diagnostic reagents designed to be administered to the patient, nes",3006.30.00.90,"Diagnostic reagents designed to be administered to the patient, nes",199801,200112,succeeded,analyst,approve,the analyst accepted the proposal,analysts,2026-08-12,,no
imports:3006.40.00.20:2011-12,3006.40.00.20,1,imports,201112,32178939.00,"Points, for filling dental root canals",3006.40.00.90,"Other dental fillings, nes",201201,202606,succeeded,official_record,decided,"named outright by Canada's ten-digit concordance, 2011 to 2012",,,,no
imports:3006.40.00.30:2011-12,3006.40.00.30,1,imports,201112,18807739.00,"Dental fillings of composition metals, except those in powder or pellet form",3006.40.00.90,"Other dental fillings, nes",201201,202606,succeeded,official_record,decided,"named outright by Canada's ten-digit concordance, 2011 to 2012",,,,no
imports:3006.40.10.10:1997-12,3006.40.10.10,1,imports,199712,82885877.00,Dental cements and bone reconstruction cements,3006.40.00.10,Dental cements and bone reconstruction cements,199801,202606,succeeded,analyst,approve,the analyst accepted the proposal,analysts,2026-08-12,,no
imports:3006.40.10.20:1997-12,3006.40.10.20,1,imports,199712,12822836.00,Points for filling dental root canals,3006.40.00.20,Points for filling dental root canals,199801,200112,succeeded,analyst,approve,the analyst accepted the proposal,analysts,2026-08-12,,no
imports:3006.40.20.00:1997-12,3006.40.20.00,1,imports,199712,12771217.00,"Dental fillings of composition metals, except those in powder or pellet form",3006.40.00.30,"Dental fillings of composition metals, except those in powder or pellet form",199801,201112,succeeded,analyst,approve,the analyst accepted the proposal,analysts,2026-08-12,,no
imports:3006.40.90.00:1997-12,3006.40.90.00,1,imports,199712,83063425.00,"Dental fillings, nes",3006.40.00.90,"Dental fillings, nes",199801,201112,succeeded,analyst,approve,the analyst accepted the proposal,analysts,2026-08-12,,no
imports:3006.60.00.10:2016-12,3006.60.00.10,1,imports,201612,866902008.00,"Chem contraceptive prep,based on horm,o prod of 29.37/spermicides,in dosage,nes",3006.60.00.00,"Chem contraceptive preparations,based on hormones/o prod of No 29.37/spermicides",201701,202606,succeeded,official_record,decided,"named outright by Canada's ten-digit concordance, 2016 to 2017",,,,no
imports:3006.60.00.11:2011-11,3006.60.00.11,1,imports,201111,143242802.00,"Contraceptive prep, cont norethesterone acetate & ethinylestradiol, in dosage",3006.60.00.10,"Chem contraceptive prep,based on horm,o prod of 29.37/spermicides,in dosage,nes",201201,201612,succeeded,official_record,decided,"named outright by Canada's ten-digit concordance, 2011 to 2012",,,,no
imports:3006.60.00.19:2011-12,3006.60.00.19,1,imports,201112,1419821056.00,"Contraceptive prep, based on hormones,o prod of 29.37/spermicides,in dosage,nes",3006.60.00.10,"Chem contraceptive prep,based on horm,o prod of 29.37/spermicides,in dosage,nes",201201,201612,succeeded,official_record,decided,"named outright by Canada's ten-digit concordance, 2011 to 2012",,,,no
imports:3006.60.00.90:2016-12,3006.60.00.90,1,imports,201612,45460381.00,"Contraceptive prep, based on horm,on o prod of 29.37/spermicides,o/t in dos,nes",3006.60.00.00,"Chem contraceptive preparations,based on hormones/o prod of No 29.37/spermicides",201701,202606,succeeded,official_record,decided,"named outright by Canada's ten-digit concordance, 2016 to 2017",,,,no
imports:3006.80.11.00:2006-12,3006.80.11.00,1,imports,200612,177848.00,"Waste pharm,chem/biolog prep,incl kit w ancill mat f med diag;f insem anml semen",3006.92.00.00,"Waste pharmaceuticals, nes",200701,202606,succeeded,analyst,reject_named,the analyst rejected the proposal and named 3006.92.00.00 instead,analysts,2026-08-13,"Decided despite the DO NOT DECIDE verdict, and deliberately. The hold on this row is 'waiting on a document' and carries no stated reading; rows 227 and 230 in the same block spell out the reasoning behind it, that the subheading is gone and nothing left in the chapter shares the meaning, so the goods may have left Chapter 30. That is not so. Canada retired every 3006.80 line at the 2006 to 2007 boundary, 3006.80.11.00 and 3006.80.19.00 together with 3006.80.90.10 through .60, and created 3006.92.00.00, Waste pharmaceuticals, at the same boundary. It is written down in evidence/cbsa/sched_ch30_boundaries.csv, which this project already holds, so no external document is needed. The proposal is the live product line, 3006.70.10.00 at 0.8428, not the waste line. The description of a waste line embeds the product's own wording after the word Waste, so text similarity scores the product highest and leaves 3006.92.00.00 at rank 15 on 0.2667. Waste of a good is not the good.",no
imports:3006.80.19.00:2006-12,3006.80.19.00,1,imports,200612,168927.00,"Waste of gel prep f human/vet med as lub f pts of body f oper/examin,etc,nes",3006.92.00.00,"Waste pharmaceuticals, nes",200701,202606,succeeded,analyst,reject_named,the analyst rejected the proposal and named 3006.92.00.00 instead,analysts,2026-08-13,"Decided despite the DO NOT DECIDE verdict, and deliberately. The hold on this row is 'waiting on a document' and carries no stated reading; rows 227 and 230 in the same block spell out the reasoning behind it, that the subheading is gone and nothing left in the chapter shares the meaning, so the goods may have left Chapter 30. That is not so. Canada retired every 3006.80 line at the 2006 to 2007 boundary, 3006.80.11.00 and 3006.80.19.00 together with 3006.80.90.10 through .60, and created 3006.92.00.00, Waste pharmaceuticals, at the same boundary. It is written down in evidence/cbsa/sched_ch30_boundaries.csv, which this project already holds, so no external document is needed. The proposal is the live product line, 3006.70.90.00 at 0.8645, not the waste line. The description of a waste line embeds the product's own wording after the word Waste, so text similarity scores the product highest and leaves 3006.92.00.00 at rank 9 on 0.3564. Waste of a good is not the good.",no
imports:3006.80.90.10:2005-10,3006.80.90.10,1,imports,200510,53.00,Waste pharmaceuticals of the goods of heading 30.01,3006.92.00.00,"Waste pharmaceuticals, nes",200701,202606,succeeded,analyst,reject_named,the analyst rejected the proposal and named 3006.92.00.00 instead,analysts,2026-08-13,"The code was withdrawn, and its successor is the 2007 collapse of the block. Canada retired every line of 3006.80 at the 2006 to 2007 boundary, 3006.80.90.10 through .60 together with 3006.80.11.00 and 3006.80.19.00, and created 3006.92.00.00, Waste pharmaceuticals, at the same boundary. This code carries stated_termination 200612. The proposal, 3006.80.90.20, waste of heading 30.02, is a sibling withdrawn on the same day, so it can never have received the trade; it reached the sheet because the retirement was framed at the last trading month, 2005-10, when that sibling was still alive. The successor aggregates: the 2007 line does not record which heading the waste came from, so ten lines become one and that granularity ends here.",no
imports:3006.80.90.20:2005-11,3006.80.90.20,1,imports,200511,539.00,Waste pharmaceuticals of the goods of heading 30.02,3006.92.00.00,"Waste pharmaceuticals, nes",200701,202606,succeeded,analyst,reject_named,the analyst rejected the proposal and named 3006.92.00.00 instead,analysts,2026-08-13,"The code was withdrawn, and its successor is the 2007 collapse of the block. Canada retired every line of 3006.80 at the 2006 to 2007 boundary, 3006.80.90.10 through .60 together with 3006.80.11.00 and 3006.80.19.00, and created 3006.92.00.00, Waste pharmaceuticals, at the same boundary. This code carries stated_termination 200612. The proposal, 3006.80.90.50, waste of heading 30.05, is a sibling withdrawn on the same day, so it can never have received the trade; it reached the sheet because the retirement was framed at the last trading month, 2005-11, when that sibling was still alive. The successor aggregates: the 2007 line does not record which heading the waste came from, so ten lines become one and that granularity ends here.",no
imports:3006.80.90.30:2005-01,3006.80.90.30,1,imports,200501,7134.00,Waste pharmaceuticals of the goods of heading 30.03,3006.92.00.00,"Waste pharmaceuticals, nes",200701,202606,succeeded,analyst,reject_named,the analyst rejected the proposal and named 3006.92.00.00 instead,analysts,2026-08-13,"The code was withdrawn, and its successor is the 2007 collapse of the block. Canada retired every line of 3006.80 at the 2006 to 2007 boundary, 3006.80.90.10 through .60 together with 3006.80.11.00 and 3006.80.19.00, and created 3006.92.00.00, Waste pharmaceuticals, at the same boundary. This code carries stated_termination 200612. The proposal, 3006.80.90.10, waste of heading 30.01, is a sibling withdrawn on the same day, so it can never have received the trade; it reached the sheet because the retirement was framed at the last trading month, 2005-01, when that sibling was still alive. The successor aggregates: the 2007 line does not record which heading the waste came from, so ten lines become one and that granularity ends here.",no
imports:3006.80.90.41:2006-10,3006.80.90.41,1,imports,200610,171.00,Waste pharmaceuticals of the goods of subheadings 3004.10 to 3004.39,3006.92.00.00,"Waste pharmaceuticals, nes",200701,202606,succeeded,analyst,second,the analyst preferred the second alternative to the proposal,analysts,2026-08-12,,no
imports:3006.80.90.42:2006-04,3006.80.90.42,1,imports,200604,86732.00,Waste pharmaceuticals of the goods of subheadings 3004.40 or 3004.50,3006.92.00.00,"Waste pharmaceuticals, nes",200701,202606,succeeded,analyst,second,the analyst preferred the second alternative to the proposal,analysts,2026-08-12,,no
imports:3006.80.90.43:2005-08,3006.80.90.43,1,imports,200508,36718.00,Waste pharmaceuticals of the goods of subheading 3004.90,3006.92.00.00,"Waste pharmaceuticals, nes",200701,202606,succeeded,analyst,reject_named,the analyst rejected the proposal and named 3006.92.00.00 instead,analysts,2026-08-13,"The code was withdrawn, and its successor is the 2007 collapse of the block. Canada retired every line of 3006.80 at the 2006 to 2007 boundary, 3006.80.90.10 through .60 together with 3006.80.11.00 and 3006.80.19.00, and created 3006.92.00.00, Waste pharmaceuticals, at the same boundary. This code carries stated_termination 200612. The proposal, 3006.80.90.10, waste of heading 30.01, is a sibling withdrawn on the same day, so it can never have received the trade; it reached the sheet because the retirement was framed at the last trading month, 2005-08, when that sibling was still alive. The successor aggregates: the 2007 line does not record which heading the waste came from, so ten lines become one and that granularity ends here.",no
imports:3006.80.90.50:2006-12,3006.80.90.50,1,imports,200612,8220.00,Waste pharmaceuticals of the goods of heading 30.05,3006.92.00.00,"Waste pharmaceuticals, nes",200701,202606,succeeded,analyst,approve,the analyst accepted the proposal,analysts,2026-08-13,"Decided despite the DO NOT DECIDE verdict, and deliberately. The hold reads that the subheading is gone and nothing left in the chapter shares the meaning, so the goods may have left Chapter 30. That is not so. Canada retired every 3006.80 line at the 2006 to 2007 boundary, 3006.80.11.00 and 3006.80.19.00 together with 3006.80.90.10 through .60, and created 3006.92.00.00, Waste pharmaceuticals, at the same boundary. It is written down in evidence/cbsa/sched_ch30_boundaries.csv, which this project already holds, so no external document is needed. The proposal, 3006.92.00.00, is that line, and it is the ranker's first candidate at 0.6316. The successor aggregates, as on row 227.",no
imports:3006.80.90.60:2006-12,3006.80.90.60,1,imports,200612,259506.00,Waste pharmaceuticals of the goods of heading 30.06,3006.92.00.00,"Waste pharmaceuticals, nes",200701,202606,succeeded,analyst,approve,the analyst accepted the proposal,analysts,2026-08-13,"Decided despite the DO NOT DECIDE verdict, and deliberately. The hold reads that the subheading is gone and nothing left in the chapter shares the meaning, so the goods may have left Chapter 30. That is not so. Canada retired every 3006.80 line at the 2006 to 2007 boundary, 3006.80.11.00 and 3006.80.19.00 together with 3006.80.90.10 through .60, and created 3006.92.00.00, Waste pharmaceuticals, at the same boundary. It is written down in evidence/cbsa/sched_ch30_boundaries.csv, which this project already holds, so no external document is needed. The proposal, 3006.92.00.00, is that line, and it is the ranker's first candidate at 0.6316. The successor aggregates: the 2007 line does not record which heading the waste came from, so ten lines become one and that granularity ends here.",no
