record_id,span_id,flow,hs_code,description,first_period,last_period,value_cad,family_id,family_anchor_code,family_anchor_first_traded,family_size,family_commodities,family_display_number,family_codes
IMR-3001100010-198801,imports:3001.10.00.10:1988-01,imports,3001.10.00.10,"Animal glands, dried, powdered or not, for therapeutic uses",198801,200612,4534592,IM-3001100010-198801,3001.10.00.10,198801,4,4,1,3001.10.00.10;3001.10.00.90;3001.90.00.90;3001.90.90.00
IMR-3001100090-198801,imports:3001.10.00.90:1988-01,imports,3001.10.00.90,"Glands, nes, and other organs, dried, powdered or not, for therapeutic uses",198801,200612,6809180,IM-3001100010-198801,3001.10.00.10,198801,4,4,1,3001.10.00.10;3001.10.00.90;3001.90.00.90;3001.90.90.00
IMR-3001200000-198801,imports:3001.20.00.00:1988-01,imports,3001.20.00.00,"Extracts of glands or other organs or of their secretions, for therapeutic uses",198801,202606,111966598,IM-3001200000-198801,3001.20.00.00,198801,1,1,2,3001.20.00.00
IMR-3001900010-199801,imports:3001.90.00.10:1998-01,imports,3001.90.00.10,Heparin and its salts,199801,202606,663001548,IM-3001901000-198801,3001.90.10.00,198801,2,2,3,3001.90.00.10;3001.90.10.00
IMR-3001900020-199801,imports:3001.90.00.20:1998-01,imports,3001.90.00.20,"Bone, organs & o human/animal tissue, living/preserved,for grafting/implantation",199801,202606,713864638,IM-3001902000-198801,3001.90.20.00,198801,2,2,4,3001.90.00.20;3001.90.20.00
IMR-3001900090-199801,imports:3001.90.00.90:1998-01,imports,3001.90.00.90,"Other human or animal subs prepared for therapeutic or prophylactic uses, nes",199801,200112,15709092,IM-3001100010-198801,3001.10.00.10,198801,4,4,1,3001.10.00.10;3001.10.00.90;3001.90.00.90;3001.90.90.00
IMR-3001900090-200201,imports:3001.90.00.90:2002-01,imports,3001.90.00.90,"Heparin & its salts; human or animal substances for therap or prophltc uses, nes",200201,202606,393342344,IM-3001100010-198801,3001.10.00.10,198801,4,4,1,3001.10.00.10;3001.10.00.90;3001.90.00.90;3001.90.90.00
IMR-3001901000-198801,imports:3001.90.10.00:1988-01,imports,3001.90.10.00,Heparin and its salts,198801,199712,23789116,IM-3001901000-198801,3001.90.10.00,198801,2,2,3,3001.90.00.10;3001.90.10.00
IMR-3001902000-198801,imports:3001.90.20.00:1988-01,imports,3001.90.20.00,"Bone, organs & o human/animal tissue, living/preserved,for grafting/implantation",198801,199712,26959462,IM-3001902000-198801,3001.90.20.00,198801,2,2,4,3001.90.00.20;3001.90.20.00
IMR-3001909000-198801,imports:3001.90.90.00:1988-01,imports,3001.90.90.00,"Other human or animal subs prepared for therapeutic or prophylactic uses, nes",198801,199712,2825176,IM-3001100010-198801,3001.10.00.10,198801,4,4,1,3001.10.00.10;3001.10.00.90;3001.90.00.90;3001.90.90.00
IMR-3002100010-199801,imports:3002.10.00.10:1998-01,imports,3002.10.00.10,"Antisera & o blood fractions, human origin, for diagnostic use",199801,201612,3166447761,IM-3002101010-198801,3002.10.10.10,198801,3,3,5,3002.10.00.10;3002.10.10.10;3002.12.00.11
IMR-3002100021-199801,imports:3002.10.00.21:1998-01,imports,3002.10.00.21,"Blood plasma, for therapeutic or prophylactic use in humans",199801,201612,1761536873,IM-3002101021-198801,3002.10.10.21,198801,3,3,6,3002.10.00.21;3002.10.10.21;3002.12.00.12
IMR-3002100022-199801,imports:3002.10.00.22:1998-01,imports,3002.10.00.22,"Normal serum globulin, for therapeutic or prophylactic use in humans",199801,201612,2414301,IM-3002101022-198801,3002.10.10.22,198801,7,7,7,3002.10.00.22;3002.10.00.29;3002.10.00.30;3002.10.10.22;3002.10.10.29;3002.10.10.90;3002.12.00.19
IMR-3002100023-199801,imports:3002.10.00.23:1998-01,imports,3002.10.00.23,"Immune serum globulin, for therapeutic or prophylactic use in humans",199801,201612,1415737704,IM-3002101023-199001,3002.10.10.23,199001,3,3,79,3002.10.00.23;3002.10.10.23;3002.12.00.13
IMR-3002100029-199801,imports:3002.10.00.29:1998-01,imports,3002.10.00.29,"Antisera & o blood fract, human orig, therapeutic/prophylactic use in humans,nes",199801,201612,5754885877,IM-3002101022-198801,3002.10.10.22,198801,7,7,7,3002.10.00.22;3002.10.00.29;3002.10.00.30;3002.10.10.22;3002.10.10.29;3002.10.10.90;3002.12.00.19
IMR-3002100030-199801,imports:3002.10.00.30:1998-01,imports,3002.10.00.30,"Antisera & o blood fractions, of human origin, for other uses",199801,200112,123292770,IM-3002101022-198801,3002.10.10.22,198801,7,7,7,3002.10.00.22;3002.10.00.29;3002.10.00.30;3002.10.10.22;3002.10.10.29;3002.10.10.90;3002.12.00.19
IMR-3002100030-200201,imports:3002.10.00.30:2002-01,imports,3002.10.00.30,"Antisera and other blood fractions, of human origin, for other uses",200201,201612,977162690,IM-3002101022-198801,3002.10.10.22,198801,7,7,7,3002.10.00.22;3002.10.00.29;3002.10.00.30;3002.10.10.22;3002.10.10.29;3002.10.10.90;3002.12.00.19
IMR-3002100041-199801,imports:3002.10.00.41:1998-01,imports,3002.10.00.41,"Bovine albumin, for parenteral administration in humans",199801,201612,27309966,IM-3002102110-198801,3002.10.21.10,198801,9,9,8,3002.10.00.41;3002.10.00.42;3002.10.00.49;3002.10.00.51;3002.10.21.10;3002.10.21.20;3002.10.21.90;3002.10.29.10;3002.12.00.21
IMR-3002100042-199801,imports:3002.10.00.42:1998-01,imports,3002.10.00.42,"Sera and antisera, of animal origin, for parenteral administration in humans",199801,201612,70394543,IM-3002102110-198801,3002.10.21.10,198801,9,9,8,3002.10.00.41;3002.10.00.42;3002.10.00.49;3002.10.00.51;3002.10.21.10;3002.10.21.20;3002.10.21.90;3002.10.29.10;3002.12.00.21
IMR-3002100049-199801,imports:3002.10.00.49:1998-01,imports,3002.10.00.49,"Blood albumin nes, of animal origin, for parenteral administration in humans",199801,200112,23176990,IM-3002102110-198801,3002.10.21.10,198801,9,9,8,3002.10.00.41;3002.10.00.42;3002.10.00.49;3002.10.00.51;3002.10.21.10;3002.10.21.20;3002.10.21.90;3002.10.29.10;3002.12.00.21
IMR-3002100049-200201,imports:3002.10.00.49:2002-01,imports,3002.10.00.49,"Blood albumin, nes, of animal origin, for parenteral administration in humans",200201,201612,112444064,IM-3002102110-198801,3002.10.21.10,198801,9,9,8,3002.10.00.41;3002.10.00.42;3002.10.00.49;3002.10.00.51;3002.10.21.10;3002.10.21.20;3002.10.21.90;3002.10.29.10;3002.12.00.21
IMR-3002100051-199801,imports:3002.10.00.51:1998-01,imports,3002.10.00.51,"Blood fractions, nes, for use in humans",199801,201612,565555590,IM-3002102110-198801,3002.10.21.10,198801,9,9,8,3002.10.00.41;3002.10.00.42;3002.10.00.49;3002.10.00.51;3002.10.21.10;3002.10.21.20;3002.10.21.90;3002.10.29.10;3002.12.00.21
IMR-3002100059-199801,imports:3002.10.00.59:1998-01,imports,3002.10.00.59,"Blood fractions, nes",199801,201612,1723388665,IM-3002102920-198801,3002.10.29.20,198801,4,4,9,3002.10.00.59;3002.10.29.20;3002.10.29.90;3002.12.00.29
IMR-3002100060-200302,imports:3002.10.00.60:2003-02,imports,3002.10.00.60,Modified immunological products,200302,201112,1580200084,IM-3002901020-198801,3002.90.10.20,198801,13,13,14,3002.10.00.60;3002.10.00.90;3002.19.00.00;3002.90.00.20;3002.90.00.90;3002.90.00.91;3002.90.00.93;3002.90.00.99;3002.90.10.20;3002.90.10.30;3002.90.90.10;3002.90.90.30;3002.90.90.90
IMR-3002100090-201201,imports:3002.10.00.90:2012-01,imports,3002.10.00.90,"Antisera,o blood fract,immunological prod,w/n mod/obt biotechnological proc,nes",201201,201612,7588057599,IM-3002901020-198801,3002.90.10.20,198801,13,13,14,3002.10.00.60;3002.10.00.90;3002.19.00.00;3002.90.00.20;3002.90.00.90;3002.90.00.91;3002.90.00.93;3002.90.00.99;3002.90.10.20;3002.90.10.30;3002.90.90.10;3002.90.90.30;3002.90.90.90
IMR-3002101010-198801,imports:3002.10.10.10:1988-01,imports,3002.10.10.10,"Antisera & o blood fractions, human origin, for diagnostic use",198801,199712,101722161,IM-3002101010-198801,3002.10.10.10,198801,3,3,5,3002.10.00.10;3002.10.10.10;3002.12.00.11
IMR-3002101021-198801,imports:3002.10.10.21:1988-01,imports,3002.10.10.21,"Blood plasma, for therapeutic or prophylactic use in humans",198801,199712,80754016,IM-3002101021-198801,3002.10.10.21,198801,3,3,6,3002.10.00.21;3002.10.10.21;3002.12.00.12
IMR-3002101022-198801,imports:3002.10.10.22:1988-01,imports,3002.10.10.22,"Normal serum globulin, for therapeutic or prophylactic use in humans",198801,199712,19609749,IM-3002101022-198801,3002.10.10.22,198801,7,7,7,3002.10.00.22;3002.10.00.29;3002.10.00.30;3002.10.10.22;3002.10.10.29;3002.10.10.90;3002.12.00.19
IMR-3002101023-199001,imports:3002.10.10.23:1990-01,imports,3002.10.10.23,"Immune serum globulin, for therapeutic or prophylactic use in humans",199001,199712,24552889,IM-3002101023-199001,3002.10.10.23,199001,3,3,79,3002.10.00.23;3002.10.10.23;3002.12.00.13
IMR-3002101029-198801,imports:3002.10.10.29:1988-01,imports,3002.10.10.29,"Antisera & o blood fract, human orig, therapeutic/prophylactic use in humans,nes",198801,199712,377806210,IM-3002101022-198801,3002.10.10.22,198801,7,7,7,3002.10.00.22;3002.10.00.29;3002.10.00.30;3002.10.10.22;3002.10.10.29;3002.10.10.90;3002.12.00.19
IMR-3002101090-198801,imports:3002.10.10.90:1988-01,imports,3002.10.10.90,"Antisera & o blood fractions, of human origin, for other uses",198801,199712,70111731,IM-3002101022-198801,3002.10.10.22,198801,7,7,7,3002.10.00.22;3002.10.00.29;3002.10.00.30;3002.10.10.22;3002.10.10.29;3002.10.10.90;3002.12.00.19
IMR-3002102110-198801,imports:3002.10.21.10:1988-01,imports,3002.10.21.10,"Bovine albumin, for parenteral administration in humans",198801,199712,27900542,IM-3002102110-198801,3002.10.21.10,198801,9,9,8,3002.10.00.41;3002.10.00.42;3002.10.00.49;3002.10.00.51;3002.10.21.10;3002.10.21.20;3002.10.21.90;3002.10.29.10;3002.12.00.21
IMR-3002102120-198801,imports:3002.10.21.20:1988-01,imports,3002.10.21.20,"Sera and antisera, of animal origin, for parenteral administration in humans",198801,199712,34907173,IM-3002102110-198801,3002.10.21.10,198801,9,9,8,3002.10.00.41;3002.10.00.42;3002.10.00.49;3002.10.00.51;3002.10.21.10;3002.10.21.20;3002.10.21.90;3002.10.29.10;3002.12.00.21
IMR-3002102190-198801,imports:3002.10.21.90:1988-01,imports,3002.10.21.90,"Blood albumin nes, of animal origin, for parenteral administration in humans",198801,199712,40116460,IM-3002102110-198801,3002.10.21.10,198801,9,9,8,3002.10.00.41;3002.10.00.42;3002.10.00.49;3002.10.00.51;3002.10.21.10;3002.10.21.20;3002.10.21.90;3002.10.29.10;3002.12.00.21
IMR-3002102910-198801,imports:3002.10.29.10:1988-01,imports,3002.10.29.10,"Blood fractions, nes, for use in humans",198801,199712,955745,IM-3002102110-198801,3002.10.21.10,198801,9,9,8,3002.10.00.41;3002.10.00.42;3002.10.00.49;3002.10.00.51;3002.10.21.10;3002.10.21.20;3002.10.21.90;3002.10.29.10;3002.12.00.21
IMR-3002102920-198801,imports:3002.10.29.20:1988-01,imports,3002.10.29.20,"Blood fractions, nes, for use in animals",198801,199104,77143,IM-3002102920-198801,3002.10.29.20,198801,4,4,9,3002.10.00.59;3002.10.29.20;3002.10.29.90;3002.12.00.29
IMR-3002102990-198801,imports:3002.10.29.90:1988-01,imports,3002.10.29.90,"Blood fractions, nes",198801,199712,26422139,IM-3002102920-198801,3002.10.29.20,198801,4,4,9,3002.10.00.59;3002.10.29.20;3002.10.29.90;3002.12.00.29
IMR-3002110000-201701,imports:3002.11.00.00:2017-01,imports,3002.11.00.00,Malaria diagnostic test kits,201701,202112,3361952,IM-3002110000-201701,3002.11.00.00,201701,1,1,96,3002.11.00.00
IMR-3002120011-201701,imports:3002.12.00.11:2017-01,imports,3002.12.00.11,"Human antisera and other human blood fractions, for diagnostic use",201701,202606,1226814955,IM-3002101010-198801,3002.10.10.10,198801,3,3,5,3002.10.00.10;3002.10.10.10;3002.12.00.11
IMR-3002120012-201701,imports:3002.12.00.12:2017-01,imports,3002.12.00.12,"Human blood plasma, for therapeutic/prophylactic/other uses",201701,202606,1752188520,IM-3002101021-198801,3002.10.10.21,198801,3,3,6,3002.10.00.21;3002.10.10.21;3002.12.00.12
IMR-3002120013-201701,imports:3002.12.00.13:2017-01,imports,3002.12.00.13,"Human immune globulin, for therapeutic/prophylactic/other uses",201701,202606,1657163965,IM-3002101023-199001,3002.10.10.23,199001,3,3,79,3002.10.00.23;3002.10.10.23;3002.12.00.13
IMR-3002120019-201701,imports:3002.12.00.19:2017-01,imports,3002.12.00.19,"Human antisera and other human blood fractions, nes",201701,202606,3949707054,IM-3002101022-198801,3002.10.10.22,198801,7,7,7,3002.10.00.22;3002.10.00.29;3002.10.00.30;3002.10.10.22;3002.10.10.29;3002.10.10.90;3002.12.00.19
IMR-3002120021-201701,imports:3002.12.00.21:2017-01,imports,3002.12.00.21,"Animal antisera and other animal blood fractions, for use in humans",201701,202606,355082442,IM-3002102110-198801,3002.10.21.10,198801,9,9,8,3002.10.00.41;3002.10.00.42;3002.10.00.49;3002.10.00.51;3002.10.21.10;3002.10.21.20;3002.10.21.90;3002.10.29.10;3002.12.00.21
IMR-3002120029-201701,imports:3002.12.00.29:2017-01,imports,3002.12.00.29,"Animal antisera and other animal blood fractions, nes",201701,202606,801307060,IM-3002102920-198801,3002.10.29.20,198801,4,4,9,3002.10.00.59;3002.10.29.20;3002.10.29.90;3002.12.00.29
IMR-3002130000-201701,imports:3002.13.00.00:2017-01,imports,3002.13.00.00,"Immunological products, unmixed, not put up in measured doses/forms/packings frs",201701,202606,99000269,IM-3002130000-201701,3002.13.00.00,201701,1,1,97,3002.13.00.00
IMR-3002140000-201701,imports:3002.14.00.00:2017-01,imports,3002.14.00.00,"Immunological products,mixed,not put in measured doses/forms/packings f ret sale",201701,202606,111309709,IM-3002140000-201701,3002.14.00.00,201701,1,1,98,3002.14.00.00
IMR-3002150000-201701,imports:3002.15.00.00:2017-01,imports,3002.15.00.00,"Immunological products, put up in measured doses/forms/packings, for retail sale",201701,202606,43788994485,IM-3002150000-201701,3002.15.00.00,201701,1,1,99,3002.15.00.00
IMR-3002190000-201701,imports:3002.19.00.00:2017-01,imports,3002.19.00.00,"Immunological products, nes, w/n modified/obtained by biotechnological processes",201701,202112,1629159701,IM-3002901020-198801,3002.90.10.20,198801,13,13,14,3002.10.00.60;3002.10.00.90;3002.19.00.00;3002.90.00.20;3002.90.00.90;3002.90.00.91;3002.90.00.93;3002.90.00.99;3002.90.10.20;3002.90.10.30;3002.90.90.10;3002.90.90.30;3002.90.90.90
IMR-3002200010-198802,imports:3002.20.00.10:1988-02,imports,3002.20.00.10,"Vaccines against influenza virus, for human use",198802,202112,902421504,IM-3002200010-198802,3002.20.00.10,198802,2,2,75,3002.20.00.10;3002.41.00.10
IMR-3002200020-198801,imports:3002.20.00.20:1988-01,imports,3002.20.00.20,"Vaccines against rubella (german measles), for human use",198801,201112,5568753,IM-3002200020-198801,3002.20.00.20,198801,4,4,10,3002.20.00.20;3002.20.00.30;3002.20.00.90;3002.41.00.90
IMR-3002200030-198801,imports:3002.20.00.30:1988-01,imports,3002.20.00.30,"Vaccines against rabies, for human use",198801,201111,9012275,IM-3002200020-198801,3002.20.00.20,198801,4,4,10,3002.20.00.20;3002.20.00.30;3002.20.00.90;3002.41.00.90
IMR-3002200090-198801,imports:3002.20.00.90:1988-01,imports,3002.20.00.90,"Vaccines, nes, for human medicine",198801,202112,11076237268,IM-3002200020-198801,3002.20.00.20,198801,4,4,10,3002.20.00.20;3002.20.00.30;3002.20.00.90;3002.41.00.90
IMR-3002300010-199801,imports:3002.30.00.10:1998-01,imports,3002.30.00.10,Vacc agnst foot and mth disse; vacc prepr for parentl admin; bovi intrnsl vacc,199801,202112,803346426,IM-3002391000-198801,3002.39.10.00,198801,4,4,12,3002.30.00.10;3002.30.10.00;3002.39.10.00;3002.42.00.10
IMR-3002300090-199801,imports:3002.30.00.90:1998-01,imports,3002.30.00.90,"Vaccines, veterinary use, nes",199801,202112,925135646,IM-3002310000-198801,3002.31.00.00,198801,5,5,11,3002.30.00.90;3002.30.90.00;3002.31.00.00;3002.39.90.00;3002.42.00.90
IMR-3002301000-199601,imports:3002.30.10.00:1996-01,imports,3002.30.10.00,Vacc agnst foot and mth disse; vacc prepr for parentl admin; bovi intrnsl vacc,199601,199712,33376350,IM-3002391000-198801,3002.39.10.00,198801,4,4,12,3002.30.00.10;3002.30.10.00;3002.39.10.00;3002.42.00.10
IMR-3002309000-199601,imports:3002.30.90.00:1996-01,imports,3002.30.90.00,"Vaccines, veterinary use, nes",199601,199712,29624986,IM-3002310000-198801,3002.31.00.00,198801,5,5,11,3002.30.00.90;3002.30.90.00;3002.31.00.00;3002.39.90.00;3002.42.00.90
IMR-3002310000-198801,imports:3002.31.00.00:1988-01,imports,3002.31.00.00,"Vaccines against foot or mouth disease, veterinary use",198801,199507,671805,IM-3002310000-198801,3002.31.00.00,198801,5,5,11,3002.30.00.90;3002.30.90.00;3002.31.00.00;3002.39.90.00;3002.42.00.90
IMR-3002391000-198801,imports:3002.39.10.00:1988-01,imports,3002.39.10.00,"Vaccines nes, prepared for parenteral admin in animal; bovine intranasal vaccine",198801,199512,74686051,IM-3002391000-198801,3002.39.10.00,198801,4,4,12,3002.30.00.10;3002.30.10.00;3002.39.10.00;3002.42.00.10
IMR-3002399000-198801,imports:3002.39.90.00:1988-01,imports,3002.39.90.00,"Vaccines, veterinary use, nes",198801,199512,71013102,IM-3002310000-198801,3002.31.00.00,198801,5,5,11,3002.30.00.90;3002.30.90.00;3002.31.00.00;3002.39.90.00;3002.42.00.90
IMR-3002410010-202201,imports:3002.41.00.10:2022-01,imports,3002.41.00.10,"Vaccines, for against influenza virus, human medicine",202201,202606,492721832,IM-3002200010-198802,3002.20.00.10,198802,2,2,75,3002.20.00.10;3002.41.00.10
IMR-3002410090-202201,imports:3002.41.00.90:2022-01,imports,3002.41.00.90,"Vaccines, o/t for against influenza virus, human medicine, nes",202201,202606,7994253527,IM-3002200020-198801,3002.20.00.20,198801,4,4,10,3002.20.00.20;3002.20.00.30;3002.20.00.90;3002.41.00.90
IMR-3002420010-202201,imports:3002.42.00.10:2022-01,imports,3002.42.00.10,Vaccines agnst foot and mth disse;vacc prepr for parentl admin;bovi intrnsl vacc,202201,202606,185622920,IM-3002391000-198801,3002.39.10.00,198801,4,4,12,3002.30.00.10;3002.30.10.00;3002.39.10.00;3002.42.00.10
IMR-3002420090-202201,imports:3002.42.00.90:2022-01,imports,3002.42.00.90,"Vaccines, veterinary use, nes",202201,202606,427200979,IM-3002310000-198801,3002.31.00.00,198801,5,5,11,3002.30.00.90;3002.30.90.00;3002.31.00.00;3002.39.90.00;3002.42.00.90
IMR-3002490010-202201,imports:3002.49.00.10:2022-01,imports,3002.49.00.10,"Cultures, of micro-organisms (excluding yeasts) and similar products",202201,202606,285149673,IM-3002900050-201701,3002.90.00.50,201701,2,2,100,3002.49.00.10;3002.90.00.50
IMR-3002490020-202201,imports:3002.49.00.20:2022-01,imports,3002.49.00.20,Toxins and similar products,202201,202606,836054441,IM-3002901010-198801,3002.90.10.10,198801,8,8,13,3002.49.00.20;3002.90.00.10;3002.90.00.11;3002.90.00.12;3002.90.00.19;3002.90.10.10;3002.90.10.11;3002.90.10.19
IMR-3002490090-202201,imports:3002.49.00.90:2022-01,imports,3002.49.00.90,"Vaccines,toxins,cultures of micro-organisms (excl yeasts) & similar products,nes",202201,202606,405195810,IM-3002490090-202201,3002.49.00.90,202201,1,1,109,3002.49.00.90
IMR-3002510000-202201,imports:3002.51.00.00:2022-01,imports,3002.51.00.00,"Cell therapy products, whether or not modified",202201,202606,482025290,IM-3002510000-202201,3002.51.00.00,202201,1,1,110,3002.51.00.00
IMR-3002590000-202201,imports:3002.59.00.00:2022-01,imports,3002.59.00.00,"Cell cultures, whether or not modified, nes",202201,202606,41094630,IM-3002590000-202201,3002.59.00.00,202201,1,1,111,3002.59.00.00
IMR-3002900010-201701,imports:3002.90.00.10:2017-01,imports,3002.90.00.10,"Toxins, toxoids, antitoxins, viruses, bacteriophage and bacterial lysates",201701,202112,825580243,IM-3002901010-198801,3002.90.10.10,198801,8,8,13,3002.49.00.20;3002.90.00.10;3002.90.00.11;3002.90.00.12;3002.90.00.19;3002.90.10.10;3002.90.10.11;3002.90.10.19
IMR-3002900011-199801,imports:3002.90.00.11:1998-01,imports,3002.90.00.11,Ricin,199801,201609,74680,IM-3002901010-198801,3002.90.10.10,198801,8,8,13,3002.49.00.20;3002.90.00.10;3002.90.00.11;3002.90.00.12;3002.90.00.19;3002.90.10.10;3002.90.10.11;3002.90.10.19
IMR-3002900012-200003,imports:3002.90.00.12:2000-03,imports,3002.90.00.12,Saxitoxin,200003,201610,578,IM-3002901010-198801,3002.90.10.10,198801,8,8,13,3002.49.00.20;3002.90.00.10;3002.90.00.11;3002.90.00.12;3002.90.00.19;3002.90.10.10;3002.90.10.11;3002.90.10.19
IMR-3002900019-199801,imports:3002.90.00.19:1998-01,imports,3002.90.00.19,"Toxins, toxoids, antitoxins, viruses, bacteriophage and bacterial lysates, nes",199801,201612,836383694,IM-3002901010-198801,3002.90.10.10,198801,8,8,13,3002.49.00.20;3002.90.00.10;3002.90.00.11;3002.90.00.12;3002.90.00.19;3002.90.10.10;3002.90.10.11;3002.90.10.19
IMR-3002900020-199801,imports:3002.90.00.20:1998-01,imports,3002.90.00.20,Butter-making ferment cultures,199801,201612,17636239,IM-3002901020-198801,3002.90.10.20,198801,13,13,14,3002.10.00.60;3002.10.00.90;3002.19.00.00;3002.90.00.20;3002.90.00.90;3002.90.00.91;3002.90.00.93;3002.90.00.99;3002.90.10.20;3002.90.10.30;3002.90.90.10;3002.90.90.30;3002.90.90.90
IMR-3002900020-202201,imports:3002.90.00.20:2022-01,imports,3002.90.00.20,"Toxoids, antitoxins, viruses, bacteriophage and bacterial lysates",202201,202606,58562872,IM-3002900020-202201,3002.90.00.20,202201,1,1,112,3002.90.00.20
IMR-3002900030-199802,imports:3002.90.00.30:1998-02,imports,3002.90.00.30,Dried blood of animal origin,199802,202606,11502070,IM-3002901040-198801,3002.90.10.40,198801,2,2,15,3002.90.00.30;3002.90.10.40
IMR-3002900040-201701,imports:3002.90.00.40:2017-01,imports,3002.90.00.40,Whole human blood,201701,202606,38243147,IM-3002909020-199104,3002.90.90.20,199104,3,3,90,3002.90.00.40;3002.90.00.92;3002.90.90.20
IMR-3002900050-201701,imports:3002.90.00.50:2017-01,imports,3002.90.00.50,Micro-organisms cultures,201701,202112,257772832,IM-3002900050-201701,3002.90.00.50,201701,2,2,100,3002.49.00.10;3002.90.00.50
IMR-3002900090-201701,imports:3002.90.00.90:2017-01,imports,3002.90.00.90,"Human blood;animal blood for therap/prophltc/diagnostic uses;toxins,sim prod,nes",201701,202112,1318018738,IM-3002901020-198801,3002.90.10.20,198801,13,13,14,3002.10.00.60;3002.10.00.90;3002.19.00.00;3002.90.00.20;3002.90.00.90;3002.90.00.91;3002.90.00.93;3002.90.00.99;3002.90.10.20;3002.90.10.30;3002.90.90.10;3002.90.90.30;3002.90.90.90
IMR-3002900090-202201,imports:3002.90.00.90:2022-01,imports,3002.90.00.90,"Human blood;animal blood therap/diag,etc;antisera,etc;vaccines,etc;cell cult,nes",202201,202606,1408359842,IM-3002901020-198801,3002.90.10.20,198801,13,13,14,3002.10.00.60;3002.10.00.90;3002.19.00.00;3002.90.00.20;3002.90.00.90;3002.90.00.91;3002.90.00.93;3002.90.00.99;3002.90.10.20;3002.90.10.30;3002.90.90.10;3002.90.90.30;3002.90.90.90
IMR-3002900091-199801,imports:3002.90.00.91:1998-01,imports,3002.90.00.91,Bacteria culture inoculants for seeds,199801,200112,29476563,IM-3002901020-198801,3002.90.10.20,198801,13,13,14,3002.10.00.60;3002.10.00.90;3002.19.00.00;3002.90.00.20;3002.90.00.90;3002.90.00.91;3002.90.00.93;3002.90.00.99;3002.90.10.20;3002.90.10.30;3002.90.90.10;3002.90.90.30;3002.90.90.90
IMR-3002900091-200201,imports:3002.90.00.91:2002-01,imports,3002.90.00.91,"Bacteria culture inoculants, for seeds",200201,201612,125889873,IM-3002901020-198801,3002.90.10.20,198801,13,13,14,3002.10.00.60;3002.10.00.90;3002.19.00.00;3002.90.00.20;3002.90.00.90;3002.90.00.91;3002.90.00.93;3002.90.00.99;3002.90.10.20;3002.90.10.30;3002.90.90.10;3002.90.90.30;3002.90.90.90
IMR-3002900092-199801,imports:3002.90.00.92:1998-01,imports,3002.90.00.92,Whole human blood,199801,201612,15524973,IM-3002909020-199104,3002.90.90.20,199104,3,3,90,3002.90.00.40;3002.90.00.92;3002.90.90.20
IMR-3002900093-199802,imports:3002.90.00.93:1998-02,imports,3002.90.00.93,Antiallergenic preparations of microbial origin,199802,201612,1530127,IM-3002901020-198801,3002.90.10.20,198801,13,13,14,3002.10.00.60;3002.10.00.90;3002.19.00.00;3002.90.00.20;3002.90.00.90;3002.90.00.91;3002.90.00.93;3002.90.00.99;3002.90.10.20;3002.90.10.30;3002.90.90.10;3002.90.90.30;3002.90.90.90
IMR-3002900099-199801,imports:3002.90.00.99:1998-01,imports,3002.90.00.99,"Human blood, animal blood for therap, prophltc or diag uses, microbial prep, nes",199801,201112,326394960,IM-3002901020-198801,3002.90.10.20,198801,13,13,14,3002.10.00.60;3002.10.00.90;3002.19.00.00;3002.90.00.20;3002.90.00.90;3002.90.00.91;3002.90.00.93;3002.90.00.99;3002.90.10.20;3002.90.10.30;3002.90.90.10;3002.90.90.30;3002.90.90.90
IMR-3002900099-201201,imports:3002.90.00.99:2012-01,imports,3002.90.00.99,"Human blood;anml blood therap/prophltc/diag uses;toxins,micro-organisms cult,nes",201201,201612,358730842,IM-3002901020-198801,3002.90.10.20,198801,13,13,14,3002.10.00.60;3002.10.00.90;3002.19.00.00;3002.90.00.20;3002.90.00.90;3002.90.00.91;3002.90.00.93;3002.90.00.99;3002.90.10.20;3002.90.10.30;3002.90.90.10;3002.90.90.30;3002.90.90.90
IMR-3002901010-198801,imports:3002.90.10.10:1988-01,imports,3002.90.10.10,"Toxins, toxoids, antitoxins, viruses, bacteriophage and bacterial lysates",198801,199612,17090674,IM-3002901010-198801,3002.90.10.10,198801,8,8,13,3002.49.00.20;3002.90.00.10;3002.90.00.11;3002.90.00.12;3002.90.00.19;3002.90.10.10;3002.90.10.11;3002.90.10.19
IMR-3002901011-199701,imports:3002.90.10.11:1997-01,imports,3002.90.10.11,Ricin,199701,199712,33472,IM-3002901010-198801,3002.90.10.10,198801,8,8,13,3002.49.00.20;3002.90.00.10;3002.90.00.11;3002.90.00.12;3002.90.00.19;3002.90.10.10;3002.90.10.11;3002.90.10.19
IMR-3002901019-199701,imports:3002.90.10.19:1997-01,imports,3002.90.10.19,"Toxins, toxoids, antitoxins, viruses, bacteriophage and bacterial lysates, nes",199701,199712,6387863,IM-3002901010-198801,3002.90.10.10,198801,8,8,13,3002.49.00.20;3002.90.00.10;3002.90.00.11;3002.90.00.12;3002.90.00.19;3002.90.10.10;3002.90.10.11;3002.90.10.19
IMR-3002901020-198801,imports:3002.90.10.20:1988-01,imports,3002.90.10.20,Ferment cultures,198801,199712,17995840,IM-3002901020-198801,3002.90.10.20,198801,13,13,14,3002.10.00.60;3002.10.00.90;3002.19.00.00;3002.90.00.20;3002.90.00.90;3002.90.00.91;3002.90.00.93;3002.90.00.99;3002.90.10.20;3002.90.10.30;3002.90.90.10;3002.90.90.30;3002.90.90.90
IMR-3002901030-198801,imports:3002.90.10.30:1988-01,imports,3002.90.10.30,Dried blood of human origin,198801,199712,5096986,IM-3002901020-198801,3002.90.10.20,198801,13,13,14,3002.10.00.60;3002.10.00.90;3002.19.00.00;3002.90.00.20;3002.90.00.90;3002.90.00.91;3002.90.00.93;3002.90.00.99;3002.90.10.20;3002.90.10.30;3002.90.90.10;3002.90.90.30;3002.90.90.90
IMR-3002901040-198801,imports:3002.90.10.40:1988-01,imports,3002.90.10.40,Dried blood of animal origin,198801,199712,2070092,IM-3002901040-198801,3002.90.10.40,198801,2,2,15,3002.90.00.30;3002.90.10.40
IMR-3002909010-198801,imports:3002.90.90.10:1988-01,imports,3002.90.90.10,Bacteria culture inoculants for seeds,198801,199712,30779871,IM-3002901020-198801,3002.90.10.20,198801,13,13,14,3002.10.00.60;3002.10.00.90;3002.19.00.00;3002.90.00.20;3002.90.00.90;3002.90.00.91;3002.90.00.93;3002.90.00.99;3002.90.10.20;3002.90.10.30;3002.90.90.10;3002.90.90.30;3002.90.90.90
IMR-3002909020-199104,imports:3002.90.90.20:1991-04,imports,3002.90.90.20,Whole human blood,199104,199706,1607419,IM-3002909020-199104,3002.90.90.20,199104,3,3,90,3002.90.00.40;3002.90.00.92;3002.90.90.20
IMR-3002909030-199004,imports:3002.90.90.30:1990-04,imports,3002.90.90.30,Antiallergenic preparations of microbial origin,199004,199709,96578,IM-3002901020-198801,3002.90.10.20,198801,13,13,14,3002.10.00.60;3002.10.00.90;3002.19.00.00;3002.90.00.20;3002.90.00.90;3002.90.00.91;3002.90.00.93;3002.90.00.99;3002.90.10.20;3002.90.10.30;3002.90.90.10;3002.90.90.30;3002.90.90.90
IMR-3002909090-198801,imports:3002.90.90.90:1988-01,imports,3002.90.90.90,"Human blood, animal blood for therap, prophltc or diag uses, microbial prep, nes",198801,199712,69506433,IM-3002901020-198801,3002.90.10.20,198801,13,13,14,3002.10.00.60;3002.10.00.90;3002.19.00.00;3002.90.00.20;3002.90.00.90;3002.90.00.91;3002.90.00.93;3002.90.00.99;3002.90.10.20;3002.90.10.30;3002.90.90.10;3002.90.90.30;3002.90.90.90
IMR-3003100000-198801,imports:3003.10.00.00:1988-01,imports,3003.10.00.00,"Penicillins or streptomycins & their derivatives, formulated, in bulk",198801,200112,3446348,IM-3003100000-198801,3003.10.00.00,198801,1,1,16,3003.10.00.00
IMR-3003100000-200201,imports:3003.10.00.00:2002-01,imports,3003.10.00.00,"Medi,cont penicillins/deriv w penicillanic acid struct, streptomycins/deriv,nfrs",200201,202606,14725386,IM-3003100000-198801,3003.10.00.00,198801,1,1,16,3003.10.00.00
IMR-3003200000-198801,imports:3003.20.00.00:1988-01,imports,3003.20.00.00,"Antibiotics, nes, formulated, in bulk",198801,200112,63884112,IM-3003200000-198801,3003.20.00.00,198801,1,1,17,3003.20.00.00
IMR-3003200000-200201,imports:3003.20.00.00:2002-01,imports,3003.20.00.00,"Medicaments,cont antibiotics,nes,mix,for therap/prophltc,nfrs,o/t No 30.02/05/06",200201,202606,2760595833,IM-3003200000-198801,3003.20.00.00,198801,1,1,17,3003.20.00.00
IMR-3003310000-201201,imports:3003.31.00.00:2012-01,imports,3003.31.00.00,"Medicaments,cont insulin,mixed,not in doses/forms/pack/frs,o/t No 30.02/05/06",201201,202603,2797436,IM-3003319900-198801,3003.31.99.00,198801,6,6,18,3003.31.00.00;3003.31.00.10;3003.31.00.90;3003.31.10.00;3003.31.91.00;3003.31.99.00
IMR-3003310010-199802,imports:3003.31.00.10:1998-02,imports,3003.31.00.10,"Insulin, prepared for parenteral administration in humans, in bulk",199802,201108,77748,IM-3003319900-198801,3003.31.99.00,198801,6,6,18,3003.31.00.00;3003.31.00.10;3003.31.00.90;3003.31.10.00;3003.31.91.00;3003.31.99.00
IMR-3003310090-199801,imports:3003.31.00.90:1998-01,imports,3003.31.00.90,"Insulin, formulated, in bulk, nes",199801,201112,5331921,IM-3003319900-198801,3003.31.99.00,198801,6,6,18,3003.31.00.00;3003.31.00.10;3003.31.00.90;3003.31.10.00;3003.31.91.00;3003.31.99.00
IMR-3003311000-198803,imports:3003.31.10.00:1988-03,imports,3003.31.10.00,"Insulin, prepared for parenteral administration in humans, in bulk",198803,199710,4350765,IM-3003319900-198801,3003.31.99.00,198801,6,6,18,3003.31.00.00;3003.31.00.10;3003.31.00.90;3003.31.10.00;3003.31.91.00;3003.31.99.00
IMR-3003319100-198802,imports:3003.31.91.00:1988-02,imports,3003.31.91.00,"Insulin, cont more than 23% of absolute ethyl alcohol by volume, in bulk",198802,199005,129843,IM-3003319900-198801,3003.31.99.00,198801,6,6,18,3003.31.00.00;3003.31.00.10;3003.31.00.90;3003.31.10.00;3003.31.91.00;3003.31.99.00
IMR-3003319900-198801,imports:3003.31.99.00:1988-01,imports,3003.31.99.00,"Insulin, formulated, in bulk, nes",198801,199712,3974845,IM-3003319900-198801,3003.31.99.00,198801,6,6,18,3003.31.00.00;3003.31.00.10;3003.31.00.90;3003.31.10.00;3003.31.91.00;3003.31.99.00
IMR-3003390000-201201,imports:3003.39.00.00:2012-01,imports,3003.39.00.00,"Medi,cont horm/prostaglandins/thromboxanes/leukotrienes/deriv/analogues,nes,nfrs",201201,202606,148260150,IM-3003391000-198801,3003.39.10.00,198801,6,6,19,3003.39.00.00;3003.39.00.10;3003.39.00.90;3003.39.10.00;3003.39.91.00;3003.39.99.00
IMR-3003390010-199801,imports:3003.39.00.10:1998-01,imports,3003.39.00.10,"Epinephrine & its solutions, prepared for parenteral admin in humans, in bulk",199801,200110,1416380,IM-3003391000-198801,3003.39.10.00,198801,6,6,19,3003.39.00.00;3003.39.00.10;3003.39.00.90;3003.39.10.00;3003.39.91.00;3003.39.99.00
IMR-3003390010-200201,imports:3003.39.00.10:2002-01,imports,3003.39.00.10,"Epinephrine and its solutions, prepared for parenteral admin in humans, in bulk",200201,201112,2746002,IM-3003391000-198801,3003.39.10.00,198801,6,6,19,3003.39.00.00;3003.39.00.10;3003.39.00.90;3003.39.10.00;3003.39.91.00;3003.39.99.00
IMR-3003390090-199801,imports:3003.39.00.90:1998-01,imports,3003.39.00.90,"Hormones, nes, not containing antibiotics, in bulk, o/t contraceptives",199801,201112,151533683,IM-3003391000-198801,3003.39.10.00,198801,6,6,19,3003.39.00.00;3003.39.00.10;3003.39.00.90;3003.39.10.00;3003.39.91.00;3003.39.99.00
IMR-3003391000-198801,imports:3003.39.10.00:1988-01,imports,3003.39.10.00,"Epinephrine & its solutions, prepared for parenteral admin in humans, in bulk",198801,199712,724092,IM-3003391000-198801,3003.39.10.00,198801,6,6,19,3003.39.00.00;3003.39.00.10;3003.39.00.90;3003.39.10.00;3003.39.91.00;3003.39.99.00
IMR-3003399100-198801,imports:3003.39.91.00:1988-01,imports,3003.39.91.00,"Hormones, containing more than 23% of absolute ethyl alcohol by volume, in bulk",198801,199707,10184,IM-3003391000-198801,3003.39.10.00,198801,6,6,19,3003.39.00.00;3003.39.00.10;3003.39.00.90;3003.39.10.00;3003.39.91.00;3003.39.99.00
IMR-3003399900-198801,imports:3003.39.99.00:1988-01,imports,3003.39.99.00,"Hormones, nes, not cont antibiotics, in bulk, o/t contraceptives",198801,199712,41099945,IM-3003391000-198801,3003.39.10.00,198801,6,6,19,3003.39.00.00;3003.39.00.10;3003.39.00.90;3003.39.10.00;3003.39.91.00;3003.39.99.00
IMR-3003400000-199801,imports:3003.40.00.00:1998-01,imports,3003.40.00.00,"Alkaloids or their derivs, formulated, not cont antibiotics/hormones, in bulk",199801,201612,112415829,IM-3003409000-198802,3003.40.90.00,198802,4,4,76,3003.40.00.00;3003.40.10.00;3003.40.90.00;3003.49.00.00
IMR-3003401000-199203,imports:3003.40.10.00:1992-03,imports,3003.40.10.00,"Alkaloids or their derivs, cont more than 23% of absol ethyl alc by vol, in bulk",199203,199308,12838,IM-3003409000-198802,3003.40.90.00,198802,4,4,76,3003.40.00.00;3003.40.10.00;3003.40.90.00;3003.49.00.00
IMR-3003409000-198802,imports:3003.40.90.00:1988-02,imports,3003.40.90.00,"Alkaloids or their derivs, formltd, not cont antibiotics or horm, in bulk, nes",198802,199712,3954586,IM-3003409000-198802,3003.40.90.00,198802,4,4,76,3003.40.00.00;3003.40.10.00;3003.40.90.00;3003.49.00.00
IMR-3003410000-201706,imports:3003.41.00.00:2017-06,imports,3003.41.00.00,"Medicaments,cont ephedrin/salts,mix,therap/prophltc uses,nfrs,o/t No 30.02/05/06",201706,202605,14190,IM-3003410000-201706,3003.41.00.00,201706,1,1,106,3003.41.00.00
IMR-3003420000-202209,imports:3003.42.00.00:2022-09,imports,3003.42.00.00,"Medicaments,cont pseudoephedrine/sa,mix,therap/prophltc,nfrs,o/t No 30.02/05/06",202209,202401,193,IM-3003420000-202209,3003.42.00.00,202209,1,1,118,3003.42.00.00
IMR-3003430000-201701,imports:3003.43.00.00:2017-01,imports,3003.43.00.00,"Medicaments,cont norephedrine/salts,mix,therap/prophltc,nfrs,o/t No 30.02/05/06",201701,202506,21630,IM-3003430000-201701,3003.43.00.00,201701,1,1,101,3003.43.00.00
IMR-3003490000-201701,imports:3003.49.00.00:2017-01,imports,3003.49.00.00,"Medi,cont alkaloids/deriv t/o,nes,mix,f therap/prophltc,nfrs,o/t No 30.02/05/06",201701,202606,9095501,IM-3003409000-198802,3003.40.90.00,198802,4,4,76,3003.40.00.00;3003.40.10.00;3003.40.90.00;3003.49.00.00
IMR-3003600000-201701,imports:3003.60.00.00:2017-01,imports,3003.60.00.00,"Medicaments,cont antimalarial active principles,mixed,nfrs,o/t No 30.02/05/06",201701,202508,786374,IM-3003600000-201701,3003.60.00.00,201701,1,1,102,3003.60.00.00
IMR-3003900010-199801,imports:3003.90.00.10:1998-01,imports,3003.90.00.10,"Fractioned soya oil emulsions, prepr for parenteral admin; mx of amino acids,etc",199801,201112,8239452,IM-3003901000-198801,3003.90.10.00,198801,8,8,20,3003.90.00.10;3003.90.00.20;3003.90.00.90;3003.90.00.99;3003.90.10.00;3003.90.91.00;3003.90.99.00;3003.90.99.90
IMR-3003900020-199801,imports:3003.90.00.20:1998-01,imports,3003.90.00.20,"Medicaments, nes, cont more than 23% of absolute ethyl alcohol by volume,in bulk",199801,201112,1506308,IM-3003901000-198801,3003.90.10.00,198801,8,8,20,3003.90.00.10;3003.90.00.20;3003.90.00.90;3003.90.00.99;3003.90.10.00;3003.90.91.00;3003.90.99.00;3003.90.99.90
IMR-3003900030-201201,imports:3003.90.00.30:2012-01,imports,3003.90.00.30,"Medicaments containing acetaminophen, in bulk",201201,201612,57511105,IM-3003909910-199501,3003.90.99.10,199501,3,3,91,3003.90.00.30;3003.90.00.91;3003.90.99.10
IMR-3003900030-201701,imports:3003.90.00.30:2017-01,imports,3003.90.00.30,"Medicaments,cont acetaminophen,mix,therap/prophltc uses,nfrs,o/t No 30.02/05/06",201701,202606,175882306,IM-3003909910-199501,3003.90.99.10,199501,3,3,91,3003.90.00.30;3003.90.00.91;3003.90.99.10
IMR-3003900090-201201,imports:3003.90.00.90:2012-01,imports,3003.90.00.90,"Other medicaments, formulated, in bulk, nes",201201,201612,433963937,IM-3003901000-198801,3003.90.10.00,198801,8,8,20,3003.90.00.10;3003.90.00.20;3003.90.00.90;3003.90.00.99;3003.90.10.00;3003.90.91.00;3003.90.99.00;3003.90.99.90
IMR-3003900090-201701,imports:3003.90.00.90:2017-01,imports,3003.90.00.90,"Medicaments, nes,mix,therap/prophltc uses,not for retail sale,o/t No 30.02/05/06",201701,202606,7487074058,IM-3003901000-198801,3003.90.10.00,198801,8,8,20,3003.90.00.10;3003.90.00.20;3003.90.00.90;3003.90.00.99;3003.90.10.00;3003.90.91.00;3003.90.99.00;3003.90.99.90
IMR-3003900091-199801,imports:3003.90.00.91:1998-01,imports,3003.90.00.91,"Medicaments containing acetaminophen, in bulk",199801,201112,71952532,IM-3003909910-199501,3003.90.99.10,199501,3,3,91,3003.90.00.30;3003.90.00.91;3003.90.99.10
IMR-3003900099-199801,imports:3003.90.00.99:1998-01,imports,3003.90.00.99,"Medicaments nes, formulated, in bulk",199801,200112,496132471,IM-3003901000-198801,3003.90.10.00,198801,8,8,20,3003.90.00.10;3003.90.00.20;3003.90.00.90;3003.90.00.99;3003.90.10.00;3003.90.91.00;3003.90.99.00;3003.90.99.90
IMR-3003900099-200201,imports:3003.90.00.99:2002-01,imports,3003.90.00.99,"Medicaments, nes, formulated, in bulk",200201,201112,1197982533,IM-3003901000-198801,3003.90.10.00,198801,8,8,20,3003.90.00.10;3003.90.00.20;3003.90.00.90;3003.90.00.99;3003.90.10.00;3003.90.91.00;3003.90.99.00;3003.90.99.90
IMR-3003901000-198801,imports:3003.90.10.00:1988-01,imports,3003.90.10.00,"Fractioned soya oil emulsions, prepr for parenteral admin; mx of amino acids,etc",198801,199712,11827021,IM-3003901000-198801,3003.90.10.00,198801,8,8,20,3003.90.00.10;3003.90.00.20;3003.90.00.90;3003.90.00.99;3003.90.10.00;3003.90.91.00;3003.90.99.00;3003.90.99.90
IMR-3003909100-198801,imports:3003.90.91.00:1988-01,imports,3003.90.91.00,"Medicaments, nes, cont more than 23% of absolute ethyl alcohol by volume,in bulk",198801,199712,621683,IM-3003901000-198801,3003.90.10.00,198801,8,8,20,3003.90.00.10;3003.90.00.20;3003.90.00.90;3003.90.00.99;3003.90.10.00;3003.90.91.00;3003.90.99.00;3003.90.99.90
IMR-3003909900-198801,imports:3003.90.99.00:1988-01,imports,3003.90.99.00,"Medicaments, nes, formulated, in bulk",198801,199412,158198908,IM-3003901000-198801,3003.90.10.00,198801,8,8,20,3003.90.00.10;3003.90.00.20;3003.90.00.90;3003.90.00.99;3003.90.10.00;3003.90.91.00;3003.90.99.00;3003.90.99.90
IMR-3003909910-199501,imports:3003.90.99.10:1995-01,imports,3003.90.99.10,"Medicaments containing acetaminophen, in bulk",199501,199712,10818930,IM-3003909910-199501,3003.90.99.10,199501,3,3,91,3003.90.00.30;3003.90.00.91;3003.90.99.10
IMR-3003909990-199501,imports:3003.90.99.90:1995-01,imports,3003.90.99.90,"Medicaments nes, formulated, in bulk",199501,199712,229173341,IM-3003901000-198801,3003.90.10.00,198801,8,8,20,3003.90.00.10;3003.90.00.20;3003.90.00.90;3003.90.00.99;3003.90.10.00;3003.90.91.00;3003.90.99.00;3003.90.99.90
IMR-3004100010-201201,imports:3004.10.00.10:2012-01,imports,3004.10.00.10,"Medicaments,cont penicillins/their derivatives, for human use, in doses/pack frs",201201,202606,478985909,IM-3004100011-198801,3004.10.00.11,198801,7,7,21,3004.10.00.10;3004.10.00.11;3004.10.00.12;3004.10.00.13;3004.10.00.14;3004.10.00.19;3004.10.00.20
IMR-3004100011-198801,imports:3004.10.00.11:1988-01,imports,3004.10.00.11,"Penicillin G sodium for human use, in dosage",198801,200112,4842552,IM-3004100011-198801,3004.10.00.11,198801,7,7,21,3004.10.00.10;3004.10.00.11;3004.10.00.12;3004.10.00.13;3004.10.00.14;3004.10.00.19;3004.10.00.20
IMR-3004100011-200208,imports:3004.10.00.11:2002-08,imports,3004.10.00.11,"Penicillin G sodium, for human use, in dosage",200208,201112,5082133,IM-3004100011-198801,3004.10.00.11,198801,7,7,21,3004.10.00.10;3004.10.00.11;3004.10.00.12;3004.10.00.13;3004.10.00.14;3004.10.00.19;3004.10.00.20
IMR-3004100012-198801,imports:3004.10.00.12:1988-01,imports,3004.10.00.12,"Penicillin G procaine for human use, in dosage",198801,199102,157999,IM-3004100011-198801,3004.10.00.11,198801,7,7,21,3004.10.00.10;3004.10.00.11;3004.10.00.12;3004.10.00.13;3004.10.00.14;3004.10.00.19;3004.10.00.20
IMR-3004100012-199208,imports:3004.10.00.12:1992-08,imports,3004.10.00.12,"Penicillin V for human use, in dosage",199208,200105,435069,IM-3004100011-198801,3004.10.00.11,198801,7,7,21,3004.10.00.10;3004.10.00.11;3004.10.00.12;3004.10.00.13;3004.10.00.14;3004.10.00.19;3004.10.00.20
IMR-3004100012-200304,imports:3004.10.00.12:2003-04,imports,3004.10.00.12,"Penicillin V, for human use, in dosage",200304,201111,106985,IM-3004100011-198801,3004.10.00.11,198801,7,7,21,3004.10.00.10;3004.10.00.11;3004.10.00.12;3004.10.00.13;3004.10.00.14;3004.10.00.19;3004.10.00.20
IMR-3004100013-198801,imports:3004.10.00.13:1988-01,imports,3004.10.00.13,"Penicillin V for human use, in dosage",198801,199110,584572,IM-3004100011-198801,3004.10.00.11,198801,7,7,21,3004.10.00.10;3004.10.00.11;3004.10.00.12;3004.10.00.13;3004.10.00.14;3004.10.00.19;3004.10.00.20
IMR-3004100013-199201,imports:3004.10.00.13:1992-01,imports,3004.10.00.13,"Amoxycillin for human use, in dosage",199201,200111,11169947,IM-3004100011-198801,3004.10.00.11,198801,7,7,21,3004.10.00.10;3004.10.00.11;3004.10.00.12;3004.10.00.13;3004.10.00.14;3004.10.00.19;3004.10.00.20
IMR-3004100013-200201,imports:3004.10.00.13:2002-01,imports,3004.10.00.13,"Amoxycillin, for human use, in dosage",200201,201112,11814032,IM-3004100011-198801,3004.10.00.11,198801,7,7,21,3004.10.00.10;3004.10.00.11;3004.10.00.12;3004.10.00.13;3004.10.00.14;3004.10.00.19;3004.10.00.20
IMR-3004100014-198801,imports:3004.10.00.14:1988-01,imports,3004.10.00.14,"Amoxycillin for human use, in dosage",198801,199112,9591808,IM-3004100011-198801,3004.10.00.11,198801,7,7,21,3004.10.00.10;3004.10.00.11;3004.10.00.12;3004.10.00.13;3004.10.00.14;3004.10.00.19;3004.10.00.20
IMR-3004100019-198801,imports:3004.10.00.19:1988-01,imports,3004.10.00.19,"Penicillins or their derivs nes, for human use, in dosage",198801,200112,199819154,IM-3004100011-198801,3004.10.00.11,198801,7,7,21,3004.10.00.10;3004.10.00.11;3004.10.00.12;3004.10.00.13;3004.10.00.14;3004.10.00.19;3004.10.00.20
IMR-3004100019-200201,imports:3004.10.00.19:2002-01,imports,3004.10.00.19,"Penicillins or their derivatives, nes, for human use, in dosage",200201,201112,288412775,IM-3004100011-198801,3004.10.00.11,198801,7,7,21,3004.10.00.10;3004.10.00.11;3004.10.00.12;3004.10.00.13;3004.10.00.14;3004.10.00.19;3004.10.00.20
IMR-3004100020-198801,imports:3004.10.00.20:1988-01,imports,3004.10.00.20,"Streptomycins or their derivs, for human use, in dosage",198801,200112,18867459,IM-3004100011-198801,3004.10.00.11,198801,7,7,21,3004.10.00.10;3004.10.00.11;3004.10.00.12;3004.10.00.13;3004.10.00.14;3004.10.00.19;3004.10.00.20
IMR-3004100020-200201,imports:3004.10.00.20:2002-01,imports,3004.10.00.20,"Streptomycins or their derivatives, for human use, in dosage",200201,201112,1553349,IM-3004100011-198801,3004.10.00.11,198801,7,7,21,3004.10.00.10;3004.10.00.11;3004.10.00.12;3004.10.00.13;3004.10.00.14;3004.10.00.19;3004.10.00.20
IMR-3004100031-198801,imports:3004.10.00.31:1988-01,imports,3004.10.00.31,"Penicillins or their derivs, for vet use, in dosage",198801,200112,37406727,IM-3004100031-198801,3004.10.00.31,198801,3,3,22,3004.10.00.31;3004.10.00.32;3004.10.00.90
IMR-3004100031-200201,imports:3004.10.00.31:2002-01,imports,3004.10.00.31,"Penicillins or their derivatives, for veterinary use, in dosage",200201,201112,57877915,IM-3004100031-198801,3004.10.00.31,198801,3,3,22,3004.10.00.31;3004.10.00.32;3004.10.00.90
IMR-3004100032-198802,imports:3004.10.00.32:1988-02,imports,3004.10.00.32,"Streptomycins or their derivs, for vet use, in dosage",198802,200112,27371919,IM-3004100031-198801,3004.10.00.31,198801,3,3,22,3004.10.00.31;3004.10.00.32;3004.10.00.90
IMR-3004100032-200201,imports:3004.10.00.32:2002-01,imports,3004.10.00.32,"Streptomycins or their derivatives, for veterinary use, in dosage",200201,201112,23040797,IM-3004100031-198801,3004.10.00.31,198801,3,3,22,3004.10.00.31;3004.10.00.32;3004.10.00.90
IMR-3004100090-201201,imports:3004.10.00.90:2012-01,imports,3004.10.00.90,"Medi cont penicillins/streptomycins/deriv,f veterinary use,in doses/pack frs,nes",201201,202606,222264995,IM-3004100031-198801,3004.10.00.31,198801,3,3,22,3004.10.00.31;3004.10.00.32;3004.10.00.90
IMR-3004200010-198801,imports:3004.20.00.10:1988-01,imports,3004.20.00.10,"Tetracyclines or their derivs, for human use, in dosage",198801,200111,31043164,IM-3004200010-198801,3004.20.00.10,198801,14,14,23,3004.20.00.10;3004.20.00.19;3004.20.00.41;3004.20.00.42;3004.20.00.49;3004.20.00.51;3004.20.00.52;3004.20.00.59;3004.20.00.61;3004.20.00.62;3004.20.00.64;3004.20.00.65;3004.20.00.66;3004.20.00.69
IMR-3004200010-200201,imports:3004.20.00.10:2002-01,imports,3004.20.00.10,"Tetracyclines or their derivatives, for human use, in dosage",200201,201112,16949339,IM-3004200010-198801,3004.20.00.10,198801,14,14,23,3004.20.00.10;3004.20.00.19;3004.20.00.41;3004.20.00.42;3004.20.00.49;3004.20.00.51;3004.20.00.52;3004.20.00.59;3004.20.00.61;3004.20.00.62;3004.20.00.64;3004.20.00.65;3004.20.00.66;3004.20.00.69
IMR-3004200011-201201,imports:3004.20.00.11:2012-01,imports,3004.20.00.11,"Medicaments containing cephalosporins, for human use, in doses/packings frs",201201,202606,343971034,IM-3004200020-198801,3004.20.00.20,198801,2,2,24,3004.20.00.11;3004.20.00.20
IMR-3004200012-201201,imports:3004.20.00.12:2012-01,imports,3004.20.00.12,"Medicaments containing vancomycin, for human use, in doses/pack for retail sale",201201,202606,143107474,IM-3004200063-198801,3004.20.00.63,198801,2,2,27,3004.20.00.12;3004.20.00.63
IMR-3004200013-201201,imports:3004.20.00.13:2012-01,imports,3004.20.00.13,"Medicaments containing erythromycin, for human use,in doses/pack for retail sale",201201,202606,85156162,IM-3004200031-198801,3004.20.00.31,198801,2,2,25,3004.20.00.13;3004.20.00.31
IMR-3004200018-201201,imports:3004.20.00.18:2012-01,imports,3004.20.00.18,"Medicaments containing macrolide,o/t erythromycin,f human use,doses/pack frs,nes",201201,202606,256165673,IM-3004200039-198801,3004.20.00.39,198801,2,2,26,3004.20.00.18;3004.20.00.39
IMR-3004200019-201201,imports:3004.20.00.19:2012-01,imports,3004.20.00.19,"Medi,cont antibiotics,hum,therap/prophltc,doses/pack frs,o/t No 30.02/05/06,nes",201201,202606,1895929597,IM-3004200010-198801,3004.20.00.10,198801,14,14,23,3004.20.00.10;3004.20.00.19;3004.20.00.41;3004.20.00.42;3004.20.00.49;3004.20.00.51;3004.20.00.52;3004.20.00.59;3004.20.00.61;3004.20.00.62;3004.20.00.64;3004.20.00.65;3004.20.00.66;3004.20.00.69
IMR-3004200020-198801,imports:3004.20.00.20:1988-01,imports,3004.20.00.20,"Cephalosporins, for human use, in dosage",198801,201112,952412146,IM-3004200020-198801,3004.20.00.20,198801,2,2,24,3004.20.00.11;3004.20.00.20
IMR-3004200031-198801,imports:3004.20.00.31:1988-01,imports,3004.20.00.31,"Erythromycin, for human use, in dosage",198801,201112,217132160,IM-3004200031-198801,3004.20.00.31,198801,2,2,25,3004.20.00.13;3004.20.00.31
IMR-3004200039-198801,imports:3004.20.00.39:1988-01,imports,3004.20.00.39,"Macrolide antibiotics nes, for human use, in dosage",198801,200112,48798319,IM-3004200039-198801,3004.20.00.39,198801,2,2,26,3004.20.00.18;3004.20.00.39
IMR-3004200039-200201,imports:3004.20.00.39:2002-01,imports,3004.20.00.39,"Macrolide antibiotics, nes, for human use, in dosage",200201,201112,314746228,IM-3004200039-198801,3004.20.00.39,198801,2,2,26,3004.20.00.18;3004.20.00.39
IMR-3004200041-198801,imports:3004.20.00.41:1988-01,imports,3004.20.00.41,"Gentamycins, for human use, in dosage",198801,201112,23415016,IM-3004200010-198801,3004.20.00.10,198801,14,14,23,3004.20.00.10;3004.20.00.19;3004.20.00.41;3004.20.00.42;3004.20.00.49;3004.20.00.51;3004.20.00.52;3004.20.00.59;3004.20.00.61;3004.20.00.62;3004.20.00.64;3004.20.00.65;3004.20.00.66;3004.20.00.69
IMR-3004200042-198910,imports:3004.20.00.42:1989-10,imports,3004.20.00.42,"Kanamycins, for human use, in dosage",198910,199007,4757,IM-3004200010-198801,3004.20.00.10,198801,14,14,23,3004.20.00.10;3004.20.00.19;3004.20.00.41;3004.20.00.42;3004.20.00.49;3004.20.00.51;3004.20.00.52;3004.20.00.59;3004.20.00.61;3004.20.00.62;3004.20.00.64;3004.20.00.65;3004.20.00.66;3004.20.00.69
IMR-3004200049-198801,imports:3004.20.00.49:1988-01,imports,3004.20.00.49,"Aminoglycoside antibiotics, nes, for human use, in dosage",198801,201112,86823169,IM-3004200010-198801,3004.20.00.10,198801,14,14,23,3004.20.00.10;3004.20.00.19;3004.20.00.41;3004.20.00.42;3004.20.00.49;3004.20.00.51;3004.20.00.52;3004.20.00.59;3004.20.00.61;3004.20.00.62;3004.20.00.64;3004.20.00.65;3004.20.00.66;3004.20.00.69
IMR-3004200051-199003,imports:3004.20.00.51:1990-03,imports,3004.20.00.51,"Bacitracin, for human use, in dosage",199003,201112,11061879,IM-3004200010-198801,3004.20.00.10,198801,14,14,23,3004.20.00.10;3004.20.00.19;3004.20.00.41;3004.20.00.42;3004.20.00.49;3004.20.00.51;3004.20.00.52;3004.20.00.59;3004.20.00.61;3004.20.00.62;3004.20.00.64;3004.20.00.65;3004.20.00.66;3004.20.00.69
IMR-3004200052-198801,imports:3004.20.00.52:1988-01,imports,3004.20.00.52,"Polymyxins, for human use, in dosage",198801,199611,1094147,IM-3004200010-198801,3004.20.00.10,198801,14,14,23,3004.20.00.10;3004.20.00.19;3004.20.00.41;3004.20.00.42;3004.20.00.49;3004.20.00.51;3004.20.00.52;3004.20.00.59;3004.20.00.61;3004.20.00.62;3004.20.00.64;3004.20.00.65;3004.20.00.66;3004.20.00.69
IMR-3004200059-198801,imports:3004.20.00.59:1988-01,imports,3004.20.00.59,"Polypeptide antibiotics, nes, for human use, in dosage",198801,199712,187741033,IM-3004200010-198801,3004.20.00.10,198801,14,14,23,3004.20.00.10;3004.20.00.19;3004.20.00.41;3004.20.00.42;3004.20.00.49;3004.20.00.51;3004.20.00.52;3004.20.00.59;3004.20.00.61;3004.20.00.62;3004.20.00.64;3004.20.00.65;3004.20.00.66;3004.20.00.69
IMR-3004200059-199801,imports:3004.20.00.59:1998-01,imports,3004.20.00.59,"Polypeptides antibiotics, nes, for human use, in dosage",199801,201112,27238930,IM-3004200010-198801,3004.20.00.10,198801,14,14,23,3004.20.00.10;3004.20.00.19;3004.20.00.41;3004.20.00.42;3004.20.00.49;3004.20.00.51;3004.20.00.52;3004.20.00.59;3004.20.00.61;3004.20.00.62;3004.20.00.64;3004.20.00.65;3004.20.00.66;3004.20.00.69
IMR-3004200061-198802,imports:3004.20.00.61:1988-02,imports,3004.20.00.61,"Chloramphenicol, for human use, in dosage",198802,201110,2971734,IM-3004200010-198801,3004.20.00.10,198801,14,14,23,3004.20.00.10;3004.20.00.19;3004.20.00.41;3004.20.00.42;3004.20.00.49;3004.20.00.51;3004.20.00.52;3004.20.00.59;3004.20.00.61;3004.20.00.62;3004.20.00.64;3004.20.00.65;3004.20.00.66;3004.20.00.69
IMR-3004200062-198803,imports:3004.20.00.62:1988-03,imports,3004.20.00.62,"Mitomycin C, for human use, in dosage",198803,201110,11650860,IM-3004200010-198801,3004.20.00.10,198801,14,14,23,3004.20.00.10;3004.20.00.19;3004.20.00.41;3004.20.00.42;3004.20.00.49;3004.20.00.51;3004.20.00.52;3004.20.00.59;3004.20.00.61;3004.20.00.62;3004.20.00.64;3004.20.00.65;3004.20.00.66;3004.20.00.69
IMR-3004200063-198801,imports:3004.20.00.63:1988-01,imports,3004.20.00.63,"Vancomycin, for human use, in dosage",198801,201112,142830549,IM-3004200063-198801,3004.20.00.63,198801,2,2,27,3004.20.00.12;3004.20.00.63
IMR-3004200064-198801,imports:3004.20.00.64:1988-01,imports,3004.20.00.64,"Rifamycins, for human use, in dosage",198801,199106,510375,IM-3004200010-198801,3004.20.00.10,198801,14,14,23,3004.20.00.10;3004.20.00.19;3004.20.00.41;3004.20.00.42;3004.20.00.49;3004.20.00.51;3004.20.00.52;3004.20.00.59;3004.20.00.61;3004.20.00.62;3004.20.00.64;3004.20.00.65;3004.20.00.66;3004.20.00.69
IMR-3004200064-199112,imports:3004.20.00.64:1991-12,imports,3004.20.00.64,"Lincomycin, for human use, in dosage",199112,199112,219,IM-3004200010-198801,3004.20.00.10,198801,14,14,23,3004.20.00.10;3004.20.00.19;3004.20.00.41;3004.20.00.42;3004.20.00.49;3004.20.00.51;3004.20.00.52;3004.20.00.59;3004.20.00.61;3004.20.00.62;3004.20.00.64;3004.20.00.65;3004.20.00.66;3004.20.00.69
IMR-3004200065-198812,imports:3004.20.00.65:1988-12,imports,3004.20.00.65,"Lincomycin, for human use, in dosage",198812,198904,128029,IM-3004200010-198801,3004.20.00.10,198801,14,14,23,3004.20.00.10;3004.20.00.19;3004.20.00.41;3004.20.00.42;3004.20.00.49;3004.20.00.51;3004.20.00.52;3004.20.00.59;3004.20.00.61;3004.20.00.62;3004.20.00.64;3004.20.00.65;3004.20.00.66;3004.20.00.69
IMR-3004200066-198801,imports:3004.20.00.66:1988-01,imports,3004.20.00.66,"Spectinomycin, for human use, in dosage",198801,199101,185394,IM-3004200010-198801,3004.20.00.10,198801,14,14,23,3004.20.00.10;3004.20.00.19;3004.20.00.41;3004.20.00.42;3004.20.00.49;3004.20.00.51;3004.20.00.52;3004.20.00.59;3004.20.00.61;3004.20.00.62;3004.20.00.64;3004.20.00.65;3004.20.00.66;3004.20.00.69
IMR-3004200069-198801,imports:3004.20.00.69:1988-01,imports,3004.20.00.69,"Antibiotics, nes, for human use, in dosage",198801,201112,2133828374,IM-3004200010-198801,3004.20.00.10,198801,14,14,23,3004.20.00.10;3004.20.00.19;3004.20.00.41;3004.20.00.42;3004.20.00.49;3004.20.00.51;3004.20.00.52;3004.20.00.59;3004.20.00.61;3004.20.00.62;3004.20.00.64;3004.20.00.65;3004.20.00.66;3004.20.00.69
IMR-3004200070-198801,imports:3004.20.00.70:1988-01,imports,3004.20.00.70,"Antibiotics, nes, for vet use, in dosage",198801,198812,4291483,IM-3004200070-198801,3004.20.00.70,198801,3,3,28,3004.20.00.70;3004.20.00.79;3004.20.00.90
IMR-3004200071-198901,imports:3004.20.00.71:1989-01,imports,3004.20.00.71,"Ivermectin, for vet use, in dosage",198901,200112,241484067,IM-3004200071-198901,3004.20.00.71,198901,2,2,78,3004.20.00.71;3004.20.00.80
IMR-3004200071-200201,imports:3004.20.00.71:2002-01,imports,3004.20.00.71,"Ivermectin, for veterinary use, in dosage",200201,201112,106145542,IM-3004200071-198901,3004.20.00.71,198901,2,2,78,3004.20.00.71;3004.20.00.80
IMR-3004200079-198901,imports:3004.20.00.79:1989-01,imports,3004.20.00.79,"Antibiotics, nes, for vet use, in dosage",198901,200112,259930879,IM-3004200070-198801,3004.20.00.70,198801,3,3,28,3004.20.00.70;3004.20.00.79;3004.20.00.90
IMR-3004200079-200201,imports:3004.20.00.79:2002-01,imports,3004.20.00.79,"Antibiotics, nes, for veterinary use, in dosage",200201,201112,481456969,IM-3004200070-198801,3004.20.00.70,198801,3,3,28,3004.20.00.70;3004.20.00.79;3004.20.00.90
IMR-3004200080-201201,imports:3004.20.00.80:2012-01,imports,3004.20.00.80,"Medicaments,cont ivermectin,for veterinary use,doses/pack frs,o/t No 30.02/05/06",201201,202606,81680403,IM-3004200071-198901,3004.20.00.71,198901,2,2,78,3004.20.00.71;3004.20.00.80
IMR-3004200090-201201,imports:3004.20.00.90:2012-01,imports,3004.20.00.90,"Medi,cont antibiotics,for veterinary use,doses/pack frs,o/t No 30.02/05/06,nes",201201,202606,1547690879,IM-3004200070-198801,3004.20.00.70,198801,3,3,28,3004.20.00.70;3004.20.00.79;3004.20.00.90
IMR-3004310000-201201,imports:3004.31.00.00:2012-01,imports,3004.31.00.00,"Medicaments,cont insulin,in doses/forms/pack f retail sale,o/t No 30.02/05/06",201201,202606,6403848742,IM-3004311000-198801,3004.31.10.00,198801,5,5,29,3004.31.00.00;3004.31.00.10;3004.31.00.90;3004.31.10.00;3004.31.99.00
IMR-3004310010-199801,imports:3004.31.00.10:1998-01,imports,3004.31.00.10,"Insulin, w/n mixed w zinc, globin or protamine, prepr for parentl admin, in dos",199801,200112,259900492,IM-3004311000-198801,3004.31.10.00,198801,5,5,29,3004.31.00.00;3004.31.00.10;3004.31.00.90;3004.31.10.00;3004.31.99.00
IMR-3004310010-200201,imports:3004.31.00.10:2002-01,imports,3004.31.00.10,"Insulin, w/n mixed w zinc,globin or protamine, prepr for parentl admin,in dosage",200201,201112,1510783285,IM-3004311000-198801,3004.31.10.00,198801,5,5,29,3004.31.00.00;3004.31.00.10;3004.31.00.90;3004.31.10.00;3004.31.99.00
IMR-3004310090-199801,imports:3004.31.00.90:1998-01,imports,3004.31.00.90,"Insulin, nes, for human use, in dosage",199801,201112,7272310,IM-3004311000-198801,3004.31.10.00,198801,5,5,29,3004.31.00.00;3004.31.00.10;3004.31.00.90;3004.31.10.00;3004.31.99.00
IMR-3004311000-198801,imports:3004.31.10.00:1988-01,imports,3004.31.10.00,"Insulin, w/n mixed w zinc, globin or protamine, prepr for parentl admin, in dos",198801,199712,266955474,IM-3004311000-198801,3004.31.10.00,198801,5,5,29,3004.31.00.00;3004.31.00.10;3004.31.00.90;3004.31.10.00;3004.31.99.00
IMR-3004319900-198801,imports:3004.31.99.00:1988-01,imports,3004.31.99.00,"Insulin, nes, for human use, in dosage",198801,199712,1727839,IM-3004311000-198801,3004.31.10.00,198801,5,5,29,3004.31.00.00;3004.31.00.10;3004.31.00.90;3004.31.10.00;3004.31.99.00
IMR-3004320000-201201,imports:3004.32.00.00:2012-01,imports,3004.32.00.00,"Medi,cont corticosteroid horm/deriv/struct ana,in doses/frs,o/t No 30.02/05/06",201201,202606,5364157338,IM-3004329011-198801,3004.32.90.11,198801,14,14,30,3004.32.00.00;3004.32.00.10;3004.32.00.11;3004.32.00.19;3004.32.00.20;3004.32.00.81;3004.32.00.82;3004.32.00.89;3004.32.00.90;3004.32.10.00;3004.32.90.11;3004.32.90.12;3004.32.90.19;3004.32.90.20
IMR-3004320010-199803,imports:3004.32.00.10:1998-03,imports,3004.32.00.10,"Adrenal cortical horm, cont more than 23% of abs ethyl alc by vol, in dosage",199803,200112,929148,IM-3004329011-198801,3004.32.90.11,198801,14,14,30,3004.32.00.00;3004.32.00.10;3004.32.00.11;3004.32.00.19;3004.32.00.20;3004.32.00.81;3004.32.00.82;3004.32.00.89;3004.32.00.90;3004.32.10.00;3004.32.90.11;3004.32.90.12;3004.32.90.19;3004.32.90.20
IMR-3004320011-200201,imports:3004.32.00.11:2002-01,imports,3004.32.00.11,"Hydrocortisone, for human use, in dosage",200201,201112,30740274,IM-3004329011-198801,3004.32.90.11,198801,14,14,30,3004.32.00.00;3004.32.00.10;3004.32.00.11;3004.32.00.19;3004.32.00.20;3004.32.00.81;3004.32.00.82;3004.32.00.89;3004.32.00.90;3004.32.10.00;3004.32.90.11;3004.32.90.12;3004.32.90.19;3004.32.90.20
IMR-3004320019-200201,imports:3004.32.00.19:2002-01,imports,3004.32.00.19,"Medicaments containing corticosteroid hormones, for human use, nes",200201,201112,578742262,IM-3004329011-198801,3004.32.90.11,198801,14,14,30,3004.32.00.00;3004.32.00.10;3004.32.00.11;3004.32.00.19;3004.32.00.20;3004.32.00.81;3004.32.00.82;3004.32.00.89;3004.32.00.90;3004.32.10.00;3004.32.90.11;3004.32.90.12;3004.32.90.19;3004.32.90.20
IMR-3004320020-200201,imports:3004.32.00.20:2002-01,imports,3004.32.00.20,"Corticosteriod hormones, for veterinary use, in dosage",200201,201112,13895452,IM-3004329011-198801,3004.32.90.11,198801,14,14,30,3004.32.00.00;3004.32.00.10;3004.32.00.11;3004.32.00.19;3004.32.00.20;3004.32.00.81;3004.32.00.82;3004.32.00.89;3004.32.00.90;3004.32.10.00;3004.32.90.11;3004.32.90.12;3004.32.90.19;3004.32.90.20
IMR-3004320081-199801,imports:3004.32.00.81:1998-01,imports,3004.32.00.81,"Hydrocortisone, for human use, in dosage",199801,200112,10422499,IM-3004329011-198801,3004.32.90.11,198801,14,14,30,3004.32.00.00;3004.32.00.10;3004.32.00.11;3004.32.00.19;3004.32.00.20;3004.32.00.81;3004.32.00.82;3004.32.00.89;3004.32.00.90;3004.32.10.00;3004.32.90.11;3004.32.90.12;3004.32.90.19;3004.32.90.20
IMR-3004320082-200011,imports:3004.32.00.82:2000-11,imports,3004.32.00.82,"Betamethasone, for human use, in dosage",200011,200111,25,IM-3004329011-198801,3004.32.90.11,198801,14,14,30,3004.32.00.00;3004.32.00.10;3004.32.00.11;3004.32.00.19;3004.32.00.20;3004.32.00.81;3004.32.00.82;3004.32.00.89;3004.32.00.90;3004.32.10.00;3004.32.90.11;3004.32.90.12;3004.32.90.19;3004.32.90.20
IMR-3004320089-199801,imports:3004.32.00.89:1998-01,imports,3004.32.00.89,"Adrenal cortical hormones, nes, for human use, in dosage",199801,200112,128397239,IM-3004329011-198801,3004.32.90.11,198801,14,14,30,3004.32.00.00;3004.32.00.10;3004.32.00.11;3004.32.00.19;3004.32.00.20;3004.32.00.81;3004.32.00.82;3004.32.00.89;3004.32.00.90;3004.32.10.00;3004.32.90.11;3004.32.90.12;3004.32.90.19;3004.32.90.20
IMR-3004320090-199801,imports:3004.32.00.90:1998-01,imports,3004.32.00.90,"Adrenal cortical hormones, for vet use, in dosage",199801,200112,38149408,IM-3004329011-198801,3004.32.90.11,198801,14,14,30,3004.32.00.00;3004.32.00.10;3004.32.00.11;3004.32.00.19;3004.32.00.20;3004.32.00.81;3004.32.00.82;3004.32.00.89;3004.32.00.90;3004.32.10.00;3004.32.90.11;3004.32.90.12;3004.32.90.19;3004.32.90.20
IMR-3004321000-198906,imports:3004.32.10.00:1989-06,imports,3004.32.10.00,"Adrenal cortical horm, cont more than 23% of abs ethyl alc by vol, in dosage",198906,199712,1805132,IM-3004329011-198801,3004.32.90.11,198801,14,14,30,3004.32.00.00;3004.32.00.10;3004.32.00.11;3004.32.00.19;3004.32.00.20;3004.32.00.81;3004.32.00.82;3004.32.00.89;3004.32.00.90;3004.32.10.00;3004.32.90.11;3004.32.90.12;3004.32.90.19;3004.32.90.20
IMR-3004329011-198801,imports:3004.32.90.11:1988-01,imports,3004.32.90.11,"Hydrocortisone, for human use, in dosage",198801,199712,23749181,IM-3004329011-198801,3004.32.90.11,198801,14,14,30,3004.32.00.00;3004.32.00.10;3004.32.00.11;3004.32.00.19;3004.32.00.20;3004.32.00.81;3004.32.00.82;3004.32.00.89;3004.32.00.90;3004.32.10.00;3004.32.90.11;3004.32.90.12;3004.32.90.19;3004.32.90.20
IMR-3004329012-198803,imports:3004.32.90.12:1988-03,imports,3004.32.90.12,"Betamethasone, for human use, in dosage",198803,199706,1190222,IM-3004329011-198801,3004.32.90.11,198801,14,14,30,3004.32.00.00;3004.32.00.10;3004.32.00.11;3004.32.00.19;3004.32.00.20;3004.32.00.81;3004.32.00.82;3004.32.00.89;3004.32.00.90;3004.32.10.00;3004.32.90.11;3004.32.90.12;3004.32.90.19;3004.32.90.20
IMR-3004329019-198801,imports:3004.32.90.19:1988-01,imports,3004.32.90.19,"Adrenal cortical hormones, nes, for human use, in dosage",198801,199712,195552129,IM-3004329011-198801,3004.32.90.11,198801,14,14,30,3004.32.00.00;3004.32.00.10;3004.32.00.11;3004.32.00.19;3004.32.00.20;3004.32.00.81;3004.32.00.82;3004.32.00.89;3004.32.00.90;3004.32.10.00;3004.32.90.11;3004.32.90.12;3004.32.90.19;3004.32.90.20
IMR-3004329020-198802,imports:3004.32.90.20:1988-02,imports,3004.32.90.20,"Adrenal cortical hormones, for vet use, in dosage",198802,199712,9284228,IM-3004329011-198801,3004.32.90.11,198801,14,14,30,3004.32.00.00;3004.32.00.10;3004.32.00.11;3004.32.00.19;3004.32.00.20;3004.32.00.81;3004.32.00.82;3004.32.00.89;3004.32.00.90;3004.32.10.00;3004.32.90.11;3004.32.90.12;3004.32.90.19;3004.32.90.20
IMR-3004390010-199801,imports:3004.39.00.10:1998-01,imports,3004.39.00.10,"Epinephrine & its sol & pituitary extrc, prepr for parentl admin in hum, in dos",199801,201112,220635457,IM-3004391000-198802,3004.39.10.00,198802,3,3,77,3004.39.00.10;3004.39.00.11;3004.39.10.00
IMR-3004390011-201201,imports:3004.39.00.11:2012-01,imports,3004.39.00.11,"Medi,cont epinephrine/solutions/pituitary extracts,doses/frs,o/t No 30.02/05/06",201201,202606,759194208,IM-3004391000-198802,3004.39.10.00,198802,3,3,77,3004.39.00.10;3004.39.00.11;3004.39.10.00
IMR-3004390012-201201,imports:3004.39.00.12:2012-01,imports,3004.39.00.12,"Medi,cont anterior pituitary hormones,f human,doses/pack frs,o/t No 30.02/05/06",201201,202605,184895196,IM-3004399910-198801,3004.39.99.10,198801,3,3,31,3004.39.00.12;3004.39.00.81;3004.39.99.10
IMR-3004390013-201201,imports:3004.39.00.13:2012-01,imports,3004.39.00.13,"Medi,cont unmixed single estrogens,for human,doses/pack frs,o/t No 30.02/05/06",201201,202606,693268417,IM-3004399930-198801,3004.39.99.30,198801,3,3,33,3004.39.00.13;3004.39.00.83;3004.39.99.30
IMR-3004390019-201201,imports:3004.39.00.19:2012-01,imports,3004.39.00.19,"Medi,cont horm/prod No 29.37,f human use,doses/pack frs,o/t No 30.02/05/06,nes",201201,202606,9059598343,IM-3004399920-198801,3004.39.99.20,198801,8,8,32,3004.39.00.19;3004.39.00.82;3004.39.00.84;3004.39.00.85;3004.39.91.00;3004.39.99.20;3004.39.99.40;3004.39.99.50
IMR-3004390081-199801,imports:3004.39.00.81:1998-01,imports,3004.39.00.81,"Anterior pituitary hormones, for human use, in dosage",199801,201112,199276643,IM-3004399910-198801,3004.39.99.10,198801,3,3,31,3004.39.00.12;3004.39.00.81;3004.39.99.10
IMR-3004390082-199806,imports:3004.39.00.82:1998-06,imports,3004.39.00.82,"Posterior pituitary hormones, for human use, in dosage",199806,201112,19967091,IM-3004399920-198801,3004.39.99.20,198801,8,8,32,3004.39.00.19;3004.39.00.82;3004.39.00.84;3004.39.00.85;3004.39.91.00;3004.39.99.20;3004.39.99.40;3004.39.99.50
IMR-3004390083-199801,imports:3004.39.00.83:1998-01,imports,3004.39.00.83,"Unmixed single estrogens, for human use, in dosage",199801,201112,416139189,IM-3004399930-198801,3004.39.99.30,198801,3,3,33,3004.39.00.13;3004.39.00.83;3004.39.99.30
IMR-3004390084-199801,imports:3004.39.00.84:1998-01,imports,3004.39.00.84,"Unmixed single progestational hormones, for human use, in dosage",199801,201112,34360926,IM-3004399920-198801,3004.39.99.20,198801,8,8,32,3004.39.00.19;3004.39.00.82;3004.39.00.84;3004.39.00.85;3004.39.91.00;3004.39.99.20;3004.39.99.40;3004.39.99.50
IMR-3004390085-199801,imports:3004.39.00.85:1998-01,imports,3004.39.00.85,"Hormones, nes, for human use, in dosage",199801,201112,3103568844,IM-3004399920-198801,3004.39.99.20,198801,8,8,32,3004.39.00.19;3004.39.00.82;3004.39.00.84;3004.39.00.85;3004.39.91.00;3004.39.99.20;3004.39.99.40;3004.39.99.50
IMR-3004390090-199801,imports:3004.39.00.90:1998-01,imports,3004.39.00.90,"Hormones, nes, for vet use, in dosage",199801,200112,55224451,IM-3004399960-198801,3004.39.99.60,198801,2,2,34,3004.39.00.90;3004.39.99.60
IMR-3004390090-200201,imports:3004.39.00.90:2002-01,imports,3004.39.00.90,"Hormones, nes, for veterinary use, in dosage",200201,201112,201957605,IM-3004399960-198801,3004.39.99.60,198801,2,2,34,3004.39.00.90;3004.39.99.60
IMR-3004390090-201201,imports:3004.39.00.90:2012-01,imports,3004.39.00.90,"Medi,cont hormones/prod No 29.37,f vet use,doses/pack frs,o/t No 30.02/05/06,nes",201201,202606,1137588092,IM-3004399960-198801,3004.39.99.60,198801,2,2,34,3004.39.00.90;3004.39.99.60
IMR-3004391000-198802,imports:3004.39.10.00:1988-02,imports,3004.39.10.00,"Epinephrine & its sol & pituitary extrc, prepr for parentl admin in hum, in dos",198802,199712,28343955,IM-3004391000-198802,3004.39.10.00,198802,3,3,77,3004.39.00.10;3004.39.00.11;3004.39.10.00
IMR-3004399100-198802,imports:3004.39.91.00:1988-02,imports,3004.39.91.00,"Hormones, nes, cont more than 23% of abs ethy alc by vol, in dosage",198802,199709,288996,IM-3004399920-198801,3004.39.99.20,198801,8,8,32,3004.39.00.19;3004.39.00.82;3004.39.00.84;3004.39.00.85;3004.39.91.00;3004.39.99.20;3004.39.99.40;3004.39.99.50
IMR-3004399910-198801,imports:3004.39.99.10:1988-01,imports,3004.39.99.10,"Anterior pituitary hormones, for human use, in dosage",198801,199712,97455853,IM-3004399910-198801,3004.39.99.10,198801,3,3,31,3004.39.00.12;3004.39.00.81;3004.39.99.10
IMR-3004399920-198801,imports:3004.39.99.20:1988-01,imports,3004.39.99.20,"Posterior pituitary hormones, for human use, in dosage",198801,199712,1779924,IM-3004399920-198801,3004.39.99.20,198801,8,8,32,3004.39.00.19;3004.39.00.82;3004.39.00.84;3004.39.00.85;3004.39.91.00;3004.39.99.20;3004.39.99.40;3004.39.99.50
IMR-3004399930-198801,imports:3004.39.99.30:1988-01,imports,3004.39.99.30,"Unmixed single estrogens, for human use, in dosage",198801,199712,125015221,IM-3004399930-198801,3004.39.99.30,198801,3,3,33,3004.39.00.13;3004.39.00.83;3004.39.99.30
IMR-3004399940-198801,imports:3004.39.99.40:1988-01,imports,3004.39.99.40,"Unmixed single progestational hormones, for human use, in dosage",198801,199711,29990842,IM-3004399920-198801,3004.39.99.20,198801,8,8,32,3004.39.00.19;3004.39.00.82;3004.39.00.84;3004.39.00.85;3004.39.91.00;3004.39.99.20;3004.39.99.40;3004.39.99.50
IMR-3004399950-198801,imports:3004.39.99.50:1988-01,imports,3004.39.99.50,"Hormones, nes, for human use, in dosage",198801,199712,313061021,IM-3004399920-198801,3004.39.99.20,198801,8,8,32,3004.39.00.19;3004.39.00.82;3004.39.00.84;3004.39.00.85;3004.39.91.00;3004.39.99.20;3004.39.99.40;3004.39.99.50
IMR-3004399960-198801,imports:3004.39.99.60:1988-01,imports,3004.39.99.60,"Hormones, nes, for vet use, in dosage",198801,199712,39767037,IM-3004399960-198801,3004.39.99.60,198801,2,2,34,3004.39.00.90;3004.39.99.60
IMR-3004400010-199801,imports:3004.40.00.10:1998-01,imports,3004.40.00.10,"Codeine or its derivatives, for human use, in dosage",199801,201112,125087424,IM-3004409019-198801,3004.40.90.19,198801,17,17,35,3004.40.00.10;3004.40.00.20;3004.40.00.30;3004.40.00.50;3004.40.00.80;3004.40.00.90;3004.40.10.00;3004.40.90.11;3004.40.90.19;3004.40.90.20;3004.40.90.30;3004.40.90.40;3004.40.90.60;3004.40.90.70;3004.40.90.80;3004.40.90.90;3004.49.00.90
IMR-3004400020-199801,imports:3004.40.00.20:1998-01,imports,3004.40.00.20,"Vincristine, for human use, in dosage",199801,201112,17487958,IM-3004409019-198801,3004.40.90.19,198801,17,17,35,3004.40.00.10;3004.40.00.20;3004.40.00.30;3004.40.00.50;3004.40.00.80;3004.40.00.90;3004.40.10.00;3004.40.90.11;3004.40.90.19;3004.40.90.20;3004.40.90.30;3004.40.90.40;3004.40.90.60;3004.40.90.70;3004.40.90.80;3004.40.90.90;3004.49.00.90
IMR-3004400030-199801,imports:3004.40.00.30:1998-01,imports,3004.40.00.30,"Theophylline, for human use, in dosage",199801,201612,101935277,IM-3004409019-198801,3004.40.90.19,198801,17,17,35,3004.40.00.10;3004.40.00.20;3004.40.00.30;3004.40.00.50;3004.40.00.80;3004.40.00.90;3004.40.10.00;3004.40.90.11;3004.40.90.19;3004.40.90.20;3004.40.90.30;3004.40.90.40;3004.40.90.60;3004.40.90.70;3004.40.90.80;3004.40.90.90;3004.49.00.90
IMR-3004400040-199801,imports:3004.40.00.40:1998-01,imports,3004.40.00.40,"Morphine or its derivs, for human use, in dosage",199801,200112,69785960,IM-3004409050-198801,3004.40.90.50,198801,3,3,36,3004.40.00.40;3004.40.90.50;3004.49.00.10
IMR-3004400040-200201,imports:3004.40.00.40:2002-01,imports,3004.40.00.40,"Morphine or its derivatives, for human use, in dosage",200201,201612,1502374019,IM-3004409050-198801,3004.40.90.50,198801,3,3,36,3004.40.00.40;3004.40.90.50;3004.49.00.10
IMR-3004400050-199803,imports:3004.40.00.50:1998-03,imports,3004.40.00.50,"Aminophylline, for human use, in dosage",199803,201112,6586271,IM-3004409019-198801,3004.40.90.19,198801,17,17,35,3004.40.00.10;3004.40.00.20;3004.40.00.30;3004.40.00.50;3004.40.00.80;3004.40.00.90;3004.40.10.00;3004.40.90.11;3004.40.90.19;3004.40.90.20;3004.40.90.30;3004.40.90.40;3004.40.90.60;3004.40.90.70;3004.40.90.80;3004.40.90.90;3004.49.00.90
IMR-3004400080-199801,imports:3004.40.00.80:1998-01,imports,3004.40.00.80,"Narcotic veg alkaloids or their narc derivs, nes, for human use, in dosage",199801,201112,47146103,IM-3004409019-198801,3004.40.90.19,198801,17,17,35,3004.40.00.10;3004.40.00.20;3004.40.00.30;3004.40.00.50;3004.40.00.80;3004.40.00.90;3004.40.10.00;3004.40.90.11;3004.40.90.19;3004.40.90.20;3004.40.90.30;3004.40.90.40;3004.40.90.60;3004.40.90.70;3004.40.90.80;3004.40.90.90;3004.49.00.90
IMR-3004400090-199801,imports:3004.40.00.90:1998-01,imports,3004.40.00.90,"Non-narc veg alkaloids or their non-narc derivs, nes, for human use, in dosage",199801,200112,47599478,IM-3004409019-198801,3004.40.90.19,198801,17,17,35,3004.40.00.10;3004.40.00.20;3004.40.00.30;3004.40.00.50;3004.40.00.80;3004.40.00.90;3004.40.10.00;3004.40.90.11;3004.40.90.19;3004.40.90.20;3004.40.90.30;3004.40.90.40;3004.40.90.60;3004.40.90.70;3004.40.90.80;3004.40.90.90;3004.49.00.90
IMR-3004400090-200201,imports:3004.40.00.90:2002-01,imports,3004.40.00.90,"Non-narc veg alkaloids or their non-narc derivatives,nes,for human use,in dosage",200201,201612,536767110,IM-3004409019-198801,3004.40.90.19,198801,17,17,35,3004.40.00.10;3004.40.00.20;3004.40.00.30;3004.40.00.50;3004.40.00.80;3004.40.00.90;3004.40.10.00;3004.40.90.11;3004.40.90.19;3004.40.90.20;3004.40.90.30;3004.40.90.40;3004.40.90.60;3004.40.90.70;3004.40.90.80;3004.40.90.90;3004.49.00.90
IMR-3004401000-198803,imports:3004.40.10.00:1988-03,imports,3004.40.10.00,"Alkaloids or their derivs, cont more than 23% of abs ethyl alc by vol, in dosage",198803,199712,207577,IM-3004409019-198801,3004.40.90.19,198801,17,17,35,3004.40.00.10;3004.40.00.20;3004.40.00.30;3004.40.00.50;3004.40.00.80;3004.40.00.90;3004.40.10.00;3004.40.90.11;3004.40.90.19;3004.40.90.20;3004.40.90.30;3004.40.90.40;3004.40.90.60;3004.40.90.70;3004.40.90.80;3004.40.90.90;3004.49.00.90
IMR-3004409011-199008,imports:3004.40.90.11:1990-08,imports,3004.40.90.11,"Codeine phosphate, for human use, in dosage",199008,199612,111515,IM-3004409019-198801,3004.40.90.19,198801,17,17,35,3004.40.00.10;3004.40.00.20;3004.40.00.30;3004.40.00.50;3004.40.00.80;3004.40.00.90;3004.40.10.00;3004.40.90.11;3004.40.90.19;3004.40.90.20;3004.40.90.30;3004.40.90.40;3004.40.90.60;3004.40.90.70;3004.40.90.80;3004.40.90.90;3004.49.00.90
IMR-3004409019-198801,imports:3004.40.90.19:1988-01,imports,3004.40.90.19,"Codeine or its derivs nes, for human use, in dosage",198801,199712,10263737,IM-3004409019-198801,3004.40.90.19,198801,17,17,35,3004.40.00.10;3004.40.00.20;3004.40.00.30;3004.40.00.50;3004.40.00.80;3004.40.00.90;3004.40.10.00;3004.40.90.11;3004.40.90.19;3004.40.90.20;3004.40.90.30;3004.40.90.40;3004.40.90.60;3004.40.90.70;3004.40.90.80;3004.40.90.90;3004.49.00.90
IMR-3004409020-198802,imports:3004.40.90.20:1988-02,imports,3004.40.90.20,"Quinidine sulphate, for human use, in dosage",198802,199707,4869341,IM-3004409019-198801,3004.40.90.19,198801,17,17,35,3004.40.00.10;3004.40.00.20;3004.40.00.30;3004.40.00.50;3004.40.00.80;3004.40.00.90;3004.40.10.00;3004.40.90.11;3004.40.90.19;3004.40.90.20;3004.40.90.30;3004.40.90.40;3004.40.90.60;3004.40.90.70;3004.40.90.80;3004.40.90.90;3004.49.00.90
IMR-3004409030-198802,imports:3004.40.90.30:1988-02,imports,3004.40.90.30,"Vincristine, for human use, in dosage",198802,199711,2496656,IM-3004409019-198801,3004.40.90.19,198801,17,17,35,3004.40.00.10;3004.40.00.20;3004.40.00.30;3004.40.00.50;3004.40.00.80;3004.40.00.90;3004.40.10.00;3004.40.90.11;3004.40.90.19;3004.40.90.20;3004.40.90.30;3004.40.90.40;3004.40.90.60;3004.40.90.70;3004.40.90.80;3004.40.90.90;3004.49.00.90
IMR-3004409040-198801,imports:3004.40.90.40:1988-01,imports,3004.40.90.40,"Theophylline, for human use, in dosage",198801,199711,9473686,IM-3004409019-198801,3004.40.90.19,198801,17,17,35,3004.40.00.10;3004.40.00.20;3004.40.00.30;3004.40.00.50;3004.40.00.80;3004.40.00.90;3004.40.10.00;3004.40.90.11;3004.40.90.19;3004.40.90.20;3004.40.90.30;3004.40.90.40;3004.40.90.60;3004.40.90.70;3004.40.90.80;3004.40.90.90;3004.49.00.90
IMR-3004409050-198801,imports:3004.40.90.50:1988-01,imports,3004.40.90.50,"Morphine or its derivs, for human use, in dosage",198801,199712,41902526,IM-3004409050-198801,3004.40.90.50,198801,3,3,36,3004.40.00.40;3004.40.90.50;3004.49.00.10
IMR-3004409060-199111,imports:3004.40.90.60:1991-11,imports,3004.40.90.60,"Cocaine or its derivs, for human use, in dosage",199111,199403,217467,IM-3004409019-198801,3004.40.90.19,198801,17,17,35,3004.40.00.10;3004.40.00.20;3004.40.00.30;3004.40.00.50;3004.40.00.80;3004.40.00.90;3004.40.10.00;3004.40.90.11;3004.40.90.19;3004.40.90.20;3004.40.90.30;3004.40.90.40;3004.40.90.60;3004.40.90.70;3004.40.90.80;3004.40.90.90;3004.49.00.90
IMR-3004409070-198805,imports:3004.40.90.70:1988-05,imports,3004.40.90.70,"Aminophylline, for human use, in dosage",198805,199712,1778947,IM-3004409019-198801,3004.40.90.19,198801,17,17,35,3004.40.00.10;3004.40.00.20;3004.40.00.30;3004.40.00.50;3004.40.00.80;3004.40.00.90;3004.40.10.00;3004.40.90.11;3004.40.90.19;3004.40.90.20;3004.40.90.30;3004.40.90.40;3004.40.90.60;3004.40.90.70;3004.40.90.80;3004.40.90.90;3004.49.00.90
IMR-3004409080-198802,imports:3004.40.90.80:1988-02,imports,3004.40.90.80,"Narcotic veg alkaloids or their narc derivs, nes, for human use, in dosage",198802,199712,22494169,IM-3004409019-198801,3004.40.90.19,198801,17,17,35,3004.40.00.10;3004.40.00.20;3004.40.00.30;3004.40.00.50;3004.40.00.80;3004.40.00.90;3004.40.10.00;3004.40.90.11;3004.40.90.19;3004.40.90.20;3004.40.90.30;3004.40.90.40;3004.40.90.60;3004.40.90.70;3004.40.90.80;3004.40.90.90;3004.49.00.90
IMR-3004409090-198801,imports:3004.40.90.90:1988-01,imports,3004.40.90.90,"Non-narc veg alkaloids or their non-narc derivs, nes, for human use, in dosage",198801,199712,172848913,IM-3004409019-198801,3004.40.90.19,198801,17,17,35,3004.40.00.10;3004.40.00.20;3004.40.00.30;3004.40.00.50;3004.40.00.80;3004.40.00.90;3004.40.10.00;3004.40.90.11;3004.40.90.19;3004.40.90.20;3004.40.90.30;3004.40.90.40;3004.40.90.60;3004.40.90.70;3004.40.90.80;3004.40.90.90;3004.49.00.90
IMR-3004410000-201701,imports:3004.41.00.00:2017-01,imports,3004.41.00.00,"Medicaments,cont ephedrin/salts,therap/prophltc,in doses/frs,o/t No 30.02/05/06",201701,202605,8250035,IM-3004410000-201701,3004.41.00.00,201701,1,1,103,3004.41.00.00
IMR-3004420000-201701,imports:3004.42.00.00:2017-01,imports,3004.42.00.00,"Medi,cont pseudoephedrine/salts,therap/prophltc,in doses/frs,o/t No 30.02/05/06",201701,202606,107099130,IM-3004420000-201701,3004.42.00.00,201701,1,1,104,3004.42.00.00
IMR-3004430000-201712,imports:3004.43.00.00:2017-12,imports,3004.43.00.00,"Medi,cont norephedrine/salts,therap/prophltc,in doses/frs,o/t No 30.02/05/06",201712,202606,29252,IM-3004430000-201712,3004.43.00.00,201712,1,1,107,3004.43.00.00
IMR-3004490010-201702,imports:3004.49.00.10:2017-02,imports,3004.49.00.10,"Medi,cont morphine/deriv t/o,nes,therap/prophltc,in doses/frs,o/t No 30.02/05/06",201702,202606,642087753,IM-3004409050-198801,3004.40.90.50,198801,3,3,36,3004.40.00.40;3004.40.90.50;3004.49.00.10
IMR-3004490090-201701,imports:3004.49.00.90:2017-01,imports,3004.49.00.90,"Medi,cont alkaloids/deriv t/o,nes,therap/prophltc,doses/frs,o/t No 30.02/05/06",201701,202606,424916016,IM-3004409019-198801,3004.40.90.19,198801,17,17,35,3004.40.00.10;3004.40.00.20;3004.40.00.30;3004.40.00.50;3004.40.00.80;3004.40.00.90;3004.40.10.00;3004.40.90.11;3004.40.90.19;3004.40.90.20;3004.40.90.30;3004.40.90.40;3004.40.90.60;3004.40.90.70;3004.40.90.80;3004.40.90.90;3004.49.00.90
IMR-3004500010-199801,imports:3004.50.00.10:1998-01,imports,3004.50.00.10,"Mx of amino acids & vitamins,& mx of amino acids, protein hydrolysates & vit,etc",199801,201112,37019078,IM-3004501000-198801,3004.50.10.00,198801,9,9,37,3004.50.00.10;3004.50.00.13;3004.50.00.19;3004.50.00.20;3004.50.00.50;3004.50.10.00;3004.50.91.00;3004.50.99.22;3004.50.99.30
IMR-3004500011-201201,imports:3004.50.00.11:2012-01,imports,3004.50.00.11,"Medi,cont single vitamin,not mixed,f human,doses/pack frs,o/t No 30.02/05/06,nes",201201,202606,345534495,IM-3004509911-198801,3004.50.99.11,198801,7,7,38,3004.50.00.11;3004.50.00.31;3004.50.00.32;3004.50.00.39;3004.50.99.11;3004.50.99.12;3004.50.99.19
IMR-3004500012-201201,imports:3004.50.00.12:2012-01,imports,3004.50.00.12,"Medi,cont 1 vitamin,mix w o supplements,f human use,doses/frs,o/t No 30.02/05/06",201201,202606,182598539,IM-3004509920-199001,3004.50.99.20,199001,3,3,80,3004.50.00.12;3004.50.00.40;3004.50.99.20
IMR-3004500013-201201,imports:3004.50.00.13:2012-01,imports,3004.50.00.13,"Medicaments cont multivitamins not mixed with other suppl,for hum use,in dosage",201201,201612,20568179,IM-3004501000-198801,3004.50.10.00,198801,9,9,37,3004.50.00.10;3004.50.00.13;3004.50.00.19;3004.50.00.20;3004.50.00.50;3004.50.10.00;3004.50.91.00;3004.50.99.22;3004.50.99.30
IMR-3004500014-201201,imports:3004.50.00.14:2012-01,imports,3004.50.00.14,"Medi,cont multivitamins,mix w o suppl,f human use,doses/frs,o/t No 30.02/05/06",201201,202606,996331498,IM-3004509921-198801,3004.50.99.21,198801,7,7,39,3004.50.00.14;3004.50.00.61;3004.50.00.69;3004.50.99.21;3004.50.99.29;3004.50.99.41;3004.50.99.49
IMR-3004500019-201201,imports:3004.50.00.19:2012-01,imports,3004.50.00.19,"Other medicaments cont vitamins and their derivs, for human use, in dosage,nes",201201,201612,46118394,IM-3004501000-198801,3004.50.10.00,198801,9,9,37,3004.50.00.10;3004.50.00.13;3004.50.00.19;3004.50.00.20;3004.50.00.50;3004.50.10.00;3004.50.91.00;3004.50.99.22;3004.50.99.30
IMR-3004500019-201701,imports:3004.50.00.19:2017-01,imports,3004.50.00.19,"Medi,cont vitamins/prod of No 29.36,human use,doses/pack frs,o/t No 30.02/05/06",201701,202606,237846662,IM-3004501000-198801,3004.50.10.00,198801,9,9,37,3004.50.00.10;3004.50.00.13;3004.50.00.19;3004.50.00.20;3004.50.00.50;3004.50.10.00;3004.50.91.00;3004.50.99.22;3004.50.99.30
IMR-3004500020-199801,imports:3004.50.00.20:1998-01,imports,3004.50.00.20,"Vitamins, cont more than 23% of abs ethyl alc by vol, for human use, in dosage",199801,201112,7548977,IM-3004501000-198801,3004.50.10.00,198801,9,9,37,3004.50.00.10;3004.50.00.13;3004.50.00.19;3004.50.00.20;3004.50.00.50;3004.50.10.00;3004.50.91.00;3004.50.99.22;3004.50.99.30
IMR-3004500031-199801,imports:3004.50.00.31:1998-01,imports,3004.50.00.31,"Vitamin C only, for human use, in dosage",199801,201112,25564446,IM-3004509911-198801,3004.50.99.11,198801,7,7,38,3004.50.00.11;3004.50.00.31;3004.50.00.32;3004.50.00.39;3004.50.99.11;3004.50.99.12;3004.50.99.19
IMR-3004500032-199801,imports:3004.50.00.32:1998-01,imports,3004.50.00.32,"Vitamin E only, for human use, in dosage",199801,201112,50770658,IM-3004509911-198801,3004.50.99.11,198801,7,7,38,3004.50.00.11;3004.50.00.31;3004.50.00.32;3004.50.00.39;3004.50.99.11;3004.50.99.12;3004.50.99.19
IMR-3004500039-199801,imports:3004.50.00.39:1998-01,imports,3004.50.00.39,"Single vitamin only, nes, for human use, in dosage",199801,201112,165618033,IM-3004509911-198801,3004.50.99.11,198801,7,7,38,3004.50.00.11;3004.50.00.31;3004.50.00.32;3004.50.00.39;3004.50.99.11;3004.50.99.12;3004.50.99.19
IMR-3004500040-199801,imports:3004.50.00.40:1998-01,imports,3004.50.00.40,"Single vitamin mixed w o supplements, for human use, in dosage",199801,200112,18779397,IM-3004509920-199001,3004.50.99.20,199001,3,3,80,3004.50.00.12;3004.50.00.40;3004.50.99.20
IMR-3004500040-200201,imports:3004.50.00.40:2002-01,imports,3004.50.00.40,"Single vitamin mixed w other supplements, for human use, in dosage",200201,201112,102378164,IM-3004509920-199001,3004.50.99.20,199001,3,3,80,3004.50.00.12;3004.50.00.40;3004.50.99.20
IMR-3004500050-199801,imports:3004.50.00.50:1998-01,imports,3004.50.00.50,"Multivitamins not mixed with o supplements, for human use, in dosage",199801,200112,22024108,IM-3004501000-198801,3004.50.10.00,198801,9,9,37,3004.50.00.10;3004.50.00.13;3004.50.00.19;3004.50.00.20;3004.50.00.50;3004.50.10.00;3004.50.91.00;3004.50.99.22;3004.50.99.30
IMR-3004500050-200201,imports:3004.50.00.50:2002-01,imports,3004.50.00.50,"Multivitamins not mixed with other supplements, for human use, in dosage",200201,201112,40412181,IM-3004501000-198801,3004.50.10.00,198801,9,9,37,3004.50.00.10;3004.50.00.13;3004.50.00.19;3004.50.00.20;3004.50.00.50;3004.50.10.00;3004.50.91.00;3004.50.99.22;3004.50.99.30
IMR-3004500061-199801,imports:3004.50.00.61:1998-01,imports,3004.50.00.61,"Vitamins-iron preparation, for human use, in dosage",199801,201112,60566515,IM-3004509921-198801,3004.50.99.21,198801,7,7,39,3004.50.00.14;3004.50.00.61;3004.50.00.69;3004.50.99.21;3004.50.99.29;3004.50.99.41;3004.50.99.49
IMR-3004500069-199801,imports:3004.50.00.69:1998-01,imports,3004.50.00.69,"Multivitamins mixed with other supplements, nes, for human use, in dosage,",199801,200112,120841956,IM-3004509921-198801,3004.50.99.21,198801,7,7,39,3004.50.00.14;3004.50.00.61;3004.50.00.69;3004.50.99.21;3004.50.99.29;3004.50.99.41;3004.50.99.49
IMR-3004500069-200201,imports:3004.50.00.69:2002-01,imports,3004.50.00.69,"Multivitamins mixed with other supplements, nes, for human use, in dosage",200201,201112,481179232,IM-3004509921-198801,3004.50.99.21,198801,7,7,39,3004.50.00.14;3004.50.00.61;3004.50.00.69;3004.50.99.21;3004.50.99.29;3004.50.99.41;3004.50.99.49
IMR-3004500070-199801,imports:3004.50.00.70:1998-01,imports,3004.50.00.70,"Vitamins & their derivs, nes, for vet use, in dosage",199801,200112,15043183,IM-3004509930-198801,3004.50.99.30,198801,4,4,40,3004.50.00.70;3004.50.00.90;3004.50.99.30;3004.50.99.50
IMR-3004500070-200201,imports:3004.50.00.70:2002-01,imports,3004.50.00.70,"Vitamins & their derivatives, nes, for veterinary use, in dosage",200201,201112,33162748,IM-3004509930-198801,3004.50.99.30,198801,4,4,40,3004.50.00.70;3004.50.00.90;3004.50.99.30;3004.50.99.50
IMR-3004500090-201201,imports:3004.50.00.90:2012-01,imports,3004.50.00.90,"Medi,cont vitamins,for veterinary use,in doses/pack frs,o/t No 30.02/05/06,nes",201201,202606,320242910,IM-3004509930-198801,3004.50.99.30,198801,4,4,40,3004.50.00.70;3004.50.00.90;3004.50.99.30;3004.50.99.50
IMR-3004501000-198801,imports:3004.50.10.00:1988-01,imports,3004.50.10.00,"Mx of amino acids & vitamins,& mx of amino acids, protein hydrolysates & vit,etc",198801,199712,29913272,IM-3004501000-198801,3004.50.10.00,198801,9,9,37,3004.50.00.10;3004.50.00.13;3004.50.00.19;3004.50.00.20;3004.50.00.50;3004.50.10.00;3004.50.91.00;3004.50.99.22;3004.50.99.30
IMR-3004509100-198801,imports:3004.50.91.00:1988-01,imports,3004.50.91.00,"Vitamins, cont more than 23% of abs ethyl alc by vol, for human use, in dosage",198801,199706,405203,IM-3004501000-198801,3004.50.10.00,198801,9,9,37,3004.50.00.10;3004.50.00.13;3004.50.00.19;3004.50.00.20;3004.50.00.50;3004.50.10.00;3004.50.91.00;3004.50.99.22;3004.50.99.30
IMR-3004509911-198801,imports:3004.50.99.11:1988-01,imports,3004.50.99.11,"Vitamin C only, for human use, in dosage",198801,199712,34612678,IM-3004509911-198801,3004.50.99.11,198801,7,7,38,3004.50.00.11;3004.50.00.31;3004.50.00.32;3004.50.00.39;3004.50.99.11;3004.50.99.12;3004.50.99.19
IMR-3004509912-198801,imports:3004.50.99.12:1988-01,imports,3004.50.99.12,"Vitamin E only, for human use, in dosage",198801,199712,20986151,IM-3004509911-198801,3004.50.99.11,198801,7,7,38,3004.50.00.11;3004.50.00.31;3004.50.00.32;3004.50.00.39;3004.50.99.11;3004.50.99.12;3004.50.99.19
IMR-3004509919-198801,imports:3004.50.99.19:1988-01,imports,3004.50.99.19,"Single vitamin only, nes, for human use, in dosage",198801,199712,70973832,IM-3004509911-198801,3004.50.99.11,198801,7,7,38,3004.50.00.11;3004.50.00.31;3004.50.00.32;3004.50.00.39;3004.50.99.11;3004.50.99.12;3004.50.99.19
IMR-3004509920-199001,imports:3004.50.99.20:1990-01,imports,3004.50.99.20,"Single vitamin mixed w o supplements, for human use, in dosage",199001,199712,18411892,IM-3004509920-199001,3004.50.99.20,199001,3,3,80,3004.50.00.12;3004.50.00.40;3004.50.99.20
IMR-3004509921-198801,imports:3004.50.99.21:1988-01,imports,3004.50.99.21,"Vitamins-iron preparation, for human use, in dosage",198801,198912,1445854,IM-3004509921-198801,3004.50.99.21,198801,7,7,39,3004.50.00.14;3004.50.00.61;3004.50.00.69;3004.50.99.21;3004.50.99.29;3004.50.99.41;3004.50.99.49
IMR-3004509922-198801,imports:3004.50.99.22:1988-01,imports,3004.50.99.22,"Multivitamins not mixed with o supplements, for human use, in dosage",198801,198912,11347774,IM-3004501000-198801,3004.50.10.00,198801,9,9,37,3004.50.00.10;3004.50.00.13;3004.50.00.19;3004.50.00.20;3004.50.00.50;3004.50.10.00;3004.50.91.00;3004.50.99.22;3004.50.99.30
IMR-3004509929-198801,imports:3004.50.99.29:1988-01,imports,3004.50.99.29,"Multivitamins mixed with other supplements, nes, for human use, in dosage",198801,198912,11260315,IM-3004509921-198801,3004.50.99.21,198801,7,7,39,3004.50.00.14;3004.50.00.61;3004.50.00.69;3004.50.99.21;3004.50.99.29;3004.50.99.41;3004.50.99.49
IMR-3004509930-198801,imports:3004.50.99.30:1988-01,imports,3004.50.99.30,"Vitamins & their derivs,nes,for vet use, in dosage",198801,198912,1124520,IM-3004509930-198801,3004.50.99.30,198801,4,4,40,3004.50.00.70;3004.50.00.90;3004.50.99.30;3004.50.99.50
IMR-3004509930-199001,imports:3004.50.99.30:1990-01,imports,3004.50.99.30,"Multivitamins not mixed with o supplements, for human use, in dosage",199001,199712,55679911,IM-3004501000-198801,3004.50.10.00,198801,9,9,37,3004.50.00.10;3004.50.00.13;3004.50.00.19;3004.50.00.20;3004.50.00.50;3004.50.10.00;3004.50.91.00;3004.50.99.22;3004.50.99.30
IMR-3004509941-199001,imports:3004.50.99.41:1990-01,imports,3004.50.99.41,"Vitamins-iron preparation, for human use, in dosage",199001,199712,15830543,IM-3004509921-198801,3004.50.99.21,198801,7,7,39,3004.50.00.14;3004.50.00.61;3004.50.00.69;3004.50.99.21;3004.50.99.29;3004.50.99.41;3004.50.99.49
IMR-3004509949-199001,imports:3004.50.99.49:1990-01,imports,3004.50.99.49,"Multivitamins mixed with other supplements, nes, for human use, in dosage,",199001,199712,121058460,IM-3004509921-198801,3004.50.99.21,198801,7,7,39,3004.50.00.14;3004.50.00.61;3004.50.00.69;3004.50.99.21;3004.50.99.29;3004.50.99.41;3004.50.99.49
IMR-3004509950-199001,imports:3004.50.99.50:1990-01,imports,3004.50.99.50,"Vitamins & their derivs, nes, for vet use, in dosage",199001,199712,3851408,IM-3004509930-198801,3004.50.99.30,198801,4,4,40,3004.50.00.70;3004.50.00.90;3004.50.99.30;3004.50.99.50
IMR-3004600000-201701,imports:3004.60.00.00:2017-01,imports,3004.60.00.00,"Medicaments,cont antimalarial active principles,in doses/frs,o/t No 30.02/05/06",201701,202606,108069542,IM-3004600000-201701,3004.60.00.00,201701,1,1,105,3004.60.00.00
IMR-3004900011-199801,imports:3004.90.00.11:1998-01,imports,3004.90.00.11,"Mixtures of amino acids, nes, in dosage",199801,200112,12134371,IM-3004901010-198801,3004.90.10.10,198801,2,2,41,3004.90.00.11;3004.90.10.10
IMR-3004900011-200201,imports:3004.90.00.11:2002-01,imports,3004.90.00.11,"Mixtures amino acids,nes,in doses/packings for retail sale,o/t No 30.02/05/06",200201,202606,269141851,IM-3004901010-198801,3004.90.10.10,198801,2,2,41,3004.90.00.11;3004.90.10.10
IMR-3004900012-199801,imports:3004.90.00.12:1998-01,imports,3004.90.00.12,"Dextrose (glucose) solutions, in dosage",199801,200112,23737768,IM-3004901020-198801,3004.90.10.20,198801,2,2,42,3004.90.00.12;3004.90.10.20
IMR-3004900012-200201,imports:3004.90.00.12:2002-01,imports,3004.90.00.12,"Dextrose (glucose) solutions,in doses/pack for retail sale,o/t No 30.02/05/06",200201,202606,929036724,IM-3004901020-198801,3004.90.10.20,198801,2,2,42,3004.90.00.12;3004.90.10.20
IMR-3004900019-199801,imports:3004.90.00.19:1998-01,imports,3004.90.00.19,"Mx of amino acids & protein hydrolysates, etc, in dosage, nes",199801,200112,231840003,IM-3004901090-198801,3004.90.10.90,198801,2,2,43,3004.90.00.19;3004.90.10.90
IMR-3004900019-200201,imports:3004.90.00.19:2002-01,imports,3004.90.00.19,"Mixt amino acids & protein hydrolysates,etc,in doses/frs,o/t No 30.02/05/06,nes",200201,202606,2137924791,IM-3004901090-198801,3004.90.10.90,198801,2,2,43,3004.90.00.19;3004.90.10.90
IMR-3004900020-199801,imports:3004.90.00.20:1998-01,imports,3004.90.00.20,"Medicaments cont more than 23% of abs ethyl alc by vol, nes, in dosage",199801,201112,21555796,IM-3004909100-198801,3004.90.91.00,198801,4,4,44,3004.90.00.20;3004.90.00.79;3004.90.91.00;3004.90.99.89
IMR-3004900021-201804,imports:3004.90.00.21:2018-04,imports,3004.90.00.21,"Medi cont cannabis/cannabinoids, therap/prophltc uses, doses/pack f retail sale",201804,202606,23295661,IM-3004900021-201804,3004.90.00.21,201804,1,1,108,3004.90.00.21
IMR-3004900022-201801,imports:3004.90.00.22:2018-01,imports,3004.90.00.22,"Analgesics, for human use, in doses/packings for retail sale, o/t No 30.02/05/06",201801,202606,1527780771,IM-3004909911-198801,3004.90.99.11,198801,3,3,45,3004.90.00.22;3004.90.00.31;3004.90.99.11
IMR-3004900023-201801,imports:3004.90.00.23:2018-01,imports,3004.90.00.23,"Antidepressants & tranquilizers,f human use,in doses/pack frs,o/t No 30.02/05/06",201801,202606,2971023462,IM-3004909912-198801,3004.90.99.12,198801,3,3,46,3004.90.00.23;3004.90.00.32;3004.90.99.12
IMR-3004900024-201801,imports:3004.90.00.24:2018-01,imports,3004.90.00.24,"Antihypertensive agents, for human use, in doses/packings frs,o/t No 30.02/05/06",201801,202606,610783072,IM-3004909913-198801,3004.90.99.13,198801,3,3,47,3004.90.00.24;3004.90.00.33;3004.90.99.13
IMR-3004900025-201801,imports:3004.90.00.25:2018-01,imports,3004.90.00.25,"Antihistaminic agents, for human use, in doses/packings frs, o/t No 30.02/05/06",201801,202606,524933474,IM-3004909914-198801,3004.90.99.14,198801,3,3,48,3004.90.00.25;3004.90.00.34;3004.90.99.14
IMR-3004900026-201801,imports:3004.90.00.26:2018-01,imports,3004.90.00.26,"Agents,acting on central nervous system,hum use,doses/frs,o/t No 30.02/05/06,nes",201801,202606,3648223593,IM-3004909915-199001,3004.90.99.15,199001,3,3,81,3004.90.00.26;3004.90.00.35;3004.90.99.15
IMR-3004900027-201801,imports:3004.90.00.27:2018-01,imports,3004.90.00.27,"Local anaesthetics, for human use,in doses/pack f retail sale,o/t No 30.02/05/06",201801,202606,325864439,IM-3004909916-199004,3004.90.99.16,199004,3,3,89,3004.90.00.27;3004.90.00.36;3004.90.99.16
IMR-3004900029-201801,imports:3004.90.00.29:2018-01,imports,3004.90.00.29,"Medi,acting on central nervous system,human use,doses/frs,o/t No 30.02/05/06,nes",201801,202606,1192279494,IM-3004909919-198801,3004.90.99.19,198801,3,3,49,3004.90.00.29;3004.90.00.39;3004.90.99.19
IMR-3004900031-199801,imports:3004.90.00.31:1998-01,imports,3004.90.00.31,"Analgesics, for human use, in dosage",199801,201612,1898485334,IM-3004909911-198801,3004.90.99.11,198801,3,3,45,3004.90.00.22;3004.90.00.31;3004.90.99.11
IMR-3004900031-201701,imports:3004.90.00.31:2017-01,imports,3004.90.00.31,"Analgesics, for human use, in doses/packings for retail sale, o/t No 30.02/05/06",201701,201712,191358695,IM-3004909911-198801,3004.90.99.11,198801,3,3,45,3004.90.00.22;3004.90.00.31;3004.90.99.11
IMR-3004900032-199801,imports:3004.90.00.32:1998-01,imports,3004.90.00.32,"Antidepressants & tranquilizers, for human use, in dosage",199801,200112,907057359,IM-3004909912-198801,3004.90.99.12,198801,3,3,46,3004.90.00.23;3004.90.00.32;3004.90.99.12
IMR-3004900032-200201,imports:3004.90.00.32:2002-01,imports,3004.90.00.32,"Antidepressants and tranquilizers, for human use, in dosage",200201,201612,5198908933,IM-3004909912-198801,3004.90.99.12,198801,3,3,46,3004.90.00.23;3004.90.00.32;3004.90.99.12
IMR-3004900032-201701,imports:3004.90.00.32:2017-01,imports,3004.90.00.32,"Antidepressants & tranquilizers,f human use,in doses/pack frs,o/t No 30.02/05/06",201701,201712,419451550,IM-3004909912-198801,3004.90.99.12,198801,3,3,46,3004.90.00.23;3004.90.00.32;3004.90.99.12
IMR-3004900033-199801,imports:3004.90.00.33:1998-01,imports,3004.90.00.33,"Antihypertensive agents, for human use, in dosage",199801,201612,2607150971,IM-3004909913-198801,3004.90.99.13,198801,3,3,47,3004.90.00.24;3004.90.00.33;3004.90.99.13
IMR-3004900033-201701,imports:3004.90.00.33:2017-01,imports,3004.90.00.33,"Antihypertensive agents, for human use, in doses/packings frs,o/t No 30.02/05/06",201701,201712,87767018,IM-3004909913-198801,3004.90.99.13,198801,3,3,47,3004.90.00.24;3004.90.00.33;3004.90.99.13
IMR-3004900034-199801,imports:3004.90.00.34:1998-01,imports,3004.90.00.34,"Antihistamines agents, for human use, in dosage",199801,201612,413366156,IM-3004909914-198801,3004.90.99.14,198801,3,3,48,3004.90.00.25;3004.90.00.34;3004.90.99.14
IMR-3004900034-201701,imports:3004.90.00.34:2017-01,imports,3004.90.00.34,"Antihistaminic agents, for human use, in doses/packings frs, o/t No 30.02/05/06",201701,201712,44287752,IM-3004909914-198801,3004.90.99.14,198801,3,3,48,3004.90.00.25;3004.90.00.34;3004.90.99.14
IMR-3004900035-199801,imports:3004.90.00.35:1998-01,imports,3004.90.00.35,"Medicaments, for human use, acting on the nervous system, in dosage, nes",199801,201612,6450550488,IM-3004909915-199001,3004.90.99.15,199001,3,3,81,3004.90.00.26;3004.90.00.35;3004.90.99.15
IMR-3004900035-201701,imports:3004.90.00.35:2017-01,imports,3004.90.00.35,"Agents,acting on central nervous system,hum use,doses/frs,o/t No 30.02/05/06,nes",201701,201712,309515114,IM-3004909915-199001,3004.90.99.15,199001,3,3,81,3004.90.00.26;3004.90.00.35;3004.90.99.15
IMR-3004900036-199801,imports:3004.90.00.36:1998-01,imports,3004.90.00.36,"Local anaesthetics, for human use, in dosage",199801,201612,581716993,IM-3004909916-199004,3004.90.99.16,199004,3,3,89,3004.90.00.27;3004.90.00.36;3004.90.99.16
IMR-3004900036-201701,imports:3004.90.00.36:2017-01,imports,3004.90.00.36,"Local anaesthetics, for human use,in doses/pack f retail sale,o/t No 30.02/05/06",201701,201712,45621355,IM-3004909916-199004,3004.90.99.16,199004,3,3,89,3004.90.00.27;3004.90.00.36;3004.90.99.16
IMR-3004900039-199801,imports:3004.90.00.39:1998-01,imports,3004.90.00.39,"Medicaments, for human use, acting on the central nervous system, in dosage, nes",199801,201612,3576411179,IM-3004909919-198801,3004.90.99.19,198801,3,3,49,3004.90.00.29;3004.90.00.39;3004.90.99.19
IMR-3004900039-201701,imports:3004.90.00.39:2017-01,imports,3004.90.00.39,"Medi,acting on central nervous system,human use,doses/frs,o/t No 30.02/05/06,nes",201701,201712,216136078,IM-3004909919-198801,3004.90.99.19,198801,3,3,49,3004.90.00.29;3004.90.00.39;3004.90.99.19
IMR-3004900041-199801,imports:3004.90.00.41:1998-01,imports,3004.90.00.41,"Histamine H2 receptor antagonist, for human use, in dosage",199801,201112,142378137,IM-3004909921-198801,3004.90.99.21,198801,4,4,50,3004.90.00.41;3004.90.00.49;3004.90.99.21;3004.90.99.29
IMR-3004900042-199801,imports:3004.90.00.42:1998-01,imports,3004.90.00.42,"Laxatives, for human use, in dosage",199801,201612,623343075,IM-3004909922-199001,3004.90.99.22,199001,2,2,82,3004.90.00.42;3004.90.99.22
IMR-3004900042-201701,imports:3004.90.00.42:2017-01,imports,3004.90.00.42,"Laxatives, for human use, in doses/packings for retail sale, o/t No 30.02/05/06",201701,202606,821294797,IM-3004909922-199001,3004.90.99.22,199001,2,2,82,3004.90.00.42;3004.90.99.22
IMR-3004900043-199801,imports:3004.90.00.43:1998-01,imports,3004.90.00.43,"Antacids, for human use, in dosage",199801,201612,1302655026,IM-3004909923-199001,3004.90.99.23,199001,2,2,83,3004.90.00.43;3004.90.99.23
IMR-3004900043-201701,imports:3004.90.00.43:2017-01,imports,3004.90.00.43,"Antacids, for human use, in doses/packings for retail sale, o/t No 30.02/05/06",201701,202606,865969289,IM-3004909923-199001,3004.90.99.23,199001,2,2,83,3004.90.00.43;3004.90.99.23
IMR-3004900049-199801,imports:3004.90.00.49:1998-01,imports,3004.90.00.49,"Gastro-intestinal agents, for human use, in dosage, nes",199801,201112,7745749433,IM-3004909921-198801,3004.90.99.21,198801,4,4,50,3004.90.00.41;3004.90.00.49;3004.90.99.21;3004.90.99.29
IMR-3004900049-201201,imports:3004.90.00.49:2012-01,imports,3004.90.00.49,"Other gastrointestinal agents, for human use, in dosage, nes",201201,201612,1592359805,IM-3004909921-198801,3004.90.99.21,198801,4,4,50,3004.90.00.41;3004.90.00.49;3004.90.99.21;3004.90.99.29
IMR-3004900049-201701,imports:3004.90.00.49:2017-01,imports,3004.90.00.49,"Gastrointestinal agents, for human use, in doses/pack frs,o/t No 30.02/05/06,nes",201701,202606,2306469855,IM-3004909921-198801,3004.90.99.21,198801,4,4,50,3004.90.00.41;3004.90.00.49;3004.90.99.21;3004.90.99.29
IMR-3004900050-199801,imports:3004.90.00.50:1998-01,imports,3004.90.00.50,"Medicaments, for human use, acting on the cardio-vascular system, in dosage",199801,201612,18698171573,IM-3004909930-198801,3004.90.99.30,198801,2,2,51,3004.90.00.50;3004.90.99.30
IMR-3004900050-201701,imports:3004.90.00.50:2017-01,imports,3004.90.00.50,"Medi,for human use,acting on cardio-vascular system,doses/frs,o/t No 30.02/05/06",201701,202606,5591781568,IM-3004909930-198801,3004.90.99.30,198801,2,2,51,3004.90.00.50;3004.90.99.30
IMR-3004900061-199801,imports:3004.90.00.61:1998-01,imports,3004.90.00.61,"Anti-infective agents, cont sulfonamides, for human use, in dosage",199801,201612,106210456,IM-3004909941-199001,3004.90.99.41,199001,2,2,84,3004.90.00.61;3004.90.99.41
IMR-3004900061-201701,imports:3004.90.00.61:2017-01,imports,3004.90.00.61,"Anti-infective agents,cont sulfonamides,f human use,doses/frs,o/t No 30.02/05/06",201701,202606,417018801,IM-3004909941-199001,3004.90.99.41,199001,2,2,84,3004.90.00.61;3004.90.99.41
IMR-3004900069-199801,imports:3004.90.00.69:1998-01,imports,3004.90.00.69,"Anti-infective agents, for human use, in dosage, nes",199801,201612,4848734852,IM-3004909940-198801,3004.90.99.40,198801,3,3,52,3004.90.00.69;3004.90.99.40;3004.90.99.49
IMR-3004900069-201701,imports:3004.90.00.69:2017-01,imports,3004.90.00.69,"Anti-infective agents, for human use, in doses/pack frs, o/t No 30.02/05/06, nes",201701,202606,6695067359,IM-3004909940-198801,3004.90.99.40,198801,3,3,52,3004.90.00.69;3004.90.99.40;3004.90.99.49
IMR-3004900071-199801,imports:3004.90.00.71:1998-01,imports,3004.90.00.71,"Haematological agents, for human use, in dosage",199801,201612,2974131430,IM-3004909950-198801,3004.90.99.50,198801,2,2,53,3004.90.00.71;3004.90.99.50
IMR-3004900071-201701,imports:3004.90.00.71:2017-01,imports,3004.90.00.71,"Haematological agents, for human use, in doses/packings frs, o/t No 30.02/05/06",201701,202606,2531955194,IM-3004909950-198801,3004.90.99.50,198801,2,2,53,3004.90.00.71;3004.90.99.50
IMR-3004900072-199801,imports:3004.90.00.72:1998-01,imports,3004.90.00.72,"Antineoplastic agents, for human use, in dosage",199801,201612,7878942485,IM-3004909960-198801,3004.90.99.60,198801,2,2,54,3004.90.00.72;3004.90.99.60
IMR-3004900072-201701,imports:3004.90.00.72:2017-01,imports,3004.90.00.72,"Antineoplastic agents, for human use, in doses/packings frs, o/t No 30.02/05/06",201701,202606,8885458989,IM-3004909960-198801,3004.90.99.60,198801,2,2,54,3004.90.00.72;3004.90.99.60
IMR-3004900073-199801,imports:3004.90.00.73:1998-01,imports,3004.90.00.73,"Cough or cold preparations, for human use, in dosage",199801,201612,772285580,IM-3004909971-199001,3004.90.99.71,199001,2,2,85,3004.90.00.73;3004.90.99.71
IMR-3004900073-201701,imports:3004.90.00.73:2017-01,imports,3004.90.00.73,"Cough/cold preparations, for human use, in doses/packings frs,o/t No 30.02/05/06",201701,202606,740096299,IM-3004909971-199001,3004.90.99.71,199001,2,2,85,3004.90.00.73;3004.90.99.71
IMR-3004900074-199801,imports:3004.90.00.74:1998-01,imports,3004.90.00.74,"Medicaments, prim affecting eyes,ears & respiratory system,human use, in dos,nes",199801,201112,5399340260,IM-3004909979-199001,3004.90.99.79,199001,2,2,86,3004.90.00.74;3004.90.99.79
IMR-3004900074-201201,imports:3004.90.00.74:2012-01,imports,3004.90.00.74,"Medicaments, prim affecting eyes, ears&respiratory system, human use,in dos,nes",201201,201612,4844195481,IM-3004909979-199001,3004.90.99.79,199001,2,2,86,3004.90.00.74;3004.90.99.79
IMR-3004900074-201701,imports:3004.90.00.74:2017-01,imports,3004.90.00.74,"Medi,prim f eyes/ears/respiratory system,human use,doses/frs,o/t No 30.02/05/06",201701,202606,7890073246,IM-3004909979-199001,3004.90.99.79,199001,2,2,86,3004.90.00.74;3004.90.99.79
IMR-3004900075-199801,imports:3004.90.00.75:1998-01,imports,3004.90.00.75,"Diuretics, for human use, in dosage",199801,201612,322924869,IM-3004909981-198801,3004.90.99.81,198801,2,2,55,3004.90.00.75;3004.90.99.81
IMR-3004900075-201701,imports:3004.90.00.75:2017-01,imports,3004.90.00.75,"Diuretics, for human use, in doses/packings for retail sale, o/t No 30.02/05/06",201701,202606,62719030,IM-3004909981-198801,3004.90.99.81,198801,2,2,55,3004.90.00.75;3004.90.99.81
IMR-3004900076-199801,imports:3004.90.00.76:1998-01,imports,3004.90.00.76,"Medicaments affecting electrolytic, caloric/water balance, for human use, in dos",199801,201112,599449625,IM-3004909982-198801,3004.90.99.82,198801,2,2,56,3004.90.00.76;3004.90.99.82
IMR-3004900076-201201,imports:3004.90.00.76:2012-01,imports,3004.90.00.76,"Medicaments,affecting electrolytic, caloric/water balance, for human use, in dos",201201,201612,313293861,IM-3004909982-198801,3004.90.99.82,198801,2,2,56,3004.90.00.76;3004.90.99.82
IMR-3004900076-201701,imports:3004.90.00.76:2017-01,imports,3004.90.00.76,"Medi,f electrolytic/caloric/water balance,human use,doses/frs,o/t No 30.02/05/06",201701,202606,651297934,IM-3004909982-198801,3004.90.99.82,198801,2,2,56,3004.90.00.76;3004.90.99.82
IMR-3004900077-199801,imports:3004.90.00.77:1998-01,imports,3004.90.00.77,"Dermatological agents, for human use, in dosage",199801,201612,2139488469,IM-3004909983-199001,3004.90.99.83,199001,2,2,87,3004.90.00.77;3004.90.99.83
IMR-3004900077-201701,imports:3004.90.00.77:2017-01,imports,3004.90.00.77,"Dermatological agents, for human use, in doses/packings frs, o/t No 30.02/05/06",201701,202606,979279430,IM-3004909983-199001,3004.90.99.83,199001,2,2,87,3004.90.00.77;3004.90.99.83
IMR-3004900078-199801,imports:3004.90.00.78:1998-01,imports,3004.90.00.78,"Medicaments cont hyaluronic acid or its sodium salt, for human use, in dosage",199801,201612,147231056,IM-3004909984-199001,3004.90.99.84,199001,2,2,88,3004.90.00.78;3004.90.99.84
IMR-3004900078-201701,imports:3004.90.00.78:2017-01,imports,3004.90.00.78,"Medi,cont hyaluronic acid/its sodium salt,human use,doses/frs,o/t No 30.02/05/06",201701,202606,396610923,IM-3004909984-199001,3004.90.99.84,199001,2,2,88,3004.90.00.78;3004.90.99.84
IMR-3004900079-199801,imports:3004.90.00.79:1998-01,imports,3004.90.00.79,"Medicaments nes, for human use, in dosage",199801,200112,3693584947,IM-3004909100-198801,3004.90.91.00,198801,4,4,44,3004.90.00.20;3004.90.00.79;3004.90.91.00;3004.90.99.89
IMR-3004900079-200201,imports:3004.90.00.79:2002-01,imports,3004.90.00.79,"Medicaments, nes, for human use, in dosage",200201,201112,17171820852,IM-3004909100-198801,3004.90.91.00,198801,4,4,44,3004.90.00.20;3004.90.00.79;3004.90.91.00;3004.90.99.89
IMR-3004900079-201201,imports:3004.90.00.79:2012-01,imports,3004.90.00.79,"Other medicaments, for human use, in dosage, nes",201201,201612,9966430990,IM-3004909100-198801,3004.90.91.00,198801,4,4,44,3004.90.00.20;3004.90.00.79;3004.90.91.00;3004.90.99.89
IMR-3004900079-201701,imports:3004.90.00.79:2017-01,imports,3004.90.00.79,"Medicaments,for human use,in doses/packings f retail sale,o/t No 30.02/05/06,nes",201701,202606,29360292974,IM-3004909100-198801,3004.90.91.00,198801,4,4,44,3004.90.00.20;3004.90.00.79;3004.90.91.00;3004.90.99.89
IMR-3004900081-199801,imports:3004.90.00.81:1998-01,imports,3004.90.00.81,"Anaesthetic, for veterinary use, in dosage",199801,201112,17659861,IM-3004909991-198801,3004.90.99.91,198801,7,7,57,3004.90.00.81;3004.90.00.89;3004.90.00.90;3004.90.99.91;3004.90.99.92;3004.90.99.93;3004.90.99.99
IMR-3004900089-199801,imports:3004.90.00.89:1998-01,imports,3004.90.00.89,"Medicaments nes, for veterinary use, in dosage",199801,200112,429062287,IM-3004909991-198801,3004.90.99.91,198801,7,7,57,3004.90.00.81;3004.90.00.89;3004.90.00.90;3004.90.99.91;3004.90.99.92;3004.90.99.93;3004.90.99.99
IMR-3004900089-200201,imports:3004.90.00.89:2002-01,imports,3004.90.00.89,"Medicaments, nes, for veterinary use, in dosage",200201,201112,1366683108,IM-3004909991-198801,3004.90.99.91,198801,7,7,57,3004.90.00.81;3004.90.00.89;3004.90.00.90;3004.90.99.91;3004.90.99.92;3004.90.99.93;3004.90.99.99
IMR-3004900090-201201,imports:3004.90.00.90:2012-01,imports,3004.90.00.90,"Other medicaments, for veterinary use, in dosage, nes",201201,201612,1865267778,IM-3004909991-198801,3004.90.99.91,198801,7,7,57,3004.90.00.81;3004.90.00.89;3004.90.00.90;3004.90.99.91;3004.90.99.92;3004.90.99.93;3004.90.99.99
IMR-3004900090-201701,imports:3004.90.00.90:2017-01,imports,3004.90.00.90,"Medicaments,f veterinary use,doses/packings f retail sale,o/t No 30.02/05/06,nes",201701,202606,10296642182,IM-3004909991-198801,3004.90.99.91,198801,7,7,57,3004.90.00.81;3004.90.00.89;3004.90.00.90;3004.90.99.91;3004.90.99.92;3004.90.99.93;3004.90.99.99
IMR-3004901010-198801,imports:3004.90.10.10:1988-01,imports,3004.90.10.10,"Mixtures of amino acids, nes, in dosage",198801,199712,27832591,IM-3004901010-198801,3004.90.10.10,198801,2,2,41,3004.90.00.11;3004.90.10.10
IMR-3004901020-198801,imports:3004.90.10.20:1988-01,imports,3004.90.10.20,"Dextrose (glucose) & levulose (fructose) solutions, in dosage",198801,198912,11472011,IM-3004901020-198801,3004.90.10.20,198801,2,2,42,3004.90.00.12;3004.90.10.20
IMR-3004901020-199001,imports:3004.90.10.20:1990-01,imports,3004.90.10.20,"Dextrose (glucose) solutions, in dosage",199001,199712,53097820,IM-3004901020-198801,3004.90.10.20,198801,2,2,42,3004.90.00.12;3004.90.10.20
IMR-3004901090-198801,imports:3004.90.10.90:1988-01,imports,3004.90.10.90,"Mx of amino acids & protein hydrolysates, etc, in dosage",198801,199712,40955791,IM-3004901090-198801,3004.90.10.90,198801,2,2,43,3004.90.00.19;3004.90.10.90
IMR-3004909100-198801,imports:3004.90.91.00:1988-01,imports,3004.90.91.00,"Medicaments cont more than 23% of abs ethyl alc by vol, nes, in dosage",198801,199712,7663951,IM-3004909100-198801,3004.90.91.00,198801,4,4,44,3004.90.00.20;3004.90.00.79;3004.90.91.00;3004.90.99.89
IMR-3004909911-198801,imports:3004.90.99.11:1988-01,imports,3004.90.99.11,"Analgesics, for human use, in dosage",198801,199712,226805033,IM-3004909911-198801,3004.90.99.11,198801,3,3,45,3004.90.00.22;3004.90.00.31;3004.90.99.11
IMR-3004909912-198801,imports:3004.90.99.12:1988-01,imports,3004.90.99.12,"Antidepressants & tranquilizers, for human use, in dosage",198801,199712,405662933,IM-3004909912-198801,3004.90.99.12,198801,3,3,46,3004.90.00.23;3004.90.00.32;3004.90.99.12
IMR-3004909913-198801,imports:3004.90.99.13:1988-01,imports,3004.90.99.13,"Antihypertensive agents, for human use, in dosage",198801,199712,369413385,IM-3004909913-198801,3004.90.99.13,198801,3,3,47,3004.90.00.24;3004.90.00.33;3004.90.99.13
IMR-3004909914-198801,imports:3004.90.99.14:1988-01,imports,3004.90.99.14,"Antihistamines agents, for human use, in dosage",198801,199712,61924264,IM-3004909914-198801,3004.90.99.14,198801,3,3,48,3004.90.00.25;3004.90.00.34;3004.90.99.14
IMR-3004909915-199001,imports:3004.90.99.15:1990-01,imports,3004.90.99.15,"Medicaments, for human use, acting on the nervous system, in dosage, nes",199001,199712,116976986,IM-3004909915-199001,3004.90.99.15,199001,3,3,81,3004.90.00.26;3004.90.00.35;3004.90.99.15
IMR-3004909916-199004,imports:3004.90.99.16:1990-04,imports,3004.90.99.16,"Local anaesthetics, for human use, in dosage",199004,199712,23048265,IM-3004909916-199004,3004.90.99.16,199004,3,3,89,3004.90.00.27;3004.90.00.36;3004.90.99.16
IMR-3004909919-198801,imports:3004.90.99.19:1988-01,imports,3004.90.99.19,"Medicaments, for human use, acting on the central nervous system, in dosage, nes",198801,199712,492424909,IM-3004909919-198801,3004.90.99.19,198801,3,3,49,3004.90.00.29;3004.90.00.39;3004.90.99.19
IMR-3004909921-198801,imports:3004.90.99.21:1988-01,imports,3004.90.99.21,"Histamine H2 receptor antagonist, for human use, in dosage",198801,199712,270583468,IM-3004909921-198801,3004.90.99.21,198801,4,4,50,3004.90.00.41;3004.90.00.49;3004.90.99.21;3004.90.99.29
IMR-3004909922-199001,imports:3004.90.99.22:1990-01,imports,3004.90.99.22,"Laxatives, for human use, in dosage",199001,199712,69723767,IM-3004909922-199001,3004.90.99.22,199001,2,2,82,3004.90.00.42;3004.90.99.22
IMR-3004909923-199001,imports:3004.90.99.23:1990-01,imports,3004.90.99.23,"Antacids, for human use, in dosage",199001,199712,67925751,IM-3004909923-199001,3004.90.99.23,199001,2,2,83,3004.90.00.43;3004.90.99.23
IMR-3004909929-198801,imports:3004.90.99.29:1988-01,imports,3004.90.99.29,"Gastro-intestinal agents, for human use, in dosage, nes",198801,199712,665980987,IM-3004909921-198801,3004.90.99.21,198801,4,4,50,3004.90.00.41;3004.90.00.49;3004.90.99.21;3004.90.99.29
IMR-3004909930-198801,imports:3004.90.99.30:1988-01,imports,3004.90.99.30,"Medicaments, for human use, acting on the cardio-vascular system, in dosage",198801,199712,1142787624,IM-3004909930-198801,3004.90.99.30,198801,2,2,51,3004.90.00.50;3004.90.99.30
IMR-3004909940-198801,imports:3004.90.99.40:1988-01,imports,3004.90.99.40,"Anti-infective agents, for human use, in dosage",198801,198912,45447503,IM-3004909940-198801,3004.90.99.40,198801,3,3,52,3004.90.00.69;3004.90.99.40;3004.90.99.49
IMR-3004909941-199001,imports:3004.90.99.41:1990-01,imports,3004.90.99.41,"Anti-infective agents, containing sulfonamides, for human use, in dosage",199001,199712,15348385,IM-3004909941-199001,3004.90.99.41,199001,2,2,84,3004.90.00.61;3004.90.99.41
IMR-3004909949-199001,imports:3004.90.99.49:1990-01,imports,3004.90.99.49,"Anti-infective agents, for human use, in dosage, nes",199001,199712,526326356,IM-3004909940-198801,3004.90.99.40,198801,3,3,52,3004.90.00.69;3004.90.99.40;3004.90.99.49
IMR-3004909950-198801,imports:3004.90.99.50:1988-01,imports,3004.90.99.50,"Haematological agents, for human use, in dosage",198801,199712,148659591,IM-3004909950-198801,3004.90.99.50,198801,2,2,53,3004.90.00.71;3004.90.99.50
IMR-3004909960-198801,imports:3004.90.99.60:1988-01,imports,3004.90.99.60,"Antineoplastic agents, for human use, in dosage",198801,199712,367961271,IM-3004909960-198801,3004.90.99.60,198801,2,2,54,3004.90.00.72;3004.90.99.60
IMR-3004909971-199001,imports:3004.90.99.71:1990-01,imports,3004.90.99.71,"Cough/cold preparations, for human use, in dosage",199001,199712,97818164,IM-3004909971-199001,3004.90.99.71,199001,2,2,85,3004.90.00.73;3004.90.99.71
IMR-3004909979-199001,imports:3004.90.99.79:1990-01,imports,3004.90.99.79,"Medicaments, prim affecting eyes,ears & respiratory system,human use, in dos,nes",199001,199712,171116815,IM-3004909979-199001,3004.90.99.79,199001,2,2,86,3004.90.00.74;3004.90.99.79
IMR-3004909981-198801,imports:3004.90.99.81:1988-01,imports,3004.90.99.81,"Diuretics, for human use, in dosage",198801,199712,41243804,IM-3004909981-198801,3004.90.99.81,198801,2,2,55,3004.90.00.75;3004.90.99.81
IMR-3004909982-198801,imports:3004.90.99.82:1988-01,imports,3004.90.99.82,"Medicaments affecting electrolytic, caloric/water balance, for human use, in dos",198801,199712,73229634,IM-3004909982-198801,3004.90.99.82,198801,2,2,56,3004.90.00.76;3004.90.99.82
IMR-3004909983-199001,imports:3004.90.99.83:1990-01,imports,3004.90.99.83,"Dermatological agents, for human use, in dosage",199001,199712,146213780,IM-3004909983-199001,3004.90.99.83,199001,2,2,87,3004.90.00.77;3004.90.99.83
IMR-3004909984-199001,imports:3004.90.99.84:1990-01,imports,3004.90.99.84,"Medicaments cont hyaluronic acid or its sodium salt, for human use, in dosage",199001,199712,2455445,IM-3004909984-199001,3004.90.99.84,199001,2,2,88,3004.90.00.78;3004.90.99.84
IMR-3004909989-198801,imports:3004.90.99.89:1988-01,imports,3004.90.99.89,"Medicaments nes, for human use, in dosage",198801,199712,1883788320,IM-3004909100-198801,3004.90.91.00,198801,4,4,44,3004.90.00.20;3004.90.00.79;3004.90.91.00;3004.90.99.89
IMR-3004909991-198801,imports:3004.90.99.91:1988-01,imports,3004.90.99.91,"Anaesthetic, for veterinary use, in dosage",198801,199712,4778034,IM-3004909991-198801,3004.90.99.91,198801,7,7,57,3004.90.00.81;3004.90.00.89;3004.90.00.90;3004.90.99.91;3004.90.99.92;3004.90.99.93;3004.90.99.99
IMR-3004909992-198801,imports:3004.90.99.92:1988-01,imports,3004.90.99.92,"Coccidiostats, in dosage",198801,199106,69111,IM-3004909991-198801,3004.90.99.91,198801,7,7,57,3004.90.00.81;3004.90.00.89;3004.90.00.90;3004.90.99.91;3004.90.99.92;3004.90.99.93;3004.90.99.99
IMR-3004909993-198803,imports:3004.90.99.93:1988-03,imports,3004.90.99.93,"Tranquilizers, for veterinary use, in dosage",198803,199106,161155,IM-3004909991-198801,3004.90.99.91,198801,7,7,57,3004.90.00.81;3004.90.00.89;3004.90.00.90;3004.90.99.91;3004.90.99.92;3004.90.99.93;3004.90.99.99
IMR-3004909999-198801,imports:3004.90.99.99:1988-01,imports,3004.90.99.99,"Medicaments nes, for veterinary use, in dosage",198801,199712,393958224,IM-3004909991-198801,3004.90.99.91,198801,7,7,57,3004.90.00.81;3004.90.00.89;3004.90.00.90;3004.90.99.91;3004.90.99.92;3004.90.99.93;3004.90.99.99
IMR-3005100010-199801,imports:3005.10.00.10:1998-01,imports,3005.10.00.10,"Dressings & sim articles having an adhesive layer, coated/impreg w pharm subs",199801,202606,456885280,IM-3005101000-198801,3005.10.10.00,198801,2,2,58,3005.10.00.10;3005.10.10.00
IMR-3005100091-199801,imports:3005.10.00.91:1998-01,imports,3005.10.00.91,"Adhesive dressings, nes, packaged for retail sale",199801,202606,1674710783,IM-3005109100-198801,3005.10.91.00,198801,2,2,59,3005.10.00.91;3005.10.91.00
IMR-3005100099-199801,imports:3005.10.00.99:1998-01,imports,3005.10.00.99,"Wadding, gauze, bandages & sim articles, nes, with adhesive layer, pack ret sale",199801,202606,682687861,IM-3005109900-198801,3005.10.99.00,198801,2,2,60,3005.10.00.99;3005.10.99.00
IMR-3005101000-198801,imports:3005.10.10.00:1988-01,imports,3005.10.10.00,"Dressings & sim articles having an adhesive layer, coated/impreg w pharm subs",198801,199712,64532479,IM-3005101000-198801,3005.10.10.00,198801,2,2,58,3005.10.00.10;3005.10.10.00
IMR-3005109100-198801,imports:3005.10.91.00:1988-01,imports,3005.10.91.00,"Adhesive dressings, nes, packaged for retail sale",198801,199712,85056257,IM-3005109100-198801,3005.10.91.00,198801,2,2,59,3005.10.00.91;3005.10.91.00
IMR-3005109900-198801,imports:3005.10.99.00:1988-01,imports,3005.10.99.00,"Wadding, gauze, bandages & sim articles, nes, with adhesive layer, pack ret sale",198801,199712,9717032,IM-3005109900-198801,3005.10.99.00,198801,2,2,60,3005.10.00.99;3005.10.99.00
IMR-3005900010-199801,imports:3005.90.00.10:1998-01,imports,3005.90.00.10,Bandages & slabs of tex fab coated w plaster;o art used for orthopaedic casts,199801,200112,9059334,IM-3005901000-198801,3005.90.10.00,198801,8,8,61,3005.90.00.10;3005.90.00.50;3005.90.00.60;3005.90.00.90;3005.90.10.00;3005.90.92.00;3005.90.93.00;3005.90.99.00
IMR-3005900010-200201,imports:3005.90.00.10:2002-01,imports,3005.90.00.10,"Bandages & slabs of tex fab, coated w plaster;o art used for orthopaedic casts",200201,201112,32551416,IM-3005901000-198801,3005.90.10.00,198801,8,8,61,3005.90.00.10;3005.90.00.50;3005.90.00.60;3005.90.00.90;3005.90.10.00;3005.90.92.00;3005.90.93.00;3005.90.99.00
IMR-3005900020-199801,imports:3005.90.00.20:1998-01,imports,3005.90.00.20,"Dressings & sim articles coated or impreg w pharm substances, nes",199801,200112,17548598,IM-3005902000-198801,3005.90.20.00,198801,2,2,62,3005.90.00.20;3005.90.20.00
IMR-3005900020-200201,imports:3005.90.00.20:2002-01,imports,3005.90.00.20,"Dressings & sim articles, coated or impreg w pharm substances, nes",200201,202606,620521402,IM-3005902000-198801,3005.90.20.00,198801,2,2,62,3005.90.00.20;3005.90.20.00
IMR-3005900030-199801,imports:3005.90.00.30:1998-01,imports,3005.90.00.30,"Surgical dressings, not stitched or o/w mfd, not coated/impreg w pharm subs, nes",199801,202606,457469170,IM-3005903000-198801,3005.90.30.00,198801,2,2,63,3005.90.00.30;3005.90.30.00
IMR-3005900040-199801,imports:3005.90.00.40:1998-01,imports,3005.90.00.40,"Dressings/sim art of woven fab o/t of cotton; of knit fab, n-wov or felts, nes",199801,200112,15492187,IM-3005909100-198801,3005.90.91.00,198801,2,2,64,3005.90.00.40;3005.90.91.00
IMR-3005900040-200201,imports:3005.90.00.40:2002-01,imports,3005.90.00.40,"Dressings & sim art of woven fab,o/t of cotton; of knit fab,n-wov or felts,nes",200201,202606,300818598,IM-3005909100-198801,3005.90.91.00,198801,2,2,64,3005.90.00.40;3005.90.91.00
IMR-3005900050-199801,imports:3005.90.00.50:1998-01,imports,3005.90.00.50,"Dressings and sim articles of woven fabric solely of cotton, nes",199801,200112,13133003,IM-3005901000-198801,3005.90.10.00,198801,8,8,61,3005.90.00.10;3005.90.00.50;3005.90.00.60;3005.90.00.90;3005.90.10.00;3005.90.92.00;3005.90.93.00;3005.90.99.00
IMR-3005900050-200201,imports:3005.90.00.50:2002-01,imports,3005.90.00.50,"Dressings and sim articles, of woven fabric solely of cotton, nes",200201,201112,34164366,IM-3005901000-198801,3005.90.10.00,198801,8,8,61,3005.90.00.10;3005.90.00.50;3005.90.00.60;3005.90.00.90;3005.90.10.00;3005.90.92.00;3005.90.93.00;3005.90.99.00
IMR-3005900060-199801,imports:3005.90.00.60:1998-01,imports,3005.90.00.60,"Dressings and similar articles of paper, nes",199801,200112,256026,IM-3005901000-198801,3005.90.10.00,198801,8,8,61,3005.90.00.10;3005.90.00.50;3005.90.00.60;3005.90.00.90;3005.90.10.00;3005.90.92.00;3005.90.93.00;3005.90.99.00
IMR-3005900060-200201,imports:3005.90.00.60:2002-01,imports,3005.90.00.60,"Dressings and similar articles, of paper, nes",200201,201112,1414250,IM-3005901000-198801,3005.90.10.00,198801,8,8,61,3005.90.00.10;3005.90.00.50;3005.90.00.60;3005.90.00.90;3005.90.10.00;3005.90.92.00;3005.90.93.00;3005.90.99.00
IMR-3005900090-199801,imports:3005.90.00.90:1998-01,imports,3005.90.00.90,"Dressings and similar articles packaged for medical use, nes",199801,200112,79284176,IM-3005901000-198801,3005.90.10.00,198801,8,8,61,3005.90.00.10;3005.90.00.50;3005.90.00.60;3005.90.00.90;3005.90.10.00;3005.90.92.00;3005.90.93.00;3005.90.99.00
IMR-3005900090-200201,imports:3005.90.00.90:2002-01,imports,3005.90.00.90,"Dressings and similar articles, packaged for medical use, nes",200201,201112,377774051,IM-3005901000-198801,3005.90.10.00,198801,8,8,61,3005.90.00.10;3005.90.00.50;3005.90.00.60;3005.90.00.90;3005.90.10.00;3005.90.92.00;3005.90.93.00;3005.90.99.00
IMR-3005900090-201201,imports:3005.90.00.90:2012-01,imports,3005.90.00.90,"Wadding,gauze,bandages & sim art, packaged for retail sale & for medical use,nes",201201,202606,1052516013,IM-3005901000-198801,3005.90.10.00,198801,8,8,61,3005.90.00.10;3005.90.00.50;3005.90.00.60;3005.90.00.90;3005.90.10.00;3005.90.92.00;3005.90.93.00;3005.90.99.00
IMR-3005901000-198801,imports:3005.90.10.00:1988-01,imports,3005.90.10.00,Bandages & slabs of tex fab coated w plaster;o art used for orthopaedic casts,198801,199712,10103909,IM-3005901000-198801,3005.90.10.00,198801,8,8,61,3005.90.00.10;3005.90.00.50;3005.90.00.60;3005.90.00.90;3005.90.10.00;3005.90.92.00;3005.90.93.00;3005.90.99.00
IMR-3005902000-198801,imports:3005.90.20.00:1988-01,imports,3005.90.20.00,"Dressings & sim articles coated or impreg w pharm substances, nes",198801,199712,35108734,IM-3005902000-198801,3005.90.20.00,198801,2,2,62,3005.90.00.20;3005.90.20.00
IMR-3005903000-198801,imports:3005.90.30.00:1988-01,imports,3005.90.30.00,"Surgical dressings, not stitched or o/w mfd, not coated/impreg w pharm subs, nes",198801,199712,102059460,IM-3005903000-198801,3005.90.30.00,198801,2,2,63,3005.90.00.30;3005.90.30.00
IMR-3005909100-198801,imports:3005.90.91.00:1988-01,imports,3005.90.91.00,"Dressings/sim art of woven fab o/t of cotton; of knit fab, n-wov or felts, nes",198801,199712,21207608,IM-3005909100-198801,3005.90.91.00,198801,2,2,64,3005.90.00.40;3005.90.91.00
IMR-3005909200-198801,imports:3005.90.92.00:1988-01,imports,3005.90.92.00,"Dressings and sim articles of woven fabric solely of cotton, nes",198801,199712,46712311,IM-3005901000-198801,3005.90.10.00,198801,8,8,61,3005.90.00.10;3005.90.00.50;3005.90.00.60;3005.90.00.90;3005.90.10.00;3005.90.92.00;3005.90.93.00;3005.90.99.00
IMR-3005909300-198801,imports:3005.90.93.00:1988-01,imports,3005.90.93.00,"Dressings and similar articles of paper, nes",198801,199712,1808053,IM-3005901000-198801,3005.90.10.00,198801,8,8,61,3005.90.00.10;3005.90.00.50;3005.90.00.60;3005.90.00.90;3005.90.10.00;3005.90.92.00;3005.90.93.00;3005.90.99.00
IMR-3005909900-198801,imports:3005.90.99.00:1988-01,imports,3005.90.99.00,"Dressings and similar articles packaged for medical use, nes",198801,199712,19543614,IM-3005901000-198801,3005.90.10.00,198801,8,8,61,3005.90.00.10;3005.90.00.50;3005.90.00.60;3005.90.00.90;3005.90.10.00;3005.90.92.00;3005.90.93.00;3005.90.99.00
IMR-3006100010-198801,imports:3006.10.00.10:1988-01,imports,3006.10.00.10,Sterile surgical catgut & similar sterile suture mat for surgical wound closure,198801,200112,336323742,IM-3006100010-198801,3006.10.00.10,198801,1,1,65,3006.10.00.10
IMR-3006100010-200201,imports:3006.10.00.10:2002-01,imports,3006.10.00.10,"Sterile surgical catgut & similar sterile suture mat, for surgical wound closure",200201,202606,1283989911,IM-3006100010-198801,3006.10.00.10,198801,1,1,65,3006.10.00.10
IMR-3006100090-198801,imports:3006.10.00.90:1988-01,imports,3006.10.00.90,"Laminaria & laminaria tents, sterile; sterile absorbable surg/dental haemostatic",198801,202606,539248536,IM-3006100090-198801,3006.10.00.90,198801,1,1,66,3006.10.00.90
IMR-3006200010-199801,imports:3006.20.00.10:1998-01,imports,3006.20.00.10,"Blood-grouping reagents, of human origin",199801,201112,300034808,IM-3006201000-198801,3006.20.10.00,198801,4,4,67,3006.20.00.10;3006.20.00.90;3006.20.10.00;3006.20.90.00
IMR-3006200020-199801,imports:3006.20.00.20:1998-01,imports,3006.20.00.20,"Blood-grouping reagents, of animal origin",199801,202112,101885670,IM-3006202000-198801,3006.20.20.00,198801,2,2,68,3006.20.00.20;3006.20.20.00
IMR-3006200090-199801,imports:3006.20.00.90:1998-01,imports,3006.20.00.90,"Blood-grouping reagents, except of human or animal origin",199801,201112,16629552,IM-3006201000-198801,3006.20.10.00,198801,4,4,67,3006.20.00.10;3006.20.00.90;3006.20.10.00;3006.20.90.00
IMR-3006200090-201201,imports:3006.20.00.90:2012-01,imports,3006.20.00.90,"Blood-grouping reagents, other than of animal origin, nes",201201,202112,142748427,IM-3006201000-198801,3006.20.10.00,198801,4,4,67,3006.20.00.10;3006.20.00.90;3006.20.10.00;3006.20.90.00
IMR-3006201000-198801,imports:3006.20.10.00:1988-01,imports,3006.20.10.00,"Blood-grouping reagents, of human origin",198801,199712,140148071,IM-3006201000-198801,3006.20.10.00,198801,4,4,67,3006.20.00.10;3006.20.00.90;3006.20.10.00;3006.20.90.00
IMR-3006202000-198801,imports:3006.20.20.00:1988-01,imports,3006.20.20.00,"Blood-grouping reagents, of animal origin",198801,199712,6909500,IM-3006202000-198801,3006.20.20.00,198801,2,2,68,3006.20.00.20;3006.20.20.00
IMR-3006209000-198801,imports:3006.20.90.00:1988-01,imports,3006.20.90.00,"Blood-grouping reagents, except of human or animal origin",198801,199712,15915707,IM-3006201000-198801,3006.20.10.00,198801,4,4,67,3006.20.00.10;3006.20.00.90;3006.20.10.00;3006.20.90.00
IMR-3006300010-199801,imports:3006.30.00.10:1998-01,imports,3006.30.00.10,Opacifying preparations for X-ray examinations,199801,200112,62836383,IM-3006301000-198801,3006.30.10.00,198801,2,2,69,3006.30.00.10;3006.30.10.00
IMR-3006300010-200201,imports:3006.30.00.10:2002-01,imports,3006.30.00.10,"Opacifying, preparations for X-ray examinations",200201,202606,306368203,IM-3006301000-198801,3006.30.10.00,198801,2,2,69,3006.30.00.10;3006.30.10.00
IMR-3006300020-199801,imports:3006.30.00.20:1998-01,imports,3006.30.00.20,Allergenics prepared for parenteral administration,199801,200112,4672794,IM-3006309100-198801,3006.30.91.00,198801,4,4,70,3006.30.00.20;3006.30.00.90;3006.30.91.00;3006.30.99.00
IMR-3006300020-200201,imports:3006.30.00.20:2002-01,imports,3006.30.00.20,"Allergenics, prepared for parenteral administration",200201,201112,13090987,IM-3006309100-198801,3006.30.91.00,198801,4,4,70,3006.30.00.20;3006.30.00.90;3006.30.91.00;3006.30.99.00
IMR-3006300090-199801,imports:3006.30.00.90:1998-01,imports,3006.30.00.90,"Diagnostic reagents designed to be administered to the patient, nes",199801,200112,43280945,IM-3006309100-198801,3006.30.91.00,198801,4,4,70,3006.30.00.20;3006.30.00.90;3006.30.91.00;3006.30.99.00
IMR-3006300090-200201,imports:3006.30.00.90:2002-01,imports,3006.30.00.90,"Diagnostic reagents, designed to be administered to the patient, nes",200201,202606,1131115096,IM-3006309100-198801,3006.30.91.00,198801,4,4,70,3006.30.00.20;3006.30.00.90;3006.30.91.00;3006.30.99.00
IMR-3006301000-198801,imports:3006.30.10.00:1988-01,imports,3006.30.10.00,Opacifying preparations for X-ray examinations,198801,199712,207390256,IM-3006301000-198801,3006.30.10.00,198801,2,2,69,3006.30.00.10;3006.30.10.00
IMR-3006309100-198801,imports:3006.30.91.00:1988-01,imports,3006.30.91.00,Allergenics prepared for parenteral administration,198801,199712,8572971,IM-3006309100-198801,3006.30.91.00,198801,4,4,70,3006.30.00.20;3006.30.00.90;3006.30.91.00;3006.30.99.00
IMR-3006309900-198801,imports:3006.30.99.00:1988-01,imports,3006.30.99.00,"Diagnostic reagents designed to be administered to the patient, nes",198801,199712,53976365,IM-3006309100-198801,3006.30.91.00,198801,4,4,70,3006.30.00.20;3006.30.00.90;3006.30.91.00;3006.30.99.00
IMR-3006400010-199801,imports:3006.40.00.10:1998-01,imports,3006.40.00.10,Dental cements and bone reconstruction cements,199801,202606,984533064,IM-3006401010-198801,3006.40.10.10,198801,2,2,71,3006.40.00.10;3006.40.10.10
IMR-3006400020-199801,imports:3006.40.00.20:1998-01,imports,3006.40.00.20,Points for filling dental root canals,199801,200112,8851671,IM-3006401020-198801,3006.40.10.20,198801,6,6,72,3006.40.00.20;3006.40.00.30;3006.40.00.90;3006.40.10.20;3006.40.20.00;3006.40.90.00
IMR-3006400020-200201,imports:3006.40.00.20:2002-01,imports,3006.40.00.20,"Points, for filling dental root canals",200201,201112,23327268,IM-3006401020-198801,3006.40.10.20,198801,6,6,72,3006.40.00.20;3006.40.00.30;3006.40.00.90;3006.40.10.20;3006.40.20.00;3006.40.90.00
IMR-3006400030-199801,imports:3006.40.00.30:1998-01,imports,3006.40.00.30,"Dental fillings of composition metals, except those in powder or pellet form",199801,201112,18807739,IM-3006401020-198801,3006.40.10.20,198801,6,6,72,3006.40.00.20;3006.40.00.30;3006.40.00.90;3006.40.10.20;3006.40.20.00;3006.40.90.00
IMR-3006400090-199801,imports:3006.40.00.90:1998-01,imports,3006.40.00.90,"Dental fillings, nes",199801,201112,308870298,IM-3006401020-198801,3006.40.10.20,198801,6,6,72,3006.40.00.20;3006.40.00.30;3006.40.00.90;3006.40.10.20;3006.40.20.00;3006.40.90.00
IMR-3006400090-201201,imports:3006.40.00.90:2012-01,imports,3006.40.00.90,"Other dental fillings, nes",201201,202606,768304576,IM-3006401020-198801,3006.40.10.20,198801,6,6,72,3006.40.00.20;3006.40.00.30;3006.40.00.90;3006.40.10.20;3006.40.20.00;3006.40.90.00
IMR-3006401010-198801,imports:3006.40.10.10:1988-01,imports,3006.40.10.10,Dental cements and bone reconstruction cements,198801,199712,82885877,IM-3006401010-198801,3006.40.10.10,198801,2,2,71,3006.40.00.10;3006.40.10.10
IMR-3006401020-198801,imports:3006.40.10.20:1988-01,imports,3006.40.10.20,Points for filling dental root canals,198801,199712,12822836,IM-3006401020-198801,3006.40.10.20,198801,6,6,72,3006.40.00.20;3006.40.00.30;3006.40.00.90;3006.40.10.20;3006.40.20.00;3006.40.90.00
IMR-3006402000-198801,imports:3006.40.20.00:1988-01,imports,3006.40.20.00,"Dental fillings of composition metals, except those in powder or pellet form",198801,199712,12771217,IM-3006401020-198801,3006.40.10.20,198801,6,6,72,3006.40.00.20;3006.40.00.30;3006.40.00.90;3006.40.10.20;3006.40.20.00;3006.40.90.00
IMR-3006409000-198801,imports:3006.40.90.00:1988-01,imports,3006.40.90.00,"Dental fillings, nes",198801,199712,83063425,IM-3006401020-198801,3006.40.10.20,198801,6,6,72,3006.40.00.20;3006.40.00.30;3006.40.00.90;3006.40.10.20;3006.40.20.00;3006.40.90.00
IMR-3006500000-198801,imports:3006.50.00.00:1988-01,imports,3006.50.00.00,First-aid boxes and kits,198801,202606,188007647,IM-3006500000-198801,3006.50.00.00,198801,1,1,73,3006.50.00.00
IMR-3006600000-201701,imports:3006.60.00.00:2017-01,imports,3006.60.00.00,"Chem contraceptive preparations,based on hormones/o prod of No 29.37/spermicides",201701,202606,1529593132,IM-3006600011-198801,3006.60.00.11,198801,5,5,74,3006.60.00.00;3006.60.00.10;3006.60.00.11;3006.60.00.19;3006.60.00.90
IMR-3006600010-201201,imports:3006.60.00.10:2012-01,imports,3006.60.00.10,"Chem contraceptive prep,based on horm,o prod of 29.37/spermicides,in dosage,nes",201201,201612,866902008,IM-3006600011-198801,3006.60.00.11,198801,5,5,74,3006.60.00.00;3006.60.00.10;3006.60.00.11;3006.60.00.19;3006.60.00.90
IMR-3006600011-198801,imports:3006.60.00.11:1988-01,imports,3006.60.00.11,"Contraceptive prep, cont norethesterone acetate & ethinylestradiol, in dosage",198801,201111,143242802,IM-3006600011-198801,3006.60.00.11,198801,5,5,74,3006.60.00.00;3006.60.00.10;3006.60.00.11;3006.60.00.19;3006.60.00.90
IMR-3006600019-198801,imports:3006.60.00.19:1988-01,imports,3006.60.00.19,"Contraceptive prep based on hormones,o prod of 29.37/spermicides,in dosage,nes",198801,200112,180876245,IM-3006600011-198801,3006.60.00.11,198801,5,5,74,3006.60.00.00;3006.60.00.10;3006.60.00.11;3006.60.00.19;3006.60.00.90
IMR-3006600019-200201,imports:3006.60.00.19:2002-01,imports,3006.60.00.19,"Contraceptive prep, based on hormones,o prod of 29.37/spermicides,in dosage,nes",200201,201112,1238944811,IM-3006600011-198801,3006.60.00.11,198801,5,5,74,3006.60.00.00;3006.60.00.10;3006.60.00.11;3006.60.00.19;3006.60.00.90
IMR-3006600090-198801,imports:3006.60.00.90:1988-01,imports,3006.60.00.90,"Contraceptive prep based on horm,on o prod of 29.37/spermicides,o/t in dos,nes",198801,200112,5572714,IM-3006600011-198801,3006.60.00.11,198801,5,5,74,3006.60.00.00;3006.60.00.10;3006.60.00.11;3006.60.00.19;3006.60.00.90
IMR-3006600090-200201,imports:3006.60.00.90:2002-01,imports,3006.60.00.90,"Contraceptive prep, based on horm,on o prod of 29.37/spermicides,o/t in dos,nes",200201,201612,39887667,IM-3006600011-198801,3006.60.00.11,198801,5,5,74,3006.60.00.00;3006.60.00.10;3006.60.00.11;3006.60.00.19;3006.60.00.90
IMR-3006701000-200201,imports:3006.70.10.00:2002-01,imports,3006.70.10.00,"Chem/biolog prep,incl kits cont ancill mat f med diag;f insemination anml semen",200201,202606,32928011,IM-3006701000-200201,3006.70.10.00,200201,1,1,92,3006.70.10.00
IMR-3006709000-200201,imports:3006.70.90.00:2002-01,imports,3006.70.90.00,"Gel prep f human/vet medicine as lub f parts of body f oper/examination,etc,nes",200201,202606,145934147,IM-3006709000-200201,3006.70.90.00,200201,1,1,93,3006.70.90.00
IMR-3006801100-200207,imports:3006.80.11.00:2002-07,imports,3006.80.11.00,"Waste pharm,chem/biolog prep,incl kit w ancill mat f med diag;f insem anml semen",200207,200612,177848,IM-3006801900-200201,3006.80.19.00,200201,11,11,94,3006.80.11.00;3006.80.19.00;3006.80.90.10;3006.80.90.20;3006.80.90.30;3006.80.90.41;3006.80.90.42;3006.80.90.43;3006.80.90.50;3006.80.90.60;3006.92.00.00
IMR-3006801900-200201,imports:3006.80.19.00:2002-01,imports,3006.80.19.00,"Waste of gel prep f human/vet med as lub f pts of body f oper/examin,etc,nes",200201,200612,168927,IM-3006801900-200201,3006.80.19.00,200201,11,11,94,3006.80.11.00;3006.80.19.00;3006.80.90.10;3006.80.90.20;3006.80.90.30;3006.80.90.41;3006.80.90.42;3006.80.90.43;3006.80.90.50;3006.80.90.60;3006.92.00.00
IMR-3006809010-200201,imports:3006.80.90.10:2002-01,imports,3006.80.90.10,Waste pharmaceuticals of the goods of heading 30.01,200201,200510,53,IM-3006801900-200201,3006.80.19.00,200201,11,11,94,3006.80.11.00;3006.80.19.00;3006.80.90.10;3006.80.90.20;3006.80.90.30;3006.80.90.41;3006.80.90.42;3006.80.90.43;3006.80.90.50;3006.80.90.60;3006.92.00.00
IMR-3006809020-200407,imports:3006.80.90.20:2004-07,imports,3006.80.90.20,Waste pharmaceuticals of the goods of heading 30.02,200407,200511,539,IM-3006801900-200201,3006.80.19.00,200201,11,11,94,3006.80.11.00;3006.80.19.00;3006.80.90.10;3006.80.90.20;3006.80.90.30;3006.80.90.41;3006.80.90.42;3006.80.90.43;3006.80.90.50;3006.80.90.60;3006.92.00.00
IMR-3006809030-200202,imports:3006.80.90.30:2002-02,imports,3006.80.90.30,Waste pharmaceuticals of the goods of heading 30.03,200202,200501,7134,IM-3006801900-200201,3006.80.19.00,200201,11,11,94,3006.80.11.00;3006.80.19.00;3006.80.90.10;3006.80.90.20;3006.80.90.30;3006.80.90.41;3006.80.90.42;3006.80.90.43;3006.80.90.50;3006.80.90.60;3006.92.00.00
IMR-3006809041-200306,imports:3006.80.90.41:2003-06,imports,3006.80.90.41,Waste pharmaceuticals of the goods of subheadings 3004.10 to 3004.39,200306,200610,171,IM-3006801900-200201,3006.80.19.00,200201,11,11,94,3006.80.11.00;3006.80.19.00;3006.80.90.10;3006.80.90.20;3006.80.90.30;3006.80.90.41;3006.80.90.42;3006.80.90.43;3006.80.90.50;3006.80.90.60;3006.92.00.00
IMR-3006809042-200312,imports:3006.80.90.42:2003-12,imports,3006.80.90.42,Waste pharmaceuticals of the goods of subheadings 3004.40 or 3004.50,200312,200604,86732,IM-3006801900-200201,3006.80.19.00,200201,11,11,94,3006.80.11.00;3006.80.19.00;3006.80.90.10;3006.80.90.20;3006.80.90.30;3006.80.90.41;3006.80.90.42;3006.80.90.43;3006.80.90.50;3006.80.90.60;3006.92.00.00
IMR-3006809043-200205,imports:3006.80.90.43:2002-05,imports,3006.80.90.43,Waste pharmaceuticals of the goods of subheading 3004.90,200205,200508,36718,IM-3006801900-200201,3006.80.19.00,200201,11,11,94,3006.80.11.00;3006.80.19.00;3006.80.90.10;3006.80.90.20;3006.80.90.30;3006.80.90.41;3006.80.90.42;3006.80.90.43;3006.80.90.50;3006.80.90.60;3006.92.00.00
IMR-3006809050-200204,imports:3006.80.90.50:2002-04,imports,3006.80.90.50,Waste pharmaceuticals of the goods of heading 30.05,200204,200612,8220,IM-3006801900-200201,3006.80.19.00,200201,11,11,94,3006.80.11.00;3006.80.19.00;3006.80.90.10;3006.80.90.20;3006.80.90.30;3006.80.90.41;3006.80.90.42;3006.80.90.43;3006.80.90.50;3006.80.90.60;3006.92.00.00
IMR-3006809060-200201,imports:3006.80.90.60:2002-01,imports,3006.80.90.60,Waste pharmaceuticals of the goods of heading 30.06,200201,200612,259506,IM-3006801900-200201,3006.80.19.00,200201,11,11,94,3006.80.11.00;3006.80.19.00;3006.80.90.10;3006.80.90.20;3006.80.90.30;3006.80.90.41;3006.80.90.42;3006.80.90.43;3006.80.90.50;3006.80.90.60;3006.92.00.00
IMR-3006910000-200701,imports:3006.91.00.00:2007-01,imports,3006.91.00.00,Appliances identifiable for ostomy use,200701,202606,964194991,IM-3006910000-200701,3006.91.00.00,200701,1,1,95,3006.91.00.00
IMR-3006920000-200701,imports:3006.92.00.00:2007-01,imports,3006.92.00.00,"Waste pharmaceuticals, nes",200701,202606,938259,IM-3006801900-200201,3006.80.19.00,200201,11,11,94,3006.80.11.00;3006.80.19.00;3006.80.90.10;3006.80.90.20;3006.80.90.30;3006.80.90.41;3006.80.90.42;3006.80.90.43;3006.80.90.50;3006.80.90.60;3006.92.00.00
IMR-3006931000-202201,imports:3006.93.10.00:2022-01,imports,3006.93.10.00,"Placebos and blinded/double-blinded kits,f clinical trial,syrup based,meas doses",202201,202606,18477071,IM-3006931000-202201,3006.93.10.00,202201,1,1,113,3006.93.10.00
IMR-3006932000-202201,imports:3006.93.20.00:2022-01,imports,3006.93.20.00,"Placebos and blinded/double-blinded kits,f clinical trial,sugar based,meas doses",202201,202606,11663503,IM-3006932000-202201,3006.93.20.00,202201,1,1,114,3006.93.20.00
IMR-3006933000-202201,imports:3006.93.30.00:2022-01,imports,3006.93.30.00,"Placebos & blinded/double-blinded kits,f clinical trial,o food based, meas doses",202201,202606,4158035,IM-3006933000-202201,3006.93.30.00,202201,1,1,115,3006.93.30.00
IMR-3006934000-202201,imports:3006.93.40.00:2022-01,imports,3006.93.40.00,"Placebos & blinded/double kits,f clinical trial,non-alc bev based, in meas doses",202201,202606,2645199,IM-3006934000-202201,3006.93.40.00,202201,1,1,116,3006.93.40.00
IMR-3006939000-202201,imports:3006.93.90.00:2022-01,imports,3006.93.90.00,"Placebos & blinded/double-blinded kits,for clinical trial,in measured doses, nes",202201,202606,297730753,IM-3006939000-202201,3006.93.90.00,202201,1,1,117,3006.93.90.00
