span_id,flow,hs_code,description,first_period,last_period,value_cad,codes_in_journey,succession_hops,rewordings_passed,journey,terminal_code,terminal_description,terminal_first_period,terminal_last_period,terminal_status
imports:3001.10.00.10:1988-01,imports,3001.10.00.10,"Animal glands, dried, powdered or not, for therapeutic uses",198801,200612,4534592,2,1,0,3001.10.00.10 -> 3001.90.00.90,3001.90.00.90,"Heparin & its salts; human or animal substances for therap or prophltc uses, nes",200201,202606,active
imports:3001.10.00.90:1988-01,imports,3001.10.00.90,"Glands, nes, and other organs, dried, powdered or not, for therapeutic uses",198801,200612,6809180,2,1,0,3001.10.00.90 -> 3001.90.00.90,3001.90.00.90,"Heparin & its salts; human or animal substances for therap or prophltc uses, nes",200201,202606,active
imports:3001.20.00.00:1988-01,imports,3001.20.00.00,"Extracts of glands or other organs or of their secretions, for therapeutic uses",198801,202606,111966598,1,0,0,3001.20.00.00,3001.20.00.00,"Extracts of glands or other organs or of their secretions, for therapeutic uses",198801,202606,active
imports:3001.90.00.10:1998-01,imports,3001.90.00.10,Heparin and its salts,199801,202606,663001548,1,0,0,3001.90.00.10,3001.90.00.10,Heparin and its salts,199801,202606,active
imports:3001.90.00.20:1998-01,imports,3001.90.00.20,"Bone, organs & o human/animal tissue, living/preserved,for grafting/implantation",199801,202606,713864638,1,0,0,3001.90.00.20,3001.90.00.20,"Bone, organs & o human/animal tissue, living/preserved,for grafting/implantation",199801,202606,active
imports:3001.90.00.90:1998-01,imports,3001.90.00.90,"Other human or animal subs prepared for therapeutic or prophylactic uses, nes",199801,200112,15709092,1,0,1,3001.90.00.90,3001.90.00.90,"Heparin & its salts; human or animal substances for therap or prophltc uses, nes",200201,202606,active
imports:3001.90.00.90:2002-01,imports,3001.90.00.90,"Heparin & its salts; human or animal substances for therap or prophltc uses, nes",200201,202606,393342344,1,0,0,3001.90.00.90,3001.90.00.90,"Heparin & its salts; human or animal substances for therap or prophltc uses, nes",200201,202606,active
imports:3001.90.10.00:1988-01,imports,3001.90.10.00,Heparin and its salts,198801,199712,23789116,2,1,0,3001.90.10.00 -> 3001.90.00.10,3001.90.00.10,Heparin and its salts,199801,202606,active
imports:3001.90.20.00:1988-01,imports,3001.90.20.00,"Bone, organs & o human/animal tissue, living/preserved,for grafting/implantation",198801,199712,26959462,2,1,0,3001.90.20.00 -> 3001.90.00.20,3001.90.00.20,"Bone, organs & o human/animal tissue, living/preserved,for grafting/implantation",199801,202606,active
imports:3001.90.90.00:1988-01,imports,3001.90.90.00,"Other human or animal subs prepared for therapeutic or prophylactic uses, nes",198801,199712,2825176,2,1,1,3001.90.90.00 -> 3001.90.00.90,3001.90.00.90,"Heparin & its salts; human or animal substances for therap or prophltc uses, nes",200201,202606,active
imports:3002.10.00.10:1998-01,imports,3002.10.00.10,"Antisera & o blood fractions, human origin, for diagnostic use",199801,201612,3166447761,2,1,0,3002.10.00.10 -> 3002.12.00.11,3002.12.00.11,"Human antisera and other human blood fractions, for diagnostic use",201701,202606,active
imports:3002.10.00.21:1998-01,imports,3002.10.00.21,"Blood plasma, for therapeutic or prophylactic use in humans",199801,201612,1761536873,2,1,0,3002.10.00.21 -> 3002.12.00.12,3002.12.00.12,"Human blood plasma, for therapeutic/prophylactic/other uses",201701,202606,active
imports:3002.10.00.22:1998-01,imports,3002.10.00.22,"Normal serum globulin, for therapeutic or prophylactic use in humans",199801,201612,2414301,2,1,0,3002.10.00.22 -> 3002.12.00.19,3002.12.00.19,"Human antisera and other human blood fractions, nes",201701,202606,active
imports:3002.10.00.23:1998-01,imports,3002.10.00.23,"Immune serum globulin, for therapeutic or prophylactic use in humans",199801,201612,1415737704,2,1,0,3002.10.00.23 -> 3002.12.00.13,3002.12.00.13,"Human immune globulin, for therapeutic/prophylactic/other uses",201701,202606,active
imports:3002.10.00.29:1998-01,imports,3002.10.00.29,"Antisera & o blood fract, human orig, therapeutic/prophylactic use in humans,nes",199801,201612,5754885877,2,1,0,3002.10.00.29 -> 3002.12.00.19,3002.12.00.19,"Human antisera and other human blood fractions, nes",201701,202606,active
imports:3002.10.00.30:1998-01,imports,3002.10.00.30,"Antisera & o blood fractions, of human origin, for other uses",199801,200112,123292770,2,1,1,3002.10.00.30 -> 3002.12.00.19,3002.12.00.19,"Human antisera and other human blood fractions, nes",201701,202606,active
imports:3002.10.00.30:2002-01,imports,3002.10.00.30,"Antisera and other blood fractions, of human origin, for other uses",200201,201612,977162690,2,1,0,3002.10.00.30 -> 3002.12.00.19,3002.12.00.19,"Human antisera and other human blood fractions, nes",201701,202606,active
imports:3002.10.00.41:1998-01,imports,3002.10.00.41,"Bovine albumin, for parenteral administration in humans",199801,201612,27309966,2,1,0,3002.10.00.41 -> 3002.12.00.21,3002.12.00.21,"Animal antisera and other animal blood fractions, for use in humans",201701,202606,active
imports:3002.10.00.42:1998-01,imports,3002.10.00.42,"Sera and antisera, of animal origin, for parenteral administration in humans",199801,201612,70394543,2,1,0,3002.10.00.42 -> 3002.12.00.21,3002.12.00.21,"Animal antisera and other animal blood fractions, for use in humans",201701,202606,active
imports:3002.10.00.49:1998-01,imports,3002.10.00.49,"Blood albumin nes, of animal origin, for parenteral administration in humans",199801,200112,23176990,2,1,1,3002.10.00.49 -> 3002.12.00.21,3002.12.00.21,"Animal antisera and other animal blood fractions, for use in humans",201701,202606,active
imports:3002.10.00.49:2002-01,imports,3002.10.00.49,"Blood albumin, nes, of animal origin, for parenteral administration in humans",200201,201612,112444064,2,1,0,3002.10.00.49 -> 3002.12.00.21,3002.12.00.21,"Animal antisera and other animal blood fractions, for use in humans",201701,202606,active
imports:3002.10.00.51:1998-01,imports,3002.10.00.51,"Blood fractions, nes, for use in humans",199801,201612,565555590,2,1,0,3002.10.00.51 -> 3002.12.00.21,3002.12.00.21,"Animal antisera and other animal blood fractions, for use in humans",201701,202606,active
imports:3002.10.00.59:1998-01,imports,3002.10.00.59,"Blood fractions, nes",199801,201612,1723388665,2,1,0,3002.10.00.59 -> 3002.12.00.29,3002.12.00.29,"Animal antisera and other animal blood fractions, nes",201701,202606,active
imports:3002.10.00.60:2003-02,imports,3002.10.00.60,Modified immunological products,200302,201112,1580200084,4,3,0,3002.10.00.60 -> 3002.10.00.90 -> 3002.19.00.00 -> 3002.90.00.90,3002.90.00.90,"Human blood;animal blood therap/diag,etc;antisera,etc;vaccines,etc;cell cult,nes",202201,202606,active
imports:3002.10.00.90:2012-01,imports,3002.10.00.90,"Antisera,o blood fract,immunological prod,w/n mod/obt biotechnological proc,nes",201201,201612,7588057599,3,2,0,3002.10.00.90 -> 3002.19.00.00 -> 3002.90.00.90,3002.90.00.90,"Human blood;animal blood therap/diag,etc;antisera,etc;vaccines,etc;cell cult,nes",202201,202606,active
imports:3002.10.10.10:1988-01,imports,3002.10.10.10,"Antisera & o blood fractions, human origin, for diagnostic use",198801,199712,101722161,3,2,0,3002.10.10.10 -> 3002.10.00.10 -> 3002.12.00.11,3002.12.00.11,"Human antisera and other human blood fractions, for diagnostic use",201701,202606,active
imports:3002.10.10.21:1988-01,imports,3002.10.10.21,"Blood plasma, for therapeutic or prophylactic use in humans",198801,199712,80754016,3,2,0,3002.10.10.21 -> 3002.10.00.21 -> 3002.12.00.12,3002.12.00.12,"Human blood plasma, for therapeutic/prophylactic/other uses",201701,202606,active
imports:3002.10.10.22:1988-01,imports,3002.10.10.22,"Normal serum globulin, for therapeutic or prophylactic use in humans",198801,199712,19609749,3,2,0,3002.10.10.22 -> 3002.10.00.22 -> 3002.12.00.19,3002.12.00.19,"Human antisera and other human blood fractions, nes",201701,202606,active
imports:3002.10.10.23:1990-01,imports,3002.10.10.23,"Immune serum globulin, for therapeutic or prophylactic use in humans",199001,199712,24552889,3,2,0,3002.10.10.23 -> 3002.10.00.23 -> 3002.12.00.13,3002.12.00.13,"Human immune globulin, for therapeutic/prophylactic/other uses",201701,202606,active
imports:3002.10.10.29:1988-01,imports,3002.10.10.29,"Antisera & o blood fract, human orig, therapeutic/prophylactic use in humans,nes",198801,199712,377806210,3,2,0,3002.10.10.29 -> 3002.10.00.29 -> 3002.12.00.19,3002.12.00.19,"Human antisera and other human blood fractions, nes",201701,202606,active
imports:3002.10.10.90:1988-01,imports,3002.10.10.90,"Antisera & o blood fractions, of human origin, for other uses",198801,199712,70111731,3,2,1,3002.10.10.90 -> 3002.10.00.30 -> 3002.12.00.19,3002.12.00.19,"Human antisera and other human blood fractions, nes",201701,202606,active
imports:3002.10.21.10:1988-01,imports,3002.10.21.10,"Bovine albumin, for parenteral administration in humans",198801,199712,27900542,3,2,0,3002.10.21.10 -> 3002.10.00.41 -> 3002.12.00.21,3002.12.00.21,"Animal antisera and other animal blood fractions, for use in humans",201701,202606,active
imports:3002.10.21.20:1988-01,imports,3002.10.21.20,"Sera and antisera, of animal origin, for parenteral administration in humans",198801,199712,34907173,3,2,0,3002.10.21.20 -> 3002.10.00.42 -> 3002.12.00.21,3002.12.00.21,"Animal antisera and other animal blood fractions, for use in humans",201701,202606,active
imports:3002.10.21.90:1988-01,imports,3002.10.21.90,"Blood albumin nes, of animal origin, for parenteral administration in humans",198801,199712,40116460,3,2,1,3002.10.21.90 -> 3002.10.00.49 -> 3002.12.00.21,3002.12.00.21,"Animal antisera and other animal blood fractions, for use in humans",201701,202606,active
imports:3002.10.29.10:1988-01,imports,3002.10.29.10,"Blood fractions, nes, for use in humans",198801,199712,955745,3,2,0,3002.10.29.10 -> 3002.10.00.51 -> 3002.12.00.21,3002.12.00.21,"Animal antisera and other animal blood fractions, for use in humans",201701,202606,active
imports:3002.10.29.20:1988-01,imports,3002.10.29.20,"Blood fractions, nes, for use in animals",198801,199104,77143,4,3,0,3002.10.29.20 -> 3002.10.29.90 -> 3002.10.00.59 -> 3002.12.00.29,3002.12.00.29,"Animal antisera and other animal blood fractions, nes",201701,202606,active
imports:3002.10.29.90:1988-01,imports,3002.10.29.90,"Blood fractions, nes",198801,199712,26422139,3,2,0,3002.10.29.90 -> 3002.10.00.59 -> 3002.12.00.29,3002.12.00.29,"Animal antisera and other animal blood fractions, nes",201701,202606,active
imports:3002.11.00.00:2017-01,imports,3002.11.00.00,Malaria diagnostic test kits,201701,202112,3361952,1,0,0,3002.11.00.00,3002.11.00.00,Malaria diagnostic test kits,201701,202112,left_chapter
imports:3002.12.00.11:2017-01,imports,3002.12.00.11,"Human antisera and other human blood fractions, for diagnostic use",201701,202606,1226814955,1,0,0,3002.12.00.11,3002.12.00.11,"Human antisera and other human blood fractions, for diagnostic use",201701,202606,active
imports:3002.12.00.12:2017-01,imports,3002.12.00.12,"Human blood plasma, for therapeutic/prophylactic/other uses",201701,202606,1752188520,1,0,0,3002.12.00.12,3002.12.00.12,"Human blood plasma, for therapeutic/prophylactic/other uses",201701,202606,active
imports:3002.12.00.13:2017-01,imports,3002.12.00.13,"Human immune globulin, for therapeutic/prophylactic/other uses",201701,202606,1657163965,1,0,0,3002.12.00.13,3002.12.00.13,"Human immune globulin, for therapeutic/prophylactic/other uses",201701,202606,active
imports:3002.12.00.19:2017-01,imports,3002.12.00.19,"Human antisera and other human blood fractions, nes",201701,202606,3949707054,1,0,0,3002.12.00.19,3002.12.00.19,"Human antisera and other human blood fractions, nes",201701,202606,active
imports:3002.12.00.21:2017-01,imports,3002.12.00.21,"Animal antisera and other animal blood fractions, for use in humans",201701,202606,355082442,1,0,0,3002.12.00.21,3002.12.00.21,"Animal antisera and other animal blood fractions, for use in humans",201701,202606,active
imports:3002.12.00.29:2017-01,imports,3002.12.00.29,"Animal antisera and other animal blood fractions, nes",201701,202606,801307060,1,0,0,3002.12.00.29,3002.12.00.29,"Animal antisera and other animal blood fractions, nes",201701,202606,active
imports:3002.13.00.00:2017-01,imports,3002.13.00.00,"Immunological products, unmixed, not put up in measured doses/forms/packings frs",201701,202606,99000269,1,0,0,3002.13.00.00,3002.13.00.00,"Immunological products, unmixed, not put up in measured doses/forms/packings frs",201701,202606,active
imports:3002.14.00.00:2017-01,imports,3002.14.00.00,"Immunological products,mixed,not put in measured doses/forms/packings f ret sale",201701,202606,111309709,1,0,0,3002.14.00.00,3002.14.00.00,"Immunological products,mixed,not put in measured doses/forms/packings f ret sale",201701,202606,active
imports:3002.15.00.00:2017-01,imports,3002.15.00.00,"Immunological products, put up in measured doses/forms/packings, for retail sale",201701,202606,43788994485,1,0,0,3002.15.00.00,3002.15.00.00,"Immunological products, put up in measured doses/forms/packings, for retail sale",201701,202606,active
imports:3002.19.00.00:2017-01,imports,3002.19.00.00,"Immunological products, nes, w/n modified/obtained by biotechnological processes",201701,202112,1629159701,2,1,0,3002.19.00.00 -> 3002.90.00.90,3002.90.00.90,"Human blood;animal blood therap/diag,etc;antisera,etc;vaccines,etc;cell cult,nes",202201,202606,active
imports:3002.20.00.10:1988-02,imports,3002.20.00.10,"Vaccines against influenza virus, for human use",198802,202112,902421504,2,1,0,3002.20.00.10 -> 3002.41.00.10,3002.41.00.10,"Vaccines, for against influenza virus, human medicine",202201,202606,active
imports:3002.20.00.20:1988-01,imports,3002.20.00.20,"Vaccines against rubella (german measles), for human use",198801,201112,5568753,3,2,0,3002.20.00.20 -> 3002.20.00.90 -> 3002.41.00.90,3002.41.00.90,"Vaccines, o/t for against influenza virus, human medicine, nes",202201,202606,active
imports:3002.20.00.30:1988-01,imports,3002.20.00.30,"Vaccines against rabies, for human use",198801,201111,9012275,3,2,0,3002.20.00.30 -> 3002.20.00.90 -> 3002.41.00.90,3002.41.00.90,"Vaccines, o/t for against influenza virus, human medicine, nes",202201,202606,active
imports:3002.20.00.90:1988-01,imports,3002.20.00.90,"Vaccines, nes, for human medicine",198801,202112,11076237268,2,1,0,3002.20.00.90 -> 3002.41.00.90,3002.41.00.90,"Vaccines, o/t for against influenza virus, human medicine, nes",202201,202606,active
imports:3002.30.00.10:1998-01,imports,3002.30.00.10,Vacc agnst foot and mth disse; vacc prepr for parentl admin; bovi intrnsl vacc,199801,202112,803346426,2,1,0,3002.30.00.10 -> 3002.42.00.10,3002.42.00.10,Vaccines agnst foot and mth disse;vacc prepr for parentl admin;bovi intrnsl vacc,202201,202606,active
imports:3002.30.00.90:1998-01,imports,3002.30.00.90,"Vaccines, veterinary use, nes",199801,202112,925135646,2,1,0,3002.30.00.90 -> 3002.42.00.90,3002.42.00.90,"Vaccines, veterinary use, nes",202201,202606,active
imports:3002.30.10.00:1996-01,imports,3002.30.10.00,Vacc agnst foot and mth disse; vacc prepr for parentl admin; bovi intrnsl vacc,199601,199712,33376350,3,2,0,3002.30.10.00 -> 3002.30.00.10 -> 3002.42.00.10,3002.42.00.10,Vaccines agnst foot and mth disse;vacc prepr for parentl admin;bovi intrnsl vacc,202201,202606,active
imports:3002.30.90.00:1996-01,imports,3002.30.90.00,"Vaccines, veterinary use, nes",199601,199712,29624986,3,2,0,3002.30.90.00 -> 3002.30.00.90 -> 3002.42.00.90,3002.42.00.90,"Vaccines, veterinary use, nes",202201,202606,active
imports:3002.31.00.00:1988-01,imports,3002.31.00.00,"Vaccines against foot or mouth disease, veterinary use",198801,199507,671805,4,3,0,3002.31.00.00 -> 3002.30.90.00 -> 3002.30.00.90 -> 3002.42.00.90,3002.42.00.90,"Vaccines, veterinary use, nes",202201,202606,active
imports:3002.39.10.00:1988-01,imports,3002.39.10.00,"Vaccines nes, prepared for parenteral admin in animal; bovine intranasal vaccine",198801,199512,74686051,4,3,0,3002.39.10.00 -> 3002.30.10.00 -> 3002.30.00.10 -> 3002.42.00.10,3002.42.00.10,Vaccines agnst foot and mth disse;vacc prepr for parentl admin;bovi intrnsl vacc,202201,202606,active
imports:3002.39.90.00:1988-01,imports,3002.39.90.00,"Vaccines, veterinary use, nes",198801,199512,71013102,4,3,0,3002.39.90.00 -> 3002.30.90.00 -> 3002.30.00.90 -> 3002.42.00.90,3002.42.00.90,"Vaccines, veterinary use, nes",202201,202606,active
imports:3002.41.00.10:2022-01,imports,3002.41.00.10,"Vaccines, for against influenza virus, human medicine",202201,202606,492721832,1,0,0,3002.41.00.10,3002.41.00.10,"Vaccines, for against influenza virus, human medicine",202201,202606,active
imports:3002.41.00.90:2022-01,imports,3002.41.00.90,"Vaccines, o/t for against influenza virus, human medicine, nes",202201,202606,7994253527,1,0,0,3002.41.00.90,3002.41.00.90,"Vaccines, o/t for against influenza virus, human medicine, nes",202201,202606,active
imports:3002.42.00.10:2022-01,imports,3002.42.00.10,Vaccines agnst foot and mth disse;vacc prepr for parentl admin;bovi intrnsl vacc,202201,202606,185622920,1,0,0,3002.42.00.10,3002.42.00.10,Vaccines agnst foot and mth disse;vacc prepr for parentl admin;bovi intrnsl vacc,202201,202606,active
imports:3002.42.00.90:2022-01,imports,3002.42.00.90,"Vaccines, veterinary use, nes",202201,202606,427200979,1,0,0,3002.42.00.90,3002.42.00.90,"Vaccines, veterinary use, nes",202201,202606,active
imports:3002.49.00.10:2022-01,imports,3002.49.00.10,"Cultures, of micro-organisms (excluding yeasts) and similar products",202201,202606,285149673,1,0,0,3002.49.00.10,3002.49.00.10,"Cultures, of micro-organisms (excluding yeasts) and similar products",202201,202606,active
imports:3002.49.00.20:2022-01,imports,3002.49.00.20,Toxins and similar products,202201,202606,836054441,1,0,0,3002.49.00.20,3002.49.00.20,Toxins and similar products,202201,202606,active
imports:3002.49.00.90:2022-01,imports,3002.49.00.90,"Vaccines,toxins,cultures of micro-organisms (excl yeasts) & similar products,nes",202201,202606,405195810,1,0,0,3002.49.00.90,3002.49.00.90,"Vaccines,toxins,cultures of micro-organisms (excl yeasts) & similar products,nes",202201,202606,active
imports:3002.51.00.00:2022-01,imports,3002.51.00.00,"Cell therapy products, whether or not modified",202201,202606,482025290,1,0,0,3002.51.00.00,3002.51.00.00,"Cell therapy products, whether or not modified",202201,202606,active
imports:3002.59.00.00:2022-01,imports,3002.59.00.00,"Cell cultures, whether or not modified, nes",202201,202606,41094630,1,0,0,3002.59.00.00,3002.59.00.00,"Cell cultures, whether or not modified, nes",202201,202606,active
imports:3002.90.00.10:2017-01,imports,3002.90.00.10,"Toxins, toxoids, antitoxins, viruses, bacteriophage and bacterial lysates",201701,202112,825580243,2,1,0,3002.90.00.10 -> 3002.49.00.20,3002.49.00.20,Toxins and similar products,202201,202606,active
imports:3002.90.00.11:1998-01,imports,3002.90.00.11,Ricin,199801,201609,74680,3,2,0,3002.90.00.11 -> 3002.90.00.10 -> 3002.49.00.20,3002.49.00.20,Toxins and similar products,202201,202606,active
imports:3002.90.00.12:2000-03,imports,3002.90.00.12,Saxitoxin,200003,201610,578,3,2,0,3002.90.00.12 -> 3002.90.00.10 -> 3002.49.00.20,3002.49.00.20,Toxins and similar products,202201,202606,active
imports:3002.90.00.19:1998-01,imports,3002.90.00.19,"Toxins, toxoids, antitoxins, viruses, bacteriophage and bacterial lysates, nes",199801,201612,836383694,3,2,0,3002.90.00.19 -> 3002.90.00.10 -> 3002.49.00.20,3002.49.00.20,Toxins and similar products,202201,202606,active
imports:3002.90.00.20:1998-01,imports,3002.90.00.20,Butter-making ferment cultures,199801,201612,17636239,2,1,1,3002.90.00.20 -> 3002.90.00.90,3002.90.00.90,"Human blood;animal blood therap/diag,etc;antisera,etc;vaccines,etc;cell cult,nes",202201,202606,active
imports:3002.90.00.20:2022-01,imports,3002.90.00.20,"Toxoids, antitoxins, viruses, bacteriophage and bacterial lysates",202201,202606,58562872,1,0,0,3002.90.00.20,3002.90.00.20,"Toxoids, antitoxins, viruses, bacteriophage and bacterial lysates",202201,202606,active
imports:3002.90.00.30:1998-02,imports,3002.90.00.30,Dried blood of animal origin,199802,202606,11502070,1,0,0,3002.90.00.30,3002.90.00.30,Dried blood of animal origin,199802,202606,active
imports:3002.90.00.40:2017-01,imports,3002.90.00.40,Whole human blood,201701,202606,38243147,1,0,0,3002.90.00.40,3002.90.00.40,Whole human blood,201701,202606,active
imports:3002.90.00.50:2017-01,imports,3002.90.00.50,Micro-organisms cultures,201701,202112,257772832,2,1,0,3002.90.00.50 -> 3002.49.00.10,3002.49.00.10,"Cultures, of micro-organisms (excluding yeasts) and similar products",202201,202606,active
imports:3002.90.00.90:2017-01,imports,3002.90.00.90,"Human blood;animal blood for therap/prophltc/diagnostic uses;toxins,sim prod,nes",201701,202112,1318018738,1,0,1,3002.90.00.90,3002.90.00.90,"Human blood;animal blood therap/diag,etc;antisera,etc;vaccines,etc;cell cult,nes",202201,202606,active
imports:3002.90.00.90:2022-01,imports,3002.90.00.90,"Human blood;animal blood therap/diag,etc;antisera,etc;vaccines,etc;cell cult,nes",202201,202606,1408359842,1,0,0,3002.90.00.90,3002.90.00.90,"Human blood;animal blood therap/diag,etc;antisera,etc;vaccines,etc;cell cult,nes",202201,202606,active
imports:3002.90.00.91:1998-01,imports,3002.90.00.91,Bacteria culture inoculants for seeds,199801,200112,29476563,2,1,2,3002.90.00.91 -> 3002.90.00.90,3002.90.00.90,"Human blood;animal blood therap/diag,etc;antisera,etc;vaccines,etc;cell cult,nes",202201,202606,active
imports:3002.90.00.91:2002-01,imports,3002.90.00.91,"Bacteria culture inoculants, for seeds",200201,201612,125889873,2,1,1,3002.90.00.91 -> 3002.90.00.90,3002.90.00.90,"Human blood;animal blood therap/diag,etc;antisera,etc;vaccines,etc;cell cult,nes",202201,202606,active
imports:3002.90.00.92:1998-01,imports,3002.90.00.92,Whole human blood,199801,201612,15524973,2,1,0,3002.90.00.92 -> 3002.90.00.40,3002.90.00.40,Whole human blood,201701,202606,active
imports:3002.90.00.93:1998-02,imports,3002.90.00.93,Antiallergenic preparations of microbial origin,199802,201612,1530127,2,1,1,3002.90.00.93 -> 3002.90.00.90,3002.90.00.90,"Human blood;animal blood therap/diag,etc;antisera,etc;vaccines,etc;cell cult,nes",202201,202606,active
imports:3002.90.00.99:1998-01,imports,3002.90.00.99,"Human blood, animal blood for therap, prophltc or diag uses, microbial prep, nes",199801,201112,326394960,2,1,2,3002.90.00.99 -> 3002.90.00.90,3002.90.00.90,"Human blood;animal blood therap/diag,etc;antisera,etc;vaccines,etc;cell cult,nes",202201,202606,active
imports:3002.90.00.99:2012-01,imports,3002.90.00.99,"Human blood;anml blood therap/prophltc/diag uses;toxins,micro-organisms cult,nes",201201,201612,358730842,2,1,1,3002.90.00.99 -> 3002.90.00.90,3002.90.00.90,"Human blood;animal blood therap/diag,etc;antisera,etc;vaccines,etc;cell cult,nes",202201,202606,active
imports:3002.90.10.10:1988-01,imports,3002.90.10.10,"Toxins, toxoids, antitoxins, viruses, bacteriophage and bacterial lysates",198801,199612,17090674,4,3,0,3002.90.10.10 -> 3002.90.00.19 -> 3002.90.00.10 -> 3002.49.00.20,3002.49.00.20,Toxins and similar products,202201,202606,active
imports:3002.90.10.11:1997-01,imports,3002.90.10.11,Ricin,199701,199712,33472,4,3,0,3002.90.10.11 -> 3002.90.00.11 -> 3002.90.00.10 -> 3002.49.00.20,3002.49.00.20,Toxins and similar products,202201,202606,active
imports:3002.90.10.19:1997-01,imports,3002.90.10.19,"Toxins, toxoids, antitoxins, viruses, bacteriophage and bacterial lysates, nes",199701,199712,6387863,4,3,0,3002.90.10.19 -> 3002.90.00.19 -> 3002.90.00.10 -> 3002.49.00.20,3002.49.00.20,Toxins and similar products,202201,202606,active
imports:3002.90.10.20:1988-01,imports,3002.90.10.20,Ferment cultures,198801,199712,17995840,3,2,1,3002.90.10.20 -> 3002.90.00.20 -> 3002.90.00.90,3002.90.00.90,"Human blood;animal blood therap/diag,etc;antisera,etc;vaccines,etc;cell cult,nes",202201,202606,active
imports:3002.90.10.30:1988-01,imports,3002.90.10.30,Dried blood of human origin,198801,199712,5096986,3,2,2,3002.90.10.30 -> 3002.90.00.99 -> 3002.90.00.90,3002.90.00.90,"Human blood;animal blood therap/diag,etc;antisera,etc;vaccines,etc;cell cult,nes",202201,202606,active
imports:3002.90.10.40:1988-01,imports,3002.90.10.40,Dried blood of animal origin,198801,199712,2070092,2,1,0,3002.90.10.40 -> 3002.90.00.30,3002.90.00.30,Dried blood of animal origin,199802,202606,active
imports:3002.90.90.10:1988-01,imports,3002.90.90.10,Bacteria culture inoculants for seeds,198801,199712,30779871,3,2,2,3002.90.90.10 -> 3002.90.00.91 -> 3002.90.00.90,3002.90.00.90,"Human blood;animal blood therap/diag,etc;antisera,etc;vaccines,etc;cell cult,nes",202201,202606,active
imports:3002.90.90.20:1991-04,imports,3002.90.90.20,Whole human blood,199104,199706,1607419,3,2,0,3002.90.90.20 -> 3002.90.00.92 -> 3002.90.00.40,3002.90.00.40,Whole human blood,201701,202606,active
imports:3002.90.90.30:1990-04,imports,3002.90.90.30,Antiallergenic preparations of microbial origin,199004,199709,96578,3,2,1,3002.90.90.30 -> 3002.90.00.93 -> 3002.90.00.90,3002.90.00.90,"Human blood;animal blood therap/diag,etc;antisera,etc;vaccines,etc;cell cult,nes",202201,202606,active
imports:3002.90.90.90:1988-01,imports,3002.90.90.90,"Human blood, animal blood for therap, prophltc or diag uses, microbial prep, nes",198801,199712,69506433,3,2,2,3002.90.90.90 -> 3002.90.00.99 -> 3002.90.00.90,3002.90.00.90,"Human blood;animal blood therap/diag,etc;antisera,etc;vaccines,etc;cell cult,nes",202201,202606,active
imports:3003.10.00.00:1988-01,imports,3003.10.00.00,"Penicillins or streptomycins & their derivatives, formulated, in bulk",198801,200112,3446348,1,0,1,3003.10.00.00,3003.10.00.00,"Medi,cont penicillins/deriv w penicillanic acid struct, streptomycins/deriv,nfrs",200201,202606,active
imports:3003.10.00.00:2002-01,imports,3003.10.00.00,"Medi,cont penicillins/deriv w penicillanic acid struct, streptomycins/deriv,nfrs",200201,202606,14725386,1,0,0,3003.10.00.00,3003.10.00.00,"Medi,cont penicillins/deriv w penicillanic acid struct, streptomycins/deriv,nfrs",200201,202606,active
imports:3003.20.00.00:1988-01,imports,3003.20.00.00,"Antibiotics, nes, formulated, in bulk",198801,200112,63884112,1,0,1,3003.20.00.00,3003.20.00.00,"Medicaments,cont antibiotics,nes,mix,for therap/prophltc,nfrs,o/t No 30.02/05/06",200201,202606,active
imports:3003.20.00.00:2002-01,imports,3003.20.00.00,"Medicaments,cont antibiotics,nes,mix,for therap/prophltc,nfrs,o/t No 30.02/05/06",200201,202606,2760595833,1,0,0,3003.20.00.00,3003.20.00.00,"Medicaments,cont antibiotics,nes,mix,for therap/prophltc,nfrs,o/t No 30.02/05/06",200201,202606,active
imports:3003.31.00.00:2012-01,imports,3003.31.00.00,"Medicaments,cont insulin,mixed,not in doses/forms/pack/frs,o/t No 30.02/05/06",201201,202603,2797436,1,0,0,3003.31.00.00,3003.31.00.00,"Medicaments,cont insulin,mixed,not in doses/forms/pack/frs,o/t No 30.02/05/06",201201,202603,not_a_retirement
imports:3003.31.00.10:1998-02,imports,3003.31.00.10,"Insulin, prepared for parenteral administration in humans, in bulk",199802,201108,77748,2,1,0,3003.31.00.10 -> 3003.31.00.00,3003.31.00.00,"Medicaments,cont insulin,mixed,not in doses/forms/pack/frs,o/t No 30.02/05/06",201201,202603,not_a_retirement
imports:3003.31.00.90:1998-01,imports,3003.31.00.90,"Insulin, formulated, in bulk, nes",199801,201112,5331921,2,1,0,3003.31.00.90 -> 3003.31.00.00,3003.31.00.00,"Medicaments,cont insulin,mixed,not in doses/forms/pack/frs,o/t No 30.02/05/06",201201,202603,not_a_retirement
imports:3003.31.10.00:1988-03,imports,3003.31.10.00,"Insulin, prepared for parenteral administration in humans, in bulk",198803,199710,4350765,3,2,0,3003.31.10.00 -> 3003.31.00.10 -> 3003.31.00.00,3003.31.00.00,"Medicaments,cont insulin,mixed,not in doses/forms/pack/frs,o/t No 30.02/05/06",201201,202603,not_a_retirement
imports:3003.31.91.00:1988-02,imports,3003.31.91.00,"Insulin, cont more than 23% of absolute ethyl alcohol by volume, in bulk",198802,199005,129843,4,3,0,3003.31.91.00 -> 3003.31.99.00 -> 3003.31.00.90 -> 3003.31.00.00,3003.31.00.00,"Medicaments,cont insulin,mixed,not in doses/forms/pack/frs,o/t No 30.02/05/06",201201,202603,not_a_retirement
imports:3003.31.99.00:1988-01,imports,3003.31.99.00,"Insulin, formulated, in bulk, nes",198801,199712,3974845,3,2,0,3003.31.99.00 -> 3003.31.00.90 -> 3003.31.00.00,3003.31.00.00,"Medicaments,cont insulin,mixed,not in doses/forms/pack/frs,o/t No 30.02/05/06",201201,202603,not_a_retirement
imports:3003.39.00.00:2012-01,imports,3003.39.00.00,"Medi,cont horm/prostaglandins/thromboxanes/leukotrienes/deriv/analogues,nes,nfrs",201201,202606,148260150,1,0,0,3003.39.00.00,3003.39.00.00,"Medi,cont horm/prostaglandins/thromboxanes/leukotrienes/deriv/analogues,nes,nfrs",201201,202606,active
imports:3003.39.00.10:1998-01,imports,3003.39.00.10,"Epinephrine & its solutions, prepared for parenteral admin in humans, in bulk",199801,200110,1416380,2,1,1,3003.39.00.10 -> 3003.39.00.00,3003.39.00.00,"Medi,cont horm/prostaglandins/thromboxanes/leukotrienes/deriv/analogues,nes,nfrs",201201,202606,active
imports:3003.39.00.10:2002-01,imports,3003.39.00.10,"Epinephrine and its solutions, prepared for parenteral admin in humans, in bulk",200201,201112,2746002,2,1,0,3003.39.00.10 -> 3003.39.00.00,3003.39.00.00,"Medi,cont horm/prostaglandins/thromboxanes/leukotrienes/deriv/analogues,nes,nfrs",201201,202606,active
imports:3003.39.00.90:1998-01,imports,3003.39.00.90,"Hormones, nes, not containing antibiotics, in bulk, o/t contraceptives",199801,201112,151533683,2,1,0,3003.39.00.90 -> 3003.39.00.00,3003.39.00.00,"Medi,cont horm/prostaglandins/thromboxanes/leukotrienes/deriv/analogues,nes,nfrs",201201,202606,active
imports:3003.39.10.00:1988-01,imports,3003.39.10.00,"Epinephrine & its solutions, prepared for parenteral admin in humans, in bulk",198801,199712,724092,3,2,1,3003.39.10.00 -> 3003.39.00.10 -> 3003.39.00.00,3003.39.00.00,"Medi,cont horm/prostaglandins/thromboxanes/leukotrienes/deriv/analogues,nes,nfrs",201201,202606,active
imports:3003.39.91.00:1988-01,imports,3003.39.91.00,"Hormones, containing more than 23% of absolute ethyl alcohol by volume, in bulk",198801,199707,10184,3,2,0,3003.39.91.00 -> 3003.39.00.90 -> 3003.39.00.00,3003.39.00.00,"Medi,cont horm/prostaglandins/thromboxanes/leukotrienes/deriv/analogues,nes,nfrs",201201,202606,active
imports:3003.39.99.00:1988-01,imports,3003.39.99.00,"Hormones, nes, not cont antibiotics, in bulk, o/t contraceptives",198801,199712,41099945,3,2,0,3003.39.99.00 -> 3003.39.00.90 -> 3003.39.00.00,3003.39.00.00,"Medi,cont horm/prostaglandins/thromboxanes/leukotrienes/deriv/analogues,nes,nfrs",201201,202606,active
imports:3003.40.00.00:1998-01,imports,3003.40.00.00,"Alkaloids or their derivs, formulated, not cont antibiotics/hormones, in bulk",199801,201612,112415829,2,1,0,3003.40.00.00 -> 3003.49.00.00,3003.49.00.00,"Medi,cont alkaloids/deriv t/o,nes,mix,f therap/prophltc,nfrs,o/t No 30.02/05/06",201701,202606,active
imports:3003.40.10.00:1992-03,imports,3003.40.10.00,"Alkaloids or their derivs, cont more than 23% of absol ethyl alc by vol, in bulk",199203,199308,12838,4,3,0,3003.40.10.00 -> 3003.40.90.00 -> 3003.40.00.00 -> 3003.49.00.00,3003.49.00.00,"Medi,cont alkaloids/deriv t/o,nes,mix,f therap/prophltc,nfrs,o/t No 30.02/05/06",201701,202606,active
imports:3003.40.90.00:1988-02,imports,3003.40.90.00,"Alkaloids or their derivs, formltd, not cont antibiotics or horm, in bulk, nes",198802,199712,3954586,3,2,0,3003.40.90.00 -> 3003.40.00.00 -> 3003.49.00.00,3003.49.00.00,"Medi,cont alkaloids/deriv t/o,nes,mix,f therap/prophltc,nfrs,o/t No 30.02/05/06",201701,202606,active
imports:3003.41.00.00:2017-06,imports,3003.41.00.00,"Medicaments,cont ephedrin/salts,mix,therap/prophltc uses,nfrs,o/t No 30.02/05/06",201706,202605,14190,1,0,0,3003.41.00.00,3003.41.00.00,"Medicaments,cont ephedrin/salts,mix,therap/prophltc uses,nfrs,o/t No 30.02/05/06",201706,202605,not_a_retirement
imports:3003.42.00.00:2022-09,imports,3003.42.00.00,"Medicaments,cont pseudoephedrine/sa,mix,therap/prophltc,nfrs,o/t No 30.02/05/06",202209,202401,193,1,0,0,3003.42.00.00,3003.42.00.00,"Medicaments,cont pseudoephedrine/sa,mix,therap/prophltc,nfrs,o/t No 30.02/05/06",202209,202401,not_a_retirement
imports:3003.43.00.00:2017-01,imports,3003.43.00.00,"Medicaments,cont norephedrine/salts,mix,therap/prophltc,nfrs,o/t No 30.02/05/06",201701,202506,21630,1,0,0,3003.43.00.00,3003.43.00.00,"Medicaments,cont norephedrine/salts,mix,therap/prophltc,nfrs,o/t No 30.02/05/06",201701,202506,not_a_retirement
imports:3003.49.00.00:2017-01,imports,3003.49.00.00,"Medi,cont alkaloids/deriv t/o,nes,mix,f therap/prophltc,nfrs,o/t No 30.02/05/06",201701,202606,9095501,1,0,0,3003.49.00.00,3003.49.00.00,"Medi,cont alkaloids/deriv t/o,nes,mix,f therap/prophltc,nfrs,o/t No 30.02/05/06",201701,202606,active
imports:3003.60.00.00:2017-01,imports,3003.60.00.00,"Medicaments,cont antimalarial active principles,mixed,nfrs,o/t No 30.02/05/06",201701,202508,786374,1,0,0,3003.60.00.00,3003.60.00.00,"Medicaments,cont antimalarial active principles,mixed,nfrs,o/t No 30.02/05/06",201701,202508,not_a_retirement
imports:3003.90.00.10:1998-01,imports,3003.90.00.10,"Fractioned soya oil emulsions, prepr for parenteral admin; mx of amino acids,etc",199801,201112,8239452,2,1,1,3003.90.00.10 -> 3003.90.00.90,3003.90.00.90,"Medicaments, nes,mix,therap/prophltc uses,not for retail sale,o/t No 30.02/05/06",201701,202606,active
imports:3003.90.00.20:1998-01,imports,3003.90.00.20,"Medicaments, nes, cont more than 23% of absolute ethyl alcohol by volume,in bulk",199801,201112,1506308,2,1,1,3003.90.00.20 -> 3003.90.00.90,3003.90.00.90,"Medicaments, nes,mix,therap/prophltc uses,not for retail sale,o/t No 30.02/05/06",201701,202606,active
imports:3003.90.00.30:2012-01,imports,3003.90.00.30,"Medicaments containing acetaminophen, in bulk",201201,201612,57511105,1,0,1,3003.90.00.30,3003.90.00.30,"Medicaments,cont acetaminophen,mix,therap/prophltc uses,nfrs,o/t No 30.02/05/06",201701,202606,active
imports:3003.90.00.30:2017-01,imports,3003.90.00.30,"Medicaments,cont acetaminophen,mix,therap/prophltc uses,nfrs,o/t No 30.02/05/06",201701,202606,175882306,1,0,0,3003.90.00.30,3003.90.00.30,"Medicaments,cont acetaminophen,mix,therap/prophltc uses,nfrs,o/t No 30.02/05/06",201701,202606,active
imports:3003.90.00.90:2012-01,imports,3003.90.00.90,"Other medicaments, formulated, in bulk, nes",201201,201612,433963937,1,0,1,3003.90.00.90,3003.90.00.90,"Medicaments, nes,mix,therap/prophltc uses,not for retail sale,o/t No 30.02/05/06",201701,202606,active
imports:3003.90.00.90:2017-01,imports,3003.90.00.90,"Medicaments, nes,mix,therap/prophltc uses,not for retail sale,o/t No 30.02/05/06",201701,202606,7487074058,1,0,0,3003.90.00.90,3003.90.00.90,"Medicaments, nes,mix,therap/prophltc uses,not for retail sale,o/t No 30.02/05/06",201701,202606,active
imports:3003.90.00.91:1998-01,imports,3003.90.00.91,"Medicaments containing acetaminophen, in bulk",199801,201112,71952532,2,1,1,3003.90.00.91 -> 3003.90.00.30,3003.90.00.30,"Medicaments,cont acetaminophen,mix,therap/prophltc uses,nfrs,o/t No 30.02/05/06",201701,202606,active
imports:3003.90.00.99:1998-01,imports,3003.90.00.99,"Medicaments nes, formulated, in bulk",199801,200112,496132471,2,1,2,3003.90.00.99 -> 3003.90.00.90,3003.90.00.90,"Medicaments, nes,mix,therap/prophltc uses,not for retail sale,o/t No 30.02/05/06",201701,202606,active
imports:3003.90.00.99:2002-01,imports,3003.90.00.99,"Medicaments, nes, formulated, in bulk",200201,201112,1197982533,2,1,1,3003.90.00.99 -> 3003.90.00.90,3003.90.00.90,"Medicaments, nes,mix,therap/prophltc uses,not for retail sale,o/t No 30.02/05/06",201701,202606,active
imports:3003.90.10.00:1988-01,imports,3003.90.10.00,"Fractioned soya oil emulsions, prepr for parenteral admin; mx of amino acids,etc",198801,199712,11827021,3,2,1,3003.90.10.00 -> 3003.90.00.10 -> 3003.90.00.90,3003.90.00.90,"Medicaments, nes,mix,therap/prophltc uses,not for retail sale,o/t No 30.02/05/06",201701,202606,active
imports:3003.90.91.00:1988-01,imports,3003.90.91.00,"Medicaments, nes, cont more than 23% of absolute ethyl alcohol by volume,in bulk",198801,199712,621683,3,2,1,3003.90.91.00 -> 3003.90.00.20 -> 3003.90.00.90,3003.90.00.90,"Medicaments, nes,mix,therap/prophltc uses,not for retail sale,o/t No 30.02/05/06",201701,202606,active
imports:3003.90.99.00:1988-01,imports,3003.90.99.00,"Medicaments, nes, formulated, in bulk",198801,199412,158198908,4,3,2,3003.90.99.00 -> 3003.90.99.90 -> 3003.90.00.99 -> 3003.90.00.90,3003.90.00.90,"Medicaments, nes,mix,therap/prophltc uses,not for retail sale,o/t No 30.02/05/06",201701,202606,active
imports:3003.90.99.10:1995-01,imports,3003.90.99.10,"Medicaments containing acetaminophen, in bulk",199501,199712,10818930,3,2,1,3003.90.99.10 -> 3003.90.00.91 -> 3003.90.00.30,3003.90.00.30,"Medicaments,cont acetaminophen,mix,therap/prophltc uses,nfrs,o/t No 30.02/05/06",201701,202606,active
imports:3003.90.99.90:1995-01,imports,3003.90.99.90,"Medicaments nes, formulated, in bulk",199501,199712,229173341,3,2,2,3003.90.99.90 -> 3003.90.00.99 -> 3003.90.00.90,3003.90.00.90,"Medicaments, nes,mix,therap/prophltc uses,not for retail sale,o/t No 30.02/05/06",201701,202606,active
imports:3004.10.00.10:2012-01,imports,3004.10.00.10,"Medicaments,cont penicillins/their derivatives, for human use, in doses/pack frs",201201,202606,478985909,1,0,0,3004.10.00.10,3004.10.00.10,"Medicaments,cont penicillins/their derivatives, for human use, in doses/pack frs",201201,202606,active
imports:3004.10.00.11:1988-01,imports,3004.10.00.11,"Penicillin G sodium for human use, in dosage",198801,200112,4842552,2,1,1,3004.10.00.11 -> 3004.10.00.10,3004.10.00.10,"Medicaments,cont penicillins/their derivatives, for human use, in doses/pack frs",201201,202606,active
imports:3004.10.00.11:2002-08,imports,3004.10.00.11,"Penicillin G sodium, for human use, in dosage",200208,201112,5082133,2,1,0,3004.10.00.11 -> 3004.10.00.10,3004.10.00.10,"Medicaments,cont penicillins/their derivatives, for human use, in doses/pack frs",201201,202606,active
imports:3004.10.00.12:1988-01,imports,3004.10.00.12,"Penicillin G procaine for human use, in dosage",198801,199102,157999,2,1,2,3004.10.00.12 -> 3004.10.00.10,3004.10.00.10,"Medicaments,cont penicillins/their derivatives, for human use, in doses/pack frs",201201,202606,active
imports:3004.10.00.12:1992-08,imports,3004.10.00.12,"Penicillin V for human use, in dosage",199208,200105,435069,2,1,1,3004.10.00.12 -> 3004.10.00.10,3004.10.00.10,"Medicaments,cont penicillins/their derivatives, for human use, in doses/pack frs",201201,202606,active
imports:3004.10.00.12:2003-04,imports,3004.10.00.12,"Penicillin V, for human use, in dosage",200304,201111,106985,2,1,0,3004.10.00.12 -> 3004.10.00.10,3004.10.00.10,"Medicaments,cont penicillins/their derivatives, for human use, in doses/pack frs",201201,202606,active
imports:3004.10.00.13:1988-01,imports,3004.10.00.13,"Penicillin V for human use, in dosage",198801,199110,584572,2,1,2,3004.10.00.13 -> 3004.10.00.10,3004.10.00.10,"Medicaments,cont penicillins/their derivatives, for human use, in doses/pack frs",201201,202606,active
imports:3004.10.00.13:1992-01,imports,3004.10.00.13,"Amoxycillin for human use, in dosage",199201,200111,11169947,2,1,1,3004.10.00.13 -> 3004.10.00.10,3004.10.00.10,"Medicaments,cont penicillins/their derivatives, for human use, in doses/pack frs",201201,202606,active
imports:3004.10.00.13:2002-01,imports,3004.10.00.13,"Amoxycillin, for human use, in dosage",200201,201112,11814032,2,1,0,3004.10.00.13 -> 3004.10.00.10,3004.10.00.10,"Medicaments,cont penicillins/their derivatives, for human use, in doses/pack frs",201201,202606,active
imports:3004.10.00.14:1988-01,imports,3004.10.00.14,"Amoxycillin for human use, in dosage",198801,199112,9591808,3,2,1,3004.10.00.14 -> 3004.10.00.13 -> 3004.10.00.10,3004.10.00.10,"Medicaments,cont penicillins/their derivatives, for human use, in doses/pack frs",201201,202606,active
imports:3004.10.00.19:1988-01,imports,3004.10.00.19,"Penicillins or their derivs nes, for human use, in dosage",198801,200112,199819154,2,1,1,3004.10.00.19 -> 3004.10.00.10,3004.10.00.10,"Medicaments,cont penicillins/their derivatives, for human use, in doses/pack frs",201201,202606,active
imports:3004.10.00.19:2002-01,imports,3004.10.00.19,"Penicillins or their derivatives, nes, for human use, in dosage",200201,201112,288412775,2,1,0,3004.10.00.19 -> 3004.10.00.10,3004.10.00.10,"Medicaments,cont penicillins/their derivatives, for human use, in doses/pack frs",201201,202606,active
imports:3004.10.00.20:1988-01,imports,3004.10.00.20,"Streptomycins or their derivs, for human use, in dosage",198801,200112,18867459,2,1,1,3004.10.00.20 -> 3004.10.00.10,3004.10.00.10,"Medicaments,cont penicillins/their derivatives, for human use, in doses/pack frs",201201,202606,active
imports:3004.10.00.20:2002-01,imports,3004.10.00.20,"Streptomycins or their derivatives, for human use, in dosage",200201,201112,1553349,2,1,0,3004.10.00.20 -> 3004.10.00.10,3004.10.00.10,"Medicaments,cont penicillins/their derivatives, for human use, in doses/pack frs",201201,202606,active
imports:3004.10.00.31:1988-01,imports,3004.10.00.31,"Penicillins or their derivs, for vet use, in dosage",198801,200112,37406727,2,1,1,3004.10.00.31 -> 3004.10.00.90,3004.10.00.90,"Medi cont penicillins/streptomycins/deriv,f veterinary use,in doses/pack frs,nes",201201,202606,active
imports:3004.10.00.31:2002-01,imports,3004.10.00.31,"Penicillins or their derivatives, for veterinary use, in dosage",200201,201112,57877915,2,1,0,3004.10.00.31 -> 3004.10.00.90,3004.10.00.90,"Medi cont penicillins/streptomycins/deriv,f veterinary use,in doses/pack frs,nes",201201,202606,active
imports:3004.10.00.32:1988-02,imports,3004.10.00.32,"Streptomycins or their derivs, for vet use, in dosage",198802,200112,27371919,2,1,1,3004.10.00.32 -> 3004.10.00.90,3004.10.00.90,"Medi cont penicillins/streptomycins/deriv,f veterinary use,in doses/pack frs,nes",201201,202606,active
imports:3004.10.00.32:2002-01,imports,3004.10.00.32,"Streptomycins or their derivatives, for veterinary use, in dosage",200201,201112,23040797,2,1,0,3004.10.00.32 -> 3004.10.00.90,3004.10.00.90,"Medi cont penicillins/streptomycins/deriv,f veterinary use,in doses/pack frs,nes",201201,202606,active
imports:3004.10.00.90:2012-01,imports,3004.10.00.90,"Medi cont penicillins/streptomycins/deriv,f veterinary use,in doses/pack frs,nes",201201,202606,222264995,1,0,0,3004.10.00.90,3004.10.00.90,"Medi cont penicillins/streptomycins/deriv,f veterinary use,in doses/pack frs,nes",201201,202606,active
imports:3004.20.00.10:1988-01,imports,3004.20.00.10,"Tetracyclines or their derivs, for human use, in dosage",198801,200111,31043164,2,1,1,3004.20.00.10 -> 3004.20.00.19,3004.20.00.19,"Medi,cont antibiotics,hum,therap/prophltc,doses/pack frs,o/t No 30.02/05/06,nes",201201,202606,active
imports:3004.20.00.10:2002-01,imports,3004.20.00.10,"Tetracyclines or their derivatives, for human use, in dosage",200201,201112,16949339,2,1,0,3004.20.00.10 -> 3004.20.00.19,3004.20.00.19,"Medi,cont antibiotics,hum,therap/prophltc,doses/pack frs,o/t No 30.02/05/06,nes",201201,202606,active
imports:3004.20.00.11:2012-01,imports,3004.20.00.11,"Medicaments containing cephalosporins, for human use, in doses/packings frs",201201,202606,343971034,1,0,0,3004.20.00.11,3004.20.00.11,"Medicaments containing cephalosporins, for human use, in doses/packings frs",201201,202606,active
imports:3004.20.00.12:2012-01,imports,3004.20.00.12,"Medicaments containing vancomycin, for human use, in doses/pack for retail sale",201201,202606,143107474,1,0,0,3004.20.00.12,3004.20.00.12,"Medicaments containing vancomycin, for human use, in doses/pack for retail sale",201201,202606,active
imports:3004.20.00.13:2012-01,imports,3004.20.00.13,"Medicaments containing erythromycin, for human use,in doses/pack for retail sale",201201,202606,85156162,1,0,0,3004.20.00.13,3004.20.00.13,"Medicaments containing erythromycin, for human use,in doses/pack for retail sale",201201,202606,active
imports:3004.20.00.18:2012-01,imports,3004.20.00.18,"Medicaments containing macrolide,o/t erythromycin,f human use,doses/pack frs,nes",201201,202606,256165673,1,0,0,3004.20.00.18,3004.20.00.18,"Medicaments containing macrolide,o/t erythromycin,f human use,doses/pack frs,nes",201201,202606,active
imports:3004.20.00.19:2012-01,imports,3004.20.00.19,"Medi,cont antibiotics,hum,therap/prophltc,doses/pack frs,o/t No 30.02/05/06,nes",201201,202606,1895929597,1,0,0,3004.20.00.19,3004.20.00.19,"Medi,cont antibiotics,hum,therap/prophltc,doses/pack frs,o/t No 30.02/05/06,nes",201201,202606,active
imports:3004.20.00.20:1988-01,imports,3004.20.00.20,"Cephalosporins, for human use, in dosage",198801,201112,952412146,2,1,0,3004.20.00.20 -> 3004.20.00.11,3004.20.00.11,"Medicaments containing cephalosporins, for human use, in doses/packings frs",201201,202606,active
imports:3004.20.00.31:1988-01,imports,3004.20.00.31,"Erythromycin, for human use, in dosage",198801,201112,217132160,2,1,0,3004.20.00.31 -> 3004.20.00.13,3004.20.00.13,"Medicaments containing erythromycin, for human use,in doses/pack for retail sale",201201,202606,active
imports:3004.20.00.39:1988-01,imports,3004.20.00.39,"Macrolide antibiotics nes, for human use, in dosage",198801,200112,48798319,2,1,1,3004.20.00.39 -> 3004.20.00.18,3004.20.00.18,"Medicaments containing macrolide,o/t erythromycin,f human use,doses/pack frs,nes",201201,202606,active
imports:3004.20.00.39:2002-01,imports,3004.20.00.39,"Macrolide antibiotics, nes, for human use, in dosage",200201,201112,314746228,2,1,0,3004.20.00.39 -> 3004.20.00.18,3004.20.00.18,"Medicaments containing macrolide,o/t erythromycin,f human use,doses/pack frs,nes",201201,202606,active
imports:3004.20.00.41:1988-01,imports,3004.20.00.41,"Gentamycins, for human use, in dosage",198801,201112,23415016,2,1,0,3004.20.00.41 -> 3004.20.00.19,3004.20.00.19,"Medi,cont antibiotics,hum,therap/prophltc,doses/pack frs,o/t No 30.02/05/06,nes",201201,202606,active
imports:3004.20.00.42:1989-10,imports,3004.20.00.42,"Kanamycins, for human use, in dosage",198910,199007,4757,3,2,0,3004.20.00.42 -> 3004.20.00.49 -> 3004.20.00.19,3004.20.00.19,"Medi,cont antibiotics,hum,therap/prophltc,doses/pack frs,o/t No 30.02/05/06,nes",201201,202606,active
imports:3004.20.00.49:1988-01,imports,3004.20.00.49,"Aminoglycoside antibiotics, nes, for human use, in dosage",198801,201112,86823169,2,1,0,3004.20.00.49 -> 3004.20.00.19,3004.20.00.19,"Medi,cont antibiotics,hum,therap/prophltc,doses/pack frs,o/t No 30.02/05/06,nes",201201,202606,active
imports:3004.20.00.51:1990-03,imports,3004.20.00.51,"Bacitracin, for human use, in dosage",199003,201112,11061879,2,1,0,3004.20.00.51 -> 3004.20.00.19,3004.20.00.19,"Medi,cont antibiotics,hum,therap/prophltc,doses/pack frs,o/t No 30.02/05/06,nes",201201,202606,active
imports:3004.20.00.52:1988-01,imports,3004.20.00.52,"Polymyxins, for human use, in dosage",198801,199611,1094147,3,2,0,3004.20.00.52 -> 3004.20.00.69 -> 3004.20.00.19,3004.20.00.19,"Medi,cont antibiotics,hum,therap/prophltc,doses/pack frs,o/t No 30.02/05/06,nes",201201,202606,active
imports:3004.20.00.59:1988-01,imports,3004.20.00.59,"Polypeptide antibiotics, nes, for human use, in dosage",198801,199712,187741033,2,1,1,3004.20.00.59 -> 3004.20.00.19,3004.20.00.19,"Medi,cont antibiotics,hum,therap/prophltc,doses/pack frs,o/t No 30.02/05/06,nes",201201,202606,active
imports:3004.20.00.59:1998-01,imports,3004.20.00.59,"Polypeptides antibiotics, nes, for human use, in dosage",199801,201112,27238930,2,1,0,3004.20.00.59 -> 3004.20.00.19,3004.20.00.19,"Medi,cont antibiotics,hum,therap/prophltc,doses/pack frs,o/t No 30.02/05/06,nes",201201,202606,active
imports:3004.20.00.61:1988-02,imports,3004.20.00.61,"Chloramphenicol, for human use, in dosage",198802,201110,2971734,2,1,0,3004.20.00.61 -> 3004.20.00.19,3004.20.00.19,"Medi,cont antibiotics,hum,therap/prophltc,doses/pack frs,o/t No 30.02/05/06,nes",201201,202606,active
imports:3004.20.00.62:1988-03,imports,3004.20.00.62,"Mitomycin C, for human use, in dosage",198803,201110,11650860,2,1,0,3004.20.00.62 -> 3004.20.00.19,3004.20.00.19,"Medi,cont antibiotics,hum,therap/prophltc,doses/pack frs,o/t No 30.02/05/06,nes",201201,202606,active
imports:3004.20.00.63:1988-01,imports,3004.20.00.63,"Vancomycin, for human use, in dosage",198801,201112,142830549,2,1,0,3004.20.00.63 -> 3004.20.00.12,3004.20.00.12,"Medicaments containing vancomycin, for human use, in doses/pack for retail sale",201201,202606,active
imports:3004.20.00.64:1988-01,imports,3004.20.00.64,"Rifamycins, for human use, in dosage",198801,199106,510375,3,2,1,3004.20.00.64 -> 3004.20.00.69 -> 3004.20.00.19,3004.20.00.19,"Medi,cont antibiotics,hum,therap/prophltc,doses/pack frs,o/t No 30.02/05/06,nes",201201,202606,active
imports:3004.20.00.64:1991-12,imports,3004.20.00.64,"Lincomycin, for human use, in dosage",199112,199112,219,3,2,0,3004.20.00.64 -> 3004.20.00.69 -> 3004.20.00.19,3004.20.00.19,"Medi,cont antibiotics,hum,therap/prophltc,doses/pack frs,o/t No 30.02/05/06,nes",201201,202606,active
imports:3004.20.00.65:1988-12,imports,3004.20.00.65,"Lincomycin, for human use, in dosage",198812,198904,128029,4,3,1,3004.20.00.65 -> 3004.20.00.64 -> 3004.20.00.69 -> 3004.20.00.19,3004.20.00.19,"Medi,cont antibiotics,hum,therap/prophltc,doses/pack frs,o/t No 30.02/05/06,nes",201201,202606,active
imports:3004.20.00.66:1988-01,imports,3004.20.00.66,"Spectinomycin, for human use, in dosage",198801,199101,185394,3,2,0,3004.20.00.66 -> 3004.20.00.69 -> 3004.20.00.19,3004.20.00.19,"Medi,cont antibiotics,hum,therap/prophltc,doses/pack frs,o/t No 30.02/05/06,nes",201201,202606,active
imports:3004.20.00.69:1988-01,imports,3004.20.00.69,"Antibiotics, nes, for human use, in dosage",198801,201112,2133828374,2,1,0,3004.20.00.69 -> 3004.20.00.19,3004.20.00.19,"Medi,cont antibiotics,hum,therap/prophltc,doses/pack frs,o/t No 30.02/05/06,nes",201201,202606,active
imports:3004.20.00.70:1988-01,imports,3004.20.00.70,"Antibiotics, nes, for vet use, in dosage",198801,198812,4291483,3,2,1,3004.20.00.70 -> 3004.20.00.79 -> 3004.20.00.90,3004.20.00.90,"Medi,cont antibiotics,for veterinary use,doses/pack frs,o/t No 30.02/05/06,nes",201201,202606,active
imports:3004.20.00.71:1989-01,imports,3004.20.00.71,"Ivermectin, for vet use, in dosage",198901,200112,241484067,2,1,1,3004.20.00.71 -> 3004.20.00.80,3004.20.00.80,"Medicaments,cont ivermectin,for veterinary use,doses/pack frs,o/t No 30.02/05/06",201201,202606,active
imports:3004.20.00.71:2002-01,imports,3004.20.00.71,"Ivermectin, for veterinary use, in dosage",200201,201112,106145542,2,1,0,3004.20.00.71 -> 3004.20.00.80,3004.20.00.80,"Medicaments,cont ivermectin,for veterinary use,doses/pack frs,o/t No 30.02/05/06",201201,202606,active
imports:3004.20.00.79:1989-01,imports,3004.20.00.79,"Antibiotics, nes, for vet use, in dosage",198901,200112,259930879,2,1,1,3004.20.00.79 -> 3004.20.00.90,3004.20.00.90,"Medi,cont antibiotics,for veterinary use,doses/pack frs,o/t No 30.02/05/06,nes",201201,202606,active
imports:3004.20.00.79:2002-01,imports,3004.20.00.79,"Antibiotics, nes, for veterinary use, in dosage",200201,201112,481456969,2,1,0,3004.20.00.79 -> 3004.20.00.90,3004.20.00.90,"Medi,cont antibiotics,for veterinary use,doses/pack frs,o/t No 30.02/05/06,nes",201201,202606,active
imports:3004.20.00.80:2012-01,imports,3004.20.00.80,"Medicaments,cont ivermectin,for veterinary use,doses/pack frs,o/t No 30.02/05/06",201201,202606,81680403,1,0,0,3004.20.00.80,3004.20.00.80,"Medicaments,cont ivermectin,for veterinary use,doses/pack frs,o/t No 30.02/05/06",201201,202606,active
imports:3004.20.00.90:2012-01,imports,3004.20.00.90,"Medi,cont antibiotics,for veterinary use,doses/pack frs,o/t No 30.02/05/06,nes",201201,202606,1547690879,1,0,0,3004.20.00.90,3004.20.00.90,"Medi,cont antibiotics,for veterinary use,doses/pack frs,o/t No 30.02/05/06,nes",201201,202606,active
imports:3004.31.00.00:2012-01,imports,3004.31.00.00,"Medicaments,cont insulin,in doses/forms/pack f retail sale,o/t No 30.02/05/06",201201,202606,6403848742,1,0,0,3004.31.00.00,3004.31.00.00,"Medicaments,cont insulin,in doses/forms/pack f retail sale,o/t No 30.02/05/06",201201,202606,active
imports:3004.31.00.10:1998-01,imports,3004.31.00.10,"Insulin, w/n mixed w zinc, globin or protamine, prepr for parentl admin, in dos",199801,200112,259900492,2,1,1,3004.31.00.10 -> 3004.31.00.00,3004.31.00.00,"Medicaments,cont insulin,in doses/forms/pack f retail sale,o/t No 30.02/05/06",201201,202606,active
imports:3004.31.00.10:2002-01,imports,3004.31.00.10,"Insulin, w/n mixed w zinc,globin or protamine, prepr for parentl admin,in dosage",200201,201112,1510783285,2,1,0,3004.31.00.10 -> 3004.31.00.00,3004.31.00.00,"Medicaments,cont insulin,in doses/forms/pack f retail sale,o/t No 30.02/05/06",201201,202606,active
imports:3004.31.00.90:1998-01,imports,3004.31.00.90,"Insulin, nes, for human use, in dosage",199801,201112,7272310,2,1,0,3004.31.00.90 -> 3004.31.00.00,3004.31.00.00,"Medicaments,cont insulin,in doses/forms/pack f retail sale,o/t No 30.02/05/06",201201,202606,active
imports:3004.31.10.00:1988-01,imports,3004.31.10.00,"Insulin, w/n mixed w zinc, globin or protamine, prepr for parentl admin, in dos",198801,199712,266955474,3,2,1,3004.31.10.00 -> 3004.31.00.10 -> 3004.31.00.00,3004.31.00.00,"Medicaments,cont insulin,in doses/forms/pack f retail sale,o/t No 30.02/05/06",201201,202606,active
imports:3004.31.99.00:1988-01,imports,3004.31.99.00,"Insulin, nes, for human use, in dosage",198801,199712,1727839,3,2,0,3004.31.99.00 -> 3004.31.00.90 -> 3004.31.00.00,3004.31.00.00,"Medicaments,cont insulin,in doses/forms/pack f retail sale,o/t No 30.02/05/06",201201,202606,active
imports:3004.32.00.00:2012-01,imports,3004.32.00.00,"Medi,cont corticosteroid horm/deriv/struct ana,in doses/frs,o/t No 30.02/05/06",201201,202606,5364157338,1,0,0,3004.32.00.00,3004.32.00.00,"Medi,cont corticosteroid horm/deriv/struct ana,in doses/frs,o/t No 30.02/05/06",201201,202606,active
imports:3004.32.00.10:1998-03,imports,3004.32.00.10,"Adrenal cortical horm, cont more than 23% of abs ethyl alc by vol, in dosage",199803,200112,929148,3,2,0,3004.32.00.10 -> 3004.32.00.19 -> 3004.32.00.00,3004.32.00.00,"Medi,cont corticosteroid horm/deriv/struct ana,in doses/frs,o/t No 30.02/05/06",201201,202606,active
imports:3004.32.00.11:2002-01,imports,3004.32.00.11,"Hydrocortisone, for human use, in dosage",200201,201112,30740274,2,1,0,3004.32.00.11 -> 3004.32.00.00,3004.32.00.00,"Medi,cont corticosteroid horm/deriv/struct ana,in doses/frs,o/t No 30.02/05/06",201201,202606,active
imports:3004.32.00.19:2002-01,imports,3004.32.00.19,"Medicaments containing corticosteroid hormones, for human use, nes",200201,201112,578742262,2,1,0,3004.32.00.19 -> 3004.32.00.00,3004.32.00.00,"Medi,cont corticosteroid horm/deriv/struct ana,in doses/frs,o/t No 30.02/05/06",201201,202606,active
imports:3004.32.00.20:2002-01,imports,3004.32.00.20,"Corticosteriod hormones, for veterinary use, in dosage",200201,201112,13895452,2,1,0,3004.32.00.20 -> 3004.32.00.00,3004.32.00.00,"Medi,cont corticosteroid horm/deriv/struct ana,in doses/frs,o/t No 30.02/05/06",201201,202606,active
imports:3004.32.00.81:1998-01,imports,3004.32.00.81,"Hydrocortisone, for human use, in dosage",199801,200112,10422499,3,2,0,3004.32.00.81 -> 3004.32.00.11 -> 3004.32.00.00,3004.32.00.00,"Medi,cont corticosteroid horm/deriv/struct ana,in doses/frs,o/t No 30.02/05/06",201201,202606,active
imports:3004.32.00.82:2000-11,imports,3004.32.00.82,"Betamethasone, for human use, in dosage",200011,200111,25,3,2,0,3004.32.00.82 -> 3004.32.00.11 -> 3004.32.00.00,3004.32.00.00,"Medi,cont corticosteroid horm/deriv/struct ana,in doses/frs,o/t No 30.02/05/06",201201,202606,active
imports:3004.32.00.89:1998-01,imports,3004.32.00.89,"Adrenal cortical hormones, nes, for human use, in dosage",199801,200112,128397239,3,2,0,3004.32.00.89 -> 3004.32.00.19 -> 3004.32.00.00,3004.32.00.00,"Medi,cont corticosteroid horm/deriv/struct ana,in doses/frs,o/t No 30.02/05/06",201201,202606,active
imports:3004.32.00.90:1998-01,imports,3004.32.00.90,"Adrenal cortical hormones, for vet use, in dosage",199801,200112,38149408,3,2,0,3004.32.00.90 -> 3004.32.00.20 -> 3004.32.00.00,3004.32.00.00,"Medi,cont corticosteroid horm/deriv/struct ana,in doses/frs,o/t No 30.02/05/06",201201,202606,active
imports:3004.32.10.00:1989-06,imports,3004.32.10.00,"Adrenal cortical horm, cont more than 23% of abs ethyl alc by vol, in dosage",198906,199712,1805132,4,3,0,3004.32.10.00 -> 3004.32.00.10 -> 3004.32.00.19 -> 3004.32.00.00,3004.32.00.00,"Medi,cont corticosteroid horm/deriv/struct ana,in doses/frs,o/t No 30.02/05/06",201201,202606,active
imports:3004.32.90.11:1988-01,imports,3004.32.90.11,"Hydrocortisone, for human use, in dosage",198801,199712,23749181,4,3,0,3004.32.90.11 -> 3004.32.00.81 -> 3004.32.00.11 -> 3004.32.00.00,3004.32.00.00,"Medi,cont corticosteroid horm/deriv/struct ana,in doses/frs,o/t No 30.02/05/06",201201,202606,active
imports:3004.32.90.12:1988-03,imports,3004.32.90.12,"Betamethasone, for human use, in dosage",198803,199706,1190222,4,3,0,3004.32.90.12 -> 3004.32.00.89 -> 3004.32.00.19 -> 3004.32.00.00,3004.32.00.00,"Medi,cont corticosteroid horm/deriv/struct ana,in doses/frs,o/t No 30.02/05/06",201201,202606,active
imports:3004.32.90.19:1988-01,imports,3004.32.90.19,"Adrenal cortical hormones, nes, for human use, in dosage",198801,199712,195552129,4,3,0,3004.32.90.19 -> 3004.32.00.89 -> 3004.32.00.19 -> 3004.32.00.00,3004.32.00.00,"Medi,cont corticosteroid horm/deriv/struct ana,in doses/frs,o/t No 30.02/05/06",201201,202606,active
imports:3004.32.90.20:1988-02,imports,3004.32.90.20,"Adrenal cortical hormones, for vet use, in dosage",198802,199712,9284228,4,3,0,3004.32.90.20 -> 3004.32.00.90 -> 3004.32.00.20 -> 3004.32.00.00,3004.32.00.00,"Medi,cont corticosteroid horm/deriv/struct ana,in doses/frs,o/t No 30.02/05/06",201201,202606,active
imports:3004.39.00.10:1998-01,imports,3004.39.00.10,"Epinephrine & its sol & pituitary extrc, prepr for parentl admin in hum, in dos",199801,201112,220635457,2,1,0,3004.39.00.10 -> 3004.39.00.11,3004.39.00.11,"Medi,cont epinephrine/solutions/pituitary extracts,doses/frs,o/t No 30.02/05/06",201201,202606,active
imports:3004.39.00.11:2012-01,imports,3004.39.00.11,"Medi,cont epinephrine/solutions/pituitary extracts,doses/frs,o/t No 30.02/05/06",201201,202606,759194208,1,0,0,3004.39.00.11,3004.39.00.11,"Medi,cont epinephrine/solutions/pituitary extracts,doses/frs,o/t No 30.02/05/06",201201,202606,active
imports:3004.39.00.12:2012-01,imports,3004.39.00.12,"Medi,cont anterior pituitary hormones,f human,doses/pack frs,o/t No 30.02/05/06",201201,202605,184895196,1,0,0,3004.39.00.12,3004.39.00.12,"Medi,cont anterior pituitary hormones,f human,doses/pack frs,o/t No 30.02/05/06",201201,202605,not_a_retirement
imports:3004.39.00.13:2012-01,imports,3004.39.00.13,"Medi,cont unmixed single estrogens,for human,doses/pack frs,o/t No 30.02/05/06",201201,202606,693268417,1,0,0,3004.39.00.13,3004.39.00.13,"Medi,cont unmixed single estrogens,for human,doses/pack frs,o/t No 30.02/05/06",201201,202606,active
imports:3004.39.00.19:2012-01,imports,3004.39.00.19,"Medi,cont horm/prod No 29.37,f human use,doses/pack frs,o/t No 30.02/05/06,nes",201201,202606,9059598343,1,0,0,3004.39.00.19,3004.39.00.19,"Medi,cont horm/prod No 29.37,f human use,doses/pack frs,o/t No 30.02/05/06,nes",201201,202606,active
imports:3004.39.00.81:1998-01,imports,3004.39.00.81,"Anterior pituitary hormones, for human use, in dosage",199801,201112,199276643,2,1,0,3004.39.00.81 -> 3004.39.00.12,3004.39.00.12,"Medi,cont anterior pituitary hormones,f human,doses/pack frs,o/t No 30.02/05/06",201201,202605,not_a_retirement
imports:3004.39.00.82:1998-06,imports,3004.39.00.82,"Posterior pituitary hormones, for human use, in dosage",199806,201112,19967091,2,1,0,3004.39.00.82 -> 3004.39.00.19,3004.39.00.19,"Medi,cont horm/prod No 29.37,f human use,doses/pack frs,o/t No 30.02/05/06,nes",201201,202606,active
imports:3004.39.00.83:1998-01,imports,3004.39.00.83,"Unmixed single estrogens, for human use, in dosage",199801,201112,416139189,2,1,0,3004.39.00.83 -> 3004.39.00.13,3004.39.00.13,"Medi,cont unmixed single estrogens,for human,doses/pack frs,o/t No 30.02/05/06",201201,202606,active
imports:3004.39.00.84:1998-01,imports,3004.39.00.84,"Unmixed single progestational hormones, for human use, in dosage",199801,201112,34360926,2,1,0,3004.39.00.84 -> 3004.39.00.19,3004.39.00.19,"Medi,cont horm/prod No 29.37,f human use,doses/pack frs,o/t No 30.02/05/06,nes",201201,202606,active
imports:3004.39.00.85:1998-01,imports,3004.39.00.85,"Hormones, nes, for human use, in dosage",199801,201112,3103568844,2,1,0,3004.39.00.85 -> 3004.39.00.19,3004.39.00.19,"Medi,cont horm/prod No 29.37,f human use,doses/pack frs,o/t No 30.02/05/06,nes",201201,202606,active
imports:3004.39.00.90:1998-01,imports,3004.39.00.90,"Hormones, nes, for vet use, in dosage",199801,200112,55224451,1,0,2,3004.39.00.90,3004.39.00.90,"Medi,cont hormones/prod No 29.37,f vet use,doses/pack frs,o/t No 30.02/05/06,nes",201201,202606,active
imports:3004.39.00.90:2002-01,imports,3004.39.00.90,"Hormones, nes, for veterinary use, in dosage",200201,201112,201957605,1,0,1,3004.39.00.90,3004.39.00.90,"Medi,cont hormones/prod No 29.37,f vet use,doses/pack frs,o/t No 30.02/05/06,nes",201201,202606,active
imports:3004.39.00.90:2012-01,imports,3004.39.00.90,"Medi,cont hormones/prod No 29.37,f vet use,doses/pack frs,o/t No 30.02/05/06,nes",201201,202606,1137588092,1,0,0,3004.39.00.90,3004.39.00.90,"Medi,cont hormones/prod No 29.37,f vet use,doses/pack frs,o/t No 30.02/05/06,nes",201201,202606,active
imports:3004.39.10.00:1988-02,imports,3004.39.10.00,"Epinephrine & its sol & pituitary extrc, prepr for parentl admin in hum, in dos",198802,199712,28343955,3,2,0,3004.39.10.00 -> 3004.39.00.10 -> 3004.39.00.11,3004.39.00.11,"Medi,cont epinephrine/solutions/pituitary extracts,doses/frs,o/t No 30.02/05/06",201201,202606,active
imports:3004.39.91.00:1988-02,imports,3004.39.91.00,"Hormones, nes, cont more than 23% of abs ethy alc by vol, in dosage",198802,199709,288996,3,2,0,3004.39.91.00 -> 3004.39.00.85 -> 3004.39.00.19,3004.39.00.19,"Medi,cont horm/prod No 29.37,f human use,doses/pack frs,o/t No 30.02/05/06,nes",201201,202606,active
imports:3004.39.99.10:1988-01,imports,3004.39.99.10,"Anterior pituitary hormones, for human use, in dosage",198801,199712,97455853,3,2,0,3004.39.99.10 -> 3004.39.00.81 -> 3004.39.00.12,3004.39.00.12,"Medi,cont anterior pituitary hormones,f human,doses/pack frs,o/t No 30.02/05/06",201201,202605,not_a_retirement
imports:3004.39.99.20:1988-01,imports,3004.39.99.20,"Posterior pituitary hormones, for human use, in dosage",198801,199712,1779924,3,2,0,3004.39.99.20 -> 3004.39.00.82 -> 3004.39.00.19,3004.39.00.19,"Medi,cont horm/prod No 29.37,f human use,doses/pack frs,o/t No 30.02/05/06,nes",201201,202606,active
imports:3004.39.99.30:1988-01,imports,3004.39.99.30,"Unmixed single estrogens, for human use, in dosage",198801,199712,125015221,3,2,0,3004.39.99.30 -> 3004.39.00.83 -> 3004.39.00.13,3004.39.00.13,"Medi,cont unmixed single estrogens,for human,doses/pack frs,o/t No 30.02/05/06",201201,202606,active
imports:3004.39.99.40:1988-01,imports,3004.39.99.40,"Unmixed single progestational hormones, for human use, in dosage",198801,199711,29990842,3,2,0,3004.39.99.40 -> 3004.39.00.84 -> 3004.39.00.19,3004.39.00.19,"Medi,cont horm/prod No 29.37,f human use,doses/pack frs,o/t No 30.02/05/06,nes",201201,202606,active
imports:3004.39.99.50:1988-01,imports,3004.39.99.50,"Hormones, nes, for human use, in dosage",198801,199712,313061021,3,2,0,3004.39.99.50 -> 3004.39.00.85 -> 3004.39.00.19,3004.39.00.19,"Medi,cont horm/prod No 29.37,f human use,doses/pack frs,o/t No 30.02/05/06,nes",201201,202606,active
imports:3004.39.99.60:1988-01,imports,3004.39.99.60,"Hormones, nes, for vet use, in dosage",198801,199712,39767037,2,1,2,3004.39.99.60 -> 3004.39.00.90,3004.39.00.90,"Medi,cont hormones/prod No 29.37,f vet use,doses/pack frs,o/t No 30.02/05/06,nes",201201,202606,active
imports:3004.40.00.10:1998-01,imports,3004.40.00.10,"Codeine or its derivatives, for human use, in dosage",199801,201112,125087424,3,2,0,3004.40.00.10 -> 3004.40.00.90 -> 3004.49.00.90,3004.49.00.90,"Medi,cont alkaloids/deriv t/o,nes,therap/prophltc,doses/frs,o/t No 30.02/05/06",201701,202606,active
imports:3004.40.00.20:1998-01,imports,3004.40.00.20,"Vincristine, for human use, in dosage",199801,201112,17487958,3,2,0,3004.40.00.20 -> 3004.40.00.90 -> 3004.49.00.90,3004.49.00.90,"Medi,cont alkaloids/deriv t/o,nes,therap/prophltc,doses/frs,o/t No 30.02/05/06",201701,202606,active
imports:3004.40.00.30:1998-01,imports,3004.40.00.30,"Theophylline, for human use, in dosage",199801,201612,101935277,2,1,0,3004.40.00.30 -> 3004.49.00.90,3004.49.00.90,"Medi,cont alkaloids/deriv t/o,nes,therap/prophltc,doses/frs,o/t No 30.02/05/06",201701,202606,active
imports:3004.40.00.40:1998-01,imports,3004.40.00.40,"Morphine or its derivs, for human use, in dosage",199801,200112,69785960,2,1,1,3004.40.00.40 -> 3004.49.00.10,3004.49.00.10,"Medi,cont morphine/deriv t/o,nes,therap/prophltc,in doses/frs,o/t No 30.02/05/06",201702,202606,active
imports:3004.40.00.40:2002-01,imports,3004.40.00.40,"Morphine or its derivatives, for human use, in dosage",200201,201612,1502374019,2,1,0,3004.40.00.40 -> 3004.49.00.10,3004.49.00.10,"Medi,cont morphine/deriv t/o,nes,therap/prophltc,in doses/frs,o/t No 30.02/05/06",201702,202606,active
imports:3004.40.00.50:1998-03,imports,3004.40.00.50,"Aminophylline, for human use, in dosage",199803,201112,6586271,3,2,0,3004.40.00.50 -> 3004.40.00.90 -> 3004.49.00.90,3004.49.00.90,"Medi,cont alkaloids/deriv t/o,nes,therap/prophltc,doses/frs,o/t No 30.02/05/06",201701,202606,active
imports:3004.40.00.80:1998-01,imports,3004.40.00.80,"Narcotic veg alkaloids or their narc derivs, nes, for human use, in dosage",199801,201112,47146103,3,2,0,3004.40.00.80 -> 3004.40.00.90 -> 3004.49.00.90,3004.49.00.90,"Medi,cont alkaloids/deriv t/o,nes,therap/prophltc,doses/frs,o/t No 30.02/05/06",201701,202606,active
imports:3004.40.00.90:1998-01,imports,3004.40.00.90,"Non-narc veg alkaloids or their non-narc derivs, nes, for human use, in dosage",199801,200112,47599478,2,1,1,3004.40.00.90 -> 3004.49.00.90,3004.49.00.90,"Medi,cont alkaloids/deriv t/o,nes,therap/prophltc,doses/frs,o/t No 30.02/05/06",201701,202606,active
imports:3004.40.00.90:2002-01,imports,3004.40.00.90,"Non-narc veg alkaloids or their non-narc derivatives,nes,for human use,in dosage",200201,201612,536767110,2,1,0,3004.40.00.90 -> 3004.49.00.90,3004.49.00.90,"Medi,cont alkaloids/deriv t/o,nes,therap/prophltc,doses/frs,o/t No 30.02/05/06",201701,202606,active
imports:3004.40.10.00:1988-03,imports,3004.40.10.00,"Alkaloids or their derivs, cont more than 23% of abs ethyl alc by vol, in dosage",198803,199712,207577,4,3,0,3004.40.10.00 -> 3004.40.00.80 -> 3004.40.00.90 -> 3004.49.00.90,3004.49.00.90,"Medi,cont alkaloids/deriv t/o,nes,therap/prophltc,doses/frs,o/t No 30.02/05/06",201701,202606,active
imports:3004.40.90.11:1990-08,imports,3004.40.90.11,"Codeine phosphate, for human use, in dosage",199008,199612,111515,4,3,0,3004.40.90.11 -> 3004.40.00.80 -> 3004.40.00.90 -> 3004.49.00.90,3004.49.00.90,"Medi,cont alkaloids/deriv t/o,nes,therap/prophltc,doses/frs,o/t No 30.02/05/06",201701,202606,active
imports:3004.40.90.19:1988-01,imports,3004.40.90.19,"Codeine or its derivs nes, for human use, in dosage",198801,199712,10263737,4,3,0,3004.40.90.19 -> 3004.40.00.10 -> 3004.40.00.90 -> 3004.49.00.90,3004.49.00.90,"Medi,cont alkaloids/deriv t/o,nes,therap/prophltc,doses/frs,o/t No 30.02/05/06",201701,202606,active
imports:3004.40.90.20:1988-02,imports,3004.40.90.20,"Quinidine sulphate, for human use, in dosage",198802,199707,4869341,3,2,1,3004.40.90.20 -> 3004.40.00.90 -> 3004.49.00.90,3004.49.00.90,"Medi,cont alkaloids/deriv t/o,nes,therap/prophltc,doses/frs,o/t No 30.02/05/06",201701,202606,active
imports:3004.40.90.30:1988-02,imports,3004.40.90.30,"Vincristine, for human use, in dosage",198802,199711,2496656,4,3,0,3004.40.90.30 -> 3004.40.00.20 -> 3004.40.00.90 -> 3004.49.00.90,3004.49.00.90,"Medi,cont alkaloids/deriv t/o,nes,therap/prophltc,doses/frs,o/t No 30.02/05/06",201701,202606,active
imports:3004.40.90.40:1988-01,imports,3004.40.90.40,"Theophylline, for human use, in dosage",198801,199711,9473686,3,2,0,3004.40.90.40 -> 3004.40.00.30 -> 3004.49.00.90,3004.49.00.90,"Medi,cont alkaloids/deriv t/o,nes,therap/prophltc,doses/frs,o/t No 30.02/05/06",201701,202606,active
imports:3004.40.90.50:1988-01,imports,3004.40.90.50,"Morphine or its derivs, for human use, in dosage",198801,199712,41902526,3,2,1,3004.40.90.50 -> 3004.40.00.40 -> 3004.49.00.10,3004.49.00.10,"Medi,cont morphine/deriv t/o,nes,therap/prophltc,in doses/frs,o/t No 30.02/05/06",201702,202606,active
imports:3004.40.90.60:1991-11,imports,3004.40.90.60,"Cocaine or its derivs, for human use, in dosage",199111,199403,217467,5,4,0,3004.40.90.60 -> 3004.40.90.80 -> 3004.40.00.80 -> 3004.40.00.90 -> 3004.49.00.90,3004.49.00.90,"Medi,cont alkaloids/deriv t/o,nes,therap/prophltc,doses/frs,o/t No 30.02/05/06",201701,202606,active
imports:3004.40.90.70:1988-05,imports,3004.40.90.70,"Aminophylline, for human use, in dosage",198805,199712,1778947,4,3,0,3004.40.90.70 -> 3004.40.00.50 -> 3004.40.00.90 -> 3004.49.00.90,3004.49.00.90,"Medi,cont alkaloids/deriv t/o,nes,therap/prophltc,doses/frs,o/t No 30.02/05/06",201701,202606,active
imports:3004.40.90.80:1988-02,imports,3004.40.90.80,"Narcotic veg alkaloids or their narc derivs, nes, for human use, in dosage",198802,199712,22494169,4,3,0,3004.40.90.80 -> 3004.40.00.80 -> 3004.40.00.90 -> 3004.49.00.90,3004.49.00.90,"Medi,cont alkaloids/deriv t/o,nes,therap/prophltc,doses/frs,o/t No 30.02/05/06",201701,202606,active
imports:3004.40.90.90:1988-01,imports,3004.40.90.90,"Non-narc veg alkaloids or their non-narc derivs, nes, for human use, in dosage",198801,199712,172848913,3,2,1,3004.40.90.90 -> 3004.40.00.90 -> 3004.49.00.90,3004.49.00.90,"Medi,cont alkaloids/deriv t/o,nes,therap/prophltc,doses/frs,o/t No 30.02/05/06",201701,202606,active
imports:3004.41.00.00:2017-01,imports,3004.41.00.00,"Medicaments,cont ephedrin/salts,therap/prophltc,in doses/frs,o/t No 30.02/05/06",201701,202605,8250035,1,0,0,3004.41.00.00,3004.41.00.00,"Medicaments,cont ephedrin/salts,therap/prophltc,in doses/frs,o/t No 30.02/05/06",201701,202605,not_a_retirement
imports:3004.42.00.00:2017-01,imports,3004.42.00.00,"Medi,cont pseudoephedrine/salts,therap/prophltc,in doses/frs,o/t No 30.02/05/06",201701,202606,107099130,1,0,0,3004.42.00.00,3004.42.00.00,"Medi,cont pseudoephedrine/salts,therap/prophltc,in doses/frs,o/t No 30.02/05/06",201701,202606,active
imports:3004.43.00.00:2017-12,imports,3004.43.00.00,"Medi,cont norephedrine/salts,therap/prophltc,in doses/frs,o/t No 30.02/05/06",201712,202606,29252,1,0,0,3004.43.00.00,3004.43.00.00,"Medi,cont norephedrine/salts,therap/prophltc,in doses/frs,o/t No 30.02/05/06",201712,202606,active
imports:3004.49.00.10:2017-02,imports,3004.49.00.10,"Medi,cont morphine/deriv t/o,nes,therap/prophltc,in doses/frs,o/t No 30.02/05/06",201702,202606,642087753,1,0,0,3004.49.00.10,3004.49.00.10,"Medi,cont morphine/deriv t/o,nes,therap/prophltc,in doses/frs,o/t No 30.02/05/06",201702,202606,active
imports:3004.49.00.90:2017-01,imports,3004.49.00.90,"Medi,cont alkaloids/deriv t/o,nes,therap/prophltc,doses/frs,o/t No 30.02/05/06",201701,202606,424916016,1,0,0,3004.49.00.90,3004.49.00.90,"Medi,cont alkaloids/deriv t/o,nes,therap/prophltc,doses/frs,o/t No 30.02/05/06",201701,202606,active
imports:3004.50.00.10:1998-01,imports,3004.50.00.10,"Mx of amino acids & vitamins,& mx of amino acids, protein hydrolysates & vit,etc",199801,201112,37019078,2,1,1,3004.50.00.10 -> 3004.50.00.19,3004.50.00.19,"Medi,cont vitamins/prod of No 29.36,human use,doses/pack frs,o/t No 30.02/05/06",201701,202606,active
imports:3004.50.00.11:2012-01,imports,3004.50.00.11,"Medi,cont single vitamin,not mixed,f human,doses/pack frs,o/t No 30.02/05/06,nes",201201,202606,345534495,1,0,0,3004.50.00.11,3004.50.00.11,"Medi,cont single vitamin,not mixed,f human,doses/pack frs,o/t No 30.02/05/06,nes",201201,202606,active
imports:3004.50.00.12:2012-01,imports,3004.50.00.12,"Medi,cont 1 vitamin,mix w o supplements,f human use,doses/frs,o/t No 30.02/05/06",201201,202606,182598539,1,0,0,3004.50.00.12,3004.50.00.12,"Medi,cont 1 vitamin,mix w o supplements,f human use,doses/frs,o/t No 30.02/05/06",201201,202606,active
imports:3004.50.00.13:2012-01,imports,3004.50.00.13,"Medicaments cont multivitamins not mixed with other suppl,for hum use,in dosage",201201,201612,20568179,2,1,0,3004.50.00.13 -> 3004.50.00.19,3004.50.00.19,"Medi,cont vitamins/prod of No 29.36,human use,doses/pack frs,o/t No 30.02/05/06",201701,202606,active
imports:3004.50.00.14:2012-01,imports,3004.50.00.14,"Medi,cont multivitamins,mix w o suppl,f human use,doses/frs,o/t No 30.02/05/06",201201,202606,996331498,1,0,0,3004.50.00.14,3004.50.00.14,"Medi,cont multivitamins,mix w o suppl,f human use,doses/frs,o/t No 30.02/05/06",201201,202606,active
imports:3004.50.00.19:2012-01,imports,3004.50.00.19,"Other medicaments cont vitamins and their derivs, for human use, in dosage,nes",201201,201612,46118394,1,0,1,3004.50.00.19,3004.50.00.19,"Medi,cont vitamins/prod of No 29.36,human use,doses/pack frs,o/t No 30.02/05/06",201701,202606,active
imports:3004.50.00.19:2017-01,imports,3004.50.00.19,"Medi,cont vitamins/prod of No 29.36,human use,doses/pack frs,o/t No 30.02/05/06",201701,202606,237846662,1,0,0,3004.50.00.19,3004.50.00.19,"Medi,cont vitamins/prod of No 29.36,human use,doses/pack frs,o/t No 30.02/05/06",201701,202606,active
imports:3004.50.00.20:1998-01,imports,3004.50.00.20,"Vitamins, cont more than 23% of abs ethyl alc by vol, for human use, in dosage",199801,201112,7548977,2,1,1,3004.50.00.20 -> 3004.50.00.19,3004.50.00.19,"Medi,cont vitamins/prod of No 29.36,human use,doses/pack frs,o/t No 30.02/05/06",201701,202606,active
imports:3004.50.00.31:1998-01,imports,3004.50.00.31,"Vitamin C only, for human use, in dosage",199801,201112,25564446,2,1,0,3004.50.00.31 -> 3004.50.00.11,3004.50.00.11,"Medi,cont single vitamin,not mixed,f human,doses/pack frs,o/t No 30.02/05/06,nes",201201,202606,active
imports:3004.50.00.32:1998-01,imports,3004.50.00.32,"Vitamin E only, for human use, in dosage",199801,201112,50770658,2,1,0,3004.50.00.32 -> 3004.50.00.11,3004.50.00.11,"Medi,cont single vitamin,not mixed,f human,doses/pack frs,o/t No 30.02/05/06,nes",201201,202606,active
imports:3004.50.00.39:1998-01,imports,3004.50.00.39,"Single vitamin only, nes, for human use, in dosage",199801,201112,165618033,2,1,0,3004.50.00.39 -> 3004.50.00.11,3004.50.00.11,"Medi,cont single vitamin,not mixed,f human,doses/pack frs,o/t No 30.02/05/06,nes",201201,202606,active
imports:3004.50.00.40:1998-01,imports,3004.50.00.40,"Single vitamin mixed w o supplements, for human use, in dosage",199801,200112,18779397,2,1,1,3004.50.00.40 -> 3004.50.00.12,3004.50.00.12,"Medi,cont 1 vitamin,mix w o supplements,f human use,doses/frs,o/t No 30.02/05/06",201201,202606,active
imports:3004.50.00.40:2002-01,imports,3004.50.00.40,"Single vitamin mixed w other supplements, for human use, in dosage",200201,201112,102378164,2,1,0,3004.50.00.40 -> 3004.50.00.12,3004.50.00.12,"Medi,cont 1 vitamin,mix w o supplements,f human use,doses/frs,o/t No 30.02/05/06",201201,202606,active
imports:3004.50.00.50:1998-01,imports,3004.50.00.50,"Multivitamins not mixed with o supplements, for human use, in dosage",199801,200112,22024108,3,2,1,3004.50.00.50 -> 3004.50.00.13 -> 3004.50.00.19,3004.50.00.19,"Medi,cont vitamins/prod of No 29.36,human use,doses/pack frs,o/t No 30.02/05/06",201701,202606,active
imports:3004.50.00.50:2002-01,imports,3004.50.00.50,"Multivitamins not mixed with other supplements, for human use, in dosage",200201,201112,40412181,3,2,0,3004.50.00.50 -> 3004.50.00.13 -> 3004.50.00.19,3004.50.00.19,"Medi,cont vitamins/prod of No 29.36,human use,doses/pack frs,o/t No 30.02/05/06",201701,202606,active
imports:3004.50.00.61:1998-01,imports,3004.50.00.61,"Vitamins-iron preparation, for human use, in dosage",199801,201112,60566515,2,1,0,3004.50.00.61 -> 3004.50.00.14,3004.50.00.14,"Medi,cont multivitamins,mix w o suppl,f human use,doses/frs,o/t No 30.02/05/06",201201,202606,active
imports:3004.50.00.69:1998-01,imports,3004.50.00.69,"Multivitamins mixed with other supplements, nes, for human use, in dosage,",199801,200112,120841956,2,1,1,3004.50.00.69 -> 3004.50.00.14,3004.50.00.14,"Medi,cont multivitamins,mix w o suppl,f human use,doses/frs,o/t No 30.02/05/06",201201,202606,active
imports:3004.50.00.69:2002-01,imports,3004.50.00.69,"Multivitamins mixed with other supplements, nes, for human use, in dosage",200201,201112,481179232,2,1,0,3004.50.00.69 -> 3004.50.00.14,3004.50.00.14,"Medi,cont multivitamins,mix w o suppl,f human use,doses/frs,o/t No 30.02/05/06",201201,202606,active
imports:3004.50.00.70:1998-01,imports,3004.50.00.70,"Vitamins & their derivs, nes, for vet use, in dosage",199801,200112,15043183,2,1,1,3004.50.00.70 -> 3004.50.00.90,3004.50.00.90,"Medi,cont vitamins,for veterinary use,in doses/pack frs,o/t No 30.02/05/06,nes",201201,202606,active
imports:3004.50.00.70:2002-01,imports,3004.50.00.70,"Vitamins & their derivatives, nes, for veterinary use, in dosage",200201,201112,33162748,2,1,0,3004.50.00.70 -> 3004.50.00.90,3004.50.00.90,"Medi,cont vitamins,for veterinary use,in doses/pack frs,o/t No 30.02/05/06,nes",201201,202606,active
imports:3004.50.00.90:2012-01,imports,3004.50.00.90,"Medi,cont vitamins,for veterinary use,in doses/pack frs,o/t No 30.02/05/06,nes",201201,202606,320242910,1,0,0,3004.50.00.90,3004.50.00.90,"Medi,cont vitamins,for veterinary use,in doses/pack frs,o/t No 30.02/05/06,nes",201201,202606,active
imports:3004.50.10.00:1988-01,imports,3004.50.10.00,"Mx of amino acids & vitamins,& mx of amino acids, protein hydrolysates & vit,etc",198801,199712,29913272,3,2,1,3004.50.10.00 -> 3004.50.00.10 -> 3004.50.00.19,3004.50.00.19,"Medi,cont vitamins/prod of No 29.36,human use,doses/pack frs,o/t No 30.02/05/06",201701,202606,active
imports:3004.50.91.00:1988-01,imports,3004.50.91.00,"Vitamins, cont more than 23% of abs ethyl alc by vol, for human use, in dosage",198801,199706,405203,3,2,1,3004.50.91.00 -> 3004.50.00.20 -> 3004.50.00.19,3004.50.00.19,"Medi,cont vitamins/prod of No 29.36,human use,doses/pack frs,o/t No 30.02/05/06",201701,202606,active
imports:3004.50.99.11:1988-01,imports,3004.50.99.11,"Vitamin C only, for human use, in dosage",198801,199712,34612678,3,2,0,3004.50.99.11 -> 3004.50.00.31 -> 3004.50.00.11,3004.50.00.11,"Medi,cont single vitamin,not mixed,f human,doses/pack frs,o/t No 30.02/05/06,nes",201201,202606,active
imports:3004.50.99.12:1988-01,imports,3004.50.99.12,"Vitamin E only, for human use, in dosage",198801,199712,20986151,3,2,0,3004.50.99.12 -> 3004.50.00.32 -> 3004.50.00.11,3004.50.00.11,"Medi,cont single vitamin,not mixed,f human,doses/pack frs,o/t No 30.02/05/06,nes",201201,202606,active
imports:3004.50.99.19:1988-01,imports,3004.50.99.19,"Single vitamin only, nes, for human use, in dosage",198801,199712,70973832,3,2,0,3004.50.99.19 -> 3004.50.00.39 -> 3004.50.00.11,3004.50.00.11,"Medi,cont single vitamin,not mixed,f human,doses/pack frs,o/t No 30.02/05/06,nes",201201,202606,active
imports:3004.50.99.20:1990-01,imports,3004.50.99.20,"Single vitamin mixed w o supplements, for human use, in dosage",199001,199712,18411892,3,2,1,3004.50.99.20 -> 3004.50.00.40 -> 3004.50.00.12,3004.50.00.12,"Medi,cont 1 vitamin,mix w o supplements,f human use,doses/frs,o/t No 30.02/05/06",201201,202606,active
imports:3004.50.99.21:1988-01,imports,3004.50.99.21,"Vitamins-iron preparation, for human use, in dosage",198801,198912,1445854,4,3,0,3004.50.99.21 -> 3004.50.99.41 -> 3004.50.00.61 -> 3004.50.00.14,3004.50.00.14,"Medi,cont multivitamins,mix w o suppl,f human use,doses/frs,o/t No 30.02/05/06",201201,202606,active
imports:3004.50.99.22:1988-01,imports,3004.50.99.22,"Multivitamins not mixed with o supplements, for human use, in dosage",198801,198912,11347774,5,4,1,3004.50.99.22 -> 3004.50.99.30 -> 3004.50.00.50 -> 3004.50.00.13 -> 3004.50.00.19,3004.50.00.19,"Medi,cont vitamins/prod of No 29.36,human use,doses/pack frs,o/t No 30.02/05/06",201701,202606,active
imports:3004.50.99.29:1988-01,imports,3004.50.99.29,"Multivitamins mixed with other supplements, nes, for human use, in dosage",198801,198912,11260315,4,3,1,3004.50.99.29 -> 3004.50.99.49 -> 3004.50.00.69 -> 3004.50.00.14,3004.50.00.14,"Medi,cont multivitamins,mix w o suppl,f human use,doses/frs,o/t No 30.02/05/06",201201,202606,active
imports:3004.50.99.30:1988-01,imports,3004.50.99.30,"Vitamins & their derivs,nes,for vet use, in dosage",198801,198912,1124520,4,3,1,3004.50.99.30 -> 3004.50.99.50 -> 3004.50.00.70 -> 3004.50.00.90,3004.50.00.90,"Medi,cont vitamins,for veterinary use,in doses/pack frs,o/t No 30.02/05/06,nes",201201,202606,active
imports:3004.50.99.30:1990-01,imports,3004.50.99.30,"Multivitamins not mixed with o supplements, for human use, in dosage",199001,199712,55679911,4,3,1,3004.50.99.30 -> 3004.50.00.50 -> 3004.50.00.13 -> 3004.50.00.19,3004.50.00.19,"Medi,cont vitamins/prod of No 29.36,human use,doses/pack frs,o/t No 30.02/05/06",201701,202606,active
imports:3004.50.99.41:1990-01,imports,3004.50.99.41,"Vitamins-iron preparation, for human use, in dosage",199001,199712,15830543,3,2,0,3004.50.99.41 -> 3004.50.00.61 -> 3004.50.00.14,3004.50.00.14,"Medi,cont multivitamins,mix w o suppl,f human use,doses/frs,o/t No 30.02/05/06",201201,202606,active
imports:3004.50.99.49:1990-01,imports,3004.50.99.49,"Multivitamins mixed with other supplements, nes, for human use, in dosage,",199001,199712,121058460,3,2,1,3004.50.99.49 -> 3004.50.00.69 -> 3004.50.00.14,3004.50.00.14,"Medi,cont multivitamins,mix w o suppl,f human use,doses/frs,o/t No 30.02/05/06",201201,202606,active
imports:3004.50.99.50:1990-01,imports,3004.50.99.50,"Vitamins & their derivs, nes, for vet use, in dosage",199001,199712,3851408,3,2,1,3004.50.99.50 -> 3004.50.00.70 -> 3004.50.00.90,3004.50.00.90,"Medi,cont vitamins,for veterinary use,in doses/pack frs,o/t No 30.02/05/06,nes",201201,202606,active
imports:3004.60.00.00:2017-01,imports,3004.60.00.00,"Medicaments,cont antimalarial active principles,in doses/frs,o/t No 30.02/05/06",201701,202606,108069542,1,0,0,3004.60.00.00,3004.60.00.00,"Medicaments,cont antimalarial active principles,in doses/frs,o/t No 30.02/05/06",201701,202606,active
imports:3004.90.00.11:1998-01,imports,3004.90.00.11,"Mixtures of amino acids, nes, in dosage",199801,200112,12134371,1,0,1,3004.90.00.11,3004.90.00.11,"Mixtures amino acids,nes,in doses/packings for retail sale,o/t No 30.02/05/06",200201,202606,active
imports:3004.90.00.11:2002-01,imports,3004.90.00.11,"Mixtures amino acids,nes,in doses/packings for retail sale,o/t No 30.02/05/06",200201,202606,269141851,1,0,0,3004.90.00.11,3004.90.00.11,"Mixtures amino acids,nes,in doses/packings for retail sale,o/t No 30.02/05/06",200201,202606,active
imports:3004.90.00.12:1998-01,imports,3004.90.00.12,"Dextrose (glucose) solutions, in dosage",199801,200112,23737768,1,0,1,3004.90.00.12,3004.90.00.12,"Dextrose (glucose) solutions,in doses/pack for retail sale,o/t No 30.02/05/06",200201,202606,active
imports:3004.90.00.12:2002-01,imports,3004.90.00.12,"Dextrose (glucose) solutions,in doses/pack for retail sale,o/t No 30.02/05/06",200201,202606,929036724,1,0,0,3004.90.00.12,3004.90.00.12,"Dextrose (glucose) solutions,in doses/pack for retail sale,o/t No 30.02/05/06",200201,202606,active
imports:3004.90.00.19:1998-01,imports,3004.90.00.19,"Mx of amino acids & protein hydrolysates, etc, in dosage, nes",199801,200112,231840003,1,0,1,3004.90.00.19,3004.90.00.19,"Mixt amino acids & protein hydrolysates,etc,in doses/frs,o/t No 30.02/05/06,nes",200201,202606,active
imports:3004.90.00.19:2002-01,imports,3004.90.00.19,"Mixt amino acids & protein hydrolysates,etc,in doses/frs,o/t No 30.02/05/06,nes",200201,202606,2137924791,1,0,0,3004.90.00.19,3004.90.00.19,"Mixt amino acids & protein hydrolysates,etc,in doses/frs,o/t No 30.02/05/06,nes",200201,202606,active
imports:3004.90.00.20:1998-01,imports,3004.90.00.20,"Medicaments cont more than 23% of abs ethyl alc by vol, nes, in dosage",199801,201112,21555796,2,1,1,3004.90.00.20 -> 3004.90.00.79,3004.90.00.79,"Medicaments,for human use,in doses/packings f retail sale,o/t No 30.02/05/06,nes",201701,202606,active
imports:3004.90.00.21:2018-04,imports,3004.90.00.21,"Medi cont cannabis/cannabinoids, therap/prophltc uses, doses/pack f retail sale",201804,202606,23295661,1,0,0,3004.90.00.21,3004.90.00.21,"Medi cont cannabis/cannabinoids, therap/prophltc uses, doses/pack f retail sale",201804,202606,active
imports:3004.90.00.22:2018-01,imports,3004.90.00.22,"Analgesics, for human use, in doses/packings for retail sale, o/t No 30.02/05/06",201801,202606,1527780771,1,0,0,3004.90.00.22,3004.90.00.22,"Analgesics, for human use, in doses/packings for retail sale, o/t No 30.02/05/06",201801,202606,active
imports:3004.90.00.23:2018-01,imports,3004.90.00.23,"Antidepressants & tranquilizers,f human use,in doses/pack frs,o/t No 30.02/05/06",201801,202606,2971023462,1,0,0,3004.90.00.23,3004.90.00.23,"Antidepressants & tranquilizers,f human use,in doses/pack frs,o/t No 30.02/05/06",201801,202606,active
imports:3004.90.00.24:2018-01,imports,3004.90.00.24,"Antihypertensive agents, for human use, in doses/packings frs,o/t No 30.02/05/06",201801,202606,610783072,1,0,0,3004.90.00.24,3004.90.00.24,"Antihypertensive agents, for human use, in doses/packings frs,o/t No 30.02/05/06",201801,202606,active
imports:3004.90.00.25:2018-01,imports,3004.90.00.25,"Antihistaminic agents, for human use, in doses/packings frs, o/t No 30.02/05/06",201801,202606,524933474,1,0,0,3004.90.00.25,3004.90.00.25,"Antihistaminic agents, for human use, in doses/packings frs, o/t No 30.02/05/06",201801,202606,active
imports:3004.90.00.26:2018-01,imports,3004.90.00.26,"Agents,acting on central nervous system,hum use,doses/frs,o/t No 30.02/05/06,nes",201801,202606,3648223593,1,0,0,3004.90.00.26,3004.90.00.26,"Agents,acting on central nervous system,hum use,doses/frs,o/t No 30.02/05/06,nes",201801,202606,active
imports:3004.90.00.27:2018-01,imports,3004.90.00.27,"Local anaesthetics, for human use,in doses/pack f retail sale,o/t No 30.02/05/06",201801,202606,325864439,1,0,0,3004.90.00.27,3004.90.00.27,"Local anaesthetics, for human use,in doses/pack f retail sale,o/t No 30.02/05/06",201801,202606,active
imports:3004.90.00.29:2018-01,imports,3004.90.00.29,"Medi,acting on central nervous system,human use,doses/frs,o/t No 30.02/05/06,nes",201801,202606,1192279494,1,0,0,3004.90.00.29,3004.90.00.29,"Medi,acting on central nervous system,human use,doses/frs,o/t No 30.02/05/06,nes",201801,202606,active
imports:3004.90.00.31:1998-01,imports,3004.90.00.31,"Analgesics, for human use, in dosage",199801,201612,1898485334,2,1,1,3004.90.00.31 -> 3004.90.00.22,3004.90.00.22,"Analgesics, for human use, in doses/packings for retail sale, o/t No 30.02/05/06",201801,202606,active
imports:3004.90.00.31:2017-01,imports,3004.90.00.31,"Analgesics, for human use, in doses/packings for retail sale, o/t No 30.02/05/06",201701,201712,191358695,2,1,0,3004.90.00.31 -> 3004.90.00.22,3004.90.00.22,"Analgesics, for human use, in doses/packings for retail sale, o/t No 30.02/05/06",201801,202606,active
imports:3004.90.00.32:1998-01,imports,3004.90.00.32,"Antidepressants & tranquilizers, for human use, in dosage",199801,200112,907057359,2,1,2,3004.90.00.32 -> 3004.90.00.23,3004.90.00.23,"Antidepressants & tranquilizers,f human use,in doses/pack frs,o/t No 30.02/05/06",201801,202606,active
imports:3004.90.00.32:2002-01,imports,3004.90.00.32,"Antidepressants and tranquilizers, for human use, in dosage",200201,201612,5198908933,2,1,1,3004.90.00.32 -> 3004.90.00.23,3004.90.00.23,"Antidepressants & tranquilizers,f human use,in doses/pack frs,o/t No 30.02/05/06",201801,202606,active
imports:3004.90.00.32:2017-01,imports,3004.90.00.32,"Antidepressants & tranquilizers,f human use,in doses/pack frs,o/t No 30.02/05/06",201701,201712,419451550,2,1,0,3004.90.00.32 -> 3004.90.00.23,3004.90.00.23,"Antidepressants & tranquilizers,f human use,in doses/pack frs,o/t No 30.02/05/06",201801,202606,active
imports:3004.90.00.33:1998-01,imports,3004.90.00.33,"Antihypertensive agents, for human use, in dosage",199801,201612,2607150971,2,1,1,3004.90.00.33 -> 3004.90.00.24,3004.90.00.24,"Antihypertensive agents, for human use, in doses/packings frs,o/t No 30.02/05/06",201801,202606,active
imports:3004.90.00.33:2017-01,imports,3004.90.00.33,"Antihypertensive agents, for human use, in doses/packings frs,o/t No 30.02/05/06",201701,201712,87767018,2,1,0,3004.90.00.33 -> 3004.90.00.24,3004.90.00.24,"Antihypertensive agents, for human use, in doses/packings frs,o/t No 30.02/05/06",201801,202606,active
imports:3004.90.00.34:1998-01,imports,3004.90.00.34,"Antihistamines agents, for human use, in dosage",199801,201612,413366156,2,1,1,3004.90.00.34 -> 3004.90.00.25,3004.90.00.25,"Antihistaminic agents, for human use, in doses/packings frs, o/t No 30.02/05/06",201801,202606,active
imports:3004.90.00.34:2017-01,imports,3004.90.00.34,"Antihistaminic agents, for human use, in doses/packings frs, o/t No 30.02/05/06",201701,201712,44287752,2,1,0,3004.90.00.34 -> 3004.90.00.25,3004.90.00.25,"Antihistaminic agents, for human use, in doses/packings frs, o/t No 30.02/05/06",201801,202606,active
imports:3004.90.00.35:1998-01,imports,3004.90.00.35,"Medicaments, for human use, acting on the nervous system, in dosage, nes",199801,201612,6450550488,2,1,1,3004.90.00.35 -> 3004.90.00.26,3004.90.00.26,"Agents,acting on central nervous system,hum use,doses/frs,o/t No 30.02/05/06,nes",201801,202606,active
imports:3004.90.00.35:2017-01,imports,3004.90.00.35,"Agents,acting on central nervous system,hum use,doses/frs,o/t No 30.02/05/06,nes",201701,201712,309515114,2,1,0,3004.90.00.35 -> 3004.90.00.26,3004.90.00.26,"Agents,acting on central nervous system,hum use,doses/frs,o/t No 30.02/05/06,nes",201801,202606,active
imports:3004.90.00.36:1998-01,imports,3004.90.00.36,"Local anaesthetics, for human use, in dosage",199801,201612,581716993,2,1,1,3004.90.00.36 -> 3004.90.00.27,3004.90.00.27,"Local anaesthetics, for human use,in doses/pack f retail sale,o/t No 30.02/05/06",201801,202606,active
imports:3004.90.00.36:2017-01,imports,3004.90.00.36,"Local anaesthetics, for human use,in doses/pack f retail sale,o/t No 30.02/05/06",201701,201712,45621355,2,1,0,3004.90.00.36 -> 3004.90.00.27,3004.90.00.27,"Local anaesthetics, for human use,in doses/pack f retail sale,o/t No 30.02/05/06",201801,202606,active
imports:3004.90.00.39:1998-01,imports,3004.90.00.39,"Medicaments, for human use, acting on the central nervous system, in dosage, nes",199801,201612,3576411179,2,1,1,3004.90.00.39 -> 3004.90.00.29,3004.90.00.29,"Medi,acting on central nervous system,human use,doses/frs,o/t No 30.02/05/06,nes",201801,202606,active
imports:3004.90.00.39:2017-01,imports,3004.90.00.39,"Medi,acting on central nervous system,human use,doses/frs,o/t No 30.02/05/06,nes",201701,201712,216136078,2,1,0,3004.90.00.39 -> 3004.90.00.29,3004.90.00.29,"Medi,acting on central nervous system,human use,doses/frs,o/t No 30.02/05/06,nes",201801,202606,active
imports:3004.90.00.41:1998-01,imports,3004.90.00.41,"Histamine H2 receptor antagonist, for human use, in dosage",199801,201112,142378137,2,1,1,3004.90.00.41 -> 3004.90.00.49,3004.90.00.49,"Gastrointestinal agents, for human use, in doses/pack frs,o/t No 30.02/05/06,nes",201701,202606,active
imports:3004.90.00.42:1998-01,imports,3004.90.00.42,"Laxatives, for human use, in dosage",199801,201612,623343075,1,0,1,3004.90.00.42,3004.90.00.42,"Laxatives, for human use, in doses/packings for retail sale, o/t No 30.02/05/06",201701,202606,active
imports:3004.90.00.42:2017-01,imports,3004.90.00.42,"Laxatives, for human use, in doses/packings for retail sale, o/t No 30.02/05/06",201701,202606,821294797,1,0,0,3004.90.00.42,3004.90.00.42,"Laxatives, for human use, in doses/packings for retail sale, o/t No 30.02/05/06",201701,202606,active
imports:3004.90.00.43:1998-01,imports,3004.90.00.43,"Antacids, for human use, in dosage",199801,201612,1302655026,1,0,1,3004.90.00.43,3004.90.00.43,"Antacids, for human use, in doses/packings for retail sale, o/t No 30.02/05/06",201701,202606,active
imports:3004.90.00.43:2017-01,imports,3004.90.00.43,"Antacids, for human use, in doses/packings for retail sale, o/t No 30.02/05/06",201701,202606,865969289,1,0,0,3004.90.00.43,3004.90.00.43,"Antacids, for human use, in doses/packings for retail sale, o/t No 30.02/05/06",201701,202606,active
imports:3004.90.00.49:1998-01,imports,3004.90.00.49,"Gastro-intestinal agents, for human use, in dosage, nes",199801,201112,7745749433,1,0,2,3004.90.00.49,3004.90.00.49,"Gastrointestinal agents, for human use, in doses/pack frs,o/t No 30.02/05/06,nes",201701,202606,active
imports:3004.90.00.49:2012-01,imports,3004.90.00.49,"Other gastrointestinal agents, for human use, in dosage, nes",201201,201612,1592359805,1,0,1,3004.90.00.49,3004.90.00.49,"Gastrointestinal agents, for human use, in doses/pack frs,o/t No 30.02/05/06,nes",201701,202606,active
imports:3004.90.00.49:2017-01,imports,3004.90.00.49,"Gastrointestinal agents, for human use, in doses/pack frs,o/t No 30.02/05/06,nes",201701,202606,2306469855,1,0,0,3004.90.00.49,3004.90.00.49,"Gastrointestinal agents, for human use, in doses/pack frs,o/t No 30.02/05/06,nes",201701,202606,active
imports:3004.90.00.50:1998-01,imports,3004.90.00.50,"Medicaments, for human use, acting on the cardio-vascular system, in dosage",199801,201612,18698171573,1,0,1,3004.90.00.50,3004.90.00.50,"Medi,for human use,acting on cardio-vascular system,doses/frs,o/t No 30.02/05/06",201701,202606,active
imports:3004.90.00.50:2017-01,imports,3004.90.00.50,"Medi,for human use,acting on cardio-vascular system,doses/frs,o/t No 30.02/05/06",201701,202606,5591781568,1,0,0,3004.90.00.50,3004.90.00.50,"Medi,for human use,acting on cardio-vascular system,doses/frs,o/t No 30.02/05/06",201701,202606,active
imports:3004.90.00.61:1998-01,imports,3004.90.00.61,"Anti-infective agents, cont sulfonamides, for human use, in dosage",199801,201612,106210456,1,0,1,3004.90.00.61,3004.90.00.61,"Anti-infective agents,cont sulfonamides,f human use,doses/frs,o/t No 30.02/05/06",201701,202606,active
imports:3004.90.00.61:2017-01,imports,3004.90.00.61,"Anti-infective agents,cont sulfonamides,f human use,doses/frs,o/t No 30.02/05/06",201701,202606,417018801,1,0,0,3004.90.00.61,3004.90.00.61,"Anti-infective agents,cont sulfonamides,f human use,doses/frs,o/t No 30.02/05/06",201701,202606,active
imports:3004.90.00.69:1998-01,imports,3004.90.00.69,"Anti-infective agents, for human use, in dosage, nes",199801,201612,4848734852,1,0,1,3004.90.00.69,3004.90.00.69,"Anti-infective agents, for human use, in doses/pack frs, o/t No 30.02/05/06, nes",201701,202606,active
imports:3004.90.00.69:2017-01,imports,3004.90.00.69,"Anti-infective agents, for human use, in doses/pack frs, o/t No 30.02/05/06, nes",201701,202606,6695067359,1,0,0,3004.90.00.69,3004.90.00.69,"Anti-infective agents, for human use, in doses/pack frs, o/t No 30.02/05/06, nes",201701,202606,active
imports:3004.90.00.71:1998-01,imports,3004.90.00.71,"Haematological agents, for human use, in dosage",199801,201612,2974131430,1,0,1,3004.90.00.71,3004.90.00.71,"Haematological agents, for human use, in doses/packings frs, o/t No 30.02/05/06",201701,202606,active
imports:3004.90.00.71:2017-01,imports,3004.90.00.71,"Haematological agents, for human use, in doses/packings frs, o/t No 30.02/05/06",201701,202606,2531955194,1,0,0,3004.90.00.71,3004.90.00.71,"Haematological agents, for human use, in doses/packings frs, o/t No 30.02/05/06",201701,202606,active
imports:3004.90.00.72:1998-01,imports,3004.90.00.72,"Antineoplastic agents, for human use, in dosage",199801,201612,7878942485,1,0,1,3004.90.00.72,3004.90.00.72,"Antineoplastic agents, for human use, in doses/packings frs, o/t No 30.02/05/06",201701,202606,active
imports:3004.90.00.72:2017-01,imports,3004.90.00.72,"Antineoplastic agents, for human use, in doses/packings frs, o/t No 30.02/05/06",201701,202606,8885458989,1,0,0,3004.90.00.72,3004.90.00.72,"Antineoplastic agents, for human use, in doses/packings frs, o/t No 30.02/05/06",201701,202606,active
imports:3004.90.00.73:1998-01,imports,3004.90.00.73,"Cough or cold preparations, for human use, in dosage",199801,201612,772285580,1,0,1,3004.90.00.73,3004.90.00.73,"Cough/cold preparations, for human use, in doses/packings frs,o/t No 30.02/05/06",201701,202606,active
imports:3004.90.00.73:2017-01,imports,3004.90.00.73,"Cough/cold preparations, for human use, in doses/packings frs,o/t No 30.02/05/06",201701,202606,740096299,1,0,0,3004.90.00.73,3004.90.00.73,"Cough/cold preparations, for human use, in doses/packings frs,o/t No 30.02/05/06",201701,202606,active
imports:3004.90.00.74:1998-01,imports,3004.90.00.74,"Medicaments, prim affecting eyes,ears & respiratory system,human use, in dos,nes",199801,201112,5399340260,1,0,2,3004.90.00.74,3004.90.00.74,"Medi,prim f eyes/ears/respiratory system,human use,doses/frs,o/t No 30.02/05/06",201701,202606,active
imports:3004.90.00.74:2012-01,imports,3004.90.00.74,"Medicaments, prim affecting eyes, ears&respiratory system, human use,in dos,nes",201201,201612,4844195481,1,0,1,3004.90.00.74,3004.90.00.74,"Medi,prim f eyes/ears/respiratory system,human use,doses/frs,o/t No 30.02/05/06",201701,202606,active
imports:3004.90.00.74:2017-01,imports,3004.90.00.74,"Medi,prim f eyes/ears/respiratory system,human use,doses/frs,o/t No 30.02/05/06",201701,202606,7890073246,1,0,0,3004.90.00.74,3004.90.00.74,"Medi,prim f eyes/ears/respiratory system,human use,doses/frs,o/t No 30.02/05/06",201701,202606,active
imports:3004.90.00.75:1998-01,imports,3004.90.00.75,"Diuretics, for human use, in dosage",199801,201612,322924869,1,0,1,3004.90.00.75,3004.90.00.75,"Diuretics, for human use, in doses/packings for retail sale, o/t No 30.02/05/06",201701,202606,active
imports:3004.90.00.75:2017-01,imports,3004.90.00.75,"Diuretics, for human use, in doses/packings for retail sale, o/t No 30.02/05/06",201701,202606,62719030,1,0,0,3004.90.00.75,3004.90.00.75,"Diuretics, for human use, in doses/packings for retail sale, o/t No 30.02/05/06",201701,202606,active
imports:3004.90.00.76:1998-01,imports,3004.90.00.76,"Medicaments affecting electrolytic, caloric/water balance, for human use, in dos",199801,201112,599449625,1,0,2,3004.90.00.76,3004.90.00.76,"Medi,f electrolytic/caloric/water balance,human use,doses/frs,o/t No 30.02/05/06",201701,202606,active
imports:3004.90.00.76:2012-01,imports,3004.90.00.76,"Medicaments,affecting electrolytic, caloric/water balance, for human use, in dos",201201,201612,313293861,1,0,1,3004.90.00.76,3004.90.00.76,"Medi,f electrolytic/caloric/water balance,human use,doses/frs,o/t No 30.02/05/06",201701,202606,active
imports:3004.90.00.76:2017-01,imports,3004.90.00.76,"Medi,f electrolytic/caloric/water balance,human use,doses/frs,o/t No 30.02/05/06",201701,202606,651297934,1,0,0,3004.90.00.76,3004.90.00.76,"Medi,f electrolytic/caloric/water balance,human use,doses/frs,o/t No 30.02/05/06",201701,202606,active
imports:3004.90.00.77:1998-01,imports,3004.90.00.77,"Dermatological agents, for human use, in dosage",199801,201612,2139488469,1,0,1,3004.90.00.77,3004.90.00.77,"Dermatological agents, for human use, in doses/packings frs, o/t No 30.02/05/06",201701,202606,active
imports:3004.90.00.77:2017-01,imports,3004.90.00.77,"Dermatological agents, for human use, in doses/packings frs, o/t No 30.02/05/06",201701,202606,979279430,1,0,0,3004.90.00.77,3004.90.00.77,"Dermatological agents, for human use, in doses/packings frs, o/t No 30.02/05/06",201701,202606,active
imports:3004.90.00.78:1998-01,imports,3004.90.00.78,"Medicaments cont hyaluronic acid or its sodium salt, for human use, in dosage",199801,201612,147231056,1,0,1,3004.90.00.78,3004.90.00.78,"Medi,cont hyaluronic acid/its sodium salt,human use,doses/frs,o/t No 30.02/05/06",201701,202606,active
imports:3004.90.00.78:2017-01,imports,3004.90.00.78,"Medi,cont hyaluronic acid/its sodium salt,human use,doses/frs,o/t No 30.02/05/06",201701,202606,396610923,1,0,0,3004.90.00.78,3004.90.00.78,"Medi,cont hyaluronic acid/its sodium salt,human use,doses/frs,o/t No 30.02/05/06",201701,202606,active
imports:3004.90.00.79:1998-01,imports,3004.90.00.79,"Medicaments nes, for human use, in dosage",199801,200112,3693584947,1,0,3,3004.90.00.79,3004.90.00.79,"Medicaments,for human use,in doses/packings f retail sale,o/t No 30.02/05/06,nes",201701,202606,active
imports:3004.90.00.79:2002-01,imports,3004.90.00.79,"Medicaments, nes, for human use, in dosage",200201,201112,17171820852,1,0,2,3004.90.00.79,3004.90.00.79,"Medicaments,for human use,in doses/packings f retail sale,o/t No 30.02/05/06,nes",201701,202606,active
imports:3004.90.00.79:2012-01,imports,3004.90.00.79,"Other medicaments, for human use, in dosage, nes",201201,201612,9966430990,1,0,1,3004.90.00.79,3004.90.00.79,"Medicaments,for human use,in doses/packings f retail sale,o/t No 30.02/05/06,nes",201701,202606,active
imports:3004.90.00.79:2017-01,imports,3004.90.00.79,"Medicaments,for human use,in doses/packings f retail sale,o/t No 30.02/05/06,nes",201701,202606,29360292974,1,0,0,3004.90.00.79,3004.90.00.79,"Medicaments,for human use,in doses/packings f retail sale,o/t No 30.02/05/06,nes",201701,202606,active
imports:3004.90.00.81:1998-01,imports,3004.90.00.81,"Anaesthetic, for veterinary use, in dosage",199801,201112,17659861,2,1,1,3004.90.00.81 -> 3004.90.00.90,3004.90.00.90,"Medicaments,f veterinary use,doses/packings f retail sale,o/t No 30.02/05/06,nes",201701,202606,active
imports:3004.90.00.89:1998-01,imports,3004.90.00.89,"Medicaments nes, for veterinary use, in dosage",199801,200112,429062287,2,1,2,3004.90.00.89 -> 3004.90.00.90,3004.90.00.90,"Medicaments,f veterinary use,doses/packings f retail sale,o/t No 30.02/05/06,nes",201701,202606,active
imports:3004.90.00.89:2002-01,imports,3004.90.00.89,"Medicaments, nes, for veterinary use, in dosage",200201,201112,1366683108,2,1,1,3004.90.00.89 -> 3004.90.00.90,3004.90.00.90,"Medicaments,f veterinary use,doses/packings f retail sale,o/t No 30.02/05/06,nes",201701,202606,active
imports:3004.90.00.90:2012-01,imports,3004.90.00.90,"Other medicaments, for veterinary use, in dosage, nes",201201,201612,1865267778,1,0,1,3004.90.00.90,3004.90.00.90,"Medicaments,f veterinary use,doses/packings f retail sale,o/t No 30.02/05/06,nes",201701,202606,active
imports:3004.90.00.90:2017-01,imports,3004.90.00.90,"Medicaments,f veterinary use,doses/packings f retail sale,o/t No 30.02/05/06,nes",201701,202606,10296642182,1,0,0,3004.90.00.90,3004.90.00.90,"Medicaments,f veterinary use,doses/packings f retail sale,o/t No 30.02/05/06,nes",201701,202606,active
imports:3004.90.10.10:1988-01,imports,3004.90.10.10,"Mixtures of amino acids, nes, in dosage",198801,199712,27832591,2,1,1,3004.90.10.10 -> 3004.90.00.11,3004.90.00.11,"Mixtures amino acids,nes,in doses/packings for retail sale,o/t No 30.02/05/06",200201,202606,active
imports:3004.90.10.20:1988-01,imports,3004.90.10.20,"Dextrose (glucose) & levulose (fructose) solutions, in dosage",198801,198912,11472011,2,1,2,3004.90.10.20 -> 3004.90.00.12,3004.90.00.12,"Dextrose (glucose) solutions,in doses/pack for retail sale,o/t No 30.02/05/06",200201,202606,active
imports:3004.90.10.20:1990-01,imports,3004.90.10.20,"Dextrose (glucose) solutions, in dosage",199001,199712,53097820,2,1,1,3004.90.10.20 -> 3004.90.00.12,3004.90.00.12,"Dextrose (glucose) solutions,in doses/pack for retail sale,o/t No 30.02/05/06",200201,202606,active
imports:3004.90.10.90:1988-01,imports,3004.90.10.90,"Mx of amino acids & protein hydrolysates, etc, in dosage",198801,199712,40955791,2,1,1,3004.90.10.90 -> 3004.90.00.19,3004.90.00.19,"Mixt amino acids & protein hydrolysates,etc,in doses/frs,o/t No 30.02/05/06,nes",200201,202606,active
imports:3004.90.91.00:1988-01,imports,3004.90.91.00,"Medicaments cont more than 23% of abs ethyl alc by vol, nes, in dosage",198801,199712,7663951,3,2,1,3004.90.91.00 -> 3004.90.00.20 -> 3004.90.00.79,3004.90.00.79,"Medicaments,for human use,in doses/packings f retail sale,o/t No 30.02/05/06,nes",201701,202606,active
imports:3004.90.99.11:1988-01,imports,3004.90.99.11,"Analgesics, for human use, in dosage",198801,199712,226805033,3,2,1,3004.90.99.11 -> 3004.90.00.31 -> 3004.90.00.22,3004.90.00.22,"Analgesics, for human use, in doses/packings for retail sale, o/t No 30.02/05/06",201801,202606,active
imports:3004.90.99.12:1988-01,imports,3004.90.99.12,"Antidepressants & tranquilizers, for human use, in dosage",198801,199712,405662933,3,2,2,3004.90.99.12 -> 3004.90.00.32 -> 3004.90.00.23,3004.90.00.23,"Antidepressants & tranquilizers,f human use,in doses/pack frs,o/t No 30.02/05/06",201801,202606,active
imports:3004.90.99.13:1988-01,imports,3004.90.99.13,"Antihypertensive agents, for human use, in dosage",198801,199712,369413385,3,2,1,3004.90.99.13 -> 3004.90.00.33 -> 3004.90.00.24,3004.90.00.24,"Antihypertensive agents, for human use, in doses/packings frs,o/t No 30.02/05/06",201801,202606,active
imports:3004.90.99.14:1988-01,imports,3004.90.99.14,"Antihistamines agents, for human use, in dosage",198801,199712,61924264,3,2,1,3004.90.99.14 -> 3004.90.00.34 -> 3004.90.00.25,3004.90.00.25,"Antihistaminic agents, for human use, in doses/packings frs, o/t No 30.02/05/06",201801,202606,active
imports:3004.90.99.15:1990-01,imports,3004.90.99.15,"Medicaments, for human use, acting on the nervous system, in dosage, nes",199001,199712,116976986,3,2,1,3004.90.99.15 -> 3004.90.00.35 -> 3004.90.00.26,3004.90.00.26,"Agents,acting on central nervous system,hum use,doses/frs,o/t No 30.02/05/06,nes",201801,202606,active
imports:3004.90.99.16:1990-04,imports,3004.90.99.16,"Local anaesthetics, for human use, in dosage",199004,199712,23048265,3,2,1,3004.90.99.16 -> 3004.90.00.36 -> 3004.90.00.27,3004.90.00.27,"Local anaesthetics, for human use,in doses/pack f retail sale,o/t No 30.02/05/06",201801,202606,active
imports:3004.90.99.19:1988-01,imports,3004.90.99.19,"Medicaments, for human use, acting on the central nervous system, in dosage, nes",198801,199712,492424909,3,2,1,3004.90.99.19 -> 3004.90.00.39 -> 3004.90.00.29,3004.90.00.29,"Medi,acting on central nervous system,human use,doses/frs,o/t No 30.02/05/06,nes",201801,202606,active
imports:3004.90.99.21:1988-01,imports,3004.90.99.21,"Histamine H2 receptor antagonist, for human use, in dosage",198801,199712,270583468,3,2,1,3004.90.99.21 -> 3004.90.00.41 -> 3004.90.00.49,3004.90.00.49,"Gastrointestinal agents, for human use, in doses/pack frs,o/t No 30.02/05/06,nes",201701,202606,active
imports:3004.90.99.22:1990-01,imports,3004.90.99.22,"Laxatives, for human use, in dosage",199001,199712,69723767,2,1,1,3004.90.99.22 -> 3004.90.00.42,3004.90.00.42,"Laxatives, for human use, in doses/packings for retail sale, o/t No 30.02/05/06",201701,202606,active
imports:3004.90.99.23:1990-01,imports,3004.90.99.23,"Antacids, for human use, in dosage",199001,199712,67925751,2,1,1,3004.90.99.23 -> 3004.90.00.43,3004.90.00.43,"Antacids, for human use, in doses/packings for retail sale, o/t No 30.02/05/06",201701,202606,active
imports:3004.90.99.29:1988-01,imports,3004.90.99.29,"Gastro-intestinal agents, for human use, in dosage, nes",198801,199712,665980987,2,1,2,3004.90.99.29 -> 3004.90.00.49,3004.90.00.49,"Gastrointestinal agents, for human use, in doses/pack frs,o/t No 30.02/05/06,nes",201701,202606,active
imports:3004.90.99.30:1988-01,imports,3004.90.99.30,"Medicaments, for human use, acting on the cardio-vascular system, in dosage",198801,199712,1142787624,2,1,1,3004.90.99.30 -> 3004.90.00.50,3004.90.00.50,"Medi,for human use,acting on cardio-vascular system,doses/frs,o/t No 30.02/05/06",201701,202606,active
imports:3004.90.99.40:1988-01,imports,3004.90.99.40,"Anti-infective agents, for human use, in dosage",198801,198912,45447503,3,2,1,3004.90.99.40 -> 3004.90.99.49 -> 3004.90.00.69,3004.90.00.69,"Anti-infective agents, for human use, in doses/pack frs, o/t No 30.02/05/06, nes",201701,202606,active
imports:3004.90.99.41:1990-01,imports,3004.90.99.41,"Anti-infective agents, containing sulfonamides, for human use, in dosage",199001,199712,15348385,2,1,1,3004.90.99.41 -> 3004.90.00.61,3004.90.00.61,"Anti-infective agents,cont sulfonamides,f human use,doses/frs,o/t No 30.02/05/06",201701,202606,active
imports:3004.90.99.49:1990-01,imports,3004.90.99.49,"Anti-infective agents, for human use, in dosage, nes",199001,199712,526326356,2,1,1,3004.90.99.49 -> 3004.90.00.69,3004.90.00.69,"Anti-infective agents, for human use, in doses/pack frs, o/t No 30.02/05/06, nes",201701,202606,active
imports:3004.90.99.50:1988-01,imports,3004.90.99.50,"Haematological agents, for human use, in dosage",198801,199712,148659591,2,1,1,3004.90.99.50 -> 3004.90.00.71,3004.90.00.71,"Haematological agents, for human use, in doses/packings frs, o/t No 30.02/05/06",201701,202606,active
imports:3004.90.99.60:1988-01,imports,3004.90.99.60,"Antineoplastic agents, for human use, in dosage",198801,199712,367961271,2,1,1,3004.90.99.60 -> 3004.90.00.72,3004.90.00.72,"Antineoplastic agents, for human use, in doses/packings frs, o/t No 30.02/05/06",201701,202606,active
imports:3004.90.99.71:1990-01,imports,3004.90.99.71,"Cough/cold preparations, for human use, in dosage",199001,199712,97818164,2,1,1,3004.90.99.71 -> 3004.90.00.73,3004.90.00.73,"Cough/cold preparations, for human use, in doses/packings frs,o/t No 30.02/05/06",201701,202606,active
imports:3004.90.99.79:1990-01,imports,3004.90.99.79,"Medicaments, prim affecting eyes,ears & respiratory system,human use, in dos,nes",199001,199712,171116815,2,1,2,3004.90.99.79 -> 3004.90.00.74,3004.90.00.74,"Medi,prim f eyes/ears/respiratory system,human use,doses/frs,o/t No 30.02/05/06",201701,202606,active
imports:3004.90.99.81:1988-01,imports,3004.90.99.81,"Diuretics, for human use, in dosage",198801,199712,41243804,2,1,1,3004.90.99.81 -> 3004.90.00.75,3004.90.00.75,"Diuretics, for human use, in doses/packings for retail sale, o/t No 30.02/05/06",201701,202606,active
imports:3004.90.99.82:1988-01,imports,3004.90.99.82,"Medicaments affecting electrolytic, caloric/water balance, for human use, in dos",198801,199712,73229634,2,1,2,3004.90.99.82 -> 3004.90.00.76,3004.90.00.76,"Medi,f electrolytic/caloric/water balance,human use,doses/frs,o/t No 30.02/05/06",201701,202606,active
imports:3004.90.99.83:1990-01,imports,3004.90.99.83,"Dermatological agents, for human use, in dosage",199001,199712,146213780,2,1,1,3004.90.99.83 -> 3004.90.00.77,3004.90.00.77,"Dermatological agents, for human use, in doses/packings frs, o/t No 30.02/05/06",201701,202606,active
imports:3004.90.99.84:1990-01,imports,3004.90.99.84,"Medicaments cont hyaluronic acid or its sodium salt, for human use, in dosage",199001,199712,2455445,2,1,1,3004.90.99.84 -> 3004.90.00.78,3004.90.00.78,"Medi,cont hyaluronic acid/its sodium salt,human use,doses/frs,o/t No 30.02/05/06",201701,202606,active
imports:3004.90.99.89:1988-01,imports,3004.90.99.89,"Medicaments nes, for human use, in dosage",198801,199712,1883788320,2,1,3,3004.90.99.89 -> 3004.90.00.79,3004.90.00.79,"Medicaments,for human use,in doses/packings f retail sale,o/t No 30.02/05/06,nes",201701,202606,active
imports:3004.90.99.91:1988-01,imports,3004.90.99.91,"Anaesthetic, for veterinary use, in dosage",198801,199712,4778034,3,2,1,3004.90.99.91 -> 3004.90.00.81 -> 3004.90.00.90,3004.90.00.90,"Medicaments,f veterinary use,doses/packings f retail sale,o/t No 30.02/05/06,nes",201701,202606,active
imports:3004.90.99.92:1988-01,imports,3004.90.99.92,"Coccidiostats, in dosage",198801,199106,69111,4,3,2,3004.90.99.92 -> 3004.90.99.99 -> 3004.90.00.89 -> 3004.90.00.90,3004.90.00.90,"Medicaments,f veterinary use,doses/packings f retail sale,o/t No 30.02/05/06,nes",201701,202606,active
imports:3004.90.99.93:1988-03,imports,3004.90.99.93,"Tranquilizers, for veterinary use, in dosage",198803,199106,161155,4,3,2,3004.90.99.93 -> 3004.90.99.99 -> 3004.90.00.89 -> 3004.90.00.90,3004.90.00.90,"Medicaments,f veterinary use,doses/packings f retail sale,o/t No 30.02/05/06,nes",201701,202606,active
imports:3004.90.99.99:1988-01,imports,3004.90.99.99,"Medicaments nes, for veterinary use, in dosage",198801,199712,393958224,3,2,2,3004.90.99.99 -> 3004.90.00.89 -> 3004.90.00.90,3004.90.00.90,"Medicaments,f veterinary use,doses/packings f retail sale,o/t No 30.02/05/06,nes",201701,202606,active
imports:3005.10.00.10:1998-01,imports,3005.10.00.10,"Dressings & sim articles having an adhesive layer, coated/impreg w pharm subs",199801,202606,456885280,1,0,0,3005.10.00.10,3005.10.00.10,"Dressings & sim articles having an adhesive layer, coated/impreg w pharm subs",199801,202606,active
imports:3005.10.00.91:1998-01,imports,3005.10.00.91,"Adhesive dressings, nes, packaged for retail sale",199801,202606,1674710783,1,0,0,3005.10.00.91,3005.10.00.91,"Adhesive dressings, nes, packaged for retail sale",199801,202606,active
imports:3005.10.00.99:1998-01,imports,3005.10.00.99,"Wadding, gauze, bandages & sim articles, nes, with adhesive layer, pack ret sale",199801,202606,682687861,1,0,0,3005.10.00.99,3005.10.00.99,"Wadding, gauze, bandages & sim articles, nes, with adhesive layer, pack ret sale",199801,202606,active
imports:3005.10.10.00:1988-01,imports,3005.10.10.00,"Dressings & sim articles having an adhesive layer, coated/impreg w pharm subs",198801,199712,64532479,2,1,0,3005.10.10.00 -> 3005.10.00.10,3005.10.00.10,"Dressings & sim articles having an adhesive layer, coated/impreg w pharm subs",199801,202606,active
imports:3005.10.91.00:1988-01,imports,3005.10.91.00,"Adhesive dressings, nes, packaged for retail sale",198801,199712,85056257,2,1,0,3005.10.91.00 -> 3005.10.00.91,3005.10.00.91,"Adhesive dressings, nes, packaged for retail sale",199801,202606,active
imports:3005.10.99.00:1988-01,imports,3005.10.99.00,"Wadding, gauze, bandages & sim articles, nes, with adhesive layer, pack ret sale",198801,199712,9717032,2,1,0,3005.10.99.00 -> 3005.10.00.99,3005.10.00.99,"Wadding, gauze, bandages & sim articles, nes, with adhesive layer, pack ret sale",199801,202606,active
imports:3005.90.00.10:1998-01,imports,3005.90.00.10,Bandages & slabs of tex fab coated w plaster;o art used for orthopaedic casts,199801,200112,9059334,2,1,1,3005.90.00.10 -> 3005.90.00.90,3005.90.00.90,"Wadding,gauze,bandages & sim art, packaged for retail sale & for medical use,nes",201201,202606,active
imports:3005.90.00.10:2002-01,imports,3005.90.00.10,"Bandages & slabs of tex fab, coated w plaster;o art used for orthopaedic casts",200201,201112,32551416,2,1,0,3005.90.00.10 -> 3005.90.00.90,3005.90.00.90,"Wadding,gauze,bandages & sim art, packaged for retail sale & for medical use,nes",201201,202606,active
imports:3005.90.00.20:1998-01,imports,3005.90.00.20,"Dressings & sim articles coated or impreg w pharm substances, nes",199801,200112,17548598,1,0,1,3005.90.00.20,3005.90.00.20,"Dressings & sim articles, coated or impreg w pharm substances, nes",200201,202606,active
imports:3005.90.00.20:2002-01,imports,3005.90.00.20,"Dressings & sim articles, coated or impreg w pharm substances, nes",200201,202606,620521402,1,0,0,3005.90.00.20,3005.90.00.20,"Dressings & sim articles, coated or impreg w pharm substances, nes",200201,202606,active
imports:3005.90.00.30:1998-01,imports,3005.90.00.30,"Surgical dressings, not stitched or o/w mfd, not coated/impreg w pharm subs, nes",199801,202606,457469170,1,0,0,3005.90.00.30,3005.90.00.30,"Surgical dressings, not stitched or o/w mfd, not coated/impreg w pharm subs, nes",199801,202606,active
imports:3005.90.00.40:1998-01,imports,3005.90.00.40,"Dressings/sim art of woven fab o/t of cotton; of knit fab, n-wov or felts, nes",199801,200112,15492187,1,0,1,3005.90.00.40,3005.90.00.40,"Dressings & sim art of woven fab,o/t of cotton; of knit fab,n-wov or felts,nes",200201,202606,active
imports:3005.90.00.40:2002-01,imports,3005.90.00.40,"Dressings & sim art of woven fab,o/t of cotton; of knit fab,n-wov or felts,nes",200201,202606,300818598,1,0,0,3005.90.00.40,3005.90.00.40,"Dressings & sim art of woven fab,o/t of cotton; of knit fab,n-wov or felts,nes",200201,202606,active
imports:3005.90.00.50:1998-01,imports,3005.90.00.50,"Dressings and sim articles of woven fabric solely of cotton, nes",199801,200112,13133003,2,1,1,3005.90.00.50 -> 3005.90.00.90,3005.90.00.90,"Wadding,gauze,bandages & sim art, packaged for retail sale & for medical use,nes",201201,202606,active
imports:3005.90.00.50:2002-01,imports,3005.90.00.50,"Dressings and sim articles, of woven fabric solely of cotton, nes",200201,201112,34164366,2,1,0,3005.90.00.50 -> 3005.90.00.90,3005.90.00.90,"Wadding,gauze,bandages & sim art, packaged for retail sale & for medical use,nes",201201,202606,active
imports:3005.90.00.60:1998-01,imports,3005.90.00.60,"Dressings and similar articles of paper, nes",199801,200112,256026,2,1,1,3005.90.00.60 -> 3005.90.00.90,3005.90.00.90,"Wadding,gauze,bandages & sim art, packaged for retail sale & for medical use,nes",201201,202606,active
imports:3005.90.00.60:2002-01,imports,3005.90.00.60,"Dressings and similar articles, of paper, nes",200201,201112,1414250,2,1,0,3005.90.00.60 -> 3005.90.00.90,3005.90.00.90,"Wadding,gauze,bandages & sim art, packaged for retail sale & for medical use,nes",201201,202606,active
imports:3005.90.00.90:1998-01,imports,3005.90.00.90,"Dressings and similar articles packaged for medical use, nes",199801,200112,79284176,1,0,2,3005.90.00.90,3005.90.00.90,"Wadding,gauze,bandages & sim art, packaged for retail sale & for medical use,nes",201201,202606,active
imports:3005.90.00.90:2002-01,imports,3005.90.00.90,"Dressings and similar articles, packaged for medical use, nes",200201,201112,377774051,1,0,1,3005.90.00.90,3005.90.00.90,"Wadding,gauze,bandages & sim art, packaged for retail sale & for medical use,nes",201201,202606,active
imports:3005.90.00.90:2012-01,imports,3005.90.00.90,"Wadding,gauze,bandages & sim art, packaged for retail sale & for medical use,nes",201201,202606,1052516013,1,0,0,3005.90.00.90,3005.90.00.90,"Wadding,gauze,bandages & sim art, packaged for retail sale & for medical use,nes",201201,202606,active
imports:3005.90.10.00:1988-01,imports,3005.90.10.00,Bandages & slabs of tex fab coated w plaster;o art used for orthopaedic casts,198801,199712,10103909,3,2,1,3005.90.10.00 -> 3005.90.00.10 -> 3005.90.00.90,3005.90.00.90,"Wadding,gauze,bandages & sim art, packaged for retail sale & for medical use,nes",201201,202606,active
imports:3005.90.20.00:1988-01,imports,3005.90.20.00,"Dressings & sim articles coated or impreg w pharm substances, nes",198801,199712,35108734,2,1,1,3005.90.20.00 -> 3005.90.00.20,3005.90.00.20,"Dressings & sim articles, coated or impreg w pharm substances, nes",200201,202606,active
imports:3005.90.30.00:1988-01,imports,3005.90.30.00,"Surgical dressings, not stitched or o/w mfd, not coated/impreg w pharm subs, nes",198801,199712,102059460,2,1,0,3005.90.30.00 -> 3005.90.00.30,3005.90.00.30,"Surgical dressings, not stitched or o/w mfd, not coated/impreg w pharm subs, nes",199801,202606,active
imports:3005.90.91.00:1988-01,imports,3005.90.91.00,"Dressings/sim art of woven fab o/t of cotton; of knit fab, n-wov or felts, nes",198801,199712,21207608,2,1,1,3005.90.91.00 -> 3005.90.00.40,3005.90.00.40,"Dressings & sim art of woven fab,o/t of cotton; of knit fab,n-wov or felts,nes",200201,202606,active
imports:3005.90.92.00:1988-01,imports,3005.90.92.00,"Dressings and sim articles of woven fabric solely of cotton, nes",198801,199712,46712311,3,2,1,3005.90.92.00 -> 3005.90.00.50 -> 3005.90.00.90,3005.90.00.90,"Wadding,gauze,bandages & sim art, packaged for retail sale & for medical use,nes",201201,202606,active
imports:3005.90.93.00:1988-01,imports,3005.90.93.00,"Dressings and similar articles of paper, nes",198801,199712,1808053,3,2,1,3005.90.93.00 -> 3005.90.00.60 -> 3005.90.00.90,3005.90.00.90,"Wadding,gauze,bandages & sim art, packaged for retail sale & for medical use,nes",201201,202606,active
imports:3005.90.99.00:1988-01,imports,3005.90.99.00,"Dressings and similar articles packaged for medical use, nes",198801,199712,19543614,2,1,2,3005.90.99.00 -> 3005.90.00.90,3005.90.00.90,"Wadding,gauze,bandages & sim art, packaged for retail sale & for medical use,nes",201201,202606,active
imports:3006.10.00.10:1988-01,imports,3006.10.00.10,Sterile surgical catgut & similar sterile suture mat for surgical wound closure,198801,200112,336323742,1,0,1,3006.10.00.10,3006.10.00.10,"Sterile surgical catgut & similar sterile suture mat, for surgical wound closure",200201,202606,active
imports:3006.10.00.10:2002-01,imports,3006.10.00.10,"Sterile surgical catgut & similar sterile suture mat, for surgical wound closure",200201,202606,1283989911,1,0,0,3006.10.00.10,3006.10.00.10,"Sterile surgical catgut & similar sterile suture mat, for surgical wound closure",200201,202606,active
imports:3006.10.00.90:1988-01,imports,3006.10.00.90,"Laminaria & laminaria tents, sterile; sterile absorbable surg/dental haemostatic",198801,202606,539248536,1,0,0,3006.10.00.90,3006.10.00.90,"Laminaria & laminaria tents, sterile; sterile absorbable surg/dental haemostatic",198801,202606,active
imports:3006.20.00.10:1998-01,imports,3006.20.00.10,"Blood-grouping reagents, of human origin",199801,201112,300034808,2,1,0,3006.20.00.10 -> 3006.20.00.90,3006.20.00.90,"Blood-grouping reagents, other than of animal origin, nes",201201,202112,left_chapter
imports:3006.20.00.20:1998-01,imports,3006.20.00.20,"Blood-grouping reagents, of animal origin",199801,202112,101885670,1,0,0,3006.20.00.20,3006.20.00.20,"Blood-grouping reagents, of animal origin",199801,202112,left_chapter
imports:3006.20.00.90:1998-01,imports,3006.20.00.90,"Blood-grouping reagents, except of human or animal origin",199801,201112,16629552,1,0,1,3006.20.00.90,3006.20.00.90,"Blood-grouping reagents, other than of animal origin, nes",201201,202112,left_chapter
imports:3006.20.00.90:2012-01,imports,3006.20.00.90,"Blood-grouping reagents, other than of animal origin, nes",201201,202112,142748427,1,0,0,3006.20.00.90,3006.20.00.90,"Blood-grouping reagents, other than of animal origin, nes",201201,202112,left_chapter
imports:3006.20.10.00:1988-01,imports,3006.20.10.00,"Blood-grouping reagents, of human origin",198801,199712,140148071,3,2,0,3006.20.10.00 -> 3006.20.00.10 -> 3006.20.00.90,3006.20.00.90,"Blood-grouping reagents, other than of animal origin, nes",201201,202112,left_chapter
imports:3006.20.20.00:1988-01,imports,3006.20.20.00,"Blood-grouping reagents, of animal origin",198801,199712,6909500,2,1,0,3006.20.20.00 -> 3006.20.00.20,3006.20.00.20,"Blood-grouping reagents, of animal origin",199801,202112,left_chapter
imports:3006.20.90.00:1988-01,imports,3006.20.90.00,"Blood-grouping reagents, except of human or animal origin",198801,199712,15915707,2,1,1,3006.20.90.00 -> 3006.20.00.90,3006.20.00.90,"Blood-grouping reagents, other than of animal origin, nes",201201,202112,left_chapter
imports:3006.30.00.10:1998-01,imports,3006.30.00.10,Opacifying preparations for X-ray examinations,199801,200112,62836383,1,0,1,3006.30.00.10,3006.30.00.10,"Opacifying, preparations for X-ray examinations",200201,202606,active
imports:3006.30.00.10:2002-01,imports,3006.30.00.10,"Opacifying, preparations for X-ray examinations",200201,202606,306368203,1,0,0,3006.30.00.10,3006.30.00.10,"Opacifying, preparations for X-ray examinations",200201,202606,active
imports:3006.30.00.20:1998-01,imports,3006.30.00.20,Allergenics prepared for parenteral administration,199801,200112,4672794,2,1,1,3006.30.00.20 -> 3006.30.00.90,3006.30.00.90,"Diagnostic reagents, designed to be administered to the patient, nes",200201,202606,active
imports:3006.30.00.20:2002-01,imports,3006.30.00.20,"Allergenics, prepared for parenteral administration",200201,201112,13090987,2,1,0,3006.30.00.20 -> 3006.30.00.90,3006.30.00.90,"Diagnostic reagents, designed to be administered to the patient, nes",200201,202606,active
imports:3006.30.00.90:1998-01,imports,3006.30.00.90,"Diagnostic reagents designed to be administered to the patient, nes",199801,200112,43280945,1,0,1,3006.30.00.90,3006.30.00.90,"Diagnostic reagents, designed to be administered to the patient, nes",200201,202606,active
imports:3006.30.00.90:2002-01,imports,3006.30.00.90,"Diagnostic reagents, designed to be administered to the patient, nes",200201,202606,1131115096,1,0,0,3006.30.00.90,3006.30.00.90,"Diagnostic reagents, designed to be administered to the patient, nes",200201,202606,active
imports:3006.30.10.00:1988-01,imports,3006.30.10.00,Opacifying preparations for X-ray examinations,198801,199712,207390256,2,1,1,3006.30.10.00 -> 3006.30.00.10,3006.30.00.10,"Opacifying, preparations for X-ray examinations",200201,202606,active
imports:3006.30.91.00:1988-01,imports,3006.30.91.00,Allergenics prepared for parenteral administration,198801,199712,8572971,3,2,1,3006.30.91.00 -> 3006.30.00.20 -> 3006.30.00.90,3006.30.00.90,"Diagnostic reagents, designed to be administered to the patient, nes",200201,202606,active
imports:3006.30.99.00:1988-01,imports,3006.30.99.00,"Diagnostic reagents designed to be administered to the patient, nes",198801,199712,53976365,2,1,1,3006.30.99.00 -> 3006.30.00.90,3006.30.00.90,"Diagnostic reagents, designed to be administered to the patient, nes",200201,202606,active
imports:3006.40.00.10:1998-01,imports,3006.40.00.10,Dental cements and bone reconstruction cements,199801,202606,984533064,1,0,0,3006.40.00.10,3006.40.00.10,Dental cements and bone reconstruction cements,199801,202606,active
imports:3006.40.00.20:1998-01,imports,3006.40.00.20,Points for filling dental root canals,199801,200112,8851671,2,1,1,3006.40.00.20 -> 3006.40.00.90,3006.40.00.90,"Other dental fillings, nes",201201,202606,active
imports:3006.40.00.20:2002-01,imports,3006.40.00.20,"Points, for filling dental root canals",200201,201112,23327268,2,1,0,3006.40.00.20 -> 3006.40.00.90,3006.40.00.90,"Other dental fillings, nes",201201,202606,active
imports:3006.40.00.30:1998-01,imports,3006.40.00.30,"Dental fillings of composition metals, except those in powder or pellet form",199801,201112,18807739,2,1,0,3006.40.00.30 -> 3006.40.00.90,3006.40.00.90,"Other dental fillings, nes",201201,202606,active
imports:3006.40.00.90:1998-01,imports,3006.40.00.90,"Dental fillings, nes",199801,201112,308870298,1,0,1,3006.40.00.90,3006.40.00.90,"Other dental fillings, nes",201201,202606,active
imports:3006.40.00.90:2012-01,imports,3006.40.00.90,"Other dental fillings, nes",201201,202606,768304576,1,0,0,3006.40.00.90,3006.40.00.90,"Other dental fillings, nes",201201,202606,active
imports:3006.40.10.10:1988-01,imports,3006.40.10.10,Dental cements and bone reconstruction cements,198801,199712,82885877,2,1,0,3006.40.10.10 -> 3006.40.00.10,3006.40.00.10,Dental cements and bone reconstruction cements,199801,202606,active
imports:3006.40.10.20:1988-01,imports,3006.40.10.20,Points for filling dental root canals,198801,199712,12822836,3,2,1,3006.40.10.20 -> 3006.40.00.20 -> 3006.40.00.90,3006.40.00.90,"Other dental fillings, nes",201201,202606,active
imports:3006.40.20.00:1988-01,imports,3006.40.20.00,"Dental fillings of composition metals, except those in powder or pellet form",198801,199712,12771217,3,2,0,3006.40.20.00 -> 3006.40.00.30 -> 3006.40.00.90,3006.40.00.90,"Other dental fillings, nes",201201,202606,active
imports:3006.40.90.00:1988-01,imports,3006.40.90.00,"Dental fillings, nes",198801,199712,83063425,2,1,1,3006.40.90.00 -> 3006.40.00.90,3006.40.00.90,"Other dental fillings, nes",201201,202606,active
imports:3006.50.00.00:1988-01,imports,3006.50.00.00,First-aid boxes and kits,198801,202606,188007647,1,0,0,3006.50.00.00,3006.50.00.00,First-aid boxes and kits,198801,202606,active
imports:3006.60.00.00:2017-01,imports,3006.60.00.00,"Chem contraceptive preparations,based on hormones/o prod of No 29.37/spermicides",201701,202606,1529593132,1,0,0,3006.60.00.00,3006.60.00.00,"Chem contraceptive preparations,based on hormones/o prod of No 29.37/spermicides",201701,202606,active
imports:3006.60.00.10:2012-01,imports,3006.60.00.10,"Chem contraceptive prep,based on horm,o prod of 29.37/spermicides,in dosage,nes",201201,201612,866902008,2,1,0,3006.60.00.10 -> 3006.60.00.00,3006.60.00.00,"Chem contraceptive preparations,based on hormones/o prod of No 29.37/spermicides",201701,202606,active
imports:3006.60.00.11:1988-01,imports,3006.60.00.11,"Contraceptive prep, cont norethesterone acetate & ethinylestradiol, in dosage",198801,201111,143242802,3,2,0,3006.60.00.11 -> 3006.60.00.10 -> 3006.60.00.00,3006.60.00.00,"Chem contraceptive preparations,based on hormones/o prod of No 29.37/spermicides",201701,202606,active
imports:3006.60.00.19:1988-01,imports,3006.60.00.19,"Contraceptive prep based on hormones,o prod of 29.37/spermicides,in dosage,nes",198801,200112,180876245,3,2,1,3006.60.00.19 -> 3006.60.00.10 -> 3006.60.00.00,3006.60.00.00,"Chem contraceptive preparations,based on hormones/o prod of No 29.37/spermicides",201701,202606,active
imports:3006.60.00.19:2002-01,imports,3006.60.00.19,"Contraceptive prep, based on hormones,o prod of 29.37/spermicides,in dosage,nes",200201,201112,1238944811,3,2,0,3006.60.00.19 -> 3006.60.00.10 -> 3006.60.00.00,3006.60.00.00,"Chem contraceptive preparations,based on hormones/o prod of No 29.37/spermicides",201701,202606,active
imports:3006.60.00.90:1988-01,imports,3006.60.00.90,"Contraceptive prep based on horm,on o prod of 29.37/spermicides,o/t in dos,nes",198801,200112,5572714,2,1,1,3006.60.00.90 -> 3006.60.00.00,3006.60.00.00,"Chem contraceptive preparations,based on hormones/o prod of No 29.37/spermicides",201701,202606,active
imports:3006.60.00.90:2002-01,imports,3006.60.00.90,"Contraceptive prep, based on horm,on o prod of 29.37/spermicides,o/t in dos,nes",200201,201612,39887667,2,1,0,3006.60.00.90 -> 3006.60.00.00,3006.60.00.00,"Chem contraceptive preparations,based on hormones/o prod of No 29.37/spermicides",201701,202606,active
imports:3006.70.10.00:2002-01,imports,3006.70.10.00,"Chem/biolog prep,incl kits cont ancill mat f med diag;f insemination anml semen",200201,202606,32928011,1,0,0,3006.70.10.00,3006.70.10.00,"Chem/biolog prep,incl kits cont ancill mat f med diag;f insemination anml semen",200201,202606,active
imports:3006.70.90.00:2002-01,imports,3006.70.90.00,"Gel prep f human/vet medicine as lub f parts of body f oper/examination,etc,nes",200201,202606,145934147,1,0,0,3006.70.90.00,3006.70.90.00,"Gel prep f human/vet medicine as lub f parts of body f oper/examination,etc,nes",200201,202606,active
imports:3006.80.11.00:2002-07,imports,3006.80.11.00,"Waste pharm,chem/biolog prep,incl kit w ancill mat f med diag;f insem anml semen",200207,200612,177848,2,1,0,3006.80.11.00 -> 3006.92.00.00,3006.92.00.00,"Waste pharmaceuticals, nes",200701,202606,active
imports:3006.80.19.00:2002-01,imports,3006.80.19.00,"Waste of gel prep f human/vet med as lub f pts of body f oper/examin,etc,nes",200201,200612,168927,2,1,0,3006.80.19.00 -> 3006.92.00.00,3006.92.00.00,"Waste pharmaceuticals, nes",200701,202606,active
imports:3006.80.90.10:2002-01,imports,3006.80.90.10,Waste pharmaceuticals of the goods of heading 30.01,200201,200510,53,2,1,0,3006.80.90.10 -> 3006.92.00.00,3006.92.00.00,"Waste pharmaceuticals, nes",200701,202606,active
imports:3006.80.90.20:2004-07,imports,3006.80.90.20,Waste pharmaceuticals of the goods of heading 30.02,200407,200511,539,2,1,0,3006.80.90.20 -> 3006.92.00.00,3006.92.00.00,"Waste pharmaceuticals, nes",200701,202606,active
imports:3006.80.90.30:2002-02,imports,3006.80.90.30,Waste pharmaceuticals of the goods of heading 30.03,200202,200501,7134,2,1,0,3006.80.90.30 -> 3006.92.00.00,3006.92.00.00,"Waste pharmaceuticals, nes",200701,202606,active
imports:3006.80.90.41:2003-06,imports,3006.80.90.41,Waste pharmaceuticals of the goods of subheadings 3004.10 to 3004.39,200306,200610,171,2,1,0,3006.80.90.41 -> 3006.92.00.00,3006.92.00.00,"Waste pharmaceuticals, nes",200701,202606,active
imports:3006.80.90.42:2003-12,imports,3006.80.90.42,Waste pharmaceuticals of the goods of subheadings 3004.40 or 3004.50,200312,200604,86732,2,1,0,3006.80.90.42 -> 3006.92.00.00,3006.92.00.00,"Waste pharmaceuticals, nes",200701,202606,active
imports:3006.80.90.43:2002-05,imports,3006.80.90.43,Waste pharmaceuticals of the goods of subheading 3004.90,200205,200508,36718,2,1,0,3006.80.90.43 -> 3006.92.00.00,3006.92.00.00,"Waste pharmaceuticals, nes",200701,202606,active
imports:3006.80.90.50:2002-04,imports,3006.80.90.50,Waste pharmaceuticals of the goods of heading 30.05,200204,200612,8220,2,1,0,3006.80.90.50 -> 3006.92.00.00,3006.92.00.00,"Waste pharmaceuticals, nes",200701,202606,active
imports:3006.80.90.60:2002-01,imports,3006.80.90.60,Waste pharmaceuticals of the goods of heading 30.06,200201,200612,259506,2,1,0,3006.80.90.60 -> 3006.92.00.00,3006.92.00.00,"Waste pharmaceuticals, nes",200701,202606,active
imports:3006.91.00.00:2007-01,imports,3006.91.00.00,Appliances identifiable for ostomy use,200701,202606,964194991,1,0,0,3006.91.00.00,3006.91.00.00,Appliances identifiable for ostomy use,200701,202606,active
imports:3006.92.00.00:2007-01,imports,3006.92.00.00,"Waste pharmaceuticals, nes",200701,202606,938259,1,0,0,3006.92.00.00,3006.92.00.00,"Waste pharmaceuticals, nes",200701,202606,active
imports:3006.93.10.00:2022-01,imports,3006.93.10.00,"Placebos and blinded/double-blinded kits,f clinical trial,syrup based,meas doses",202201,202606,18477071,1,0,0,3006.93.10.00,3006.93.10.00,"Placebos and blinded/double-blinded kits,f clinical trial,syrup based,meas doses",202201,202606,active
imports:3006.93.20.00:2022-01,imports,3006.93.20.00,"Placebos and blinded/double-blinded kits,f clinical trial,sugar based,meas doses",202201,202606,11663503,1,0,0,3006.93.20.00,3006.93.20.00,"Placebos and blinded/double-blinded kits,f clinical trial,sugar based,meas doses",202201,202606,active
imports:3006.93.30.00:2022-01,imports,3006.93.30.00,"Placebos & blinded/double-blinded kits,f clinical trial,o food based, meas doses",202201,202606,4158035,1,0,0,3006.93.30.00,3006.93.30.00,"Placebos & blinded/double-blinded kits,f clinical trial,o food based, meas doses",202201,202606,active
imports:3006.93.40.00:2022-01,imports,3006.93.40.00,"Placebos & blinded/double kits,f clinical trial,non-alc bev based, in meas doses",202201,202606,2645199,1,0,0,3006.93.40.00,3006.93.40.00,"Placebos & blinded/double kits,f clinical trial,non-alc bev based, in meas doses",202201,202606,active
imports:3006.93.90.00:2022-01,imports,3006.93.90.00,"Placebos & blinded/double-blinded kits,for clinical trial,in measured doses, nes",202201,202606,297730753,1,0,0,3006.93.90.00,3006.93.90.00,"Placebos & blinded/double-blinded kits,for clinical trial,in measured doses, nes",202201,202606,active
