retiring_code,span_index,flow,last_period,total_value_cad,retiring_description,rank,candidate,candidate_description,similarity_score,vetoed_by,record_overruled_gate,review_flag,same_content_words
3001100010,1,imports,200612,4534592.00,"Animal glands, dried, powdered or not, for therapeutic uses",1,3001900090,"Heparin & its salts; human or animal substances for therap or prophltc uses, nes",0.4242,,,,no
3001100010,1,imports,200612,4534592.00,"Animal glands, dried, powdered or not, for therapeutic uses",2,3001900020,"Bone, organs & o human/animal tissue, living/preserved,for grafting/implantation",0.3333,,,,no
3001100010,1,imports,200612,4534592.00,"Animal glands, dried, powdered or not, for therapeutic uses",3,3001900010,Heparin and its salts,0.2597,,,,no
3001100090,1,imports,200612,6809180.00,"Glands, nes, and other organs, dried, powdered or not, for therapeutic uses",1,3001900090,"Heparin & its salts; human or animal substances for therap or prophltc uses, nes",0.3699,,,,no
3001100090,1,imports,200612,6809180.00,"Glands, nes, and other organs, dried, powdered or not, for therapeutic uses",2,3001900020,"Bone, organs & o human/animal tissue, living/preserved,for grafting/implantation",0.3151,,,,no
3001100090,1,imports,200612,6809180.00,"Glands, nes, and other organs, dried, powdered or not, for therapeutic uses",3,3001900010,Heparin and its salts,0.2637,,,,no
3001901000,1,imports,199712,23789116.00,Heparin and its salts,1,3001900010,Heparin and its salts,1.0000,,,,yes
3001901000,1,imports,199712,23789116.00,Heparin and its salts,2,3001900020,"Bone, organs & o human/animal tissue, living/preserved,for grafting/implantation",0.2474,,,,no
3001901000,1,imports,199712,23789116.00,Heparin and its salts,3,3001900090,"Other human or animal subs prepared for therapeutic or prophylactic uses, nes",0.2474,,,,no
3001902000,1,imports,199712,26959462.00,"Bone, organs & o human/animal tissue, living/preserved,for grafting/implantation",1,3001900020,"Bone, organs & o human/animal tissue, living/preserved,for grafting/implantation",1.0000,,,,yes
3001902000,1,imports,199712,26959462.00,"Bone, organs & o human/animal tissue, living/preserved,for grafting/implantation",2,3001900090,"Other human or animal subs prepared for therapeutic or prophylactic uses, nes",0.5526,,,,no
3001902000,1,imports,199712,26959462.00,"Bone, organs & o human/animal tissue, living/preserved,for grafting/implantation",3,3001900010,Heparin and its salts,0.2268,,,,no
3001909000,1,imports,199712,2825176.00,"Other human or animal subs prepared for therapeutic or prophylactic uses, nes",1,3001900090,"Other human or animal subs prepared for therapeutic or prophylactic uses, nes",1.0000,,,,yes
3001909000,1,imports,199712,2825176.00,"Other human or animal subs prepared for therapeutic or prophylactic uses, nes",2,3001900020,"Bone, organs & o human/animal tissue, living/preserved,for grafting/implantation",0.5526,,,,no
3001909000,1,imports,199712,2825176.00,"Other human or animal subs prepared for therapeutic or prophylactic uses, nes",3,3001900010,Heparin and its salts,0.2268,,,,no
3002100010,1,imports,201612,3166447761.00,"Antisera & o blood fractions, human origin, for diagnostic use",1,3002120011,"Human antisera and other human blood fractions, for diagnostic use",0.7317,,,,no
3002100021,1,imports,201612,1761536873.00,"Blood plasma, for therapeutic or prophylactic use in humans",1,3002120012,"Human blood plasma, for therapeutic/prophylactic/other uses",0.7931,,,,no
3002100022,1,imports,201612,2414301.00,"Normal serum globulin, for therapeutic or prophylactic use in humans",1,3002120019,"Human antisera and other human blood fractions, nes",0.3248,,,,no
3002100023,1,imports,201612,1415737704.00,"Immune serum globulin, for therapeutic or prophylactic use in humans",1,3002120013,"Human immune globulin, for therapeutic/prophylactic/other uses",0.7656,,,swapped term,no
3002100029,1,imports,201612,5754885877.00,"Antisera & o blood fract, human orig, therapeutic/prophylactic use in humans,nes",1,3002120019,"Human antisera and other human blood fractions, nes",0.4603,,,,no
3002100030,1,imports,201612,1100455460.00,"Antisera and other blood fractions, of human origin, for other uses",1,3002120019,"Human antisera and other human blood fractions, nes",0.6609,,,,no
3002100030,1,imports,201612,1100455460.00,"Antisera and other blood fractions, of human origin, for other uses",2,3002120012,"Human blood plasma, for therapeutic/prophylactic/other uses",0.4228,,,,no
3002100030,1,imports,201612,1100455460.00,"Antisera and other blood fractions, of human origin, for other uses",3,3002120013,"Human immune globulin, for therapeutic/prophylactic/other uses",0.3810,,,,no
3002100041,1,imports,201612,27309966.00,"Bovine albumin, for parenteral administration in humans",1,3002120021,"Animal antisera and other animal blood fractions, for use in humans",0.3833,,,,no
3002100042,1,imports,201612,70394543.00,"Sera and antisera, of animal origin, for parenteral administration in humans",1,3002120021,"Animal antisera and other animal blood fractions, for use in humans",0.5857,,,,no
3002100049,1,imports,201612,135621054.00,"Blood albumin, nes, of animal origin, for parenteral administration in humans",1,3002120021,"Animal antisera and other animal blood fractions, for use in humans",0.4571,,,,no
3002100051,1,imports,201612,565555590.00,"Blood fractions, nes, for use in humans",1,3002120021,"Animal antisera and other animal blood fractions, for use in humans",0.6408,,,,no
3002100059,1,imports,201612,1723388665.00,"Blood fractions, nes",1,3002120029,"Animal antisera and other animal blood fractions, nes",0.5352,,,,no
3002100060,1,imports,201112,1580200084.00,Modified immunological products,1,3002100090,"Antisera,o blood fract,immunological prod,w/n mod/obt biotechnological proc,nes",0.4364,,,,no
3002100090,1,imports,201612,7588057599.00,"Antisera,o blood fract,immunological prod,w/n mod/obt biotechnological proc,nes",1,3002190000,"Immunological products, nes, w/n modified/obtained by biotechnological processes",0.6879,,,,no
3002100090,1,imports,201612,7588057599.00,"Antisera,o blood fract,immunological prod,w/n mod/obt biotechnological proc,nes",2,3002130000,"Immunological products, unmixed, not put up in measured doses/forms/packings frs",0.4076,,,,no
3002100090,1,imports,201612,7588057599.00,"Antisera,o blood fract,immunological prod,w/n mod/obt biotechnological proc,nes",3,3002150000,"Immunological products, put up in measured doses/forms/packings, for retail sale",0.3949,,,,no
3002100090,1,imports,201612,7588057599.00,"Antisera,o blood fract,immunological prod,w/n mod/obt biotechnological proc,nes",4,3002140000,"Immunological products,mixed,not put in measured doses/forms/packings f ret sale",0.3899,,,,no
3002100090,1,imports,201612,7588057599.00,"Antisera,o blood fract,immunological prod,w/n mod/obt biotechnological proc,nes",5,3002110000,Malaria diagnostic test kits,0.1869,,,,no
3002101010,1,imports,199712,101722161.00,"Antisera & o blood fractions, human origin, for diagnostic use",1,3002100010,"Antisera & o blood fractions, human origin, for diagnostic use",1.0000,,,,yes
3002101010,1,imports,199712,101722161.00,"Antisera & o blood fractions, human origin, for diagnostic use",2,3002100030,"Antisera & o blood fractions, of human origin, for other uses",0.8696,,,,no
3002101010,1,imports,199712,101722161.00,"Antisera & o blood fractions, human origin, for diagnostic use",3,3002100029,"Antisera & o blood fract, human orig, therapeutic/prophylactic use in humans,nes",0.6567,purpose,,,no
3002101010,1,imports,199712,101722161.00,"Antisera & o blood fractions, human origin, for diagnostic use",4,3002100042,"Sera and antisera, of animal origin, for parenteral administration in humans",0.5455,origin,,,no
3002101010,1,imports,199712,101722161.00,"Antisera & o blood fractions, human origin, for diagnostic use",5,3002100049,"Blood albumin nes, of animal origin, for parenteral administration in humans",0.5152,origin,,,no
3002101010,1,imports,199712,101722161.00,"Antisera & o blood fractions, human origin, for diagnostic use",6,3002100090,"Antisera,o blood fract,immunological prod,w/n mod/obt biotechnological proc,nes",0.4818,continuity,,,no
3002101010,1,imports,199712,101722161.00,"Antisera & o blood fractions, human origin, for diagnostic use",7,3002100059,"Blood fractions, nes",0.4675,,,,no
3002101010,1,imports,199712,101722161.00,"Antisera & o blood fractions, human origin, for diagnostic use",8,3002100051,"Blood fractions, nes, for use in humans",0.4632,,,,no
3002101010,1,imports,199712,101722161.00,"Antisera & o blood fractions, human origin, for diagnostic use",9,3002100021,"Blood plasma, for therapeutic or prophylactic use in humans",0.4138,purpose,,,no
3002101010,1,imports,199712,101722161.00,"Antisera & o blood fractions, human origin, for diagnostic use",10,3002100022,"Normal serum globulin, for therapeutic or prophylactic use in humans",0.3840,purpose,,,no
3002101010,1,imports,199712,101722161.00,"Antisera & o blood fractions, human origin, for diagnostic use",11,3002100023,"Immune serum globulin, for therapeutic or prophylactic use in humans",0.3840,purpose,,,no
3002101010,1,imports,199712,101722161.00,"Antisera & o blood fractions, human origin, for diagnostic use",12,3002100041,"Bovine albumin, for parenteral administration in humans",0.3571,,,,no
3002101010,1,imports,199712,101722161.00,"Antisera & o blood fractions, human origin, for diagnostic use",13,3002100060,Modified immunological products,0.2022,continuity,,,no
3002101021,1,imports,199712,80754016.00,"Blood plasma, for therapeutic or prophylactic use in humans",1,3002100021,"Blood plasma, for therapeutic or prophylactic use in humans",1.0000,,,,yes
3002101021,1,imports,199712,80754016.00,"Blood plasma, for therapeutic or prophylactic use in humans",2,3002100022,"Normal serum globulin, for therapeutic or prophylactic use in humans",0.7840,,,,no
3002101021,1,imports,199712,80754016.00,"Blood plasma, for therapeutic or prophylactic use in humans",3,3002100023,"Immune serum globulin, for therapeutic or prophylactic use in humans",0.7840,,,,no
3002101021,1,imports,199712,80754016.00,"Blood plasma, for therapeutic or prophylactic use in humans",4,3002100029,"Antisera & o blood fract, human orig, therapeutic/prophylactic use in humans,nes",0.7612,,,,no
3002101021,1,imports,199712,80754016.00,"Blood plasma, for therapeutic or prophylactic use in humans",5,3002100051,"Blood fractions, nes, for use in humans",0.5474,,,,no
3002101021,1,imports,199712,80754016.00,"Blood plasma, for therapeutic or prophylactic use in humans",6,3002100049,"Blood albumin nes, of animal origin, for parenteral administration in humans",0.4848,,,,no
3002101021,1,imports,199712,80754016.00,"Blood plasma, for therapeutic or prophylactic use in humans",7,3002100041,"Bovine albumin, for parenteral administration in humans",0.4464,,,,no
3002101021,1,imports,199712,80754016.00,"Blood plasma, for therapeutic or prophylactic use in humans",8,3002100042,"Sera and antisera, of animal origin, for parenteral administration in humans",0.4242,,,,no
3002101021,1,imports,199712,80754016.00,"Blood plasma, for therapeutic or prophylactic use in humans",9,3002100010,"Antisera & o blood fractions, human origin, for diagnostic use",0.4138,purpose,,,no
3002101021,1,imports,199712,80754016.00,"Blood plasma, for therapeutic or prophylactic use in humans",10,3002100059,"Blood fractions, nes",0.3636,,,,no
3002101021,1,imports,199712,80754016.00,"Blood plasma, for therapeutic or prophylactic use in humans",11,3002100030,"Antisera & o blood fractions, of human origin, for other uses",0.3478,,,,no
3002101021,1,imports,199712,80754016.00,"Blood plasma, for therapeutic or prophylactic use in humans",12,3002100090,"Antisera,o blood fract,immunological prod,w/n mod/obt biotechnological proc,nes",0.3212,continuity,,,no
3002101021,1,imports,199712,80754016.00,"Blood plasma, for therapeutic or prophylactic use in humans",13,3002100060,Modified immunological products,0.2472,continuity,,,no
3002101022,1,imports,199712,19609749.00,"Normal serum globulin, for therapeutic or prophylactic use in humans",1,3002100022,"Normal serum globulin, for therapeutic or prophylactic use in humans",1.0000,,,,yes
3002101022,1,imports,199712,19609749.00,"Normal serum globulin, for therapeutic or prophylactic use in humans",2,3002100023,"Immune serum globulin, for therapeutic or prophylactic use in humans",0.9254,,,swapped term,no
3002101022,1,imports,199712,19609749.00,"Normal serum globulin, for therapeutic or prophylactic use in humans",3,3002100021,"Blood plasma, for therapeutic or prophylactic use in humans",0.7840,,,,no
3002101022,1,imports,199712,19609749.00,"Normal serum globulin, for therapeutic or prophylactic use in humans",4,3002100029,"Antisera & o blood fract, human orig, therapeutic/prophylactic use in humans,nes",0.6853,,,,no
3002101022,1,imports,199712,19609749.00,"Normal serum globulin, for therapeutic or prophylactic use in humans",5,3002100041,"Bovine albumin, for parenteral administration in humans",0.4793,,,,no
3002101022,1,imports,199712,19609749.00,"Normal serum globulin, for therapeutic or prophylactic use in humans",6,3002100042,"Sera and antisera, of animal origin, for parenteral administration in humans",0.4539,,,,no
3002101022,1,imports,199712,19609749.00,"Normal serum globulin, for therapeutic or prophylactic use in humans",7,3002100049,"Blood albumin nes, of animal origin, for parenteral administration in humans",0.4539,,,,no
3002101022,1,imports,199712,19609749.00,"Normal serum globulin, for therapeutic or prophylactic use in humans",8,3002100051,"Blood fractions, nes, for use in humans",0.4231,,,,no
3002101022,1,imports,199712,19609749.00,"Normal serum globulin, for therapeutic or prophylactic use in humans",9,3002100030,"Antisera & o blood fractions, of human origin, for other uses",0.3871,,,,no
3002101022,1,imports,199712,19609749.00,"Normal serum globulin, for therapeutic or prophylactic use in humans",10,3002100010,"Antisera & o blood fractions, human origin, for diagnostic use",0.3840,purpose,,,no
3002101022,1,imports,199712,19609749.00,"Normal serum globulin, for therapeutic or prophylactic use in humans",11,3002100090,"Antisera,o blood fract,immunological prod,w/n mod/obt biotechnological proc,nes",0.3288,continuity,,,no
3002101022,1,imports,199712,19609749.00,"Normal serum globulin, for therapeutic or prophylactic use in humans",12,3002100059,"Blood fractions, nes",0.2558,,,,no
3002101022,1,imports,199712,19609749.00,"Normal serum globulin, for therapeutic or prophylactic use in humans",13,3002100060,Modified immunological products,0.2245,continuity,,,no
3002101023,1,imports,199712,24552889.00,"Immune serum globulin, for therapeutic or prophylactic use in humans",1,3002100023,"Immune serum globulin, for therapeutic or prophylactic use in humans",1.0000,,,,yes
3002101023,1,imports,199712,24552889.00,"Immune serum globulin, for therapeutic or prophylactic use in humans",2,3002100022,"Normal serum globulin, for therapeutic or prophylactic use in humans",0.9254,,,swapped term,no
3002101023,1,imports,199712,24552889.00,"Immune serum globulin, for therapeutic or prophylactic use in humans",3,3002100021,"Blood plasma, for therapeutic or prophylactic use in humans",0.7840,,,,no
3002101023,1,imports,199712,24552889.00,"Immune serum globulin, for therapeutic or prophylactic use in humans",4,3002100029,"Antisera & o blood fract, human orig, therapeutic/prophylactic use in humans,nes",0.6853,,,,no
3002101023,1,imports,199712,24552889.00,"Immune serum globulin, for therapeutic or prophylactic use in humans",5,3002100041,"Bovine albumin, for parenteral administration in humans",0.4959,,,,no
3002101023,1,imports,199712,24552889.00,"Immune serum globulin, for therapeutic or prophylactic use in humans",6,3002100042,"Sera and antisera, of animal origin, for parenteral administration in humans",0.4255,,,,no
3002101023,1,imports,199712,24552889.00,"Immune serum globulin, for therapeutic or prophylactic use in humans",7,3002100051,"Blood fractions, nes, for use in humans",0.4231,,,,no
3002101023,1,imports,199712,24552889.00,"Immune serum globulin, for therapeutic or prophylactic use in humans",8,3002100049,"Blood albumin nes, of animal origin, for parenteral administration in humans",0.4113,,,,no
3002101023,1,imports,199712,24552889.00,"Immune serum globulin, for therapeutic or prophylactic use in humans",9,3002100030,"Antisera & o blood fractions, of human origin, for other uses",0.3871,,,,no
3002101023,1,imports,199712,24552889.00,"Immune serum globulin, for therapeutic or prophylactic use in humans",10,3002100010,"Antisera & o blood fractions, human origin, for diagnostic use",0.3840,purpose,,,no
3002101023,1,imports,199712,24552889.00,"Immune serum globulin, for therapeutic or prophylactic use in humans",11,3002100060,Modified immunological products,0.3265,continuity,,,no
3002101023,1,imports,199712,24552889.00,"Immune serum globulin, for therapeutic or prophylactic use in humans",12,3002100090,"Antisera,o blood fract,immunological prod,w/n mod/obt biotechnological proc,nes",0.2603,continuity,,,no
3002101023,1,imports,199712,24552889.00,"Immune serum globulin, for therapeutic or prophylactic use in humans",13,3002100059,"Blood fractions, nes",0.2558,,,,no
3002101029,1,imports,199712,377806210.00,"Antisera & o blood fract, human orig, therapeutic/prophylactic use in humans,nes",1,3002100029,"Antisera & o blood fract, human orig, therapeutic/prophylactic use in humans,nes",1.0000,,,,yes
3002101029,1,imports,199712,377806210.00,"Antisera & o blood fract, human orig, therapeutic/prophylactic use in humans,nes",2,3002100021,"Blood plasma, for therapeutic or prophylactic use in humans",0.7612,,,,no
3002101029,1,imports,199712,377806210.00,"Antisera & o blood fract, human orig, therapeutic/prophylactic use in humans,nes",3,3002100022,"Normal serum globulin, for therapeutic or prophylactic use in humans",0.6993,,,,no
3002101029,1,imports,199712,377806210.00,"Antisera & o blood fract, human orig, therapeutic/prophylactic use in humans,nes",4,3002100023,"Immune serum globulin, for therapeutic or prophylactic use in humans",0.6993,,,,no
3002101029,1,imports,199712,377806210.00,"Antisera & o blood fract, human orig, therapeutic/prophylactic use in humans,nes",5,3002100010,"Antisera & o blood fractions, human origin, for diagnostic use",0.6567,purpose,,swapped term,no
3002101029,1,imports,199712,377806210.00,"Antisera & o blood fract, human orig, therapeutic/prophylactic use in humans,nes",6,3002100030,"Antisera & o blood fractions, of human origin, for other uses",0.6466,,,,no
3002101029,1,imports,199712,377806210.00,"Antisera & o blood fract, human orig, therapeutic/prophylactic use in humans,nes",7,3002100090,"Antisera,o blood fract,immunological prod,w/n mod/obt biotechnological proc,nes",0.5419,continuity,,,no
3002101029,1,imports,199712,377806210.00,"Antisera & o blood fract, human orig, therapeutic/prophylactic use in humans,nes",8,3002100051,"Blood fractions, nes, for use in humans",0.5310,,,,no
3002101029,1,imports,199712,377806210.00,"Antisera & o blood fract, human orig, therapeutic/prophylactic use in humans,nes",9,3002100042,"Sera and antisera, of animal origin, for parenteral administration in humans",0.4933,origin,,,no
3002101029,1,imports,199712,377806210.00,"Antisera & o blood fract, human orig, therapeutic/prophylactic use in humans,nes",10,3002100049,"Blood albumin nes, of animal origin, for parenteral administration in humans",0.4533,origin,,,no
3002101029,1,imports,199712,377806210.00,"Antisera & o blood fract, human orig, therapeutic/prophylactic use in humans,nes",11,3002100059,"Blood fractions, nes",0.3789,,,,no
3002101029,1,imports,199712,377806210.00,"Antisera & o blood fract, human orig, therapeutic/prophylactic use in humans,nes",12,3002100041,"Bovine albumin, for parenteral administration in humans",0.3538,,,,no
3002101029,1,imports,199712,377806210.00,"Antisera & o blood fract, human orig, therapeutic/prophylactic use in humans,nes",13,3002100060,Modified immunological products,0.2617,continuity,,,no
3002101090,1,imports,199712,70111731.00,"Antisera & o blood fractions, of human origin, for other uses",1,3002100030,"Antisera & o blood fractions, of human origin, for other uses",1.0000,,,,yes
3002101090,1,imports,199712,70111731.00,"Antisera & o blood fractions, of human origin, for other uses",2,3002100010,"Antisera & o blood fractions, human origin, for diagnostic use",0.8696,,,,no
3002101090,1,imports,199712,70111731.00,"Antisera & o blood fractions, of human origin, for other uses",3,3002100029,"Antisera & o blood fract, human orig, therapeutic/prophylactic use in humans,nes",0.6466,,,,no
3002101090,1,imports,199712,70111731.00,"Antisera & o blood fractions, of human origin, for other uses",4,3002100049,"Blood albumin nes, of animal origin, for parenteral administration in humans",0.5191,origin,,,no
3002101090,1,imports,199712,70111731.00,"Antisera & o blood fractions, of human origin, for other uses",5,3002100051,"Blood fractions, nes, for use in humans",0.5106,,,,no
3002101090,1,imports,199712,70111731.00,"Antisera & o blood fractions, of human origin, for other uses",6,3002100059,"Blood fractions, nes",0.5000,,,,no
3002101090,1,imports,199712,70111731.00,"Antisera & o blood fractions, of human origin, for other uses",7,3002100042,"Sera and antisera, of animal origin, for parenteral administration in humans",0.4885,origin,,,no
3002101090,1,imports,199712,70111731.00,"Antisera & o blood fractions, of human origin, for other uses",8,3002100090,"Antisera,o blood fract,immunological prod,w/n mod/obt biotechnological proc,nes",0.4706,continuity,,,no
3002101090,1,imports,199712,70111731.00,"Antisera & o blood fractions, of human origin, for other uses",9,3002100022,"Normal serum globulin, for therapeutic or prophylactic use in humans",0.3871,,,,no
3002101090,1,imports,199712,70111731.00,"Antisera & o blood fractions, of human origin, for other uses",10,3002100023,"Immune serum globulin, for therapeutic or prophylactic use in humans",0.3871,,,,no
3002101090,1,imports,199712,70111731.00,"Antisera & o blood fractions, of human origin, for other uses",11,3002100021,"Blood plasma, for therapeutic or prophylactic use in humans",0.3478,,,,no
3002101090,1,imports,199712,70111731.00,"Antisera & o blood fractions, of human origin, for other uses",12,3002100041,"Bovine albumin, for parenteral administration in humans",0.3063,,,,no
3002101090,1,imports,199712,70111731.00,"Antisera & o blood fractions, of human origin, for other uses",13,3002100060,Modified immunological products,0.2045,continuity,,,no
3002102110,1,imports,199712,27900542.00,"Bovine albumin, for parenteral administration in humans",1,3002100041,"Bovine albumin, for parenteral administration in humans",1.0000,,,,yes
3002102110,1,imports,199712,27900542.00,"Bovine albumin, for parenteral administration in humans",2,3002100049,"Blood albumin nes, of animal origin, for parenteral administration in humans",0.7812,,,,no
3002102110,1,imports,199712,27900542.00,"Bovine albumin, for parenteral administration in humans",3,3002100042,"Sera and antisera, of animal origin, for parenteral administration in humans",0.7188,,,,no
3002102110,1,imports,199712,27900542.00,"Bovine albumin, for parenteral administration in humans",4,3002100023,"Immune serum globulin, for therapeutic or prophylactic use in humans",0.5124,,,,no
3002102110,1,imports,199712,27900542.00,"Bovine albumin, for parenteral administration in humans",5,3002100021,"Blood plasma, for therapeutic or prophylactic use in humans",0.4821,,,,no
3002102110,1,imports,199712,27900542.00,"Bovine albumin, for parenteral administration in humans",6,3002100022,"Normal serum globulin, for therapeutic or prophylactic use in humans",0.4793,,,,no
3002102110,1,imports,199712,27900542.00,"Bovine albumin, for parenteral administration in humans",7,3002100051,"Blood fractions, nes, for use in humans",0.4615,,,,no
3002102110,1,imports,199712,27900542.00,"Bovine albumin, for parenteral administration in humans",8,3002100010,"Antisera & o blood fractions, human origin, for diagnostic use",0.3929,,,,no
3002102110,1,imports,199712,27900542.00,"Bovine albumin, for parenteral administration in humans",9,3002100030,"Antisera & o blood fractions, of human origin, for other uses",0.3604,,,,no
3002102110,1,imports,199712,27900542.00,"Bovine albumin, for parenteral administration in humans",10,3002100059,"Blood fractions, nes",0.3562,,,,no
3002102110,1,imports,199712,27900542.00,"Bovine albumin, for parenteral administration in humans",11,3002100029,"Antisera & o blood fract, human orig, therapeutic/prophylactic use in humans,nes",0.3538,,,,no
3002102110,1,imports,199712,27900542.00,"Bovine albumin, for parenteral administration in humans",12,3002100090,"Antisera,o blood fract,immunological prod,w/n mod/obt biotechnological proc,nes",0.2556,continuity,,,no
3002102110,1,imports,199712,27900542.00,"Bovine albumin, for parenteral administration in humans",13,3002100060,Modified immunological products,0.2353,continuity,,,no
3002102120,1,imports,199712,34907173.00,"Sera and antisera, of animal origin, for parenteral administration in humans",1,3002100042,"Sera and antisera, of animal origin, for parenteral administration in humans",1.0000,,,,yes
3002102120,1,imports,199712,34907173.00,"Sera and antisera, of animal origin, for parenteral administration in humans",2,3002100049,"Blood albumin nes, of animal origin, for parenteral administration in humans",0.8378,,,,no
3002102120,1,imports,199712,34907173.00,"Sera and antisera, of animal origin, for parenteral administration in humans",3,3002100041,"Bovine albumin, for parenteral administration in humans",0.7188,,,,no
3002102120,1,imports,199712,34907173.00,"Sera and antisera, of animal origin, for parenteral administration in humans",4,3002100010,"Antisera & o blood fractions, human origin, for diagnostic use",0.5152,origin,,,no
3002102120,1,imports,199712,34907173.00,"Sera and antisera, of animal origin, for parenteral administration in humans",5,3002100029,"Antisera & o blood fract, human orig, therapeutic/prophylactic use in humans,nes",0.4933,origin,,,no
3002102120,1,imports,199712,34907173.00,"Sera and antisera, of animal origin, for parenteral administration in humans",6,3002100030,"Antisera & o blood fractions, of human origin, for other uses",0.4885,origin,,,no
3002102120,1,imports,199712,34907173.00,"Sera and antisera, of animal origin, for parenteral administration in humans",7,3002100022,"Normal serum globulin, for therapeutic or prophylactic use in humans",0.4255,,,,no
3002102120,1,imports,199712,34907173.00,"Sera and antisera, of animal origin, for parenteral administration in humans",8,3002100023,"Immune serum globulin, for therapeutic or prophylactic use in humans",0.4255,,,,no
3002102120,1,imports,199712,34907173.00,"Sera and antisera, of animal origin, for parenteral administration in humans",9,3002100021,"Blood plasma, for therapeutic or prophylactic use in humans",0.4242,,,,no
3002102120,1,imports,199712,34907173.00,"Sera and antisera, of animal origin, for parenteral administration in humans",10,3002100051,"Blood fractions, nes, for use in humans",0.3964,,,,no
3002102120,1,imports,199712,34907173.00,"Sera and antisera, of animal origin, for parenteral administration in humans",11,3002100090,"Antisera,o blood fract,immunological prod,w/n mod/obt biotechnological proc,nes",0.3399,continuity,,,no
3002102120,1,imports,199712,34907173.00,"Sera and antisera, of animal origin, for parenteral administration in humans",12,3002100060,Modified immunological products,0.2095,continuity,,,no
3002102120,1,imports,199712,34907173.00,"Sera and antisera, of animal origin, for parenteral administration in humans",13,3002100059,"Blood fractions, nes",0.1935,,,,no
3002102190,1,imports,199712,40116460.00,"Blood albumin nes, of animal origin, for parenteral administration in humans",1,3002100049,"Blood albumin nes, of animal origin, for parenteral administration in humans",1.0000,,,,yes
3002102190,1,imports,199712,40116460.00,"Blood albumin nes, of animal origin, for parenteral administration in humans",2,3002100042,"Sera and antisera, of animal origin, for parenteral administration in humans",0.8378,,,swapped term,no
3002102190,1,imports,199712,40116460.00,"Blood albumin nes, of animal origin, for parenteral administration in humans",3,3002100041,"Bovine albumin, for parenteral administration in humans",0.7812,,,swapped term,no
3002102190,1,imports,199712,40116460.00,"Blood albumin nes, of animal origin, for parenteral administration in humans",4,3002100051,"Blood fractions, nes, for use in humans",0.5225,,,,no
3002102190,1,imports,199712,40116460.00,"Blood albumin nes, of animal origin, for parenteral administration in humans",5,3002100030,"Antisera & o blood fractions, of human origin, for other uses",0.5191,origin,,,no
3002102190,1,imports,199712,40116460.00,"Blood albumin nes, of animal origin, for parenteral administration in humans",6,3002100021,"Blood plasma, for therapeutic or prophylactic use in humans",0.4848,,,,no
3002102190,1,imports,199712,40116460.00,"Blood albumin nes, of animal origin, for parenteral administration in humans",7,3002100010,"Antisera & o blood fractions, human origin, for diagnostic use",0.4697,origin,,,no
3002102190,1,imports,199712,40116460.00,"Blood albumin nes, of animal origin, for parenteral administration in humans",8,3002100029,"Antisera & o blood fract, human orig, therapeutic/prophylactic use in humans,nes",0.4533,origin,,,no
3002102190,1,imports,199712,40116460.00,"Blood albumin nes, of animal origin, for parenteral administration in humans",9,3002100022,"Normal serum globulin, for therapeutic or prophylactic use in humans",0.4255,,,,no
3002102190,1,imports,199712,40116460.00,"Blood albumin nes, of animal origin, for parenteral administration in humans",10,3002100023,"Immune serum globulin, for therapeutic or prophylactic use in humans",0.4113,,,,no
3002102190,1,imports,199712,40116460.00,"Blood albumin nes, of animal origin, for parenteral administration in humans",11,3002100059,"Blood fractions, nes",0.2796,,,,no
3002102190,1,imports,199712,40116460.00,"Blood albumin nes, of animal origin, for parenteral administration in humans",12,3002100090,"Antisera,o blood fract,immunological prod,w/n mod/obt biotechnological proc,nes",0.1961,continuity,,,no
3002102190,1,imports,199712,40116460.00,"Blood albumin nes, of animal origin, for parenteral administration in humans",13,3002100060,Modified immunological products,0.1714,continuity,,,no
3002102910,1,imports,199712,955745.00,"Blood fractions, nes, for use in humans",1,3002100051,"Blood fractions, nes, for use in humans",1.0000,,,,yes
3002102910,1,imports,199712,955745.00,"Blood fractions, nes, for use in humans",2,3002100059,"Blood fractions, nes",0.6786,,,basket contents,no
3002102910,1,imports,199712,955745.00,"Blood fractions, nes, for use in humans",3,3002100021,"Blood plasma, for therapeutic or prophylactic use in humans",0.5474,,,swapped term,no
3002102910,1,imports,199712,955745.00,"Blood fractions, nes, for use in humans",4,3002100010,"Antisera & o blood fractions, human origin, for diagnostic use",0.5263,,,,no
3002102910,1,imports,199712,955745.00,"Blood fractions, nes, for use in humans",5,3002100049,"Blood albumin nes, of animal origin, for parenteral administration in humans",0.5225,,,,no
3002102910,1,imports,199712,955745.00,"Blood fractions, nes, for use in humans",6,3002100029,"Antisera & o blood fract, human orig, therapeutic/prophylactic use in humans,nes",0.5133,,,,no
3002102910,1,imports,199712,955745.00,"Blood fractions, nes, for use in humans",7,3002100030,"Antisera & o blood fractions, of human origin, for other uses",0.5106,,,,no
3002102910,1,imports,199712,955745.00,"Blood fractions, nes, for use in humans",8,3002100041,"Bovine albumin, for parenteral administration in humans",0.4615,,,,no
3002102910,1,imports,199712,955745.00,"Blood fractions, nes, for use in humans",9,3002100022,"Normal serum globulin, for therapeutic or prophylactic use in humans",0.4423,,,,no
3002102910,1,imports,199712,955745.00,"Blood fractions, nes, for use in humans",10,3002100023,"Immune serum globulin, for therapeutic or prophylactic use in humans",0.4423,,,,no
3002102910,1,imports,199712,955745.00,"Blood fractions, nes, for use in humans",11,3002100042,"Sera and antisera, of animal origin, for parenteral administration in humans",0.4144,,,,no
3002102910,1,imports,199712,955745.00,"Blood fractions, nes, for use in humans",12,3002100090,"Antisera,o blood fract,immunological prod,w/n mod/obt biotechnological proc,nes",0.3103,continuity,,,no
3002102910,1,imports,199712,955745.00,"Blood fractions, nes, for use in humans",13,3002100060,Modified immunological products,0.2059,continuity,,,no
3002102920,1,imports,199104,77143.00,"Blood fractions, nes, for use in animals",1,3002100051,"Blood fractions, nes, for use in humans",0.9067,continuity;use,,,no
3002102920,1,imports,199104,77143.00,"Blood fractions, nes, for use in animals",2,3002102910,"Blood fractions, nes, for use in humans",0.9067,use,,,no
3002102920,1,imports,199104,77143.00,"Blood fractions, nes, for use in animals",3,3002100059,"Blood fractions, nes",0.6667,continuity,,basket contents,no
3002102920,1,imports,199104,77143.00,"Blood fractions, nes, for use in animals",4,3002102990,"Blood fractions, nes",0.6667,,,basket contents,no
3002102920,1,imports,199104,77143.00,"Blood fractions, nes, for use in animals",5,3002100030,"Antisera & o blood fractions, of human origin, for other uses",0.5474,continuity,,,no
3002102920,1,imports,199104,77143.00,"Blood fractions, nes, for use in animals",6,3002101090,"Antisera & o blood fractions, of human origin, for other uses",0.5474,,,,no
3002102920,1,imports,199104,77143.00,"Blood fractions, nes, for use in animals",7,3002100010,"Antisera & o blood fractions, human origin, for diagnostic use",0.5208,continuity,,,no
3002102920,1,imports,199104,77143.00,"Blood fractions, nes, for use in animals",8,3002101010,"Antisera & o blood fractions, human origin, for diagnostic use",0.5208,,,,no
3002102920,1,imports,199104,77143.00,"Blood fractions, nes, for use in animals",9,3002100021,"Blood plasma, for therapeutic or prophylactic use in humans",0.4792,continuity;use,,,no
3002102920,1,imports,199104,77143.00,"Blood fractions, nes, for use in animals",10,3002101021,"Blood plasma, for therapeutic or prophylactic use in humans",0.4792,use,,,no
3002102920,1,imports,199104,77143.00,"Blood fractions, nes, for use in animals",11,3002100029,"Antisera & o blood fract, human orig, therapeutic/prophylactic use in humans,nes",0.4561,continuity;use,,,no
3002102920,1,imports,199104,77143.00,"Blood fractions, nes, for use in animals",12,3002101029,"Antisera & o blood fract, human orig, therapeutic/prophylactic use in humans,nes",0.4561,use,,,no
3002102920,1,imports,199104,77143.00,"Blood fractions, nes, for use in animals",13,3002100049,"Blood albumin nes, of animal origin, for parenteral administration in humans",0.4107,continuity;use,,,no
3002102920,1,imports,199104,77143.00,"Blood fractions, nes, for use in animals",14,3002102190,"Blood albumin nes, of animal origin, for parenteral administration in humans",0.4107,use,,,no
3002102920,1,imports,199104,77143.00,"Blood fractions, nes, for use in animals",15,3002100041,"Bovine albumin, for parenteral administration in humans",0.3913,continuity;use,,,no
3002102920,1,imports,199104,77143.00,"Blood fractions, nes, for use in animals",16,3002102110,"Bovine albumin, for parenteral administration in humans",0.3913,use,,,no
3002102920,1,imports,199104,77143.00,"Blood fractions, nes, for use in animals",17,3002100022,"Normal serum globulin, for therapeutic or prophylactic use in humans",0.3810,continuity;use,,,no
3002102920,1,imports,199104,77143.00,"Blood fractions, nes, for use in animals",18,3002100023,"Immune serum globulin, for therapeutic or prophylactic use in humans",0.3810,continuity;use,,,no
3002102920,1,imports,199104,77143.00,"Blood fractions, nes, for use in animals",19,3002101022,"Normal serum globulin, for therapeutic or prophylactic use in humans",0.3810,use,,,no
3002102920,1,imports,199104,77143.00,"Blood fractions, nes, for use in animals",20,3002101023,"Immune serum globulin, for therapeutic or prophylactic use in humans",0.3810,use,,,no
3002102920,1,imports,199104,77143.00,"Blood fractions, nes, for use in animals",21,3002100090,"Antisera,o blood fract,immunological prod,w/n mod/obt biotechnological proc,nes",0.3077,continuity,,,no
3002102920,1,imports,199104,77143.00,"Blood fractions, nes, for use in animals",22,3002100042,"Sera and antisera, of animal origin, for parenteral administration in humans",0.2500,continuity;use,,,no
3002102920,1,imports,199104,77143.00,"Blood fractions, nes, for use in animals",23,3002102120,"Sera and antisera, of animal origin, for parenteral administration in humans",0.2500,use,,,no
3002102920,1,imports,199104,77143.00,"Blood fractions, nes, for use in animals",24,3002100060,Modified immunological products,0.2029,continuity,,,no
3002102990,1,imports,199712,26422139.00,"Blood fractions, nes",1,3002100059,"Blood fractions, nes",1.0000,,,,yes
3002102990,1,imports,199712,26422139.00,"Blood fractions, nes",2,3002100051,"Blood fractions, nes, for use in humans",0.6786,,,basket contents,no
3002102990,1,imports,199712,26422139.00,"Blood fractions, nes",3,3002100030,"Antisera & o blood fractions, of human origin, for other uses",0.5000,,,,no
3002102990,1,imports,199712,26422139.00,"Blood fractions, nes",4,3002100010,"Antisera & o blood fractions, human origin, for diagnostic use",0.4675,,,,no
3002102990,1,imports,199712,26422139.00,"Blood fractions, nes",5,3002100029,"Antisera & o blood fract, human orig, therapeutic/prophylactic use in humans,nes",0.4000,,,,no
3002102990,1,imports,199712,26422139.00,"Blood fractions, nes",6,3002100090,"Antisera,o blood fract,immunological prod,w/n mod/obt biotechnological proc,nes",0.3673,continuity,,,no
3002102990,1,imports,199712,26422139.00,"Blood fractions, nes",7,3002100021,"Blood plasma, for therapeutic or prophylactic use in humans",0.3636,,,,no
3002102990,1,imports,199712,26422139.00,"Blood fractions, nes",8,3002100041,"Bovine albumin, for parenteral administration in humans",0.3014,,,,no
3002102990,1,imports,199712,26422139.00,"Blood fractions, nes",9,3002100049,"Blood albumin nes, of animal origin, for parenteral administration in humans",0.3011,,,,no
3002102990,1,imports,199712,26422139.00,"Blood fractions, nes",10,3002100060,Modified immunological products,0.2800,continuity,,,no
3002102990,1,imports,199712,26422139.00,"Blood fractions, nes",11,3002100022,"Normal serum globulin, for therapeutic or prophylactic use in humans",0.2558,,,,no
3002102990,1,imports,199712,26422139.00,"Blood fractions, nes",12,3002100023,"Immune serum globulin, for therapeutic or prophylactic use in humans",0.2558,,,,no
3002102990,1,imports,199712,26422139.00,"Blood fractions, nes",13,3002100042,"Sera and antisera, of animal origin, for parenteral administration in humans",0.1935,,,,no
3002110000,1,imports,202112,3361952.00,Malaria diagnostic test kits,1,3002120029,"Animal antisera and other animal blood fractions, nes",0.4000,,,,no
3002110000,1,imports,202112,3361952.00,Malaria diagnostic test kits,2,3002120011,"Human antisera and other human blood fractions, for diagnostic use",0.3871,,,,no
3002110000,1,imports,202112,3361952.00,Malaria diagnostic test kits,3,3002120019,"Human antisera and other human blood fractions, nes",0.3846,,,,no
3002110000,1,imports,202112,3361952.00,Malaria diagnostic test kits,4,3002900090,"Human blood;animal blood therap/diag,etc;antisera,etc;vaccines,etc;cell cult,nes",0.3519,,,,no
3002110000,1,imports,202112,3361952.00,Malaria diagnostic test kits,5,3002120021,"Animal antisera and other animal blood fractions, for use in humans",0.3404,,,,no
3002110000,1,imports,202112,3361952.00,Malaria diagnostic test kits,6,3002490020,Toxins and similar products,0.3273,,,,no
3002110000,1,imports,202112,3361952.00,Malaria diagnostic test kits,7,3002120012,"Human blood plasma, for therapeutic/prophylactic/other uses",0.3256,purpose,,,no
3002110000,1,imports,202112,3361952.00,Malaria diagnostic test kits,8,3002150000,"Immunological products, put up in measured doses/forms/packings, for retail sale",0.3019,,,,no
3002110000,1,imports,202112,3361952.00,Malaria diagnostic test kits,9,3002130000,"Immunological products, unmixed, not put up in measured doses/forms/packings frs",0.2830,,,,no
3002110000,1,imports,202112,3361952.00,Malaria diagnostic test kits,10,3002410010,"Vaccines, for against influenza virus, human medicine",0.2785,,,,no
3002110000,1,imports,202112,3361952.00,Malaria diagnostic test kits,11,3002140000,"Immunological products,mixed,not put in measured doses/forms/packings f ret sale",0.2593,,,,no
3002110000,1,imports,202112,3361952.00,Malaria diagnostic test kits,12,3002420090,"Vaccines, veterinary use, nes",0.2545,,,,no
3002110000,1,imports,202112,3361952.00,Malaria diagnostic test kits,13,3002410090,"Vaccines, o/t for against influenza virus, human medicine, nes",0.2529,,,,no
3002110000,1,imports,202112,3361952.00,Malaria diagnostic test kits,14,3002900030,Dried blood of animal origin,0.2500,,,,no
3002110000,1,imports,202112,3361952.00,Malaria diagnostic test kits,15,3002120013,"Human immune globulin, for therapeutic/prophylactic/other uses",0.2472,purpose,,,no
3002110000,1,imports,202112,3361952.00,Malaria diagnostic test kits,16,3002900020,"Toxoids, antitoxins, viruses, bacteriophage and bacterial lysates",0.2222,,,,no
3002110000,1,imports,202112,3361952.00,Malaria diagnostic test kits,17,3002490010,"Cultures, of micro-organisms (excluding yeasts) and similar products",0.2151,,,,no
3002110000,1,imports,202112,3361952.00,Malaria diagnostic test kits,18,3002490090,"Vaccines,toxins,cultures of micro-organisms (excl yeasts) & similar products,nes",0.1923,,,,no
3002110000,1,imports,202112,3361952.00,Malaria diagnostic test kits,19,3002420010,Vaccines agnst foot and mth disse;vacc prepr for parentl admin;bovi intrnsl vacc,0.1852,,,,no
3002110000,1,imports,202112,3361952.00,Malaria diagnostic test kits,20,3002900040,Whole human blood,0.1778,,,,no
3002110000,1,imports,202112,3361952.00,Malaria diagnostic test kits,21,3002590000,"Cell cultures, whether or not modified, nes",0.1739,,,,no
3002110000,1,imports,202112,3361952.00,Malaria diagnostic test kits,22,3002510000,"Cell therapy products, whether or not modified",0.1370,,,,no
3002190000,1,imports,202112,1629159701.00,"Immunological products, nes, w/n modified/obtained by biotechnological processes",1,3002150000,"Immunological products, put up in measured doses/forms/packings, for retail sale",0.5000,,,,no
3002190000,1,imports,202112,1629159701.00,"Immunological products, nes, w/n modified/obtained by biotechnological processes",2,3002140000,"Immunological products,mixed,not put in measured doses/forms/packings f ret sale",0.4557,,,,no
3002190000,1,imports,202112,1629159701.00,"Immunological products, nes, w/n modified/obtained by biotechnological processes",3,3002130000,"Immunological products, unmixed, not put up in measured doses/forms/packings frs",0.4359,,,,no
3002190000,1,imports,202112,1629159701.00,"Immunological products, nes, w/n modified/obtained by biotechnological processes",4,3002510000,"Cell therapy products, whether or not modified",0.4065,,,,no
3002190000,1,imports,202112,1629159701.00,"Immunological products, nes, w/n modified/obtained by biotechnological processes",5,3002590000,"Cell cultures, whether or not modified, nes",0.3866,,,,no
3002190000,1,imports,202112,1629159701.00,"Immunological products, nes, w/n modified/obtained by biotechnological processes",6,3002120013,"Human immune globulin, for therapeutic/prophylactic/other uses",0.3453,,,,no
3002190000,1,imports,202112,1629159701.00,"Immunological products, nes, w/n modified/obtained by biotechnological processes",7,3002120021,"Animal antisera and other animal blood fractions, for use in humans",0.3194,,,,no
3002190000,1,imports,202112,1629159701.00,"Immunological products, nes, w/n modified/obtained by biotechnological processes",8,3002120012,"Human blood plasma, for therapeutic/prophylactic/other uses",0.3088,,,,no
3002190000,1,imports,202112,1629159701.00,"Immunological products, nes, w/n modified/obtained by biotechnological processes",9,3002120011,"Human antisera and other human blood fractions, for diagnostic use",0.2937,,,,no
3002190000,1,imports,202112,1629159701.00,"Immunological products, nes, w/n modified/obtained by biotechnological processes",10,3002420010,Vaccines agnst foot and mth disse;vacc prepr for parentl admin;bovi intrnsl vacc,0.2658,,,,no
3002190000,1,imports,202112,1629159701.00,"Immunological products, nes, w/n modified/obtained by biotechnological processes",11,3002900030,Dried blood of animal origin,0.2642,,,,no
3002190000,1,imports,202112,1629159701.00,"Immunological products, nes, w/n modified/obtained by biotechnological processes",12,3002490020,Toxins and similar products,0.2476,,,,no
3002190000,1,imports,202112,1629159701.00,"Immunological products, nes, w/n modified/obtained by biotechnological processes",13,3002120029,"Animal antisera and other animal blood fractions, nes",0.2308,,,,no
3002190000,1,imports,202112,1629159701.00,"Immunological products, nes, w/n modified/obtained by biotechnological processes",14,3002490090,"Vaccines,toxins,cultures of micro-organisms (excl yeasts) & similar products,nes",0.2208,,,,no
3002190000,1,imports,202112,1629159701.00,"Immunological products, nes, w/n modified/obtained by biotechnological processes",15,3002120019,"Human antisera and other human blood fractions, nes",0.2188,,,,no
3002190000,1,imports,202112,1629159701.00,"Immunological products, nes, w/n modified/obtained by biotechnological processes",16,3002410010,"Vaccines, for against influenza virus, human medicine",0.2171,,,,no
3002190000,1,imports,202112,1629159701.00,"Immunological products, nes, w/n modified/obtained by biotechnological processes",17,3002490010,"Cultures, of micro-organisms (excluding yeasts) and similar products",0.1818,,,,no
3002190000,1,imports,202112,1629159701.00,"Immunological products, nes, w/n modified/obtained by biotechnological processes",18,3002900090,"Human blood;animal blood therap/diag,etc;antisera,etc;vaccines,etc;cell cult,nes",0.1646,,,,no
3002190000,1,imports,202112,1629159701.00,"Immunological products, nes, w/n modified/obtained by biotechnological processes",19,3002900020,"Toxoids, antitoxins, viruses, bacteriophage and bacterial lysates",0.1429,,,,no
3002190000,1,imports,202112,1629159701.00,"Immunological products, nes, w/n modified/obtained by biotechnological processes",20,3002420090,"Vaccines, veterinary use, nes",0.1333,,,,no
3002190000,1,imports,202112,1629159701.00,"Immunological products, nes, w/n modified/obtained by biotechnological processes",21,3002410090,"Vaccines, o/t for against influenza virus, human medicine, nes",0.1314,,,,no
3002190000,1,imports,202112,1629159701.00,"Immunological products, nes, w/n modified/obtained by biotechnological processes",22,3002900040,Whole human blood,0.1053,,,,no
3002200010,1,imports,202112,902421504.00,"Vaccines against influenza virus, for human use",1,3002410010,"Vaccines, for against influenza virus, human medicine",0.8247,,,swapped term,no
3002200010,1,imports,202112,902421504.00,"Vaccines against influenza virus, for human use",2,3002410090,"Vaccines, o/t for against influenza virus, human medicine, nes",0.7619,,,swapped term,no
3002200020,1,imports,201112,5568753.00,"Vaccines against rubella (german measles), for human use",1,3002200090,"Vaccines, nes, for human medicine",0.5714,,,,no
3002200030,1,imports,201111,9012275.00,"Vaccines against rabies, for human use",1,3002200090,"Vaccines, nes, for human medicine",0.7059,,,,no
3002200090,1,imports,202112,11076237268.00,"Vaccines, nes, for human medicine",1,3002410010,"Vaccines, for against influenza virus, human medicine",0.6585,,,,no
3002200090,1,imports,202112,11076237268.00,"Vaccines, nes, for human medicine",2,3002410090,"Vaccines, o/t for against influenza virus, human medicine, nes",0.6222,,,basket contents,no
3002300010,1,imports,202112,803346426.00,Vacc agnst foot and mth disse; vacc prepr for parentl admin; bovi intrnsl vacc,1,3002420010,Vaccines agnst foot and mth disse;vacc prepr for parentl admin;bovi intrnsl vacc,0.9744,,,,no
3002300010,1,imports,202112,803346426.00,Vacc agnst foot and mth disse; vacc prepr for parentl admin; bovi intrnsl vacc,2,3002420090,"Vaccines, veterinary use, nes",0.2330,,,,no
3002300090,1,imports,202112,925135646.00,"Vaccines, veterinary use, nes",1,3002420090,"Vaccines, veterinary use, nes",1.0000,,,,yes
3002300090,1,imports,202112,925135646.00,"Vaccines, veterinary use, nes",2,3002420010,Vaccines agnst foot and mth disse;vacc prepr for parentl admin;bovi intrnsl vacc,0.2991,,,,no
3002301000,1,imports,199712,33376350.00,Vacc agnst foot and mth disse; vacc prepr for parentl admin; bovi intrnsl vacc,1,3002300010,Vacc agnst foot and mth disse; vacc prepr for parentl admin; bovi intrnsl vacc,1.0000,,,,yes
3002301000,1,imports,199712,33376350.00,Vacc agnst foot and mth disse; vacc prepr for parentl admin; bovi intrnsl vacc,2,3002300090,"Vaccines, veterinary use, nes",0.2330,,,,no
3002309000,1,imports,199712,29624986.00,"Vaccines, veterinary use, nes",1,3002300090,"Vaccines, veterinary use, nes",1.0000,,,,yes
3002309000,1,imports,199712,29624986.00,"Vaccines, veterinary use, nes",2,3002300010,Vacc agnst foot and mth disse; vacc prepr for parentl admin; bovi intrnsl vacc,0.2136,,,,no
3002310000,1,imports,199507,671805.00,"Vaccines against foot or mouth disease, veterinary use",1,3002200030,"Vaccines against rabies, for human use",0.6222,use,,,no
3002310000,1,imports,199507,671805.00,"Vaccines against foot or mouth disease, veterinary use",2,3002200010,"Vaccines against influenza virus, for human use",0.5859,use,,,no
3002310000,1,imports,199507,671805.00,"Vaccines against foot or mouth disease, veterinary use",3,3002300090,"Vaccines, veterinary use, nes",0.5750,continuity,,,no
3002310000,1,imports,199507,671805.00,"Vaccines against foot or mouth disease, veterinary use",4,3002309000,"Vaccines, veterinary use, nes",0.5750,,,,no
3002310000,1,imports,199507,671805.00,"Vaccines against foot or mouth disease, veterinary use",5,3002399000,"Vaccines, veterinary use, nes",0.5750,,,,no
3002310000,1,imports,199507,671805.00,"Vaccines against foot or mouth disease, veterinary use",6,3002420090,"Vaccines, veterinary use, nes",0.5750,continuity,,,no
3002310000,1,imports,199507,671805.00,"Vaccines against foot or mouth disease, veterinary use",7,3002420010,Vaccines agnst foot and mth disse;vacc prepr for parentl admin;bovi intrnsl vacc,0.5564,continuity,,,no
3002310000,1,imports,199507,671805.00,"Vaccines against foot or mouth disease, veterinary use",8,3002200090,"Vaccines, nes, for human medicine",0.5476,use,,,no
3002310000,1,imports,199507,671805.00,"Vaccines against foot or mouth disease, veterinary use",9,3002200020,"Vaccines against rubella (german measles), for human use",0.5283,use,,,no
3002310000,1,imports,199507,671805.00,"Vaccines against foot or mouth disease, veterinary use",10,3002410010,"Vaccines, for against influenza virus, human medicine",0.5192,continuity;use,,,no
3002310000,1,imports,199507,671805.00,"Vaccines against foot or mouth disease, veterinary use",11,3002300010,Vacc agnst foot and mth disse; vacc prepr for parentl admin; bovi intrnsl vacc,0.5116,continuity,,,no
3002310000,1,imports,199507,671805.00,"Vaccines against foot or mouth disease, veterinary use",12,3002301000,Vacc agnst foot and mth disse; vacc prepr for parentl admin; bovi intrnsl vacc,0.5116,,,,no
3002310000,1,imports,199507,671805.00,"Vaccines against foot or mouth disease, veterinary use",13,3002410090,"Vaccines, o/t for against influenza virus, human medicine, nes",0.5000,continuity;use,,,no
3002310000,1,imports,199507,671805.00,"Vaccines against foot or mouth disease, veterinary use",14,3002490090,"Vaccines,toxins,cultures of micro-organisms (excl yeasts) & similar products,nes",0.4961,continuity,,,no
3002310000,1,imports,199507,671805.00,"Vaccines against foot or mouth disease, veterinary use",15,3002100041,"Bovine albumin, for parenteral administration in humans",0.4299,continuity;use,,,no
3002310000,1,imports,199507,671805.00,"Vaccines against foot or mouth disease, veterinary use",16,3002102110,"Bovine albumin, for parenteral administration in humans",0.4299,use,,,no
3002310000,1,imports,199507,671805.00,"Vaccines against foot or mouth disease, veterinary use",17,3002100049,"Blood albumin nes, of animal origin, for parenteral administration in humans",0.3937,continuity;use,,,no
3002310000,1,imports,199507,671805.00,"Vaccines against foot or mouth disease, veterinary use",18,3002102190,"Blood albumin nes, of animal origin, for parenteral administration in humans",0.3937,use,,,no
3002310000,1,imports,199507,671805.00,"Vaccines against foot or mouth disease, veterinary use",19,3002490010,"Cultures, of micro-organisms (excluding yeasts) and similar products",0.3898,continuity,,,no
3002310000,1,imports,199507,671805.00,"Vaccines against foot or mouth disease, veterinary use",20,3002391000,"Vaccines nes, prepared for parenteral admin in animal; bovine intranasal vaccine",0.3817,,,,no
3002310000,1,imports,199507,671805.00,"Vaccines against foot or mouth disease, veterinary use",21,3002900090,"Human blood;animal blood for therap/prophltc/diagnostic uses;toxins,sim prod,nes",0.3308,continuity,,,no
3002310000,1,imports,199507,671805.00,"Vaccines against foot or mouth disease, veterinary use",22,3002900099,"Human blood, animal blood for therap, prophltc or diag uses, microbial prep, nes",0.3256,continuity,,,no
3002310000,1,imports,199507,671805.00,"Vaccines against foot or mouth disease, veterinary use",23,3002909090,"Human blood, animal blood for therap, prophltc or diag uses, microbial prep, nes",0.3256,,,,no
3002310000,1,imports,199507,671805.00,"Vaccines against foot or mouth disease, veterinary use",24,3002100010,"Antisera & o blood fractions, human origin, for diagnostic use",0.3243,continuity,,,no
3002310000,1,imports,199507,671805.00,"Vaccines against foot or mouth disease, veterinary use",25,3002100021,"Blood plasma, for therapeutic or prophylactic use in humans",0.3243,continuity;use,,,no
3002310000,1,imports,199507,671805.00,"Vaccines against foot or mouth disease, veterinary use",26,3002101010,"Antisera & o blood fractions, human origin, for diagnostic use",0.3243,,,,no
3002310000,1,imports,199507,671805.00,"Vaccines against foot or mouth disease, veterinary use",27,3002101021,"Blood plasma, for therapeutic or prophylactic use in humans",0.3243,use,,,no
3002310000,1,imports,199507,671805.00,"Vaccines against foot or mouth disease, veterinary use",28,3002120011,"Human antisera and other human blood fractions, for diagnostic use",0.3220,continuity,,,no
3002310000,1,imports,199507,671805.00,"Vaccines against foot or mouth disease, veterinary use",29,3002590000,"Cell cultures, whether or not modified, nes",0.3191,continuity,,,no
3002310000,1,imports,199507,671805.00,"Vaccines against foot or mouth disease, veterinary use",30,3002100051,"Blood fractions, nes, for use in humans",0.3111,continuity;use,,,no
3002310000,1,imports,199507,671805.00,"Vaccines against foot or mouth disease, veterinary use",31,3002102910,"Blood fractions, nes, for use in humans",0.3111,use,,,no
3002310000,1,imports,199507,671805.00,"Vaccines against foot or mouth disease, veterinary use",32,3002100022,"Normal serum globulin, for therapeutic or prophylactic use in humans",0.3000,continuity;use,,,no
3002310000,1,imports,199507,671805.00,"Vaccines against foot or mouth disease, veterinary use",33,3002101022,"Normal serum globulin, for therapeutic or prophylactic use in humans",0.3000,use,,,no
3002310000,1,imports,199507,671805.00,"Vaccines against foot or mouth disease, veterinary use",34,3002490020,Toxins and similar products,0.3000,continuity,,,no
3002310000,1,imports,199507,671805.00,"Vaccines against foot or mouth disease, veterinary use",35,3002100030,"Antisera & o blood fractions, of human origin, for other uses",0.2909,continuity,,,no
3002310000,1,imports,199507,671805.00,"Vaccines against foot or mouth disease, veterinary use",36,3002101090,"Antisera & o blood fractions, of human origin, for other uses",0.2909,,,,no
3002310000,1,imports,199507,671805.00,"Vaccines against foot or mouth disease, veterinary use",37,3002150000,"Immunological products, put up in measured doses/forms/packings, for retail sale",0.2901,continuity,,,no
3002310000,1,imports,199507,671805.00,"Vaccines against foot or mouth disease, veterinary use",38,3002120012,"Human blood plasma, for therapeutic/prophylactic/other uses",0.2883,continuity,,,no
3002310000,1,imports,199507,671805.00,"Vaccines against foot or mouth disease, veterinary use",39,3002510000,"Cell therapy products, whether or not modified",0.2857,continuity,,,no
3002310000,1,imports,199507,671805.00,"Vaccines against foot or mouth disease, veterinary use",40,3002100042,"Sera and antisera, of animal origin, for parenteral administration in humans",0.2835,continuity;use,,,no
3002310000,1,imports,199507,671805.00,"Vaccines against foot or mouth disease, veterinary use",41,3002102120,"Sera and antisera, of animal origin, for parenteral administration in humans",0.2835,use,,,no
3002310000,1,imports,199507,671805.00,"Vaccines against foot or mouth disease, veterinary use",42,3002100023,"Immune serum globulin, for therapeutic or prophylactic use in humans",0.2833,continuity;use,,,no
3002310000,1,imports,199507,671805.00,"Vaccines against foot or mouth disease, veterinary use",43,3002101023,"Immune serum globulin, for therapeutic or prophylactic use in humans",0.2833,use,,,no
3002310000,1,imports,199507,671805.00,"Vaccines against foot or mouth disease, veterinary use",44,3002901030,Dried blood of human origin,0.2750,,,,no
3002310000,1,imports,199507,671805.00,"Vaccines against foot or mouth disease, veterinary use",45,3002110000,Malaria diagnostic test kits,0.2716,continuity,,,no
3002310000,1,imports,199507,671805.00,"Vaccines against foot or mouth disease, veterinary use",46,3002900030,Dried blood of animal origin,0.2716,continuity,,,no
3002310000,1,imports,199507,671805.00,"Vaccines against foot or mouth disease, veterinary use",47,3002901040,Dried blood of animal origin,0.2716,,,,no
3002310000,1,imports,199507,671805.00,"Vaccines against foot or mouth disease, veterinary use",48,3002900091,Bacteria culture inoculants for seeds,0.2667,continuity,,,no
3002310000,1,imports,199507,671805.00,"Vaccines against foot or mouth disease, veterinary use",49,3002909010,Bacteria culture inoculants for seeds,0.2667,,,,no
3002310000,1,imports,199507,671805.00,"Vaccines against foot or mouth disease, veterinary use",50,3002120013,"Human immune globulin, for therapeutic/prophylactic/other uses",0.2632,continuity,,,no
3002310000,1,imports,199507,671805.00,"Vaccines against foot or mouth disease, veterinary use",51,3002900010,"Toxins, toxoids, antitoxins, viruses, bacteriophage and bacterial lysates",0.2623,continuity,,,no
3002310000,1,imports,199507,671805.00,"Vaccines against foot or mouth disease, veterinary use",52,3002901010,"Toxins, toxoids, antitoxins, viruses, bacteriophage and bacterial lysates",0.2623,,,,no
3002310000,1,imports,199507,671805.00,"Vaccines against foot or mouth disease, veterinary use",53,3002900093,Antiallergenic preparations of microbial origin,0.2600,continuity,,,no
3002310000,1,imports,199507,671805.00,"Vaccines against foot or mouth disease, veterinary use",54,3002909030,Antiallergenic preparations of microbial origin,0.2600,,,,no
3002310000,1,imports,199507,671805.00,"Vaccines against foot or mouth disease, veterinary use",55,3002190000,"Immunological products, nes, w/n modified/obtained by biotechnological processes",0.2595,continuity,,,no
3002310000,1,imports,199507,671805.00,"Vaccines against foot or mouth disease, veterinary use",56,3002900019,"Toxins, toxoids, antitoxins, viruses, bacteriophage and bacterial lysates, nes",0.2540,continuity,,,no
3002310000,1,imports,199507,671805.00,"Vaccines against foot or mouth disease, veterinary use",57,3002901019,"Toxins, toxoids, antitoxins, viruses, bacteriophage and bacterial lysates, nes",0.2540,continuity,,,no
3002310000,1,imports,199507,671805.00,"Vaccines against foot or mouth disease, veterinary use",58,3002100029,"Antisera & o blood fract, human orig, therapeutic/prophylactic use in humans,nes",0.2481,continuity;use,,,no
3002310000,1,imports,199507,671805.00,"Vaccines against foot or mouth disease, veterinary use",59,3002101029,"Antisera & o blood fract, human orig, therapeutic/prophylactic use in humans,nes",0.2481,use,,,no
3002310000,1,imports,199507,671805.00,"Vaccines against foot or mouth disease, veterinary use",60,3002900020,Butter-making ferment cultures,0.2410,continuity,,,no
3002310000,1,imports,199507,671805.00,"Vaccines against foot or mouth disease, veterinary use",61,3002900050,Micro-organisms cultures,0.2338,continuity,,,no
3002310000,1,imports,199507,671805.00,"Vaccines against foot or mouth disease, veterinary use",62,3002130000,"Immunological products, unmixed, not put up in measured doses/forms/packings frs",0.2290,continuity,,,no
3002310000,1,imports,199507,671805.00,"Vaccines against foot or mouth disease, veterinary use",63,3002140000,"Immunological products,mixed,not put in measured doses/forms/packings f ret sale",0.2256,continuity,,,no
3002310000,1,imports,199507,671805.00,"Vaccines against foot or mouth disease, veterinary use",64,3002120021,"Animal antisera and other animal blood fractions, for use in humans",0.2185,continuity;use,,,no
3002310000,1,imports,199507,671805.00,"Vaccines against foot or mouth disease, veterinary use",65,3002900040,Whole human blood,0.1714,continuity,,,no
3002310000,1,imports,199507,671805.00,"Vaccines against foot or mouth disease, veterinary use",66,3002900092,Whole human blood,0.1714,continuity,,,no
3002310000,1,imports,199507,671805.00,"Vaccines against foot or mouth disease, veterinary use",67,3002909020,Whole human blood,0.1714,,,,no
3002310000,1,imports,199507,671805.00,"Vaccines against foot or mouth disease, veterinary use",68,3002100059,"Blood fractions, nes",0.1667,continuity,,,no
3002310000,1,imports,199507,671805.00,"Vaccines against foot or mouth disease, veterinary use",69,3002102990,"Blood fractions, nes",0.1667,,,,no
3002310000,1,imports,199507,671805.00,"Vaccines against foot or mouth disease, veterinary use",70,3002100060,Modified immunological products,0.1190,continuity,,,no
3002310000,1,imports,199507,671805.00,"Vaccines against foot or mouth disease, veterinary use",71,3002120019,"Human antisera and other human blood fractions, nes",0.1165,continuity,,,no
3002310000,1,imports,199507,671805.00,"Vaccines against foot or mouth disease, veterinary use",72,3002120029,"Animal antisera and other animal blood fractions, nes",0.1143,continuity,,,no
3002310000,1,imports,199507,671805.00,"Vaccines against foot or mouth disease, veterinary use",73,3002100090,"Antisera,o blood fract,immunological prod,w/n mod/obt biotechnological proc,nes",0.1061,continuity,,,no
3002310000,1,imports,199507,671805.00,"Vaccines against foot or mouth disease, veterinary use",74,3002900011,Ricin,0.1034,continuity,,,no
3002310000,1,imports,199507,671805.00,"Vaccines against foot or mouth disease, veterinary use",75,3002901011,Ricin,0.1034,continuity,,,no
3002310000,1,imports,199507,671805.00,"Vaccines against foot or mouth disease, veterinary use",76,3002900012,Saxitoxin,0.0968,continuity,,,no
3002310000,1,imports,199507,671805.00,"Vaccines against foot or mouth disease, veterinary use",77,3002901020,Ferment cultures,0.0870,,,,no
3002391000,1,imports,199512,74686051.00,"Vaccines nes, prepared for parenteral admin in animal; bovine intranasal vaccine",1,3002420010,Vaccines agnst foot and mth disse;vacc prepr for parentl admin;bovi intrnsl vacc,0.6709,continuity,,,no
3002391000,1,imports,199512,74686051.00,"Vaccines nes, prepared for parenteral admin in animal; bovine intranasal vaccine",2,3002300010,Vacc agnst foot and mth disse; vacc prepr for parentl admin; bovi intrnsl vacc,0.6364,continuity,,,no
3002391000,1,imports,199512,74686051.00,"Vaccines nes, prepared for parenteral admin in animal; bovine intranasal vaccine",3,3002301000,Vacc agnst foot and mth disse; vacc prepr for parentl admin; bovi intrnsl vacc,0.6364,,,,no
3002391000,1,imports,199512,74686051.00,"Vaccines nes, prepared for parenteral admin in animal; bovine intranasal vaccine",4,3002100041,"Bovine albumin, for parenteral administration in humans",0.5152,continuity;use,,,no
3002391000,1,imports,199512,74686051.00,"Vaccines nes, prepared for parenteral admin in animal; bovine intranasal vaccine",5,3002102110,"Bovine albumin, for parenteral administration in humans",0.5152,use,,,no
3002391000,1,imports,199512,74686051.00,"Vaccines nes, prepared for parenteral admin in animal; bovine intranasal vaccine",6,3002100049,"Blood albumin nes, of animal origin, for parenteral administration in humans",0.4868,continuity;use,,,no
3002391000,1,imports,199512,74686051.00,"Vaccines nes, prepared for parenteral admin in animal; bovine intranasal vaccine",7,3002102190,"Blood albumin nes, of animal origin, for parenteral administration in humans",0.4868,use,,,no
3002391000,1,imports,199512,74686051.00,"Vaccines nes, prepared for parenteral admin in animal; bovine intranasal vaccine",8,3002410090,"Vaccines, o/t for against influenza virus, human medicine, nes",0.4672,continuity;use,,,no
3002391000,1,imports,199512,74686051.00,"Vaccines nes, prepared for parenteral admin in animal; bovine intranasal vaccine",9,3002200090,"Vaccines, nes, for human medicine",0.4587,use,,,no
3002391000,1,imports,199512,74686051.00,"Vaccines nes, prepared for parenteral admin in animal; bovine intranasal vaccine",10,3002410010,"Vaccines, for against influenza virus, human medicine",0.4341,continuity;use,,,no
3002391000,1,imports,199512,74686051.00,"Vaccines nes, prepared for parenteral admin in animal; bovine intranasal vaccine",11,3002100042,"Sera and antisera, of animal origin, for parenteral administration in humans",0.4079,continuity;use,,,no
3002391000,1,imports,199512,74686051.00,"Vaccines nes, prepared for parenteral admin in animal; bovine intranasal vaccine",12,3002102120,"Sera and antisera, of animal origin, for parenteral administration in humans",0.4079,use,,,no
3002391000,1,imports,199512,74686051.00,"Vaccines nes, prepared for parenteral admin in animal; bovine intranasal vaccine",13,3002100051,"Blood fractions, nes, for use in humans",0.3826,continuity;use,,,no
3002391000,1,imports,199512,74686051.00,"Vaccines nes, prepared for parenteral admin in animal; bovine intranasal vaccine",14,3002102910,"Blood fractions, nes, for use in humans",0.3826,use,,,no
3002391000,1,imports,199512,74686051.00,"Vaccines nes, prepared for parenteral admin in animal; bovine intranasal vaccine",15,3002120021,"Animal antisera and other animal blood fractions, for use in humans",0.3750,continuity;use,,,no
3002391000,1,imports,199512,74686051.00,"Vaccines nes, prepared for parenteral admin in animal; bovine intranasal vaccine",16,3002200030,"Vaccines against rabies, for human use",0.3652,use,,,no
3002391000,1,imports,199512,74686051.00,"Vaccines nes, prepared for parenteral admin in animal; bovine intranasal vaccine",17,3002200010,"Vaccines against influenza virus, for human use",0.3387,use,,,no
3002391000,1,imports,199512,74686051.00,"Vaccines nes, prepared for parenteral admin in animal; bovine intranasal vaccine",18,3002120029,"Animal antisera and other animal blood fractions, nes",0.3385,continuity,,,no
3002391000,1,imports,199512,74686051.00,"Vaccines nes, prepared for parenteral admin in animal; bovine intranasal vaccine",19,3002150000,"Immunological products, put up in measured doses/forms/packings, for retail sale",0.3333,continuity,,,no
3002391000,1,imports,199512,74686051.00,"Vaccines nes, prepared for parenteral admin in animal; bovine intranasal vaccine",20,3002200020,"Vaccines against rubella (german measles), for human use",0.3206,use,,,no
3002391000,1,imports,199512,74686051.00,"Vaccines nes, prepared for parenteral admin in animal; bovine intranasal vaccine",21,3002140000,"Immunological products,mixed,not put in measured doses/forms/packings f ret sale",0.3165,continuity,,,no
3002391000,1,imports,199512,74686051.00,"Vaccines nes, prepared for parenteral admin in animal; bovine intranasal vaccine",22,3002100021,"Blood plasma, for therapeutic or prophylactic use in humans",0.3088,continuity;use,,,no
3002391000,1,imports,199512,74686051.00,"Vaccines nes, prepared for parenteral admin in animal; bovine intranasal vaccine",23,3002101021,"Blood plasma, for therapeutic or prophylactic use in humans",0.3088,use,,,no
3002391000,1,imports,199512,74686051.00,"Vaccines nes, prepared for parenteral admin in animal; bovine intranasal vaccine",24,3002900030,Dried blood of animal origin,0.3019,continuity,,,no
3002391000,1,imports,199512,74686051.00,"Vaccines nes, prepared for parenteral admin in animal; bovine intranasal vaccine",25,3002901040,Dried blood of animal origin,0.3019,,,,no
3002391000,1,imports,199512,74686051.00,"Vaccines nes, prepared for parenteral admin in animal; bovine intranasal vaccine",26,3002900099,"Human blood, animal blood for therap, prophltc or diag uses, microbial prep, nes",0.2987,continuity,,,no
3002391000,1,imports,199512,74686051.00,"Vaccines nes, prepared for parenteral admin in animal; bovine intranasal vaccine",27,3002909090,"Human blood, animal blood for therap, prophltc or diag uses, microbial prep, nes",0.2987,,,,no
3002391000,1,imports,199512,74686051.00,"Vaccines nes, prepared for parenteral admin in animal; bovine intranasal vaccine",28,3002120012,"Human blood plasma, for therapeutic/prophylactic/other uses",0.2941,continuity,,,no
3002391000,1,imports,199512,74686051.00,"Vaccines nes, prepared for parenteral admin in animal; bovine intranasal vaccine",29,3002100022,"Normal serum globulin, for therapeutic or prophylactic use in humans",0.2897,continuity;use,,,no
3002391000,1,imports,199512,74686051.00,"Vaccines nes, prepared for parenteral admin in animal; bovine intranasal vaccine",30,3002101022,"Normal serum globulin, for therapeutic or prophylactic use in humans",0.2897,use,,,no
3002391000,1,imports,199512,74686051.00,"Vaccines nes, prepared for parenteral admin in animal; bovine intranasal vaccine",31,3002130000,"Immunological products, unmixed, not put up in measured doses/forms/packings frs",0.2821,continuity,,,no
3002391000,1,imports,199512,74686051.00,"Vaccines nes, prepared for parenteral admin in animal; bovine intranasal vaccine",32,3002190000,"Immunological products, nes, w/n modified/obtained by biotechnological processes",0.2821,continuity,,,no
3002391000,1,imports,199512,74686051.00,"Vaccines nes, prepared for parenteral admin in animal; bovine intranasal vaccine",33,3002100023,"Immune serum globulin, for therapeutic or prophylactic use in humans",0.2759,continuity;use,,,no
3002391000,1,imports,199512,74686051.00,"Vaccines nes, prepared for parenteral admin in animal; bovine intranasal vaccine",34,3002101023,"Immune serum globulin, for therapeutic or prophylactic use in humans",0.2759,use,,,no
3002391000,1,imports,199512,74686051.00,"Vaccines nes, prepared for parenteral admin in animal; bovine intranasal vaccine",35,3002900093,Antiallergenic preparations of microbial origin,0.2720,continuity,,,no
3002391000,1,imports,199512,74686051.00,"Vaccines nes, prepared for parenteral admin in animal; bovine intranasal vaccine",36,3002909030,Antiallergenic preparations of microbial origin,0.2720,,,,no
3002391000,1,imports,199512,74686051.00,"Vaccines nes, prepared for parenteral admin in animal; bovine intranasal vaccine",37,3002900090,"Human blood;animal blood for therap/prophltc/diagnostic uses;toxins,sim prod,nes",0.2658,continuity,,,no
3002391000,1,imports,199512,74686051.00,"Vaccines nes, prepared for parenteral admin in animal; bovine intranasal vaccine",38,3002900091,Bacteria culture inoculants for seeds,0.2609,continuity,,,no
3002391000,1,imports,199512,74686051.00,"Vaccines nes, prepared for parenteral admin in animal; bovine intranasal vaccine",39,3002909010,Bacteria culture inoculants for seeds,0.2609,,,,no
3002391000,1,imports,199512,74686051.00,"Vaccines nes, prepared for parenteral admin in animal; bovine intranasal vaccine",40,3002120013,"Human immune globulin, for therapeutic/prophylactic/other uses",0.2446,continuity,,,no
3002391000,1,imports,199512,74686051.00,"Vaccines nes, prepared for parenteral admin in animal; bovine intranasal vaccine",41,3002300090,"Vaccines, veterinary use, nes",0.2286,continuity,,,no
3002391000,1,imports,199512,74686051.00,"Vaccines nes, prepared for parenteral admin in animal; bovine intranasal vaccine",42,3002309000,"Vaccines, veterinary use, nes",0.2286,,,,no
3002391000,1,imports,199512,74686051.00,"Vaccines nes, prepared for parenteral admin in animal; bovine intranasal vaccine",43,3002420090,"Vaccines, veterinary use, nes",0.2286,continuity,,,no
3002391000,1,imports,199512,74686051.00,"Vaccines nes, prepared for parenteral admin in animal; bovine intranasal vaccine",44,3002490020,Toxins and similar products,0.2286,continuity,,,no
3002391000,1,imports,199512,74686051.00,"Vaccines nes, prepared for parenteral admin in animal; bovine intranasal vaccine",45,3002100030,"Antisera & o blood fractions, of human origin, for other uses",0.2222,continuity,,,no
3002391000,1,imports,199512,74686051.00,"Vaccines nes, prepared for parenteral admin in animal; bovine intranasal vaccine",46,3002101090,"Antisera & o blood fractions, of human origin, for other uses",0.2222,,,,no
3002391000,1,imports,199512,74686051.00,"Vaccines nes, prepared for parenteral admin in animal; bovine intranasal vaccine",47,3002900010,"Toxins, toxoids, antitoxins, viruses, bacteriophage and bacterial lysates",0.2177,continuity,,,no
3002391000,1,imports,199512,74686051.00,"Vaccines nes, prepared for parenteral admin in animal; bovine intranasal vaccine",48,3002901010,"Toxins, toxoids, antitoxins, viruses, bacteriophage and bacterial lysates",0.2177,,,,no
3002391000,1,imports,199512,74686051.00,"Vaccines nes, prepared for parenteral admin in animal; bovine intranasal vaccine",49,3002900050,Micro-organisms cultures,0.2157,continuity,,,no
3002391000,1,imports,199512,74686051.00,"Vaccines nes, prepared for parenteral admin in animal; bovine intranasal vaccine",50,3002110000,Malaria diagnostic test kits,0.2075,continuity,,,no
3002391000,1,imports,199512,74686051.00,"Vaccines nes, prepared for parenteral admin in animal; bovine intranasal vaccine",51,3002900020,Butter-making ferment cultures,0.2037,continuity,,,no
3002391000,1,imports,199512,74686051.00,"Vaccines nes, prepared for parenteral admin in animal; bovine intranasal vaccine",52,3002510000,"Cell therapy products, whether or not modified",0.1951,continuity,,,no
3002391000,1,imports,199512,74686051.00,"Vaccines nes, prepared for parenteral admin in animal; bovine intranasal vaccine",53,3002100059,"Blood fractions, nes",0.1856,continuity,,,no
3002391000,1,imports,199512,74686051.00,"Vaccines nes, prepared for parenteral admin in animal; bovine intranasal vaccine",54,3002102990,"Blood fractions, nes",0.1856,,,,no
3002391000,1,imports,199512,74686051.00,"Vaccines nes, prepared for parenteral admin in animal; bovine intranasal vaccine",55,3002490010,"Cultures, of micro-organisms (excluding yeasts) and similar products",0.1818,continuity,,,no
3002391000,1,imports,199512,74686051.00,"Vaccines nes, prepared for parenteral admin in animal; bovine intranasal vaccine",56,3002901030,Dried blood of human origin,0.1714,,,,no
3002391000,1,imports,199512,74686051.00,"Vaccines nes, prepared for parenteral admin in animal; bovine intranasal vaccine",57,3002120011,"Human antisera and other human blood fractions, for diagnostic use",0.1678,continuity,,,no
3002391000,1,imports,199512,74686051.00,"Vaccines nes, prepared for parenteral admin in animal; bovine intranasal vaccine",58,3002100010,"Antisera & o blood fractions, human origin, for diagnostic use",0.1618,continuity,,,no
3002391000,1,imports,199512,74686051.00,"Vaccines nes, prepared for parenteral admin in animal; bovine intranasal vaccine",59,3002101010,"Antisera & o blood fractions, human origin, for diagnostic use",0.1618,,,,no
3002391000,1,imports,199512,74686051.00,"Vaccines nes, prepared for parenteral admin in animal; bovine intranasal vaccine",60,3002490090,"Vaccines,toxins,cultures of micro-organisms (excl yeasts) & similar products,nes",0.1558,continuity,,,no
3002391000,1,imports,199512,74686051.00,"Vaccines nes, prepared for parenteral admin in animal; bovine intranasal vaccine",61,3002901020,Ferment cultures,0.1489,,,,no
3002391000,1,imports,199512,74686051.00,"Vaccines nes, prepared for parenteral admin in animal; bovine intranasal vaccine",62,3002900019,"Toxins, toxoids, antitoxins, viruses, bacteriophage and bacterial lysates, nes",0.1457,continuity,,,no
3002391000,1,imports,199512,74686051.00,"Vaccines nes, prepared for parenteral admin in animal; bovine intranasal vaccine",63,3002901019,"Toxins, toxoids, antitoxins, viruses, bacteriophage and bacterial lysates, nes",0.1457,,,,no
3002391000,1,imports,199512,74686051.00,"Vaccines nes, prepared for parenteral admin in animal; bovine intranasal vaccine",64,3002120019,"Human antisera and other human blood fractions, nes",0.1406,continuity,,,no
3002391000,1,imports,199512,74686051.00,"Vaccines nes, prepared for parenteral admin in animal; bovine intranasal vaccine",65,3002590000,"Cell cultures, whether or not modified, nes",0.1345,continuity,,,no
3002391000,1,imports,199512,74686051.00,"Vaccines nes, prepared for parenteral admin in animal; bovine intranasal vaccine",66,3002100029,"Antisera & o blood fract, human orig, therapeutic/prophylactic use in humans,nes",0.1299,continuity;use,,,no
3002391000,1,imports,199512,74686051.00,"Vaccines nes, prepared for parenteral admin in animal; bovine intranasal vaccine",67,3002101029,"Antisera & o blood fract, human orig, therapeutic/prophylactic use in humans,nes",0.1299,use,,,no
3002391000,1,imports,199512,74686051.00,"Vaccines nes, prepared for parenteral admin in animal; bovine intranasal vaccine",68,3002100060,Modified immunological products,0.1284,continuity,,,no
3002391000,1,imports,199512,74686051.00,"Vaccines nes, prepared for parenteral admin in animal; bovine intranasal vaccine",69,3002100090,"Antisera,o blood fract,immunological prod,w/n mod/obt biotechnological proc,nes",0.1146,continuity,,,no
3002391000,1,imports,199512,74686051.00,"Vaccines nes, prepared for parenteral admin in animal; bovine intranasal vaccine",70,3002900040,Whole human blood,0.1053,continuity,,,no
3002391000,1,imports,199512,74686051.00,"Vaccines nes, prepared for parenteral admin in animal; bovine intranasal vaccine",71,3002900092,Whole human blood,0.1053,continuity,,,no
3002391000,1,imports,199512,74686051.00,"Vaccines nes, prepared for parenteral admin in animal; bovine intranasal vaccine",72,3002909020,Whole human blood,0.1053,,,,no
3002391000,1,imports,199512,74686051.00,"Vaccines nes, prepared for parenteral admin in animal; bovine intranasal vaccine",73,3002900011,Ricin,0.0723,continuity,,,no
3002391000,1,imports,199512,74686051.00,"Vaccines nes, prepared for parenteral admin in animal; bovine intranasal vaccine",74,3002901011,Ricin,0.0723,,,,no
3002391000,1,imports,199512,74686051.00,"Vaccines nes, prepared for parenteral admin in animal; bovine intranasal vaccine",75,3002900012,Saxitoxin,0.0690,continuity,,,no
3002399000,1,imports,199512,71013102.00,"Vaccines, veterinary use, nes",1,3002300090,"Vaccines, veterinary use, nes",1.0000,continuity,,,yes
3002399000,1,imports,199512,71013102.00,"Vaccines, veterinary use, nes",2,3002309000,"Vaccines, veterinary use, nes",1.0000,,,,yes
3002399000,1,imports,199512,71013102.00,"Vaccines, veterinary use, nes",3,3002420090,"Vaccines, veterinary use, nes",1.0000,continuity,,,yes
3002399000,1,imports,199512,71013102.00,"Vaccines, veterinary use, nes",4,3002200030,"Vaccines against rabies, for human use",0.5312,use,,,no
3002399000,1,imports,199512,71013102.00,"Vaccines, veterinary use, nes",5,3002410090,"Vaccines, o/t for against influenza virus, human medicine, nes",0.5116,continuity;use,,,no
3002399000,1,imports,199512,71013102.00,"Vaccines, veterinary use, nes",6,3002410010,"Vaccines, for against influenza virus, human medicine",0.4872,continuity;use,,,no
3002399000,1,imports,199512,71013102.00,"Vaccines, veterinary use, nes",7,3002200020,"Vaccines against rubella (german measles), for human use",0.4750,use,,,no
3002399000,1,imports,199512,71013102.00,"Vaccines, veterinary use, nes",8,3002100051,"Blood fractions, nes, for use in humans",0.4688,continuity;use,,,no
3002399000,1,imports,199512,71013102.00,"Vaccines, veterinary use, nes",9,3002102910,"Blood fractions, nes, for use in humans",0.4688,use,,,no
3002399000,1,imports,199512,71013102.00,"Vaccines, veterinary use, nes",10,3002200010,"Vaccines against influenza virus, for human use",0.4658,use,,,no
3002399000,1,imports,199512,71013102.00,"Vaccines, veterinary use, nes",11,3002590000,"Cell cultures, whether or not modified, nes",0.4412,continuity,,,no
3002399000,1,imports,199512,71013102.00,"Vaccines, veterinary use, nes",12,3002900091,Bacteria culture inoculants for seeds,0.4375,continuity,,,no
3002399000,1,imports,199512,71013102.00,"Vaccines, veterinary use, nes",13,3002909010,Bacteria culture inoculants for seeds,0.4375,,,,no
3002399000,1,imports,199512,71013102.00,"Vaccines, veterinary use, nes",14,3002200090,"Vaccines, nes, for human medicine",0.4138,use,,,no
3002399000,1,imports,199512,71013102.00,"Vaccines, veterinary use, nes",15,3002490090,"Vaccines,toxins,cultures of micro-organisms (excl yeasts) & similar products,nes",0.4078,continuity,,,no
3002399000,1,imports,199512,71013102.00,"Vaccines, veterinary use, nes",16,3002100059,"Blood fractions, nes",0.3913,continuity,,,no
3002399000,1,imports,199512,71013102.00,"Vaccines, veterinary use, nes",17,3002102990,"Blood fractions, nes",0.3913,,,,no
3002399000,1,imports,199512,71013102.00,"Vaccines, veterinary use, nes",18,3002900019,"Toxins, toxoids, antitoxins, viruses, bacteriophage and bacterial lysates, nes",0.3800,continuity,,,no
3002399000,1,imports,199512,71013102.00,"Vaccines, veterinary use, nes",19,3002901019,"Toxins, toxoids, antitoxins, viruses, bacteriophage and bacterial lysates, nes",0.3800,,,,no
3002399000,1,imports,199512,71013102.00,"Vaccines, veterinary use, nes",20,3002100041,"Bovine albumin, for parenteral administration in humans",0.3704,continuity;use,,,no
3002399000,1,imports,199512,71013102.00,"Vaccines, veterinary use, nes",21,3002102110,"Bovine albumin, for parenteral administration in humans",0.3704,use,,,no
3002399000,1,imports,199512,71013102.00,"Vaccines, veterinary use, nes",22,3002490020,Toxins and similar products,0.3704,continuity,,,no
3002399000,1,imports,199512,71013102.00,"Vaccines, veterinary use, nes",23,3002900020,Butter-making ferment cultures,0.3509,continuity,,,no
3002399000,1,imports,199512,71013102.00,"Vaccines, veterinary use, nes",24,3002510000,"Cell therapy products, whether or not modified",0.3333,continuity,,,no
3002399000,1,imports,199512,71013102.00,"Vaccines, veterinary use, nes",25,3002100029,"Antisera & o blood fract, human orig, therapeutic/prophylactic use in humans,nes",0.3301,continuity;use,,,no
3002399000,1,imports,199512,71013102.00,"Vaccines, veterinary use, nes",26,3002101029,"Antisera & o blood fract, human orig, therapeutic/prophylactic use in humans,nes",0.3301,use,,,no
3002399000,1,imports,199512,71013102.00,"Vaccines, veterinary use, nes",27,3002100049,"Blood albumin nes, of animal origin, for parenteral administration in humans",0.3168,continuity;use,,,no
3002399000,1,imports,199512,71013102.00,"Vaccines, veterinary use, nes",28,3002102190,"Blood albumin nes, of animal origin, for parenteral administration in humans",0.3168,use,,,no
3002399000,1,imports,199512,71013102.00,"Vaccines, veterinary use, nes",29,3002900010,"Toxins, toxoids, antitoxins, viruses, bacteriophage and bacterial lysates",0.3125,continuity,,,no
3002399000,1,imports,199512,71013102.00,"Vaccines, veterinary use, nes",30,3002901010,"Toxins, toxoids, antitoxins, viruses, bacteriophage and bacterial lysates",0.3125,,,,no
3002399000,1,imports,199512,71013102.00,"Vaccines, veterinary use, nes",31,3002900099,"Human blood, animal blood for therap, prophltc or diag uses, microbial prep, nes",0.3107,continuity,,,no
3002399000,1,imports,199512,71013102.00,"Vaccines, veterinary use, nes",32,3002909090,"Human blood, animal blood for therap, prophltc or diag uses, microbial prep, nes",0.3107,,,,no
3002399000,1,imports,199512,71013102.00,"Vaccines, veterinary use, nes",33,3002100030,"Antisera & o blood fractions, of human origin, for other uses",0.3095,continuity,,,no
3002399000,1,imports,199512,71013102.00,"Vaccines, veterinary use, nes",34,3002101090,"Antisera & o blood fractions, of human origin, for other uses",0.3095,,,,no
3002399000,1,imports,199512,71013102.00,"Vaccines, veterinary use, nes",35,3002120021,"Animal antisera and other animal blood fractions, for use in humans",0.3011,continuity;use,,,no
3002399000,1,imports,199512,71013102.00,"Vaccines, veterinary use, nes",36,3002420010,Vaccines agnst foot and mth disse;vacc prepr for parentl admin;bovi intrnsl vacc,0.2991,continuity,,,no
3002399000,1,imports,199512,71013102.00,"Vaccines, veterinary use, nes",37,3002900090,"Human blood;animal blood for therap/prophltc/diagnostic uses;toxins,sim prod,nes",0.2991,continuity,,,no
3002399000,1,imports,199512,71013102.00,"Vaccines, veterinary use, nes",38,3002120012,"Human blood plasma, for therapeutic/prophylactic/other uses",0.2824,continuity,,,no
3002399000,1,imports,199512,71013102.00,"Vaccines, veterinary use, nes",39,3002120013,"Human immune globulin, for therapeutic/prophylactic/other uses",0.2727,continuity,,,no
3002399000,1,imports,199512,71013102.00,"Vaccines, veterinary use, nes",40,3002120011,"Human antisera and other human blood fractions, for diagnostic use",0.2609,continuity,,,no
3002399000,1,imports,199512,71013102.00,"Vaccines, veterinary use, nes",41,3002490010,"Cultures, of micro-organisms (excluding yeasts) and similar products",0.2609,continuity,,,no
3002399000,1,imports,199512,71013102.00,"Vaccines, veterinary use, nes",42,3002100010,"Antisera & o blood fractions, human origin, for diagnostic use",0.2588,continuity,,,no
3002399000,1,imports,199512,71013102.00,"Vaccines, veterinary use, nes",43,3002101010,"Antisera & o blood fractions, human origin, for diagnostic use",0.2588,,,,no
3002399000,1,imports,199512,71013102.00,"Vaccines, veterinary use, nes",44,3002100042,"Sera and antisera, of animal origin, for parenteral administration in humans",0.2574,continuity;use,,,no
3002399000,1,imports,199512,71013102.00,"Vaccines, veterinary use, nes",45,3002102120,"Sera and antisera, of animal origin, for parenteral administration in humans",0.2574,use,,,no
3002399000,1,imports,199512,71013102.00,"Vaccines, veterinary use, nes",46,3002110000,Malaria diagnostic test kits,0.2545,continuity,,,no
3002399000,1,imports,199512,71013102.00,"Vaccines, veterinary use, nes",47,3002190000,"Immunological products, nes, w/n modified/obtained by biotechnological processes",0.2476,continuity,,,no
3002399000,1,imports,199512,71013102.00,"Vaccines, veterinary use, nes",48,3002100021,"Blood plasma, for therapeutic or prophylactic use in humans",0.2353,continuity;use,,,no
3002399000,1,imports,199512,71013102.00,"Vaccines, veterinary use, nes",49,3002101021,"Blood plasma, for therapeutic or prophylactic use in humans",0.2353,use,,,no
3002399000,1,imports,199512,71013102.00,"Vaccines, veterinary use, nes",50,3002120019,"Human antisera and other human blood fractions, nes",0.2338,continuity,,,no
3002399000,1,imports,199512,71013102.00,"Vaccines, veterinary use, nes",51,3002130000,"Immunological products, unmixed, not put up in measured doses/forms/packings frs",0.2286,continuity,,,no
3002399000,1,imports,199512,71013102.00,"Vaccines, veterinary use, nes",52,3002120029,"Animal antisera and other animal blood fractions, nes",0.2278,continuity,,,no
3002399000,1,imports,199512,71013102.00,"Vaccines, veterinary use, nes",53,3002300010,Vacc agnst foot and mth disse; vacc prepr for parentl admin; bovi intrnsl vacc,0.2136,continuity,,,no
3002399000,1,imports,199512,71013102.00,"Vaccines, veterinary use, nes",54,3002301000,Vacc agnst foot and mth disse; vacc prepr for parentl admin; bovi intrnsl vacc,0.2136,,,,no
3002399000,1,imports,199512,71013102.00,"Vaccines, veterinary use, nes",55,3002100022,"Normal serum globulin, for therapeutic or prophylactic use in humans",0.2128,continuity;use,,,no
3002399000,1,imports,199512,71013102.00,"Vaccines, veterinary use, nes",56,3002100023,"Immune serum globulin, for therapeutic or prophylactic use in humans",0.2128,continuity;use,,,no
3002399000,1,imports,199512,71013102.00,"Vaccines, veterinary use, nes",57,3002101022,"Normal serum globulin, for therapeutic or prophylactic use in humans",0.2128,use,,,no
3002399000,1,imports,199512,71013102.00,"Vaccines, veterinary use, nes",58,3002101023,"Immune serum globulin, for therapeutic or prophylactic use in humans",0.2128,use,,,no
3002399000,1,imports,199512,71013102.00,"Vaccines, veterinary use, nes",59,3002100090,"Antisera,o blood fract,immunological prod,w/n mod/obt biotechnological proc,nes",0.2075,continuity,,,no
3002399000,1,imports,199512,71013102.00,"Vaccines, veterinary use, nes",60,3002150000,"Immunological products, put up in measured doses/forms/packings, for retail sale",0.1905,continuity,,,no
3002399000,1,imports,199512,71013102.00,"Vaccines, veterinary use, nes",61,3002900011,Ricin,0.1875,continuity,,,no
3002399000,1,imports,199512,71013102.00,"Vaccines, veterinary use, nes",62,3002901011,Ricin,0.1875,,,,no
3002399000,1,imports,199512,71013102.00,"Vaccines, veterinary use, nes",63,3002140000,"Immunological products,mixed,not put in measured doses/forms/packings f ret sale",0.1869,continuity,,,no
3002399000,1,imports,199512,71013102.00,"Vaccines, veterinary use, nes",64,3002900012,Saxitoxin,0.1667,continuity,,,no
3002399000,1,imports,199512,71013102.00,"Vaccines, veterinary use, nes",65,3002900050,Micro-organisms cultures,0.1569,continuity,,,no
3002399000,1,imports,199512,71013102.00,"Vaccines, veterinary use, nes",66,3002901020,Ferment cultures,0.1395,,,,no
3002399000,1,imports,199512,71013102.00,"Vaccines, veterinary use, nes",67,3002900040,Whole human blood,0.1364,continuity,,,no
3002399000,1,imports,199512,71013102.00,"Vaccines, veterinary use, nes",68,3002900092,Whole human blood,0.1364,continuity,,,no
3002399000,1,imports,199512,71013102.00,"Vaccines, veterinary use, nes",69,3002909020,Whole human blood,0.1364,,,,no
3002399000,1,imports,199512,71013102.00,"Vaccines, veterinary use, nes",70,3002900093,Antiallergenic preparations of microbial origin,0.1351,continuity,,,no
3002399000,1,imports,199512,71013102.00,"Vaccines, veterinary use, nes",71,3002909030,Antiallergenic preparations of microbial origin,0.1351,,,,no
3002399000,1,imports,199512,71013102.00,"Vaccines, veterinary use, nes",72,3002901030,Dried blood of human origin,0.1111,,,,no
3002399000,1,imports,199512,71013102.00,"Vaccines, veterinary use, nes",73,3002900030,Dried blood of animal origin,0.1091,continuity,,,no
3002399000,1,imports,199512,71013102.00,"Vaccines, veterinary use, nes",74,3002901040,Dried blood of animal origin,0.1091,,,,no
3002399000,1,imports,199512,71013102.00,"Vaccines, veterinary use, nes",75,3002100060,Modified immunological products,0.1034,continuity,,,no
3002900010,1,imports,202112,825580243.00,"Toxins, toxoids, antitoxins, viruses, bacteriophage and bacterial lysates",1,3002900020,"Toxoids, antitoxins, viruses, bacteriophage and bacterial lysates",0.9466,,,basket contents,no
3002900010,1,imports,202112,825580243.00,"Toxins, toxoids, antitoxins, viruses, bacteriophage and bacterial lysates",2,3002900090,"Human blood;animal blood therap/diag,etc;antisera,etc;vaccines,etc;cell cult,nes",0.3221,,,,no
3002900010,1,imports,202112,825580243.00,"Toxins, toxoids, antitoxins, viruses, bacteriophage and bacterial lysates",3,3002490020,Toxins and similar products,0.3125,,,,no
3002900010,1,imports,202112,825580243.00,"Toxins, toxoids, antitoxins, viruses, bacteriophage and bacterial lysates",4,3002900030,Dried blood of animal origin,0.2062,,,,no
3002900010,1,imports,202112,825580243.00,"Toxins, toxoids, antitoxins, viruses, bacteriophage and bacterial lysates",5,3002900040,Whole human blood,0.1860,,,,no
3002900011,1,imports,201609,74680.00,Ricin,1,3002900010,"Toxins, toxoids, antitoxins, viruses, bacteriophage and bacterial lysates",0.1081,,,,no
3002900012,1,imports,201610,578.00,Saxitoxin,1,3002900010,"Toxins, toxoids, antitoxins, viruses, bacteriophage and bacterial lysates",0.2051,,,,no
3002900019,1,imports,201612,836383694.00,"Toxins, toxoids, antitoxins, viruses, bacteriophage and bacterial lysates, nes",1,3002900010,"Toxins, toxoids, antitoxins, viruses, bacteriophage and bacterial lysates",0.9718,,,basket contents,no
3002900020,1,imports,201612,17636239.00,Butter-making ferment cultures,1,3002900090,"Human blood;animal blood for therap/prophltc/diagnostic uses;toxins,sim prod,nes",0.2364,,,,no
3002900050,1,imports,202112,257772832.00,Micro-organisms cultures,1,3002490010,"Cultures, of micro-organisms (excluding yeasts) and similar products",0.4719,,,,no
3002900050,1,imports,202112,257772832.00,Micro-organisms cultures,2,3002900090,"Human blood;animal blood therap/diag,etc;antisera,etc;vaccines,etc;cell cult,nes",0.2885,,,,no
3002900050,1,imports,202112,257772832.00,Micro-organisms cultures,3,3002900040,Whole human blood,0.2439,,,,no
3002900050,1,imports,202112,257772832.00,Micro-organisms cultures,4,3002900020,"Toxoids, antitoxins, viruses, bacteriophage and bacterial lysates",0.2326,,,,no
3002900050,1,imports,202112,257772832.00,Micro-organisms cultures,5,3002900030,Dried blood of animal origin,0.2308,,,,no
3002900091,1,imports,201612,155366436.00,"Bacteria culture inoculants, for seeds",1,3002900090,"Human blood;animal blood for therap/prophltc/diagnostic uses;toxins,sim prod,nes",0.2051,,,,no
3002900092,1,imports,201612,15524973.00,Whole human blood,1,3002900040,Whole human blood,1.0000,,,,yes
3002900093,1,imports,201612,1530127.00,Antiallergenic preparations of microbial origin,1,3002900090,"Human blood;animal blood for therap/prophltc/diagnostic uses;toxins,sim prod,nes",0.3307,,,,no
3002900099,1,imports,201612,685125802.00,"Human blood;anml blood therap/prophltc/diag uses;toxins,micro-organisms cult,nes",1,3002900090,"Human blood;animal blood for therap/prophltc/diagnostic uses;toxins,sim prod,nes",0.7875,,,,no
3002900099,1,imports,201612,685125802.00,"Human blood;anml blood therap/prophltc/diag uses;toxins,micro-organisms cult,nes",2,3002900050,Micro-organisms cultures,0.4231,,,,no
3002901010,1,imports,199612,17090674.00,"Toxins, toxoids, antitoxins, viruses, bacteriophage and bacterial lysates",1,3002900010,"Toxins, toxoids, antitoxins, viruses, bacteriophage and bacterial lysates",1.0000,continuity,,,yes
3002901010,1,imports,199612,17090674.00,"Toxins, toxoids, antitoxins, viruses, bacteriophage and bacterial lysates",2,3002900019,"Toxins, toxoids, antitoxins, viruses, bacteriophage and bacterial lysates, nes",0.9718,,,basket contents,no
3002901010,1,imports,199612,17090674.00,"Toxins, toxoids, antitoxins, viruses, bacteriophage and bacterial lysates",3,3002901019,"Toxins, toxoids, antitoxins, viruses, bacteriophage and bacterial lysates, nes",0.9718,,,basket contents,no
3002901010,1,imports,199612,17090674.00,"Toxins, toxoids, antitoxins, viruses, bacteriophage and bacterial lysates",4,3002900099,"Human blood, animal blood for therap, prophltc or diag uses, microbial prep, nes",0.2897,,,,no
3002901010,1,imports,199612,17090674.00,"Toxins, toxoids, antitoxins, viruses, bacteriophage and bacterial lysates",5,3002909090,"Human blood, animal blood for therap, prophltc or diag uses, microbial prep, nes",0.2897,,,,no
3002901010,1,imports,199612,17090674.00,"Toxins, toxoids, antitoxins, viruses, bacteriophage and bacterial lysates",6,3002900093,Antiallergenic preparations of microbial origin,0.2759,continuity,,,no
3002901010,1,imports,199612,17090674.00,"Toxins, toxoids, antitoxins, viruses, bacteriophage and bacterial lysates",7,3002909030,Antiallergenic preparations of microbial origin,0.2759,,,,no
3002901010,1,imports,199612,17090674.00,"Toxins, toxoids, antitoxins, viruses, bacteriophage and bacterial lysates",8,3002900091,Bacteria culture inoculants for seeds,0.2642,,,,no
3002901010,1,imports,199612,17090674.00,"Toxins, toxoids, antitoxins, viruses, bacteriophage and bacterial lysates",9,3002909010,Bacteria culture inoculants for seeds,0.2642,,,,no
3002901010,1,imports,199612,17090674.00,"Toxins, toxoids, antitoxins, viruses, bacteriophage and bacterial lysates",10,3002900020,Butter-making ferment cultures,0.2626,,,,no
3002901010,1,imports,199612,17090674.00,"Toxins, toxoids, antitoxins, viruses, bacteriophage and bacterial lysates",11,3002901030,Dried blood of human origin,0.2083,,,,no
3002901010,1,imports,199612,17090674.00,"Toxins, toxoids, antitoxins, viruses, bacteriophage and bacterial lysates",12,3002900030,Dried blood of animal origin,0.2062,continuity,,,no
3002901010,1,imports,199612,17090674.00,"Toxins, toxoids, antitoxins, viruses, bacteriophage and bacterial lysates",13,3002901040,Dried blood of animal origin,0.2062,,,,no
3002901010,1,imports,199612,17090674.00,"Toxins, toxoids, antitoxins, viruses, bacteriophage and bacterial lysates",14,3002900040,Whole human blood,0.1860,continuity,,,no
3002901010,1,imports,199612,17090674.00,"Toxins, toxoids, antitoxins, viruses, bacteriophage and bacterial lysates",15,3002900092,Whole human blood,0.1860,,,,no
3002901010,1,imports,199612,17090674.00,"Toxins, toxoids, antitoxins, viruses, bacteriophage and bacterial lysates",16,3002909020,Whole human blood,0.1860,,,,no
3002901010,1,imports,199612,17090674.00,"Toxins, toxoids, antitoxins, viruses, bacteriophage and bacterial lysates",17,3002900012,Saxitoxin,0.1795,continuity,,,no
3002901010,1,imports,199612,17090674.00,"Toxins, toxoids, antitoxins, viruses, bacteriophage and bacterial lysates",18,3002900090,"Human blood;animal blood for therap/prophltc/diagnostic uses;toxins,sim prod,nes",0.1745,continuity,,,no
3002901010,1,imports,199612,17090674.00,"Toxins, toxoids, antitoxins, viruses, bacteriophage and bacterial lysates",19,3002900050,Micro-organisms cultures,0.1720,continuity,,,no
3002901010,1,imports,199612,17090674.00,"Toxins, toxoids, antitoxins, viruses, bacteriophage and bacterial lysates",20,3002901020,Ferment cultures,0.1412,,,,no
3002901010,1,imports,199612,17090674.00,"Toxins, toxoids, antitoxins, viruses, bacteriophage and bacterial lysates",21,3002900011,Ricin,0.0541,,,,no
3002901010,1,imports,199612,17090674.00,"Toxins, toxoids, antitoxins, viruses, bacteriophage and bacterial lysates",22,3002901011,Ricin,0.0541,,,,no
3002901011,1,imports,199712,33472.00,Ricin,1,3002900011,Ricin,1.0000,,,,yes
3002901011,1,imports,199712,33472.00,Ricin,2,3002900012,Saxitoxin,0.4286,continuity,,,no
3002901011,1,imports,199712,33472.00,Ricin,3,3002900030,Dried blood of animal origin,0.2424,,,,no
3002901011,1,imports,199712,33472.00,Ricin,4,3002900091,Bacteria culture inoculants for seeds,0.2381,,,,no
3002901011,1,imports,199712,33472.00,Ricin,5,3002900050,Micro-organisms cultures,0.2069,continuity,,,no
3002901011,1,imports,199712,33472.00,Ricin,6,3002900020,Butter-making ferment cultures,0.1714,,,,no
3002901011,1,imports,199712,33472.00,Ricin,7,3002900093,Antiallergenic preparations of microbial origin,0.1538,,,,no
3002901011,1,imports,199712,33472.00,Ricin,8,3002900019,"Toxins, toxoids, antitoxins, viruses, bacteriophage and bacterial lysates, nes",0.1282,,,,no
3002901011,1,imports,199712,33472.00,Ricin,9,3002900099,"Human blood, animal blood for therap, prophltc or diag uses, microbial prep, nes",0.1235,,,,no
3002901011,1,imports,199712,33472.00,Ricin,10,3002900090,"Human blood;animal blood for therap/prophltc/diagnostic uses;toxins,sim prod,nes",0.1176,continuity,,,no
3002901011,1,imports,199712,33472.00,Ricin,11,3002900010,"Toxins, toxoids, antitoxins, viruses, bacteriophage and bacterial lysates",0.1081,continuity,,,no
3002901011,1,imports,199712,33472.00,Ricin,12,3002900040,Whole human blood,0.0909,continuity,,,no
3002901011,1,imports,199712,33472.00,Ricin,13,3002900092,Whole human blood,0.0909,,,,no
3002901019,1,imports,199712,6387863.00,"Toxins, toxoids, antitoxins, viruses, bacteriophage and bacterial lysates, nes",1,3002900019,"Toxins, toxoids, antitoxins, viruses, bacteriophage and bacterial lysates, nes",1.0000,,,,yes
3002901019,1,imports,199712,6387863.00,"Toxins, toxoids, antitoxins, viruses, bacteriophage and bacterial lysates, nes",2,3002900010,"Toxins, toxoids, antitoxins, viruses, bacteriophage and bacterial lysates",0.9718,continuity,,basket contents,no
3002901019,1,imports,199712,6387863.00,"Toxins, toxoids, antitoxins, viruses, bacteriophage and bacterial lysates, nes",3,3002900099,"Human blood, animal blood for therap, prophltc or diag uses, microbial prep, nes",0.3221,,,,no
3002901019,1,imports,199712,6387863.00,"Toxins, toxoids, antitoxins, viruses, bacteriophage and bacterial lysates, nes",4,3002900091,Bacteria culture inoculants for seeds,0.3091,,,,no
3002901019,1,imports,199712,6387863.00,"Toxins, toxoids, antitoxins, viruses, bacteriophage and bacterial lysates, nes",5,3002900093,Antiallergenic preparations of microbial origin,0.2833,,,,no
3002901019,1,imports,199712,6387863.00,"Toxins, toxoids, antitoxins, viruses, bacteriophage and bacterial lysates, nes",6,3002900020,Butter-making ferment cultures,0.2524,,,,no
3002901019,1,imports,199712,6387863.00,"Toxins, toxoids, antitoxins, viruses, bacteriophage and bacterial lysates, nes",7,3002900030,Dried blood of animal origin,0.2178,,,,no
3002901019,1,imports,199712,6387863.00,"Toxins, toxoids, antitoxins, viruses, bacteriophage and bacterial lysates, nes",8,3002900040,Whole human blood,0.1778,continuity,,,no
3002901019,1,imports,199712,6387863.00,"Toxins, toxoids, antitoxins, viruses, bacteriophage and bacterial lysates, nes",9,3002900092,Whole human blood,0.1778,,,,no
3002901019,1,imports,199712,6387863.00,"Toxins, toxoids, antitoxins, viruses, bacteriophage and bacterial lysates, nes",10,3002900012,Saxitoxin,0.1707,continuity,,,no
3002901019,1,imports,199712,6387863.00,"Toxins, toxoids, antitoxins, viruses, bacteriophage and bacterial lysates, nes",11,3002900090,"Human blood;animal blood for therap/prophltc/diagnostic uses;toxins,sim prod,nes",0.1699,continuity,,,no
3002901019,1,imports,199712,6387863.00,"Toxins, toxoids, antitoxins, viruses, bacteriophage and bacterial lysates, nes",12,3002900050,Micro-organisms cultures,0.1649,continuity,,,no
3002901019,1,imports,199712,6387863.00,"Toxins, toxoids, antitoxins, viruses, bacteriophage and bacterial lysates, nes",13,3002900011,Ricin,0.0513,,,,no
3002901020,1,imports,199712,17995840.00,Ferment cultures,1,3002900020,Butter-making ferment cultures,0.6957,,,,no
3002901020,1,imports,199712,17995840.00,Ferment cultures,2,3002900050,Micro-organisms cultures,0.5500,continuity,,,no
3002901020,1,imports,199712,17995840.00,Ferment cultures,3,3002900091,Bacteria culture inoculants for seeds,0.4151,,,,no
3002901020,1,imports,199712,17995840.00,Ferment cultures,4,3002900040,Whole human blood,0.3030,continuity,,,no
3002901020,1,imports,199712,17995840.00,Ferment cultures,5,3002900092,Whole human blood,0.3030,,,,no
3002901020,1,imports,199712,17995840.00,Ferment cultures,6,3002900093,Antiallergenic preparations of microbial origin,0.2540,,,,no
3002901020,1,imports,199712,17995840.00,Ferment cultures,7,3002900010,"Toxins, toxoids, antitoxins, viruses, bacteriophage and bacterial lysates",0.2353,continuity,,,no
3002901020,1,imports,199712,17995840.00,Ferment cultures,8,3002900019,"Toxins, toxoids, antitoxins, viruses, bacteriophage and bacterial lysates, nes",0.2247,,,,no
3002901020,1,imports,199712,17995840.00,Ferment cultures,9,3002900099,"Human blood, animal blood for therap, prophltc or diag uses, microbial prep, nes",0.2174,,,,no
3002901020,1,imports,199712,17995840.00,Ferment cultures,10,3002900011,Ricin,0.1905,,,,no
3002901020,1,imports,199712,17995840.00,Ferment cultures,11,3002900090,"Human blood;animal blood for therap/prophltc/diagnostic uses;toxins,sim prod,nes",0.1875,continuity,,,no
3002901020,1,imports,199712,17995840.00,Ferment cultures,12,3002900030,Dried blood of animal origin,0.1364,,,,no
3002901020,1,imports,199712,17995840.00,Ferment cultures,13,3002900012,Saxitoxin,0.0800,continuity,,,no
3002901030,1,imports,199712,5096986.00,Dried blood of human origin,1,3002900030,Dried blood of animal origin,0.8727,origin,,swapped term,no
3002901030,1,imports,199712,5096986.00,Dried blood of human origin,2,3002900093,Antiallergenic preparations of microbial origin,0.4595,,,,no
3002901030,1,imports,199712,5096986.00,Dried blood of human origin,3,3002900040,Whole human blood,0.4091,continuity,,,no
3002901030,1,imports,199712,5096986.00,Dried blood of human origin,4,3002900092,Whole human blood,0.4091,,,,no
3002901030,1,imports,199712,5096986.00,Dried blood of human origin,5,3002900099,"Human blood, animal blood for therap, prophltc or diag uses, microbial prep, nes",0.3107,,,,no
3002901030,1,imports,199712,5096986.00,Dried blood of human origin,6,3002900090,"Human blood;animal blood for therap/prophltc/diagnostic uses;toxins,sim prod,nes",0.2991,continuity,,,no
3002901030,1,imports,199712,5096986.00,Dried blood of human origin,7,3002900011,Ricin,0.2500,,,,no
3002901030,1,imports,199712,5096986.00,Dried blood of human origin,8,3002900050,Micro-organisms cultures,0.2353,continuity,,,no
3002901030,1,imports,199712,5096986.00,Dried blood of human origin,9,3002900012,Saxitoxin,0.2222,continuity,,,no
3002901030,1,imports,199712,5096986.00,Dried blood of human origin,10,3002900019,"Toxins, toxoids, antitoxins, viruses, bacteriophage and bacterial lysates, nes",0.2200,,,,no
3002901030,1,imports,199712,5096986.00,Dried blood of human origin,11,3002900020,Butter-making ferment cultures,0.2105,,,,no
3002901030,1,imports,199712,5096986.00,Dried blood of human origin,12,3002900010,"Toxins, toxoids, antitoxins, viruses, bacteriophage and bacterial lysates",0.2083,continuity,,,no
3002901030,1,imports,199712,5096986.00,Dried blood of human origin,13,3002900091,Bacteria culture inoculants for seeds,0.1250,,,,no
3002901040,1,imports,199712,2070092.00,Dried blood of animal origin,1,3002900030,Dried blood of animal origin,1.0000,,,,yes
3002901040,1,imports,199712,2070092.00,Dried blood of animal origin,2,3002900093,Antiallergenic preparations of microbial origin,0.4800,,,,no
3002901040,1,imports,199712,2070092.00,Dried blood of animal origin,3,3002900050,Micro-organisms cultures,0.3846,continuity,,,no
3002901040,1,imports,199712,2070092.00,Dried blood of animal origin,4,3002900099,"Human blood, animal blood for therap, prophltc or diag uses, microbial prep, nes",0.3846,,,,no
3002901040,1,imports,199712,2070092.00,Dried blood of animal origin,5,3002900090,"Human blood;animal blood for therap/prophltc/diagnostic uses;toxins,sim prod,nes",0.3704,continuity,,,no
3002901040,1,imports,199712,2070092.00,Dried blood of animal origin,6,3002900040,Whole human blood,0.3111,continuity,,,no
3002901040,1,imports,199712,2070092.00,Dried blood of animal origin,7,3002900092,Whole human blood,0.3111,,,,no
3002901040,1,imports,199712,2070092.00,Dried blood of animal origin,8,3002900019,"Toxins, toxoids, antitoxins, viruses, bacteriophage and bacterial lysates, nes",0.2574,,,,no
3002901040,1,imports,199712,2070092.00,Dried blood of animal origin,9,3002900010,"Toxins, toxoids, antitoxins, viruses, bacteriophage and bacterial lysates",0.2474,continuity,,,no
3002901040,1,imports,199712,2070092.00,Dried blood of animal origin,10,3002900011,Ricin,0.2424,,,,no
3002901040,1,imports,199712,2070092.00,Dried blood of animal origin,11,3002900012,Saxitoxin,0.2162,continuity,,,no
3002901040,1,imports,199712,2070092.00,Dried blood of animal origin,12,3002900020,Butter-making ferment cultures,0.2069,,,,no
3002901040,1,imports,199712,2070092.00,Dried blood of animal origin,13,3002900091,Bacteria culture inoculants for seeds,0.1231,,,,no
3002909010,1,imports,199712,30779871.00,Bacteria culture inoculants for seeds,1,3002900091,Bacteria culture inoculants for seeds,1.0000,,,,yes
3002909010,1,imports,199712,30779871.00,Bacteria culture inoculants for seeds,2,3002900020,Butter-making ferment cultures,0.4179,,,,no
3002909010,1,imports,199712,30779871.00,Bacteria culture inoculants for seeds,3,3002900050,Micro-organisms cultures,0.3607,continuity,,,no
3002909010,1,imports,199712,30779871.00,Bacteria culture inoculants for seeds,4,3002900040,Whole human blood,0.3333,continuity,,,no
3002909010,1,imports,199712,30779871.00,Bacteria culture inoculants for seeds,5,3002900092,Whole human blood,0.3333,,,,no
3002909010,1,imports,199712,30779871.00,Bacteria culture inoculants for seeds,6,3002900019,"Toxins, toxoids, antitoxins, viruses, bacteriophage and bacterial lysates, nes",0.2727,,,,no
3002909010,1,imports,199712,30779871.00,Bacteria culture inoculants for seeds,7,3002900010,"Toxins, toxoids, antitoxins, viruses, bacteriophage and bacterial lysates",0.2453,continuity,,,no
3002909010,1,imports,199712,30779871.00,Bacteria culture inoculants for seeds,8,3002900011,Ricin,0.2381,,,,no
3002909010,1,imports,199712,30779871.00,Bacteria culture inoculants for seeds,9,3002900030,Dried blood of animal origin,0.2154,,,,no
3002909010,1,imports,199712,30779871.00,Bacteria culture inoculants for seeds,10,3002900099,"Human blood, animal blood for therap, prophltc or diag uses, microbial prep, nes",0.2124,,,,no
3002909010,1,imports,199712,30779871.00,Bacteria culture inoculants for seeds,11,3002900090,"Human blood;animal blood for therap/prophltc/diagnostic uses;toxins,sim prod,nes",0.2051,continuity,,,no
3002909010,1,imports,199712,30779871.00,Bacteria culture inoculants for seeds,12,3002900093,Antiallergenic preparations of microbial origin,0.1905,,,,no
3002909010,1,imports,199712,30779871.00,Bacteria culture inoculants for seeds,13,3002900012,Saxitoxin,0.1739,continuity,,,no
3002909020,1,imports,199706,1607419.00,Whole human blood,1,3002900040,Whole human blood,1.0000,continuity,,,yes
3002909020,1,imports,199706,1607419.00,Whole human blood,2,3002900092,Whole human blood,1.0000,,,,yes
3002909020,1,imports,199706,1607419.00,Whole human blood,3,3002901030,Dried blood of human origin,0.4091,,,,no
3002909020,1,imports,199706,1607419.00,Whole human blood,4,3002900091,Bacteria culture inoculants for seeds,0.3333,,,,no
3002909020,1,imports,199706,1607419.00,Whole human blood,5,3002909010,Bacteria culture inoculants for seeds,0.3333,,,,no
3002909020,1,imports,199706,1607419.00,Whole human blood,6,3002900030,Dried blood of animal origin,0.3111,,,,no
3002909020,1,imports,199706,1607419.00,Whole human blood,7,3002901040,Dried blood of animal origin,0.3111,,,,no
3002909020,1,imports,199706,1607419.00,Whole human blood,8,3002900020,Butter-making ferment cultures,0.2979,,,,no
3002909020,1,imports,199706,1607419.00,Whole human blood,9,3002900050,Micro-organisms cultures,0.2927,continuity,,,no
3002909020,1,imports,199706,1607419.00,Whole human blood,10,3002900099,"Human blood, animal blood for therap, prophltc or diag uses, microbial prep, nes",0.2366,,,,no
3002909020,1,imports,199706,1607419.00,Whole human blood,11,3002909090,"Human blood, animal blood for therap, prophltc or diag uses, microbial prep, nes",0.2366,,,,no
3002909020,1,imports,199706,1607419.00,Whole human blood,12,3002900090,"Human blood;animal blood for therap/prophltc/diagnostic uses;toxins,sim prod,nes",0.2268,continuity,,,no
3002909020,1,imports,199706,1607419.00,Whole human blood,13,3002900093,Antiallergenic preparations of microbial origin,0.1875,,,,no
3002909020,1,imports,199706,1607419.00,Whole human blood,14,3002909030,Antiallergenic preparations of microbial origin,0.1875,,,,no
3002909020,1,imports,199706,1607419.00,Whole human blood,15,3002900010,"Toxins, toxoids, antitoxins, viruses, bacteriophage and bacterial lysates",0.1860,continuity,,,no
3002909020,1,imports,199706,1607419.00,Whole human blood,16,3002900019,"Toxins, toxoids, antitoxins, viruses, bacteriophage and bacterial lysates, nes",0.1778,,,,no
3002909020,1,imports,199706,1607419.00,Whole human blood,17,3002901019,"Toxins, toxoids, antitoxins, viruses, bacteriophage and bacterial lysates, nes",0.1778,,,,no
3002909020,1,imports,199706,1607419.00,Whole human blood,18,3002900012,Saxitoxin,0.1538,continuity,,,no
3002909020,1,imports,199706,1607419.00,Whole human blood,19,3002901020,Ferment cultures,0.1212,,,,no
3002909020,1,imports,199706,1607419.00,Whole human blood,20,3002900011,Ricin,0.0909,,,,no
3002909020,1,imports,199706,1607419.00,Whole human blood,21,3002901011,Ricin,0.0909,,,,no
3002909030,1,imports,199709,96578.00,Antiallergenic preparations of microbial origin,1,3002900093,Antiallergenic preparations of microbial origin,1.0000,,,,yes
3002909030,1,imports,199709,96578.00,Antiallergenic preparations of microbial origin,2,3002900099,"Human blood, animal blood for therap, prophltc or diag uses, microbial prep, nes",0.4553,,,,no
3002909030,1,imports,199709,96578.00,Antiallergenic preparations of microbial origin,3,3002909090,"Human blood, animal blood for therap, prophltc or diag uses, microbial prep, nes",0.4553,,,,no
3002909030,1,imports,199709,96578.00,Antiallergenic preparations of microbial origin,4,3002900030,Dried blood of animal origin,0.4533,,,,no
3002909030,1,imports,199709,96578.00,Antiallergenic preparations of microbial origin,5,3002901040,Dried blood of animal origin,0.4533,,,,no
3002909030,1,imports,199709,96578.00,Antiallergenic preparations of microbial origin,6,3002901030,Dried blood of human origin,0.4324,,,,no
3002909030,1,imports,199709,96578.00,Antiallergenic preparations of microbial origin,7,3002900090,"Human blood;animal blood for therap/prophltc/diagnostic uses;toxins,sim prod,nes",0.3307,continuity,,,no
3002909030,1,imports,199709,96578.00,Antiallergenic preparations of microbial origin,8,3002900019,"Toxins, toxoids, antitoxins, viruses, bacteriophage and bacterial lysates, nes",0.2833,,,,no
3002909030,1,imports,199709,96578.00,Antiallergenic preparations of microbial origin,9,3002901019,"Toxins, toxoids, antitoxins, viruses, bacteriophage and bacterial lysates, nes",0.2833,,,,no
3002909030,1,imports,199709,96578.00,Antiallergenic preparations of microbial origin,10,3002900010,"Toxins, toxoids, antitoxins, viruses, bacteriophage and bacterial lysates",0.2759,continuity,,,no
3002909030,1,imports,199709,96578.00,Antiallergenic preparations of microbial origin,11,3002900050,Micro-organisms cultures,0.2535,continuity,,,no
3002909030,1,imports,199709,96578.00,Antiallergenic preparations of microbial origin,12,3002900011,Ricin,0.1923,,,,no
3002909030,1,imports,199709,96578.00,Antiallergenic preparations of microbial origin,13,3002901011,Ricin,0.1923,,,,no
3002909030,1,imports,199709,96578.00,Antiallergenic preparations of microbial origin,14,3002900091,Bacteria culture inoculants for seeds,0.1905,,,,no
3002909030,1,imports,199709,96578.00,Antiallergenic preparations of microbial origin,15,3002901020,Ferment cultures,0.1905,,,,no
3002909030,1,imports,199709,96578.00,Antiallergenic preparations of microbial origin,16,3002909010,Bacteria culture inoculants for seeds,0.1905,,,,no
3002909030,1,imports,199709,96578.00,Antiallergenic preparations of microbial origin,17,3002900020,Butter-making ferment cultures,0.1818,,,,no
3002909030,1,imports,199709,96578.00,Antiallergenic preparations of microbial origin,18,3002900012,Saxitoxin,0.1786,continuity,,,no
3002909030,1,imports,199709,96578.00,Antiallergenic preparations of microbial origin,19,3002900040,Whole human blood,0.1562,continuity,,,no
3002909030,1,imports,199709,96578.00,Antiallergenic preparations of microbial origin,20,3002900092,Whole human blood,0.1562,,,,no
3002909090,1,imports,199712,69506433.00,"Human blood, animal blood for therap, prophltc or diag uses, microbial prep, nes",1,3002900099,"Human blood, animal blood for therap, prophltc or diag uses, microbial prep, nes",1.0000,,,,yes
3002909090,1,imports,199712,69506433.00,"Human blood, animal blood for therap, prophltc or diag uses, microbial prep, nes",2,3002900090,"Human blood;animal blood for therap/prophltc/diagnostic uses;toxins,sim prod,nes",0.8077,continuity,,,no
3002909090,1,imports,199712,69506433.00,"Human blood, animal blood for therap, prophltc or diag uses, microbial prep, nes",3,3002900093,Antiallergenic preparations of microbial origin,0.3902,,,,no
3002909090,1,imports,199712,69506433.00,"Human blood, animal blood for therap, prophltc or diag uses, microbial prep, nes",4,3002900030,Dried blood of animal origin,0.3846,,,,no
3002909090,1,imports,199712,69506433.00,"Human blood, animal blood for therap, prophltc or diag uses, microbial prep, nes",5,3002900019,"Toxins, toxoids, antitoxins, viruses, bacteriophage and bacterial lysates, nes",0.3758,,,,no
3002909090,1,imports,199712,69506433.00,"Human blood, animal blood for therap, prophltc or diag uses, microbial prep, nes",6,3002900010,"Toxins, toxoids, antitoxins, viruses, bacteriophage and bacterial lysates",0.3448,continuity,,,no
3002909090,1,imports,199712,69506433.00,"Human blood, animal blood for therap, prophltc or diag uses, microbial prep, nes",7,3006200090,"Blood-grouping reagents, except of human or animal origin",0.3182,,,,no
3002909090,1,imports,199712,69506433.00,"Human blood, animal blood for therap, prophltc or diag uses, microbial prep, nes",8,3002900020,Butter-making ferment cultures,0.2642,,,,no
3002909090,1,imports,199712,69506433.00,"Human blood, animal blood for therap, prophltc or diag uses, microbial prep, nes",9,3002900040,Whole human blood,0.2366,continuity,,,no
3002909090,1,imports,199712,69506433.00,"Human blood, animal blood for therap, prophltc or diag uses, microbial prep, nes",10,3002900092,Whole human blood,0.2366,,,,no
3002909090,1,imports,199712,69506433.00,"Human blood, animal blood for therap, prophltc or diag uses, microbial prep, nes",11,3006200010,"Blood-grouping reagents, of human origin",0.2087,,,,no
3002909090,1,imports,199712,69506433.00,"Human blood, animal blood for therap, prophltc or diag uses, microbial prep, nes",12,3002900050,Micro-organisms cultures,0.2000,continuity,,,no
3002909090,1,imports,199712,69506433.00,"Human blood, animal blood for therap, prophltc or diag uses, microbial prep, nes",13,3002900091,Bacteria culture inoculants for seeds,0.1947,,,,no
3002909090,1,imports,199712,69506433.00,"Human blood, animal blood for therap, prophltc or diag uses, microbial prep, nes",14,3002900011,Ricin,0.1235,,,,no
3002909090,1,imports,199712,69506433.00,"Human blood, animal blood for therap, prophltc or diag uses, microbial prep, nes",15,3002900012,Saxitoxin,0.0471,continuity,,,no
3003310000,1,imports,202603,2797436.00,"Medicaments,cont insulin,mixed,not in doses/forms/pack/frs,o/t No 30.02/05/06",1,3003410000,"Medicaments,cont ephedrin/salts,mix,therap/prophltc uses,nfrs,o/t No 30.02/05/06",0.7134,,,,no
3003310000,1,imports,202603,2797436.00,"Medicaments,cont insulin,mixed,not in doses/forms/pack/frs,o/t No 30.02/05/06",2,3003900030,"Medicaments,cont acetaminophen,mix,therap/prophltc uses,nfrs,o/t No 30.02/05/06",0.7051,,,,no
3003310000,1,imports,202603,2797436.00,"Medicaments,cont insulin,mixed,not in doses/forms/pack/frs,o/t No 30.02/05/06",3,3003200000,"Medicaments,cont antibiotics,nes,mix,for therap/prophltc,nfrs,o/t No 30.02/05/06",0.6879,,,,no
3003310000,1,imports,202603,2797436.00,"Medicaments,cont insulin,mixed,not in doses/forms/pack/frs,o/t No 30.02/05/06",4,3003900090,"Medicaments, nes,mix,therap/prophltc uses,not for retail sale,o/t No 30.02/05/06",0.6154,,,,no
3003310000,1,imports,202603,2797436.00,"Medicaments,cont insulin,mixed,not in doses/forms/pack/frs,o/t No 30.02/05/06",5,3003490000,"Medi,cont alkaloids/deriv t/o,nes,mix,f therap/prophltc,nfrs,o/t No 30.02/05/06",0.5385,,,,no
3003310000,1,imports,202603,2797436.00,"Medicaments,cont insulin,mixed,not in doses/forms/pack/frs,o/t No 30.02/05/06",6,3003390000,"Medi,cont horm/prostaglandins/thromboxanes/leukotrienes/deriv/analogues,nes,nfrs",0.3312,,,,no
3003310000,1,imports,202603,2797436.00,"Medicaments,cont insulin,mixed,not in doses/forms/pack/frs,o/t No 30.02/05/06",7,3003100000,"Medi,cont penicillins/deriv w penicillanic acid struct, streptomycins/deriv,nfrs",0.2949,,,,no
3003310010,1,imports,201108,77748.00,"Insulin, prepared for parenteral administration in humans, in bulk",1,3003310000,"Medicaments,cont insulin,mixed,not in doses/forms/pack/frs,o/t No 30.02/05/06",0.3121,,,,no
3003310090,1,imports,201112,5331921.00,"Insulin, formulated, in bulk, nes",1,3003310000,"Medicaments,cont insulin,mixed,not in doses/forms/pack/frs,o/t No 30.02/05/06",0.2991,,,,no
3003311000,1,imports,199710,4350765.00,"Insulin, prepared for parenteral administration in humans, in bulk",1,3003310010,"Insulin, prepared for parenteral administration in humans, in bulk",1.0000,,,,yes
3003311000,1,imports,199710,4350765.00,"Insulin, prepared for parenteral administration in humans, in bulk",2,3003310090,"Insulin, formulated, in bulk, nes",0.4894,,,,no
3003311000,1,imports,199710,4350765.00,"Insulin, prepared for parenteral administration in humans, in bulk",3,3003319900,"Insulin, formulated, in bulk, nes",0.4894,,,,no
3003311000,1,imports,199710,4350765.00,"Insulin, prepared for parenteral administration in humans, in bulk",4,3003310000,"Medicaments,cont insulin,mixed,not in doses/forms/pack/frs,o/t No 30.02/05/06",0.3121,continuity,,,no
3003319100,1,imports,199005,129843.00,"Insulin, cont more than 23% of absolute ethyl alcohol by volume, in bulk",1,3003310090,"Insulin, formulated, in bulk, nes",0.4242,continuity,,,no
3003319100,1,imports,199005,129843.00,"Insulin, cont more than 23% of absolute ethyl alcohol by volume, in bulk",2,3003319900,"Insulin, formulated, in bulk, nes",0.4242,,,,no
3003319100,1,imports,199005,129843.00,"Insulin, cont more than 23% of absolute ethyl alcohol by volume, in bulk",3,3003310010,"Insulin, prepared for parenteral administration in humans, in bulk",0.4211,continuity,,,no
3003319100,1,imports,199005,129843.00,"Insulin, cont more than 23% of absolute ethyl alcohol by volume, in bulk",4,3003311000,"Insulin, prepared for parenteral administration in humans, in bulk",0.4211,,,,no
3003319100,1,imports,199005,129843.00,"Insulin, cont more than 23% of absolute ethyl alcohol by volume, in bulk",5,3003310000,"Medicaments,cont insulin,mixed,not in doses/forms/pack/frs,o/t No 30.02/05/06",0.2055,continuity,,,no
3003319900,1,imports,199712,3974845.00,"Insulin, formulated, in bulk, nes",1,3003310090,"Insulin, formulated, in bulk, nes",1.0000,,,,yes
3003319900,1,imports,199712,3974845.00,"Insulin, formulated, in bulk, nes",2,3003310010,"Insulin, prepared for parenteral administration in humans, in bulk",0.4681,,,,no
3003319900,1,imports,199712,3974845.00,"Insulin, formulated, in bulk, nes",3,3003310000,"Medicaments,cont insulin,mixed,not in doses/forms/pack/frs,o/t No 30.02/05/06",0.2991,continuity,,,no
3003390010,1,imports,201112,4162382.00,"Epinephrine and its solutions, prepared for parenteral admin in humans, in bulk",1,3003390000,"Medi,cont horm/prostaglandins/thromboxanes/leukotrienes/deriv/analogues,nes,nfrs",0.2293,,,,no
3003390090,1,imports,201112,151533683.00,"Hormones, nes, not containing antibiotics, in bulk, o/t contraceptives",1,3003390000,"Medi,cont horm/prostaglandins/thromboxanes/leukotrienes/deriv/analogues,nes,nfrs",0.2055,,,,no
3003391000,1,imports,199712,724092.00,"Epinephrine & its solutions, prepared for parenteral admin in humans, in bulk",1,3003390010,"Epinephrine & its solutions, prepared for parenteral admin in humans, in bulk",1.0000,,,,yes
3003391000,1,imports,199712,724092.00,"Epinephrine & its solutions, prepared for parenteral admin in humans, in bulk",2,3003390090,"Hormones, nes, not containing antibiotics, in bulk, o/t contraceptives",0.2878,,,,no
3003391000,1,imports,199712,724092.00,"Epinephrine & its solutions, prepared for parenteral admin in humans, in bulk",3,3003390000,"Medi,cont horm/prostaglandins/thromboxanes/leukotrienes/deriv/analogues,nes,nfrs",0.2614,continuity,,,no
3003399100,1,imports,199707,10184.00,"Hormones, containing more than 23% of absolute ethyl alcohol by volume, in bulk",1,3003390090,"Hormones, nes, not containing antibiotics, in bulk, o/t contraceptives",0.4507,,,,no
3003399100,1,imports,199707,10184.00,"Hormones, containing more than 23% of absolute ethyl alcohol by volume, in bulk",2,3003399900,"Hormones, nes, not cont antibiotics, in bulk, o/t contraceptives",0.3824,,,,no
3003399100,1,imports,199707,10184.00,"Hormones, containing more than 23% of absolute ethyl alcohol by volume, in bulk",3,3003390010,"Epinephrine & its solutions, prepared for parenteral admin in humans, in bulk",0.3624,,,,no
3003399100,1,imports,199707,10184.00,"Hormones, containing more than 23% of absolute ethyl alcohol by volume, in bulk",4,3003391000,"Epinephrine & its solutions, prepared for parenteral admin in humans, in bulk",0.3624,,,,no
3003399100,1,imports,199707,10184.00,"Hormones, containing more than 23% of absolute ethyl alcohol by volume, in bulk",5,3003390000,"Medi,cont horm/prostaglandins/thromboxanes/leukotrienes/deriv/analogues,nes,nfrs",0.3205,continuity,,,no
3003399900,1,imports,199712,41099945.00,"Hormones, nes, not cont antibiotics, in bulk, o/t contraceptives",1,3003390090,"Hormones, nes, not containing antibiotics, in bulk, o/t contraceptives",0.9524,,,,no
3003399900,1,imports,199712,41099945.00,"Hormones, nes, not cont antibiotics, in bulk, o/t contraceptives",2,3003390010,"Epinephrine & its solutions, prepared for parenteral admin in humans, in bulk",0.2857,,,,no
3003399900,1,imports,199712,41099945.00,"Hormones, nes, not cont antibiotics, in bulk, o/t contraceptives",3,3003390000,"Medi,cont horm/prostaglandins/thromboxanes/leukotrienes/deriv/analogues,nes,nfrs",0.2143,continuity,,,no
3003400000,1,imports,201612,112415829.00,"Alkaloids or their derivs, formulated, not cont antibiotics/hormones, in bulk",1,3003490000,"Medi,cont alkaloids/deriv t/o,nes,mix,f therap/prophltc,nfrs,o/t No 30.02/05/06",0.3529,,,,no
3003400000,1,imports,201612,112415829.00,"Alkaloids or their derivs, formulated, not cont antibiotics/hormones, in bulk",2,3003430000,"Medicaments,cont norephedrine/salts,mix,therap/prophltc,nfrs,o/t No 30.02/05/06",0.2876,,,,no
3003400000,1,imports,201612,112415829.00,"Alkaloids or their derivs, formulated, not cont antibiotics/hormones, in bulk",3,3003410000,"Medicaments,cont ephedrin/salts,mix,therap/prophltc uses,nfrs,o/t No 30.02/05/06",0.2857,,,,no
3003400000,1,imports,201612,112415829.00,"Alkaloids or their derivs, formulated, not cont antibiotics/hormones, in bulk",4,3003420000,"Medicaments,cont pseudoephedrine/sa,mix,therap/prophltc,nfrs,o/t No 30.02/05/06",0.2484,,,,no
3003401000,1,imports,199308,12838.00,"Alkaloids or their derivs, cont more than 23% of absol ethyl alc by vol, in bulk",1,3003409000,"Alkaloids or their derivs, formltd, not cont antibiotics or horm, in bulk, nes",0.5828,,,,no
3003401000,1,imports,199308,12838.00,"Alkaloids or their derivs, cont more than 23% of absol ethyl alc by vol, in bulk",2,3003400000,"Alkaloids or their derivs, formulated, not cont antibiotics/hormones, in bulk",0.5695,continuity,,,no
3003409000,1,imports,199712,3954586.00,"Alkaloids or their derivs, formltd, not cont antibiotics or horm, in bulk, nes",1,3003400000,"Alkaloids or their derivs, formulated, not cont antibiotics/hormones, in bulk",0.9054,,,,no
3003410000,1,imports,202605,14190.00,"Medicaments,cont ephedrin/salts,mix,therap/prophltc uses,nfrs,o/t No 30.02/05/06",1,3003900030,"Medicaments,cont acetaminophen,mix,therap/prophltc uses,nfrs,o/t No 30.02/05/06",0.8931,,,swapped term,no
3003410000,1,imports,202605,14190.00,"Medicaments,cont ephedrin/salts,mix,therap/prophltc uses,nfrs,o/t No 30.02/05/06",2,3003900090,"Medicaments, nes,mix,therap/prophltc uses,not for retail sale,o/t No 30.02/05/06",0.8050,,,,no
3003410000,1,imports,202605,14190.00,"Medicaments,cont ephedrin/salts,mix,therap/prophltc uses,nfrs,o/t No 30.02/05/06",3,3003200000,"Medicaments,cont antibiotics,nes,mix,for therap/prophltc,nfrs,o/t No 30.02/05/06",0.7875,,,swapped term,no
3003410000,1,imports,202605,14190.00,"Medicaments,cont ephedrin/salts,mix,therap/prophltc uses,nfrs,o/t No 30.02/05/06",4,3003490000,"Medi,cont alkaloids/deriv t/o,nes,mix,f therap/prophltc,nfrs,o/t No 30.02/05/06",0.7421,,,,no
3003410000,1,imports,202605,14190.00,"Medicaments,cont ephedrin/salts,mix,therap/prophltc uses,nfrs,o/t No 30.02/05/06",5,3003390000,"Medi,cont horm/prostaglandins/thromboxanes/leukotrienes/deriv/analogues,nes,nfrs",0.3750,,,,no
3003410000,1,imports,202605,14190.00,"Medicaments,cont ephedrin/salts,mix,therap/prophltc uses,nfrs,o/t No 30.02/05/06",6,3003100000,"Medi,cont penicillins/deriv w penicillanic acid struct, streptomycins/deriv,nfrs",0.2516,,,,no
3003420000,1,imports,202401,193.00,"Medicaments,cont pseudoephedrine/sa,mix,therap/prophltc,nfrs,o/t No 30.02/05/06",1,3003430000,"Medicaments,cont norephedrine/salts,mix,therap/prophltc,nfrs,o/t No 30.02/05/06",0.9367,stimulant,,swapped term,no
3003420000,1,imports,202401,193.00,"Medicaments,cont pseudoephedrine/sa,mix,therap/prophltc,nfrs,o/t No 30.02/05/06",2,3003410000,"Medicaments,cont ephedrin/salts,mix,therap/prophltc uses,nfrs,o/t No 30.02/05/06",0.9057,,,,no
3003420000,1,imports,202401,193.00,"Medicaments,cont pseudoephedrine/sa,mix,therap/prophltc,nfrs,o/t No 30.02/05/06",3,3003900030,"Medicaments,cont acetaminophen,mix,therap/prophltc uses,nfrs,o/t No 30.02/05/06",0.8481,,,swapped term,no
3003420000,1,imports,202401,193.00,"Medicaments,cont pseudoephedrine/sa,mix,therap/prophltc,nfrs,o/t No 30.02/05/06",4,3003200000,"Medicaments,cont antibiotics,nes,mix,for therap/prophltc,nfrs,o/t No 30.02/05/06",0.8176,,,swapped term,no
3003420000,1,imports,202401,193.00,"Medicaments,cont pseudoephedrine/sa,mix,therap/prophltc,nfrs,o/t No 30.02/05/06",5,3003490000,"Medi,cont alkaloids/deriv t/o,nes,mix,f therap/prophltc,nfrs,o/t No 30.02/05/06",0.7722,,,,no
3003420000,1,imports,202401,193.00,"Medicaments,cont pseudoephedrine/sa,mix,therap/prophltc,nfrs,o/t No 30.02/05/06",6,3003900090,"Medicaments, nes,mix,therap/prophltc uses,not for retail sale,o/t No 30.02/05/06",0.7468,,,swapped term,no
3003420000,1,imports,202401,193.00,"Medicaments,cont pseudoephedrine/sa,mix,therap/prophltc,nfrs,o/t No 30.02/05/06",7,3003310000,"Medicaments,cont insulin,mixed,not in doses/forms/pack/frs,o/t No 30.02/05/06",0.6923,,,,no
3003420000,1,imports,202401,193.00,"Medicaments,cont pseudoephedrine/sa,mix,therap/prophltc,nfrs,o/t No 30.02/05/06",8,3003600000,"Medicaments,cont antimalarial active principles,mixed,nfrs,o/t No 30.02/05/06",0.6667,,,,no
3003420000,1,imports,202401,193.00,"Medicaments,cont pseudoephedrine/sa,mix,therap/prophltc,nfrs,o/t No 30.02/05/06",9,3003390000,"Medi,cont horm/prostaglandins/thromboxanes/leukotrienes/deriv/analogues,nes,nfrs",0.3145,,,,no
3003420000,1,imports,202401,193.00,"Medicaments,cont pseudoephedrine/sa,mix,therap/prophltc,nfrs,o/t No 30.02/05/06",10,3003100000,"Medi,cont penicillins/deriv w penicillanic acid struct, streptomycins/deriv,nfrs",0.3038,,,,no
3003430000,1,imports,202506,21630.00,"Medicaments,cont norephedrine/salts,mix,therap/prophltc,nfrs,o/t No 30.02/05/06",1,3003410000,"Medicaments,cont ephedrin/salts,mix,therap/prophltc uses,nfrs,o/t No 30.02/05/06",0.9434,,,swapped term,no
3003430000,1,imports,202506,21630.00,"Medicaments,cont norephedrine/salts,mix,therap/prophltc,nfrs,o/t No 30.02/05/06",2,3003900030,"Medicaments,cont acetaminophen,mix,therap/prophltc uses,nfrs,o/t No 30.02/05/06",0.8481,,,swapped term,no
3003430000,1,imports,202506,21630.00,"Medicaments,cont norephedrine/salts,mix,therap/prophltc,nfrs,o/t No 30.02/05/06",3,3003200000,"Medicaments,cont antibiotics,nes,mix,for therap/prophltc,nfrs,o/t No 30.02/05/06",0.8428,,,swapped term,no
3003430000,1,imports,202506,21630.00,"Medicaments,cont norephedrine/salts,mix,therap/prophltc,nfrs,o/t No 30.02/05/06",4,3003490000,"Medi,cont alkaloids/deriv t/o,nes,mix,f therap/prophltc,nfrs,o/t No 30.02/05/06",0.7722,,,,no
3003430000,1,imports,202506,21630.00,"Medicaments,cont norephedrine/salts,mix,therap/prophltc,nfrs,o/t No 30.02/05/06",5,3003900090,"Medicaments, nes,mix,therap/prophltc uses,not for retail sale,o/t No 30.02/05/06",0.7468,,,swapped term,no
3003430000,1,imports,202506,21630.00,"Medicaments,cont norephedrine/salts,mix,therap/prophltc,nfrs,o/t No 30.02/05/06",6,3003310000,"Medicaments,cont insulin,mixed,not in doses/forms/pack/frs,o/t No 30.02/05/06",0.7051,,,,no
3003430000,1,imports,202506,21630.00,"Medicaments,cont norephedrine/salts,mix,therap/prophltc,nfrs,o/t No 30.02/05/06",7,3003600000,"Medicaments,cont antimalarial active principles,mixed,nfrs,o/t No 30.02/05/06",0.7051,,,,no
3003430000,1,imports,202506,21630.00,"Medicaments,cont norephedrine/salts,mix,therap/prophltc,nfrs,o/t No 30.02/05/06",8,3003390000,"Medi,cont horm/prostaglandins/thromboxanes/leukotrienes/deriv/analogues,nes,nfrs",0.3145,,,,no
3003430000,1,imports,202506,21630.00,"Medicaments,cont norephedrine/salts,mix,therap/prophltc,nfrs,o/t No 30.02/05/06",9,3003100000,"Medi,cont penicillins/deriv w penicillanic acid struct, streptomycins/deriv,nfrs",0.2785,,,,no
3003600000,1,imports,202508,786374.00,"Medicaments,cont antimalarial active principles,mixed,nfrs,o/t No 30.02/05/06",1,3003200000,"Medicaments,cont antibiotics,nes,mix,for therap/prophltc,nfrs,o/t No 30.02/05/06",0.7261,,,,no
3003600000,1,imports,202508,786374.00,"Medicaments,cont antimalarial active principles,mixed,nfrs,o/t No 30.02/05/06",2,3003900030,"Medicaments,cont acetaminophen,mix,therap/prophltc uses,nfrs,o/t No 30.02/05/06",0.6795,,,,no
3003600000,1,imports,202508,786374.00,"Medicaments,cont antimalarial active principles,mixed,nfrs,o/t No 30.02/05/06",3,3003410000,"Medicaments,cont ephedrin/salts,mix,therap/prophltc uses,nfrs,o/t No 30.02/05/06",0.6752,,,,no
3003600000,1,imports,202508,786374.00,"Medicaments,cont antimalarial active principles,mixed,nfrs,o/t No 30.02/05/06",4,3003310000,"Medicaments,cont insulin,mixed,not in doses/forms/pack/frs,o/t No 30.02/05/06",0.6494,,,,no
3003600000,1,imports,202508,786374.00,"Medicaments,cont antimalarial active principles,mixed,nfrs,o/t No 30.02/05/06",5,3003490000,"Medi,cont alkaloids/deriv t/o,nes,mix,f therap/prophltc,nfrs,o/t No 30.02/05/06",0.6410,,,,no
3003600000,1,imports,202508,786374.00,"Medicaments,cont antimalarial active principles,mixed,nfrs,o/t No 30.02/05/06",6,3003900090,"Medicaments, nes,mix,therap/prophltc uses,not for retail sale,o/t No 30.02/05/06",0.5641,,,,no
3003600000,1,imports,202508,786374.00,"Medicaments,cont antimalarial active principles,mixed,nfrs,o/t No 30.02/05/06",7,3003390000,"Medi,cont horm/prostaglandins/thromboxanes/leukotrienes/deriv/analogues,nes,nfrs",0.3439,,,,no
3003600000,1,imports,202508,786374.00,"Medicaments,cont antimalarial active principles,mixed,nfrs,o/t No 30.02/05/06",8,3003100000,"Medi,cont penicillins/deriv w penicillanic acid struct, streptomycins/deriv,nfrs",0.3077,,,,no
3003900010,1,imports,201112,8239452.00,"Fractioned soya oil emulsions, prepr for parenteral admin; mx of amino acids,etc",1,3003900090,"Other medicaments, formulated, in bulk, nes",0.3051,,,,no
3003900020,1,imports,201112,1506308.00,"Medicaments, nes, cont more than 23% of absolute ethyl alcohol by volume,in bulk",1,3003900090,"Other medicaments, formulated, in bulk, nes",0.4274,,,,no
3003900091,1,imports,201112,71952532.00,"Medicaments containing acetaminophen, in bulk",1,3003900030,"Medicaments containing acetaminophen, in bulk",1.0000,,,,yes
3003900099,1,imports,201112,1694115004.00,"Medicaments, nes, formulated, in bulk",1,3003900090,"Other medicaments, formulated, in bulk, nes",0.8108,,,,no
3003901000,1,imports,199712,11827021.00,"Fractioned soya oil emulsions, prepr for parenteral admin; mx of amino acids,etc",1,3003900010,"Fractioned soya oil emulsions, prepr for parenteral admin; mx of amino acids,etc",1.0000,,,,yes
3003901000,1,imports,199712,11827021.00,"Fractioned soya oil emulsions, prepr for parenteral admin; mx of amino acids,etc",2,3003900090,"Other medicaments, formulated, in bulk, nes",0.3051,continuity,,,no
3003901000,1,imports,199712,11827021.00,"Fractioned soya oil emulsions, prepr for parenteral admin; mx of amino acids,etc",3,3003900030,"Medicaments containing acetaminophen, in bulk",0.2951,continuity,,,no
3003901000,1,imports,199712,11827021.00,"Fractioned soya oil emulsions, prepr for parenteral admin; mx of amino acids,etc",4,3003900091,"Medicaments containing acetaminophen, in bulk",0.2951,,,,no
3003901000,1,imports,199712,11827021.00,"Fractioned soya oil emulsions, prepr for parenteral admin; mx of amino acids,etc",5,3003900099,"Medicaments nes, formulated, in bulk",0.2857,,,,no
3003901000,1,imports,199712,11827021.00,"Fractioned soya oil emulsions, prepr for parenteral admin; mx of amino acids,etc",6,3003900020,"Medicaments, nes, cont more than 23% of absolute ethyl alcohol by volume,in bulk",0.2839,,,,no
3003909100,1,imports,199712,621683.00,"Medicaments, nes, cont more than 23% of absolute ethyl alcohol by volume,in bulk",1,3003900020,"Medicaments, nes, cont more than 23% of absolute ethyl alcohol by volume,in bulk",1.0000,,,,yes
3003909100,1,imports,199712,621683.00,"Medicaments, nes, cont more than 23% of absolute ethyl alcohol by volume,in bulk",2,3003900030,"Medicaments containing acetaminophen, in bulk",0.5289,continuity,,,no
3003909100,1,imports,199712,621683.00,"Medicaments, nes, cont more than 23% of absolute ethyl alcohol by volume,in bulk",3,3003900091,"Medicaments containing acetaminophen, in bulk",0.5289,,,,no
3003909100,1,imports,199712,621683.00,"Medicaments, nes, cont more than 23% of absolute ethyl alcohol by volume,in bulk",4,3003900099,"Medicaments nes, formulated, in bulk",0.5225,,,,no
3003909100,1,imports,199712,621683.00,"Medicaments, nes, cont more than 23% of absolute ethyl alcohol by volume,in bulk",5,3003900090,"Other medicaments, formulated, in bulk, nes",0.4274,continuity,,,no
3003909100,1,imports,199712,621683.00,"Medicaments, nes, cont more than 23% of absolute ethyl alcohol by volume,in bulk",6,3003900010,"Fractioned soya oil emulsions, prepr for parenteral admin; mx of amino acids,etc",0.2710,,,,no
3003909900,1,imports,199412,158198908.00,"Medicaments, nes, formulated, in bulk",1,3003900099,"Medicaments nes, formulated, in bulk",1.0000,continuity,,,yes
3003909900,1,imports,199412,158198908.00,"Medicaments, nes, formulated, in bulk",2,3003909990,"Medicaments nes, formulated, in bulk",1.0000,,,,yes
3003909900,1,imports,199412,158198908.00,"Medicaments, nes, formulated, in bulk",3,3003900090,"Other medicaments, formulated, in bulk, nes",0.8108,continuity,,,no
3003909900,1,imports,199412,158198908.00,"Medicaments, nes, formulated, in bulk",4,3003900030,"Medicaments containing acetaminophen, in bulk",0.6154,continuity,,,no
3003909900,1,imports,199412,158198908.00,"Medicaments, nes, formulated, in bulk",5,3003900091,"Medicaments containing acetaminophen, in bulk",0.6154,continuity,,,no
3003909900,1,imports,199412,158198908.00,"Medicaments, nes, formulated, in bulk",6,3003909910,"Medicaments containing acetaminophen, in bulk",0.6154,,,,no
3003909900,1,imports,199412,158198908.00,"Medicaments, nes, formulated, in bulk",7,3003900020,"Medicaments, nes, cont more than 23% of absolute ethyl alcohol by volume,in bulk",0.5225,continuity,,,no
3003909900,1,imports,199412,158198908.00,"Medicaments, nes, formulated, in bulk",8,3003909100,"Medicaments, nes, cont more than 23% of absolute ethyl alcohol by volume,in bulk",0.5225,,,,no
3003909900,1,imports,199412,158198908.00,"Medicaments, nes, formulated, in bulk",9,3003900010,"Fractioned soya oil emulsions, prepr for parenteral admin; mx of amino acids,etc",0.3393,continuity,,,no
3003909900,1,imports,199412,158198908.00,"Medicaments, nes, formulated, in bulk",10,3003901000,"Fractioned soya oil emulsions, prepr for parenteral admin; mx of amino acids,etc",0.3393,,,,no
3003909910,1,imports,199712,10818930.00,"Medicaments containing acetaminophen, in bulk",1,3003900030,"Medicaments containing acetaminophen, in bulk",1.0000,continuity,,,yes
3003909910,1,imports,199712,10818930.00,"Medicaments containing acetaminophen, in bulk",2,3003900091,"Medicaments containing acetaminophen, in bulk",1.0000,,,,yes
3003909910,1,imports,199712,10818930.00,"Medicaments containing acetaminophen, in bulk",3,3003900099,"Medicaments nes, formulated, in bulk",0.5897,,,,no
3003909910,1,imports,199712,10818930.00,"Medicaments containing acetaminophen, in bulk",4,3003900090,"Other medicaments, formulated, in bulk, nes",0.5476,continuity,,,no
3003909910,1,imports,199712,10818930.00,"Medicaments containing acetaminophen, in bulk",5,3003900020,"Medicaments, nes, cont more than 23% of absolute ethyl alcohol by volume,in bulk",0.5455,,,,no
3003909910,1,imports,199712,10818930.00,"Medicaments containing acetaminophen, in bulk",6,3003900010,"Fractioned soya oil emulsions, prepr for parenteral admin; mx of amino acids,etc",0.2951,,,,no
3003909990,1,imports,199712,229173341.00,"Medicaments nes, formulated, in bulk",1,3003900099,"Medicaments nes, formulated, in bulk",1.0000,,,,yes
3003909990,1,imports,199712,229173341.00,"Medicaments nes, formulated, in bulk",2,3003900090,"Other medicaments, formulated, in bulk, nes",0.8108,continuity,,,no
3003909990,1,imports,199712,229173341.00,"Medicaments nes, formulated, in bulk",3,3003900030,"Medicaments containing acetaminophen, in bulk",0.6154,continuity,,,no
3003909990,1,imports,199712,229173341.00,"Medicaments nes, formulated, in bulk",4,3003900091,"Medicaments containing acetaminophen, in bulk",0.6154,,,,no
3003909990,1,imports,199712,229173341.00,"Medicaments nes, formulated, in bulk",5,3003900020,"Medicaments, nes, cont more than 23% of absolute ethyl alcohol by volume,in bulk",0.5225,,,,no
3003909990,1,imports,199712,229173341.00,"Medicaments nes, formulated, in bulk",6,3003900010,"Fractioned soya oil emulsions, prepr for parenteral admin; mx of amino acids,etc",0.3393,,,,no
3004100011,1,imports,201112,9924685.00,"Penicillin G sodium, for human use, in dosage",1,3004100010,"Medicaments,cont penicillins/their derivatives, for human use, in doses/pack frs",0.5785,,,,no
3004100012,1,imports,201111,700053.00,"Penicillin V, for human use, in dosage",1,3004100010,"Medicaments,cont penicillins/their derivatives, for human use, in doses/pack frs",0.5965,,,,no
3004100013,1,imports,201112,23568551.00,"Amoxycillin, for human use, in dosage",1,3004100010,"Medicaments,cont penicillins/their derivatives, for human use, in doses/pack frs",0.5487,,,,no
3004100014,1,imports,199112,9591808.00,"Amoxycillin for human use, in dosage",1,3004100013,"Amoxycillin for human use, in dosage",1.0000,,,,yes
3004100014,1,imports,199112,9591808.00,"Amoxycillin for human use, in dosage",2,3004100012,"Penicillin V for human use, in dosage",0.8451,,,swapped term,no
3004100014,1,imports,199112,9591808.00,"Amoxycillin for human use, in dosage",3,3004100011,"Penicillin G sodium for human use, in dosage",0.7692,,,swapped term,no
3004100014,1,imports,199112,9591808.00,"Amoxycillin for human use, in dosage",4,3004100019,"Penicillins or their derivs nes, for human use, in dosage",0.6667,,,,no
3004100014,1,imports,199112,9591808.00,"Amoxycillin for human use, in dosage",5,3004100020,"Streptomycins or their derivs, for human use, in dosage",0.6591,,,swapped term,no
3004100014,1,imports,199112,9591808.00,"Amoxycillin for human use, in dosage",6,3004100031,"Penicillins or their derivs, for vet use, in dosage",0.5952,use,,,no
3004100014,1,imports,199112,9591808.00,"Amoxycillin for human use, in dosage",7,3004100032,"Streptomycins or their derivs, for vet use, in dosage",0.5581,use,,,no
3004100014,1,imports,199112,9591808.00,"Amoxycillin for human use, in dosage",8,3004100010,"Medicaments,cont penicillins/their derivatives, for human use, in doses/pack frs",0.5487,continuity,,,no
3004100014,1,imports,199112,9591808.00,"Amoxycillin for human use, in dosage",9,3004100090,"Medi cont penicillins/streptomycins/deriv,f veterinary use,in doses/pack frs,nes",0.4348,continuity;use,,,no
3004100019,1,imports,201112,488231929.00,"Penicillins or their derivatives, nes, for human use, in dosage",1,3004100010,"Medicaments,cont penicillins/their derivatives, for human use, in doses/pack frs",0.7391,,,,no
3004100020,1,imports,201112,20420808.00,"Streptomycins or their derivatives, for human use, in dosage",1,3004100010,"Medicaments,cont penicillins/their derivatives, for human use, in doses/pack frs",0.6912,,,,no
3004100031,1,imports,201112,95284642.00,"Penicillins or their derivatives, for veterinary use, in dosage",1,3004100090,"Medi cont penicillins/streptomycins/deriv,f veterinary use,in doses/pack frs,nes",0.6525,,,,no
3004100032,1,imports,201112,50412716.00,"Streptomycins or their derivatives, for veterinary use, in dosage",1,3004100090,"Medi cont penicillins/streptomycins/deriv,f veterinary use,in doses/pack frs,nes",0.6294,,,,no
3004200010,1,imports,201112,47992503.00,"Tetracyclines or their derivatives, for human use, in dosage",1,3004200019,"Medi,cont antibiotics,hum,therap/prophltc,doses/pack frs,o/t No 30.02/05/06,nes",0.2774,,,,no
3004200020,1,imports,201112,952412146.00,"Cephalosporins, for human use, in dosage",1,3004200011,"Medicaments containing cephalosporins, for human use, in doses/packings frs",0.6667,,,,no
3004200031,1,imports,201112,217132160.00,"Erythromycin, for human use, in dosage",1,3004200013,"Medicaments containing erythromycin, for human use,in doses/pack for retail sale",0.6087,,,,no
3004200039,1,imports,201112,363544547.00,"Macrolide antibiotics, nes, for human use, in dosage",1,3004200018,"Medicaments containing macrolide,o/t erythromycin,f human use,doses/pack frs,nes",0.4496,,,,no
3004200041,1,imports,201112,23415016.00,"Gentamycins, for human use, in dosage",1,3004200019,"Medi,cont antibiotics,hum,therap/prophltc,doses/pack frs,o/t No 30.02/05/06,nes",0.3158,,,,no
3004200042,1,imports,199007,4757.00,"Kanamycins, for human use, in dosage",1,3004200041,"Gentamycins, for human use, in dosage",0.9275,,,swapped term,no
3004200042,1,imports,199007,4757.00,"Kanamycins, for human use, in dosage",2,3004200063,"Vancomycin, for human use, in dosage",0.9118,,,swapped term,no
3004200042,1,imports,199007,4757.00,"Kanamycins, for human use, in dosage",3,3004200064,"Lincomycin, for human use, in dosage",0.8824,,,swapped term,no
3004200042,1,imports,199007,4757.00,"Kanamycins, for human use, in dosage",4,3004200051,"Bacitracin, for human use, in dosage",0.8529,,,swapped term,no
3004200042,1,imports,199007,4757.00,"Kanamycins, for human use, in dosage",5,3004200052,"Polymyxins, for human use, in dosage",0.8529,,,swapped term,no
3004200042,1,imports,199007,4757.00,"Kanamycins, for human use, in dosage",6,3004200066,"Spectinomycin, for human use, in dosage",0.8451,,,swapped term,no
3004200042,1,imports,199007,4757.00,"Kanamycins, for human use, in dosage",7,3004200062,"Mitomycin C, for human use, in dosage",0.8406,,,swapped term,no
3004200042,1,imports,199007,4757.00,"Kanamycins, for human use, in dosage",8,3004200031,"Erythromycin, for human use, in dosage",0.8286,,,swapped term,no
3004200042,1,imports,199007,4757.00,"Kanamycins, for human use, in dosage",9,3004200069,"Antibiotics, nes, for human use, in dosage",0.7945,,,,no
3004200042,1,imports,199007,4757.00,"Kanamycins, for human use, in dosage",10,3004200020,"Cephalosporins, for human use, in dosage",0.7778,,,swapped term,no
3004200042,1,imports,199007,4757.00,"Kanamycins, for human use, in dosage",11,3004200061,"Chloramphenicol, for human use, in dosage",0.7397,,,swapped term,no
3004200042,1,imports,199007,4757.00,"Kanamycins, for human use, in dosage",12,3004200039,"Macrolide antibiotics nes, for human use, in dosage",0.6988,,,,no
3004200042,1,imports,199007,4757.00,"Kanamycins, for human use, in dosage",13,3004200071,"Ivermectin, for vet use, in dosage",0.6970,use,,,no
3004200042,1,imports,199007,4757.00,"Kanamycins, for human use, in dosage",14,3004200010,"Tetracyclines or their derivs, for human use, in dosage",0.6897,,,swapped term,no
3004200042,1,imports,199007,4757.00,"Kanamycins, for human use, in dosage",15,3004200059,"Polypeptide antibiotics, nes, for human use, in dosage",0.6824,,,,no
3004200042,1,imports,199007,4757.00,"Kanamycins, for human use, in dosage",16,3004200079,"Antibiotics, nes, for vet use, in dosage",0.6761,use,,,no
3004200042,1,imports,199007,4757.00,"Kanamycins, for human use, in dosage",17,3004200049,"Aminoglycoside antibiotics, nes, for human use, in dosage",0.6591,,,,no
3004200042,1,imports,199007,4757.00,"Kanamycins, for human use, in dosage",18,3004200013,"Medicaments containing erythromycin, for human use,in doses/pack for retail sale",0.5487,continuity,,,no
3004200042,1,imports,199007,4757.00,"Kanamycins, for human use, in dosage",19,3004200011,"Medicaments containing cephalosporins, for human use, in doses/packings frs",0.5421,continuity,,,no
3004200042,1,imports,199007,4757.00,"Kanamycins, for human use, in dosage",20,3004200012,"Medicaments containing vancomycin, for human use, in doses/pack for retail sale",0.5405,continuity,,,no
3004200042,1,imports,199007,4757.00,"Kanamycins, for human use, in dosage",21,3004200018,"Medicaments containing macrolide,o/t erythromycin,f human use,doses/pack frs,nes",0.4561,continuity,,,no
3004200042,1,imports,199007,4757.00,"Kanamycins, for human use, in dosage",22,3004200090,"Medi,cont antibiotics,for veterinary use,doses/pack frs,o/t No 30.02/05/06,nes",0.3571,continuity;use,,,no
3004200042,1,imports,199007,4757.00,"Kanamycins, for human use, in dosage",23,3004200080,"Medicaments,cont ivermectin,for veterinary use,doses/pack frs,o/t No 30.02/05/06",0.3509,continuity;use,,,no
3004200042,1,imports,199007,4757.00,"Kanamycins, for human use, in dosage",24,3004200019,"Medi,cont antibiotics,hum,therap/prophltc,doses/pack frs,o/t No 30.02/05/06,nes",0.2832,continuity,,,no
3004200049,1,imports,201112,86823169.00,"Aminoglycoside antibiotics, nes, for human use, in dosage",1,3004200019,"Medi,cont antibiotics,hum,therap/prophltc,doses/pack frs,o/t No 30.02/05/06,nes",0.4211,,,,no
3004200051,1,imports,201112,11061879.00,"Bacitracin, for human use, in dosage",1,3004200019,"Medi,cont antibiotics,hum,therap/prophltc,doses/pack frs,o/t No 30.02/05/06,nes",0.2478,,,,no
3004200052,1,imports,199611,1094147.00,"Polymyxins, for human use, in dosage",1,3004200063,"Vancomycin, for human use, in dosage",0.8529,,,swapped term,no
3004200052,1,imports,199611,1094147.00,"Polymyxins, for human use, in dosage",2,3004200041,"Gentamycins, for human use, in dosage",0.8406,,,swapped term,no
3004200052,1,imports,199611,1094147.00,"Polymyxins, for human use, in dosage",3,3004200062,"Mitomycin C, for human use, in dosage",0.8406,,,swapped term,no
3004200052,1,imports,199611,1094147.00,"Polymyxins, for human use, in dosage",4,3004200031,"Erythromycin, for human use, in dosage",0.8286,,,swapped term,no
3004200052,1,imports,199611,1094147.00,"Polymyxins, for human use, in dosage",5,3004200020,"Cephalosporins, for human use, in dosage",0.8056,,,swapped term,no
3004200052,1,imports,199611,1094147.00,"Polymyxins, for human use, in dosage",6,3004200069,"Antibiotics, nes, for human use, in dosage",0.7671,,,,no
3004200052,1,imports,199611,1094147.00,"Polymyxins, for human use, in dosage",7,3004200051,"Bacitracin, for human use, in dosage",0.7647,,,swapped term,no
3004200052,1,imports,199611,1094147.00,"Polymyxins, for human use, in dosage",8,3004200061,"Chloramphenicol, for human use, in dosage",0.7397,,,swapped term,no
3004200052,1,imports,199611,1094147.00,"Polymyxins, for human use, in dosage",9,3004200059,"Polypeptides antibiotics, nes, for human use, in dosage",0.7209,,,,no
3004200052,1,imports,199611,1094147.00,"Polymyxins, for human use, in dosage",10,3004200039,"Macrolide antibiotics nes, for human use, in dosage",0.6988,,,,no
3004200052,1,imports,199611,1094147.00,"Polymyxins, for human use, in dosage",11,3004200049,"Aminoglycoside antibiotics, nes, for human use, in dosage",0.6818,,,,no
3004200052,1,imports,199611,1094147.00,"Polymyxins, for human use, in dosage",12,3004200071,"Ivermectin, for vet use, in dosage",0.6667,use,,,no
3004200052,1,imports,199611,1094147.00,"Polymyxins, for human use, in dosage",13,3004200079,"Antibiotics, nes, for vet use, in dosage",0.6479,use,,,no
3004200052,1,imports,199611,1094147.00,"Polymyxins, for human use, in dosage",14,3004200010,"Tetracyclines or their derivs, for human use, in dosage",0.6437,,,swapped term,no
3004200052,1,imports,199611,1094147.00,"Polymyxins, for human use, in dosage",15,3004200011,"Medicaments containing cephalosporins, for human use, in doses/packings frs",0.5234,continuity,,,no
3004200052,1,imports,199611,1094147.00,"Polymyxins, for human use, in dosage",16,3004200013,"Medicaments containing erythromycin, for human use,in doses/pack for retail sale",0.5133,continuity,,,no
3004200052,1,imports,199611,1094147.00,"Polymyxins, for human use, in dosage",17,3004200012,"Medicaments containing vancomycin, for human use, in doses/pack for retail sale",0.5045,continuity,,,no
3004200052,1,imports,199611,1094147.00,"Polymyxins, for human use, in dosage",18,3004200018,"Medicaments containing macrolide,o/t erythromycin,f human use,doses/pack frs,nes",0.4386,continuity,,,no
3004200052,1,imports,199611,1094147.00,"Polymyxins, for human use, in dosage",19,3004200090,"Medi,cont antibiotics,for veterinary use,doses/pack frs,o/t No 30.02/05/06,nes",0.3393,continuity;use,,,no
3004200052,1,imports,199611,1094147.00,"Polymyxins, for human use, in dosage",20,3004200080,"Medicaments,cont ivermectin,for veterinary use,doses/pack frs,o/t No 30.02/05/06",0.3333,continuity;use,,,no
3004200052,1,imports,199611,1094147.00,"Polymyxins, for human use, in dosage",21,3004200019,"Medi,cont antibiotics,hum,therap/prophltc,doses/pack frs,o/t No 30.02/05/06,nes",0.2655,continuity,,,no
3004200059,1,imports,201112,214979963.00,"Polypeptides antibiotics, nes, for human use, in dosage",1,3004200019,"Medi,cont antibiotics,hum,therap/prophltc,doses/pack frs,o/t No 30.02/05/06,nes",0.3969,,,,no
3004200061,1,imports,201110,2971734.00,"Chloramphenicol, for human use, in dosage",1,3004200019,"Medi,cont antibiotics,hum,therap/prophltc,doses/pack frs,o/t No 30.02/05/06,nes",0.3051,,,,no
3004200062,1,imports,201110,11650860.00,"Mitomycin C, for human use, in dosage",1,3004200019,"Medi,cont antibiotics,hum,therap/prophltc,doses/pack frs,o/t No 30.02/05/06,nes",0.3158,,,,no
3004200063,1,imports,201112,142830549.00,"Vancomycin, for human use, in dosage",1,3004200012,"Medicaments containing vancomycin, for human use, in doses/pack for retail sale",0.5946,,,,no
3004200064,1,imports,199112,510594.00,"Lincomycin, for human use, in dosage",1,3004200063,"Vancomycin, for human use, in dosage",0.9412,,,swapped term,no
3004200064,1,imports,199112,510594.00,"Lincomycin, for human use, in dosage",2,3004200062,"Mitomycin C, for human use, in dosage",0.8986,,,swapped term,no
3004200064,1,imports,199112,510594.00,"Lincomycin, for human use, in dosage",3,3004200041,"Gentamycins, for human use, in dosage",0.8696,,,swapped term,no
3004200064,1,imports,199112,510594.00,"Lincomycin, for human use, in dosage",4,3004200031,"Erythromycin, for human use, in dosage",0.8571,,,swapped term,no
3004200064,1,imports,199112,510594.00,"Lincomycin, for human use, in dosage",5,3004200051,"Bacitracin, for human use, in dosage",0.8235,,,swapped term,no
3004200064,1,imports,199112,510594.00,"Lincomycin, for human use, in dosage",6,3004200052,"Polymyxins, for human use, in dosage",0.7941,,,swapped term,no
3004200064,1,imports,199112,510594.00,"Lincomycin, for human use, in dosage",7,3004200061,"Chloramphenicol, for human use, in dosage",0.7671,,,swapped term,no
3004200064,1,imports,199112,510594.00,"Lincomycin, for human use, in dosage",8,3004200020,"Cephalosporins, for human use, in dosage",0.7500,,,swapped term,no
3004200064,1,imports,199112,510594.00,"Lincomycin, for human use, in dosage",9,3004200069,"Antibiotics, nes, for human use, in dosage",0.7123,,,,no
3004200064,1,imports,199112,510594.00,"Lincomycin, for human use, in dosage",10,3004200039,"Macrolide antibiotics nes, for human use, in dosage",0.6988,,,,no
3004200064,1,imports,199112,510594.00,"Lincomycin, for human use, in dosage",11,3004200071,"Ivermectin, for vet use, in dosage",0.6970,use,,,no
3004200064,1,imports,199112,510594.00,"Lincomycin, for human use, in dosage",12,3004200059,"Polypeptide antibiotics, nes, for human use, in dosage",0.6824,,,,no
3004200064,1,imports,199112,510594.00,"Lincomycin, for human use, in dosage",13,3004200049,"Aminoglycoside antibiotics, nes, for human use, in dosage",0.6818,,,,no
3004200064,1,imports,199112,510594.00,"Lincomycin, for human use, in dosage",14,3004200010,"Tetracyclines or their derivs, for human use, in dosage",0.6667,,,swapped term,no
3004200064,1,imports,199112,510594.00,"Lincomycin, for human use, in dosage",15,3004200079,"Antibiotics, nes, for vet use, in dosage",0.5915,use,,,no
3004200064,1,imports,199112,510594.00,"Lincomycin, for human use, in dosage",16,3004200012,"Medicaments containing vancomycin, for human use, in doses/pack for retail sale",0.5766,continuity,,,no
3004200064,1,imports,199112,510594.00,"Lincomycin, for human use, in dosage",17,3004200013,"Medicaments containing erythromycin, for human use,in doses/pack for retail sale",0.5487,continuity,,,no
3004200064,1,imports,199112,510594.00,"Lincomycin, for human use, in dosage",18,3004200011,"Medicaments containing cephalosporins, for human use, in doses/packings frs",0.5047,continuity,,,no
3004200064,1,imports,199112,510594.00,"Lincomycin, for human use, in dosage",19,3004200018,"Medicaments containing macrolide,o/t erythromycin,f human use,doses/pack frs,nes",0.4561,continuity,,,no
3004200064,1,imports,199112,510594.00,"Lincomycin, for human use, in dosage",20,3004200080,"Medicaments,cont ivermectin,for veterinary use,doses/pack frs,o/t No 30.02/05/06",0.4035,continuity;use,,,no
3004200064,1,imports,199112,510594.00,"Lincomycin, for human use, in dosage",21,3004200090,"Medi,cont antibiotics,for veterinary use,doses/pack frs,o/t No 30.02/05/06,nes",0.3571,continuity;use,,,no
3004200064,1,imports,199112,510594.00,"Lincomycin, for human use, in dosage",22,3004200019,"Medi,cont antibiotics,hum,therap/prophltc,doses/pack frs,o/t No 30.02/05/06,nes",0.2832,continuity,,,no
3004200065,1,imports,198904,128029.00,"Lincomycin, for human use, in dosage",1,3004200064,"Lincomycin, for human use, in dosage",1.0000,,,,yes
3004200065,1,imports,198904,128029.00,"Lincomycin, for human use, in dosage",2,3004200063,"Vancomycin, for human use, in dosage",0.9412,,,swapped term,no
3004200065,1,imports,198904,128029.00,"Lincomycin, for human use, in dosage",3,3004200066,"Spectinomycin, for human use, in dosage",0.9014,,,swapped term,no
3004200065,1,imports,198904,128029.00,"Lincomycin, for human use, in dosage",4,3004200062,"Mitomycin C, for human use, in dosage",0.8986,,,swapped term,no
3004200065,1,imports,198904,128029.00,"Lincomycin, for human use, in dosage",5,3004200042,"Kanamycins, for human use, in dosage",0.8824,,,swapped term,no
3004200065,1,imports,198904,128029.00,"Lincomycin, for human use, in dosage",6,3004200041,"Gentamycins, for human use, in dosage",0.8696,,,swapped term,no
3004200065,1,imports,198904,128029.00,"Lincomycin, for human use, in dosage",7,3004200031,"Erythromycin, for human use, in dosage",0.8571,,,swapped term,no
3004200065,1,imports,198904,128029.00,"Lincomycin, for human use, in dosage",8,3004200051,"Bacitracin, for human use, in dosage",0.8235,,,swapped term,no
3004200065,1,imports,198904,128029.00,"Lincomycin, for human use, in dosage",9,3004200052,"Polymyxins, for human use, in dosage",0.7941,,,swapped term,no
3004200065,1,imports,198904,128029.00,"Lincomycin, for human use, in dosage",10,3004200061,"Chloramphenicol, for human use, in dosage",0.7671,,,swapped term,no
3004200065,1,imports,198904,128029.00,"Lincomycin, for human use, in dosage",11,3004200020,"Cephalosporins, for human use, in dosage",0.7500,,,swapped term,no
3004200065,1,imports,198904,128029.00,"Lincomycin, for human use, in dosage",12,3004200069,"Antibiotics, nes, for human use, in dosage",0.7123,,,,no
3004200065,1,imports,198904,128029.00,"Lincomycin, for human use, in dosage",13,3004200039,"Macrolide antibiotics nes, for human use, in dosage",0.6988,,,,no
3004200065,1,imports,198904,128029.00,"Lincomycin, for human use, in dosage",14,3004200071,"Ivermectin, for vet use, in dosage",0.6970,use,,,no
3004200065,1,imports,198904,128029.00,"Lincomycin, for human use, in dosage",15,3004200059,"Polypeptide antibiotics, nes, for human use, in dosage",0.6824,,,,no
3004200065,1,imports,198904,128029.00,"Lincomycin, for human use, in dosage",16,3004200049,"Aminoglycoside antibiotics, nes, for human use, in dosage",0.6818,,,,no
3004200065,1,imports,198904,128029.00,"Lincomycin, for human use, in dosage",17,3004200010,"Tetracyclines or their derivs, for human use, in dosage",0.6667,,,swapped term,no
3004200065,1,imports,198904,128029.00,"Lincomycin, for human use, in dosage",18,3004200079,"Antibiotics, nes, for vet use, in dosage",0.5915,use,,,no
3004200065,1,imports,198904,128029.00,"Lincomycin, for human use, in dosage",19,3004200012,"Medicaments containing vancomycin, for human use, in doses/pack for retail sale",0.5766,continuity,,,no
3004200065,1,imports,198904,128029.00,"Lincomycin, for human use, in dosage",20,3004200013,"Medicaments containing erythromycin, for human use,in doses/pack for retail sale",0.5487,continuity,,,no
3004200065,1,imports,198904,128029.00,"Lincomycin, for human use, in dosage",21,3004200011,"Medicaments containing cephalosporins, for human use, in doses/packings frs",0.5047,continuity,,,no
3004200065,1,imports,198904,128029.00,"Lincomycin, for human use, in dosage",22,3004200018,"Medicaments containing macrolide,o/t erythromycin,f human use,doses/pack frs,nes",0.4561,continuity,,,no
3004200065,1,imports,198904,128029.00,"Lincomycin, for human use, in dosage",23,3004200080,"Medicaments,cont ivermectin,for veterinary use,doses/pack frs,o/t No 30.02/05/06",0.4035,continuity;use,,,no
3004200065,1,imports,198904,128029.00,"Lincomycin, for human use, in dosage",24,3004200090,"Medi,cont antibiotics,for veterinary use,doses/pack frs,o/t No 30.02/05/06,nes",0.3571,continuity;use,,,no
3004200065,1,imports,198904,128029.00,"Lincomycin, for human use, in dosage",25,3004200019,"Medi,cont antibiotics,hum,therap/prophltc,doses/pack frs,o/t No 30.02/05/06,nes",0.2832,continuity,,,no
3004200066,1,imports,199101,185394.00,"Spectinomycin, for human use, in dosage",1,3004200064,"Lincomycin, for human use, in dosage",0.9014,,,swapped term,no
3004200066,1,imports,199101,185394.00,"Spectinomycin, for human use, in dosage",2,3004200031,"Erythromycin, for human use, in dosage",0.8767,,,swapped term,no
3004200066,1,imports,199101,185394.00,"Spectinomycin, for human use, in dosage",3,3004200063,"Vancomycin, for human use, in dosage",0.8732,,,swapped term,no
3004200066,1,imports,199101,185394.00,"Spectinomycin, for human use, in dosage",4,3004200041,"Gentamycins, for human use, in dosage",0.8611,,,swapped term,no
3004200066,1,imports,199101,185394.00,"Spectinomycin, for human use, in dosage",5,3004200062,"Mitomycin C, for human use, in dosage",0.8611,,,swapped term,no
3004200066,1,imports,199101,185394.00,"Spectinomycin, for human use, in dosage",6,3004200051,"Bacitracin, for human use, in dosage",0.8169,,,swapped term,no
3004200066,1,imports,199101,185394.00,"Spectinomycin, for human use, in dosage",7,3004200052,"Polymyxins, for human use, in dosage",0.7606,,,swapped term,no
3004200066,1,imports,199101,185394.00,"Spectinomycin, for human use, in dosage",8,3004200020,"Cephalosporins, for human use, in dosage",0.7467,,,swapped term,no
3004200066,1,imports,199101,185394.00,"Spectinomycin, for human use, in dosage",9,3004200061,"Chloramphenicol, for human use, in dosage",0.7368,,,swapped term,no
3004200066,1,imports,199101,185394.00,"Spectinomycin, for human use, in dosage",10,3004200059,"Polypeptide antibiotics, nes, for human use, in dosage",0.7273,,,,no
3004200066,1,imports,199101,185394.00,"Spectinomycin, for human use, in dosage",11,3004200069,"Antibiotics, nes, for human use, in dosage",0.7105,,,,no
3004200066,1,imports,199101,185394.00,"Spectinomycin, for human use, in dosage",12,3004200071,"Ivermectin, for vet use, in dosage",0.6957,use,,,no
3004200066,1,imports,199101,185394.00,"Spectinomycin, for human use, in dosage",13,3004200049,"Aminoglycoside antibiotics, nes, for human use, in dosage",0.6813,,,,no
3004200066,1,imports,199101,185394.00,"Spectinomycin, for human use, in dosage",14,3004200010,"Tetracyclines or their derivs, for human use, in dosage",0.6667,,,swapped term,no
3004200066,1,imports,199101,185394.00,"Spectinomycin, for human use, in dosage",15,3004200039,"Macrolide antibiotics nes, for human use, in dosage",0.6512,,,,no
3004200066,1,imports,199101,185394.00,"Spectinomycin, for human use, in dosage",16,3004200012,"Medicaments containing vancomycin, for human use, in doses/pack for retail sale",0.5965,continuity,,,no
3004200066,1,imports,199101,185394.00,"Spectinomycin, for human use, in dosage",17,3004200079,"Antibiotics, nes, for vet use, in dosage",0.5946,use,,,no
3004200066,1,imports,199101,185394.00,"Spectinomycin, for human use, in dosage",18,3004200013,"Medicaments containing erythromycin, for human use,in doses/pack for retail sale",0.5862,continuity,,,no
3004200066,1,imports,199101,185394.00,"Spectinomycin, for human use, in dosage",19,3004200018,"Medicaments containing macrolide,o/t erythromycin,f human use,doses/pack frs,nes",0.4957,continuity,,,no
3004200066,1,imports,199101,185394.00,"Spectinomycin, for human use, in dosage",20,3004200011,"Medicaments containing cephalosporins, for human use, in doses/packings frs",0.4909,continuity,,,no
3004200066,1,imports,199101,185394.00,"Spectinomycin, for human use, in dosage",21,3004200090,"Medi,cont antibiotics,for veterinary use,doses/pack frs,o/t No 30.02/05/06,nes",0.3826,continuity;use,,,no
3004200066,1,imports,199101,185394.00,"Spectinomycin, for human use, in dosage",22,3004200080,"Medicaments,cont ivermectin,for veterinary use,doses/pack frs,o/t No 30.02/05/06",0.3590,continuity;use,,,no
3004200066,1,imports,199101,185394.00,"Spectinomycin, for human use, in dosage",23,3004200019,"Medi,cont antibiotics,hum,therap/prophltc,doses/pack frs,o/t No 30.02/05/06,nes",0.3103,continuity,,,no
3004200069,1,imports,201112,2133828374.00,"Antibiotics, nes, for human use, in dosage",1,3004200019,"Medi,cont antibiotics,hum,therap/prophltc,doses/pack frs,o/t No 30.02/05/06,nes",0.3898,,,,no
3004200070,1,imports,198812,4291483.00,"Antibiotics, nes, for vet use, in dosage",1,3004200079,"Antibiotics, nes, for vet use, in dosage",1.0000,,,,yes
3004200070,1,imports,198812,4291483.00,"Antibiotics, nes, for vet use, in dosage",2,3004200069,"Antibiotics, nes, for human use, in dosage",0.8947,use,,,no
3004200070,1,imports,198812,4291483.00,"Antibiotics, nes, for vet use, in dosage",3,3004200039,"Macrolide antibiotics nes, for human use, in dosage",0.7907,use,,,no
3004200070,1,imports,198812,4291483.00,"Antibiotics, nes, for vet use, in dosage",4,3004200059,"Polypeptide antibiotics, nes, for human use, in dosage",0.7727,use,,,no
3004200070,1,imports,198812,4291483.00,"Antibiotics, nes, for vet use, in dosage",5,3004200049,"Aminoglycoside antibiotics, nes, for human use, in dosage",0.7473,use,,,no
3004200070,1,imports,198812,4291483.00,"Antibiotics, nes, for vet use, in dosage",6,3004200071,"Ivermectin, for vet use, in dosage",0.7246,,,swapped term,no
3004200070,1,imports,198812,4291483.00,"Antibiotics, nes, for vet use, in dosage",7,3004200042,"Kanamycins, for human use, in dosage",0.6761,use,,,no
3004200070,1,imports,198812,4291483.00,"Antibiotics, nes, for vet use, in dosage",8,3004200041,"Gentamycins, for human use, in dosage",0.6667,use,,,no
3004200070,1,imports,198812,4291483.00,"Antibiotics, nes, for vet use, in dosage",9,3004200063,"Vancomycin, for human use, in dosage",0.6479,use,,,no
3004200070,1,imports,198812,4291483.00,"Antibiotics, nes, for vet use, in dosage",10,3004200066,"Spectinomycin, for human use, in dosage",0.6216,use,,,no
3004200070,1,imports,198812,4291483.00,"Antibiotics, nes, for vet use, in dosage",11,3004200064,"Rifamycins, for human use, in dosage",0.6197,use,,,no
3004200070,1,imports,198812,4291483.00,"Antibiotics, nes, for vet use, in dosage",12,3004200065,"Lincomycin, for human use, in dosage",0.6197,use,,,no
3004200070,1,imports,198812,4291483.00,"Antibiotics, nes, for vet use, in dosage",13,3004200061,"Chloramphenicol, for human use, in dosage",0.6053,use,,,no
3004200070,1,imports,198812,4291483.00,"Antibiotics, nes, for vet use, in dosage",14,3004200051,"Bacitracin, for human use, in dosage",0.5915,continuity;use,,,no
3004200070,1,imports,198812,4291483.00,"Antibiotics, nes, for vet use, in dosage",15,3004200052,"Polymyxins, for human use, in dosage",0.5915,use,,,no
3004200070,1,imports,198812,4291483.00,"Antibiotics, nes, for vet use, in dosage",16,3004200020,"Cephalosporins, for human use, in dosage",0.5867,use,,,no
3004200070,1,imports,198812,4291483.00,"Antibiotics, nes, for vet use, in dosage",17,3004200062,"Mitomycin C, for human use, in dosage",0.5833,use,,,no
3004200070,1,imports,198812,4291483.00,"Antibiotics, nes, for vet use, in dosage",18,3004200010,"Tetracyclines or their derivs, for human use, in dosage",0.5556,use,,,no
3004200070,1,imports,198812,4291483.00,"Antibiotics, nes, for vet use, in dosage",19,3004200031,"Erythromycin, for human use, in dosage",0.5479,use,,,no
3004200070,1,imports,198812,4291483.00,"Antibiotics, nes, for vet use, in dosage",20,3004200090,"Medi,cont antibiotics,for veterinary use,doses/pack frs,o/t No 30.02/05/06,nes",0.5043,continuity,,,no
3004200070,1,imports,198812,4291483.00,"Antibiotics, nes, for vet use, in dosage",21,3004200011,"Medicaments containing cephalosporins, for human use, in doses/packings frs",0.4727,continuity;use,,,no
3004200070,1,imports,198812,4291483.00,"Antibiotics, nes, for vet use, in dosage",22,3004200013,"Medicaments containing erythromycin, for human use,in doses/pack for retail sale",0.4310,continuity;use,,,no
3004200070,1,imports,198812,4291483.00,"Antibiotics, nes, for vet use, in dosage",23,3004200080,"Medicaments,cont ivermectin,for veterinary use,doses/pack frs,o/t No 30.02/05/06",0.4103,continuity,,,no
3004200070,1,imports,198812,4291483.00,"Antibiotics, nes, for vet use, in dosage",24,3004200012,"Medicaments containing vancomycin, for human use, in doses/pack for retail sale",0.3860,continuity;use,,,no
3004200070,1,imports,198812,4291483.00,"Antibiotics, nes, for vet use, in dosage",25,3004200019,"Medi,cont antibiotics,hum,therap/prophltc,doses/pack frs,o/t No 30.02/05/06,nes",0.3793,continuity,,,no
3004200070,1,imports,198812,4291483.00,"Antibiotics, nes, for vet use, in dosage",26,3004200018,"Medicaments containing macrolide,o/t erythromycin,f human use,doses/pack frs,nes",0.1538,continuity;use,,,no
3004200071,1,imports,201112,347629609.00,"Ivermectin, for veterinary use, in dosage",1,3004200080,"Medicaments,cont ivermectin,for veterinary use,doses/pack frs,o/t No 30.02/05/06",0.5714,,,,no
3004200079,1,imports,201112,741387848.00,"Antibiotics, nes, for veterinary use, in dosage",1,3004200090,"Medi,cont antibiotics,for veterinary use,doses/pack frs,o/t No 30.02/05/06,nes",0.5902,,,,no
3004310010,1,imports,201112,1770683777.00,"Insulin, w/n mixed w zinc,globin or protamine, prepr for parentl admin,in dosage",1,3004310000,"Medicaments,cont insulin,in doses/forms/pack f retail sale,o/t No 30.02/05/06",0.2065,,,,no
3004310090,1,imports,201112,7272310.00,"Insulin, nes, for human use, in dosage",1,3004310000,"Medicaments,cont insulin,in doses/forms/pack f retail sale,o/t No 30.02/05/06",0.4107,,,,no
3004311000,1,imports,199712,266955474.00,"Insulin, w/n mixed w zinc, globin or protamine, prepr for parentl admin, in dos",1,3004310010,"Insulin, w/n mixed w zinc, globin or protamine, prepr for parentl admin, in dos",1.0000,,,,yes
3004311000,1,imports,199712,266955474.00,"Insulin, w/n mixed w zinc, globin or protamine, prepr for parentl admin, in dos",2,3004310090,"Insulin, nes, for human use, in dosage",0.4364,,,,no
3004311000,1,imports,199712,266955474.00,"Insulin, w/n mixed w zinc, globin or protamine, prepr for parentl admin, in dos",3,3004310000,"Medicaments,cont insulin,in doses/forms/pack f retail sale,o/t No 30.02/05/06",0.1842,continuity,,,no
3004319900,1,imports,199712,1727839.00,"Insulin, nes, for human use, in dosage",1,3004310090,"Insulin, nes, for human use, in dosage",1.0000,,,,yes
3004319900,1,imports,199712,1727839.00,"Insulin, nes, for human use, in dosage",2,3004310010,"Insulin, w/n mixed w zinc, globin or protamine, prepr for parentl admin, in dos",0.4364,,,,no
3004319900,1,imports,199712,1727839.00,"Insulin, nes, for human use, in dosage",3,3004310000,"Medicaments,cont insulin,in doses/forms/pack f retail sale,o/t No 30.02/05/06",0.4107,continuity,,,no
3004320010,1,imports,200112,929148.00,"Adrenal cortical horm, cont more than 23% of abs ethyl alc by vol, in dosage",1,3004320020,"Corticosteriod hormones, for veterinary use, in dosage",0.5120,,,,no
3004320010,1,imports,200112,929148.00,"Adrenal cortical horm, cont more than 23% of abs ethyl alc by vol, in dosage",2,3004320011,"Hydrocortisone, for human use, in dosage",0.4505,,,,no
3004320010,1,imports,200112,929148.00,"Adrenal cortical horm, cont more than 23% of abs ethyl alc by vol, in dosage",3,3004320019,"Medicaments containing corticosteroid hormones, for human use, nes",0.4088,,,,no
3004320010,1,imports,200112,929148.00,"Adrenal cortical horm, cont more than 23% of abs ethyl alc by vol, in dosage",4,3004320000,"Medi,cont corticosteroid horm/deriv/struct ana,in doses/frs,o/t No 30.02/05/06",0.3841,continuity,,,no
3004320011,1,imports,201112,30740274.00,"Hydrocortisone, for human use, in dosage",1,3004320000,"Medi,cont corticosteroid horm/deriv/struct ana,in doses/frs,o/t No 30.02/05/06",0.4138,,,,no
3004320019,1,imports,201112,578742262.00,"Medicaments containing corticosteroid hormones, for human use, nes",1,3004320000,"Medi,cont corticosteroid horm/deriv/struct ana,in doses/frs,o/t No 30.02/05/06",0.5352,,,,no
3004320020,1,imports,201112,13895452.00,"Corticosteriod hormones, for veterinary use, in dosage",1,3004320000,"Medi,cont corticosteroid horm/deriv/struct ana,in doses/frs,o/t No 30.02/05/06",0.4923,,,,no
3004320081,1,imports,200112,10422499.00,"Hydrocortisone, for human use, in dosage",1,3004320011,"Hydrocortisone, for human use, in dosage",1.0000,,,,yes
3004320081,1,imports,200112,10422499.00,"Hydrocortisone, for human use, in dosage",2,3004320020,"Corticosteriod hormones, for veterinary use, in dosage",0.6444,use,,,no
3004320081,1,imports,200112,10422499.00,"Hydrocortisone, for human use, in dosage",3,3004320019,"Medicaments containing corticosteroid hormones, for human use, nes",0.5490,,,,no
3004320081,1,imports,200112,10422499.00,"Hydrocortisone, for human use, in dosage",4,3004320000,"Medi,cont corticosteroid horm/deriv/struct ana,in doses/frs,o/t No 30.02/05/06",0.4138,continuity,,,no
3004320082,1,imports,200111,25.00,"Betamethasone, for human use, in dosage",1,3004320011,"Hydrocortisone, for human use, in dosage",0.7733,,,swapped term,no
3004320082,1,imports,200111,25.00,"Betamethasone, for human use, in dosage",2,3004320081,"Hydrocortisone, for human use, in dosage",0.7733,,,swapped term,no
3004320082,1,imports,200111,25.00,"Betamethasone, for human use, in dosage",3,3004320089,"Adrenal cortical hormones, nes, for human use, in dosage",0.6889,,,,no
3004320082,1,imports,200111,25.00,"Betamethasone, for human use, in dosage",4,3004320090,"Adrenal cortical hormones, for vet use, in dosage",0.6190,use,,,no
3004320082,1,imports,200111,25.00,"Betamethasone, for human use, in dosage",5,3004320020,"Corticosteriod hormones, for veterinary use, in dosage",0.5618,use,,,no
3004320082,1,imports,200111,25.00,"Betamethasone, for human use, in dosage",6,3004320019,"Medicaments containing corticosteroid hormones, for human use, nes",0.5149,,,,no
3004320082,1,imports,200111,25.00,"Betamethasone, for human use, in dosage",7,3004320000,"Medi,cont corticosteroid horm/deriv/struct ana,in doses/frs,o/t No 30.02/05/06",0.3478,continuity,,,no
3004320082,1,imports,200111,25.00,"Betamethasone, for human use, in dosage",8,3004320010,"Adrenal cortical horm, cont more than 23% of abs ethyl alc by vol, in dosage",0.2909,,,,no
3004320089,1,imports,200112,128397239.00,"Adrenal cortical hormones, nes, for human use, in dosage",1,3004320011,"Hydrocortisone, for human use, in dosage",0.7473,,,swapped term,no
3004320089,1,imports,200112,128397239.00,"Adrenal cortical hormones, nes, for human use, in dosage",2,3004320020,"Corticosteriod hormones, for veterinary use, in dosage",0.6667,use,,,no
3004320089,1,imports,200112,128397239.00,"Adrenal cortical hormones, nes, for human use, in dosage",3,3004320019,"Medicaments containing corticosteroid hormones, for human use, nes",0.6325,,,,no
3004320089,1,imports,200112,128397239.00,"Adrenal cortical hormones, nes, for human use, in dosage",4,3004320000,"Medi,cont corticosteroid horm/deriv/struct ana,in doses/frs,o/t No 30.02/05/06",0.4122,continuity,,,no
3004320090,1,imports,200112,38149408.00,"Adrenal cortical hormones, for vet use, in dosage",1,3004320020,"Corticosteriod hormones, for veterinary use, in dosage",0.7475,,,swapped term,no
3004320090,1,imports,200112,38149408.00,"Adrenal cortical hormones, for vet use, in dosage",2,3004320011,"Hydrocortisone, for human use, in dosage",0.6824,use,,,no
3004320090,1,imports,200112,38149408.00,"Adrenal cortical hormones, for vet use, in dosage",3,3004320019,"Medicaments containing corticosteroid hormones, for human use, nes",0.5766,use,,,no
3004320090,1,imports,200112,38149408.00,"Adrenal cortical hormones, for vet use, in dosage",4,3004320000,"Medi,cont corticosteroid horm/deriv/struct ana,in doses/frs,o/t No 30.02/05/06",0.4320,continuity,,,no
3004321000,1,imports,199712,1805132.00,"Adrenal cortical horm, cont more than 23% of abs ethyl alc by vol, in dosage",1,3004320010,"Adrenal cortical horm, cont more than 23% of abs ethyl alc by vol, in dosage",1.0000,,,,yes
3004321000,1,imports,199712,1805132.00,"Adrenal cortical horm, cont more than 23% of abs ethyl alc by vol, in dosage",2,3004320089,"Adrenal cortical hormones, nes, for human use, in dosage",0.6825,,,,no
3004321000,1,imports,199712,1805132.00,"Adrenal cortical horm, cont more than 23% of abs ethyl alc by vol, in dosage",3,3004320090,"Adrenal cortical hormones, for vet use, in dosage",0.6000,,,,no
3004321000,1,imports,199712,1805132.00,"Adrenal cortical horm, cont more than 23% of abs ethyl alc by vol, in dosage",4,3004320020,"Corticosteriod hormones, for veterinary use, in dosage",0.5120,continuity,,,no
3004321000,1,imports,199712,1805132.00,"Adrenal cortical horm, cont more than 23% of abs ethyl alc by vol, in dosage",5,3004320011,"Hydrocortisone, for human use, in dosage",0.4505,continuity,,,no
3004321000,1,imports,199712,1805132.00,"Adrenal cortical horm, cont more than 23% of abs ethyl alc by vol, in dosage",6,3004320081,"Hydrocortisone, for human use, in dosage",0.4505,,,,no
3004321000,1,imports,199712,1805132.00,"Adrenal cortical horm, cont more than 23% of abs ethyl alc by vol, in dosage",7,3004320019,"Medicaments containing corticosteroid hormones, for human use, nes",0.4088,continuity,,,no
3004321000,1,imports,199712,1805132.00,"Adrenal cortical horm, cont more than 23% of abs ethyl alc by vol, in dosage",8,3004320000,"Medi,cont corticosteroid horm/deriv/struct ana,in doses/frs,o/t No 30.02/05/06",0.3841,continuity,,,no
3004321000,1,imports,199712,1805132.00,"Adrenal cortical horm, cont more than 23% of abs ethyl alc by vol, in dosage",9,3004320082,"Betamethasone, for human use, in dosage",0.3455,continuity,,,no
3004329011,1,imports,199712,23749181.00,"Hydrocortisone, for human use, in dosage",1,3004320011,"Hydrocortisone, for human use, in dosage",1.0000,continuity,,,yes
3004329011,1,imports,199712,23749181.00,"Hydrocortisone, for human use, in dosage",2,3004320081,"Hydrocortisone, for human use, in dosage",1.0000,,,,yes
3004329011,1,imports,199712,23749181.00,"Hydrocortisone, for human use, in dosage",3,3004320082,"Betamethasone, for human use, in dosage",0.7733,continuity,,swapped term,no
3004329011,1,imports,199712,23749181.00,"Hydrocortisone, for human use, in dosage",4,3004320089,"Adrenal cortical hormones, nes, for human use, in dosage",0.7473,,,,no
3004329011,1,imports,199712,23749181.00,"Hydrocortisone, for human use, in dosage",5,3004320090,"Adrenal cortical hormones, for vet use, in dosage",0.6824,use,,,no
3004329011,1,imports,199712,23749181.00,"Hydrocortisone, for human use, in dosage",6,3004320020,"Corticosteriod hormones, for veterinary use, in dosage",0.6444,continuity;use,,,no
3004329011,1,imports,199712,23749181.00,"Hydrocortisone, for human use, in dosage",7,3004320019,"Medicaments containing corticosteroid hormones, for human use, nes",0.5490,continuity,,,no
3004329011,1,imports,199712,23749181.00,"Hydrocortisone, for human use, in dosage",8,3004320010,"Adrenal cortical horm, cont more than 23% of abs ethyl alc by vol, in dosage",0.4865,,,,no
3004329011,1,imports,199712,23749181.00,"Hydrocortisone, for human use, in dosage",9,3004320000,"Medi,cont corticosteroid horm/deriv/struct ana,in doses/frs,o/t No 30.02/05/06",0.4138,continuity,,,no
3004329012,1,imports,199706,1190222.00,"Betamethasone, for human use, in dosage",1,3004320082,"Betamethasone, for human use, in dosage",1.0000,continuity,,,yes
3004329012,1,imports,199706,1190222.00,"Betamethasone, for human use, in dosage",2,3004320011,"Hydrocortisone, for human use, in dosage",0.7733,continuity,,swapped term,no
3004329012,1,imports,199706,1190222.00,"Betamethasone, for human use, in dosage",3,3004320081,"Hydrocortisone, for human use, in dosage",0.7733,,,swapped term,no
3004329012,1,imports,199706,1190222.00,"Betamethasone, for human use, in dosage",4,3004329011,"Hydrocortisone, for human use, in dosage",0.7733,,,swapped term,no
3004329012,1,imports,199706,1190222.00,"Betamethasone, for human use, in dosage",5,3004320089,"Adrenal cortical hormones, nes, for human use, in dosage",0.6889,,,,no
3004329012,1,imports,199706,1190222.00,"Betamethasone, for human use, in dosage",6,3004329019,"Adrenal cortical hormones, nes, for human use, in dosage",0.6889,,,,no
3004329012,1,imports,199706,1190222.00,"Betamethasone, for human use, in dosage",7,3004320090,"Adrenal cortical hormones, for vet use, in dosage",0.6190,use,,,no
3004329012,1,imports,199706,1190222.00,"Betamethasone, for human use, in dosage",8,3004329020,"Adrenal cortical hormones, for vet use, in dosage",0.6190,use,,,no
3004329012,1,imports,199706,1190222.00,"Betamethasone, for human use, in dosage",9,3004320020,"Corticosteriod hormones, for veterinary use, in dosage",0.5618,continuity;use,,,no
3004329012,1,imports,199706,1190222.00,"Betamethasone, for human use, in dosage",10,3004320019,"Medicaments containing corticosteroid hormones, for human use, nes",0.5149,continuity,,,no
3004329012,1,imports,199706,1190222.00,"Betamethasone, for human use, in dosage",11,3004320000,"Medi,cont corticosteroid horm/deriv/struct ana,in doses/frs,o/t No 30.02/05/06",0.3478,continuity,,,no
3004329012,1,imports,199706,1190222.00,"Betamethasone, for human use, in dosage",12,3004320010,"Adrenal cortical horm, cont more than 23% of abs ethyl alc by vol, in dosage",0.2909,,,,no
3004329012,1,imports,199706,1190222.00,"Betamethasone, for human use, in dosage",13,3004321000,"Adrenal cortical horm, cont more than 23% of abs ethyl alc by vol, in dosage",0.2909,,,,no
3004329019,1,imports,199712,195552129.00,"Adrenal cortical hormones, nes, for human use, in dosage",1,3004320089,"Adrenal cortical hormones, nes, for human use, in dosage",1.0000,,,,yes
3004329019,1,imports,199712,195552129.00,"Adrenal cortical hormones, nes, for human use, in dosage",2,3004320090,"Adrenal cortical hormones, for vet use, in dosage",0.8800,use,,swapped term,no
3004329019,1,imports,199712,195552129.00,"Adrenal cortical hormones, nes, for human use, in dosage",3,3004320011,"Hydrocortisone, for human use, in dosage",0.7473,continuity,,swapped term,no
3004329019,1,imports,199712,195552129.00,"Adrenal cortical hormones, nes, for human use, in dosage",4,3004320081,"Hydrocortisone, for human use, in dosage",0.7473,,,swapped term,no
3004329019,1,imports,199712,195552129.00,"Adrenal cortical hormones, nes, for human use, in dosage",5,3004320010,"Adrenal cortical horm, cont more than 23% of abs ethyl alc by vol, in dosage",0.6825,,,,no
3004329019,1,imports,199712,195552129.00,"Adrenal cortical hormones, nes, for human use, in dosage",6,3004320020,"Corticosteriod hormones, for veterinary use, in dosage",0.6667,continuity;use,,,no
3004329019,1,imports,199712,195552129.00,"Adrenal cortical hormones, nes, for human use, in dosage",7,3004320082,"Betamethasone, for human use, in dosage",0.6667,continuity,,swapped term,no
3004329019,1,imports,199712,195552129.00,"Adrenal cortical hormones, nes, for human use, in dosage",8,3004320019,"Medicaments containing corticosteroid hormones, for human use, nes",0.6325,continuity,,,no
3004329019,1,imports,199712,195552129.00,"Adrenal cortical hormones, nes, for human use, in dosage",9,3004320000,"Medi,cont corticosteroid horm/deriv/struct ana,in doses/frs,o/t No 30.02/05/06",0.4122,continuity,,,no
3004329020,1,imports,199712,9284228.00,"Adrenal cortical hormones, for vet use, in dosage",1,3004320090,"Adrenal cortical hormones, for vet use, in dosage",1.0000,,,,yes
3004329020,1,imports,199712,9284228.00,"Adrenal cortical hormones, for vet use, in dosage",2,3004320089,"Adrenal cortical hormones, nes, for human use, in dosage",0.8800,use,,,no
3004329020,1,imports,199712,9284228.00,"Adrenal cortical hormones, for vet use, in dosage",3,3004320020,"Corticosteriod hormones, for veterinary use, in dosage",0.7475,continuity,,swapped term,no
3004329020,1,imports,199712,9284228.00,"Adrenal cortical hormones, for vet use, in dosage",4,3004320011,"Hydrocortisone, for human use, in dosage",0.6824,continuity;use,,,no
3004329020,1,imports,199712,9284228.00,"Adrenal cortical hormones, for vet use, in dosage",5,3004320081,"Hydrocortisone, for human use, in dosage",0.6824,use,,,no
3004329020,1,imports,199712,9284228.00,"Adrenal cortical hormones, for vet use, in dosage",6,3004320010,"Adrenal cortical horm, cont more than 23% of abs ethyl alc by vol, in dosage",0.6333,,,,no
3004329020,1,imports,199712,9284228.00,"Adrenal cortical hormones, for vet use, in dosage",7,3004320082,"Betamethasone, for human use, in dosage",0.5952,continuity;use,,,no
3004329020,1,imports,199712,9284228.00,"Adrenal cortical hormones, for vet use, in dosage",8,3004320019,"Medicaments containing corticosteroid hormones, for human use, nes",0.5766,continuity;use,,,no
3004329020,1,imports,199712,9284228.00,"Adrenal cortical hormones, for vet use, in dosage",9,3004320000,"Medi,cont corticosteroid horm/deriv/struct ana,in doses/frs,o/t No 30.02/05/06",0.4320,continuity,,,no
3004390010,1,imports,201112,220635457.00,"Epinephrine & its sol & pituitary extrc, prepr for parentl admin in hum, in dos",1,3004390011,"Medi,cont epinephrine/solutions/pituitary extracts,doses/frs,o/t No 30.02/05/06",0.4737,,,,no
3004390010,1,imports,201112,220635457.00,"Epinephrine & its sol & pituitary extrc, prepr for parentl admin in hum, in dos",2,3004390019,"Medi,cont horm/prod No 29.37,f human use,doses/pack frs,o/t No 30.02/05/06,nes",0.2517,,,,no
3004390010,1,imports,201112,220635457.00,"Epinephrine & its sol & pituitary extrc, prepr for parentl admin in hum, in dos",3,3004390090,"Medi,cont hormones/prod No 29.37,f vet use,doses/pack frs,o/t No 30.02/05/06,nes",0.2484,,,,no
3004390012,1,imports,202605,184895196.00,"Medi,cont anterior pituitary hormones,f human,doses/pack frs,o/t No 30.02/05/06",1,3004390019,"Medi,cont horm/prod No 29.37,f human use,doses/pack frs,o/t No 30.02/05/06,nes",0.7389,,,,no
3004390012,1,imports,202605,184895196.00,"Medi,cont anterior pituitary hormones,f human,doses/pack frs,o/t No 30.02/05/06",2,3004390013,"Medi,cont unmixed single estrogens,for human,doses/pack frs,o/t No 30.02/05/06",0.7261,,,,no
3004390012,1,imports,202605,184895196.00,"Medi,cont anterior pituitary hormones,f human,doses/pack frs,o/t No 30.02/05/06",3,3004390011,"Medi,cont epinephrine/solutions/pituitary extracts,doses/frs,o/t No 30.02/05/06",0.7215,,,,no
3004390012,1,imports,202605,184895196.00,"Medi,cont anterior pituitary hormones,f human,doses/pack frs,o/t No 30.02/05/06",4,3004390090,"Medi,cont hormones/prod No 29.37,f vet use,doses/pack frs,o/t No 30.02/05/06,nes",0.7044,,,,no
3004390081,1,imports,201112,199276643.00,"Anterior pituitary hormones, for human use, in dosage",1,3004390012,"Medi,cont anterior pituitary hormones,f human,doses/pack frs,o/t No 30.02/05/06",0.6154,,,,no
3004390082,1,imports,201112,19967091.00,"Posterior pituitary hormones, for human use, in dosage",1,3004390019,"Medi,cont horm/prod No 29.37,f human use,doses/pack frs,o/t No 30.02/05/06,nes",0.4154,,,,no
3004390083,1,imports,201112,416139189.00,"Unmixed single estrogens, for human use, in dosage",1,3004390013,"Medi,cont unmixed single estrogens,for human,doses/pack frs,o/t No 30.02/05/06",0.6190,,,,no
3004390084,1,imports,201112,34360926.00,"Unmixed single progestational hormones, for human use, in dosage",1,3004390019,"Medi,cont horm/prod No 29.37,f human use,doses/pack frs,o/t No 30.02/05/06,nes",0.4429,,,,no
3004390085,1,imports,201112,3103568844.00,"Hormones, nes, for human use, in dosage",1,3004390019,"Medi,cont horm/prod No 29.37,f human use,doses/pack frs,o/t No 30.02/05/06,nes",0.4386,,,,no
3004391000,1,imports,199712,28343955.00,"Epinephrine & its sol & pituitary extrc, prepr for parentl admin in hum, in dos",1,3004390010,"Epinephrine & its sol & pituitary extrc, prepr for parentl admin in hum, in dos",1.0000,,,,yes
3004391000,1,imports,199712,28343955.00,"Epinephrine & its sol & pituitary extrc, prepr for parentl admin in hum, in dos",2,3004390081,"Anterior pituitary hormones, for human use, in dosage",0.5000,,,,no
3004391000,1,imports,199712,28343955.00,"Epinephrine & its sol & pituitary extrc, prepr for parentl admin in hum, in dos",3,3004390082,"Posterior pituitary hormones, for human use, in dosage",0.4960,,,,no
3004391000,1,imports,199712,28343955.00,"Epinephrine & its sol & pituitary extrc, prepr for parentl admin in hum, in dos",4,3004390011,"Medi,cont epinephrine/solutions/pituitary extracts,doses/frs,o/t No 30.02/05/06",0.4737,continuity,,,no
3004391000,1,imports,199712,28343955.00,"Epinephrine & its sol & pituitary extrc, prepr for parentl admin in hum, in dos",5,3004390083,"Unmixed single estrogens, for human use, in dosage",0.3967,,,,no
3004391000,1,imports,199712,28343955.00,"Epinephrine & its sol & pituitary extrc, prepr for parentl admin in hum, in dos",6,3004390012,"Medi,cont anterior pituitary hormones,f human,doses/pack frs,o/t No 30.02/05/06",0.3947,continuity,,,no
3004391000,1,imports,199712,28343955.00,"Epinephrine & its sol & pituitary extrc, prepr for parentl admin in hum, in dos",7,3004390090,"Hormones, nes, for vet use, in dosage",0.3925,,,,no
3004391000,1,imports,199712,28343955.00,"Epinephrine & its sol & pituitary extrc, prepr for parentl admin in hum, in dos",8,3004390085,"Hormones, nes, for human use, in dosage",0.3670,,,,no
3004391000,1,imports,199712,28343955.00,"Epinephrine & its sol & pituitary extrc, prepr for parentl admin in hum, in dos",9,3004390084,"Unmixed single progestational hormones, for human use, in dosage",0.3556,,,,no
3004391000,1,imports,199712,28343955.00,"Epinephrine & its sol & pituitary extrc, prepr for parentl admin in hum, in dos",10,3004390013,"Medi,cont unmixed single estrogens,for human,doses/pack frs,o/t No 30.02/05/06",0.2914,continuity,,,no
3004391000,1,imports,199712,28343955.00,"Epinephrine & its sol & pituitary extrc, prepr for parentl admin in hum, in dos",11,3004390019,"Medi,cont horm/prod No 29.37,f human use,doses/pack frs,o/t No 30.02/05/06,nes",0.2517,continuity,,,no
3004399100,1,imports,199709,288996.00,"Hormones, nes, cont more than 23% of abs ethy alc by vol, in dosage",1,3004390085,"Hormones, nes, for human use, in dosage",0.6465,,,,no
3004399100,1,imports,199709,288996.00,"Hormones, nes, cont more than 23% of abs ethy alc by vol, in dosage",2,3004399950,"Hormones, nes, for human use, in dosage",0.6465,,,,no
3004399100,1,imports,199709,288996.00,"Hormones, nes, cont more than 23% of abs ethy alc by vol, in dosage",3,3004390090,"Hormones, nes, for vet use, in dosage",0.5567,,,,no
3004399100,1,imports,199709,288996.00,"Hormones, nes, cont more than 23% of abs ethy alc by vol, in dosage",4,3004399960,"Hormones, nes, for vet use, in dosage",0.5567,,,,no
3004399100,1,imports,199709,288996.00,"Hormones, nes, cont more than 23% of abs ethy alc by vol, in dosage",5,3004390081,"Anterior pituitary hormones, for human use, in dosage",0.4912,,,,no
3004399100,1,imports,199709,288996.00,"Hormones, nes, cont more than 23% of abs ethy alc by vol, in dosage",6,3004399910,"Anterior pituitary hormones, for human use, in dosage",0.4912,,,,no
3004399100,1,imports,199709,288996.00,"Hormones, nes, cont more than 23% of abs ethy alc by vol, in dosage",7,3004390082,"Posterior pituitary hormones, for human use, in dosage",0.4870,,,,no
3004399100,1,imports,199709,288996.00,"Hormones, nes, cont more than 23% of abs ethy alc by vol, in dosage",8,3004399920,"Posterior pituitary hormones, for human use, in dosage",0.4870,,,,no
3004399100,1,imports,199709,288996.00,"Hormones, nes, cont more than 23% of abs ethy alc by vol, in dosage",9,3004390084,"Unmixed single progestational hormones, for human use, in dosage",0.4480,,,,no
3004399100,1,imports,199709,288996.00,"Hormones, nes, cont more than 23% of abs ethy alc by vol, in dosage",10,3004399940,"Unmixed single progestational hormones, for human use, in dosage",0.4480,,,,no
3004399100,1,imports,199709,288996.00,"Hormones, nes, cont more than 23% of abs ethy alc by vol, in dosage",11,3004390011,"Medi,cont epinephrine/solutions/pituitary extracts,doses/frs,o/t No 30.02/05/06",0.3521,continuity,,,no
3004399100,1,imports,199709,288996.00,"Hormones, nes, cont more than 23% of abs ethy alc by vol, in dosage",12,3004390019,"Medi,cont horm/prod No 29.37,f human use,doses/pack frs,o/t No 30.02/05/06,nes",0.3262,continuity,,,no
3004399100,1,imports,199709,288996.00,"Hormones, nes, cont more than 23% of abs ethy alc by vol, in dosage",13,3004390083,"Unmixed single estrogens, for human use, in dosage",0.3243,,,,no
3004399100,1,imports,199709,288996.00,"Hormones, nes, cont more than 23% of abs ethy alc by vol, in dosage",14,3004399930,"Unmixed single estrogens, for human use, in dosage",0.3243,,,,no
3004399100,1,imports,199709,288996.00,"Hormones, nes, cont more than 23% of abs ethy alc by vol, in dosage",15,3004390013,"Medi,cont unmixed single estrogens,for human,doses/pack frs,o/t No 30.02/05/06",0.2837,continuity,,,no
3004399100,1,imports,199709,288996.00,"Hormones, nes, cont more than 23% of abs ethy alc by vol, in dosage",16,3004390010,"Epinephrine & its sol & pituitary extrc, prepr for parentl admin in hum, in dos",0.2794,,,,no
3004399100,1,imports,199709,288996.00,"Hormones, nes, cont more than 23% of abs ethy alc by vol, in dosage",17,3004391000,"Epinephrine & its sol & pituitary extrc, prepr for parentl admin in hum, in dos",0.2794,,,,no
3004399100,1,imports,199709,288996.00,"Hormones, nes, cont more than 23% of abs ethy alc by vol, in dosage",18,3004390012,"Medi,cont anterior pituitary hormones,f human,doses/pack frs,o/t No 30.02/05/06",0.2535,continuity,,,no
3004399910,1,imports,199712,97455853.00,"Anterior pituitary hormones, for human use, in dosage",1,3004390081,"Anterior pituitary hormones, for human use, in dosage",1.0000,,,,yes
3004399910,1,imports,199712,97455853.00,"Anterior pituitary hormones, for human use, in dosage",2,3004390082,"Posterior pituitary hormones, for human use, in dosage",0.9515,,,swapped term,no
3004399910,1,imports,199712,97455853.00,"Anterior pituitary hormones, for human use, in dosage",3,3004390085,"Hormones, nes, for human use, in dosage",0.7356,,,,no
3004399910,1,imports,199712,97455853.00,"Anterior pituitary hormones, for human use, in dosage",4,3004390084,"Unmixed single progestational hormones, for human use, in dosage",0.6726,,,,no
3004399910,1,imports,199712,97455853.00,"Anterior pituitary hormones, for human use, in dosage",5,3004390090,"Hormones, nes, for vet use, in dosage",0.6353,use,,,no
3004399910,1,imports,199712,97455853.00,"Anterior pituitary hormones, for human use, in dosage",6,3004390012,"Medi,cont anterior pituitary hormones,f human,doses/pack frs,o/t No 30.02/05/06",0.6154,continuity,,,no
3004399910,1,imports,199712,97455853.00,"Anterior pituitary hormones, for human use, in dosage",7,3004390083,"Unmixed single estrogens, for human use, in dosage",0.5859,,,,no
3004399910,1,imports,199712,97455853.00,"Anterior pituitary hormones, for human use, in dosage",8,3004390010,"Epinephrine & its sol & pituitary extrc, prepr for parentl admin in hum, in dos",0.5323,,,,no
3004399910,1,imports,199712,97455853.00,"Anterior pituitary hormones, for human use, in dosage",9,3004390011,"Medi,cont epinephrine/solutions/pituitary extracts,doses/frs,o/t No 30.02/05/06",0.4308,continuity,,,no
3004399910,1,imports,199712,97455853.00,"Anterior pituitary hormones, for human use, in dosage",10,3004390019,"Medi,cont horm/prod No 29.37,f human use,doses/pack frs,o/t No 30.02/05/06,nes",0.4186,continuity,,,no
3004399910,1,imports,199712,97455853.00,"Anterior pituitary hormones, for human use, in dosage",11,3004390013,"Medi,cont unmixed single estrogens,for human,doses/pack frs,o/t No 30.02/05/06",0.3411,continuity,,,no
3004399920,1,imports,199712,1779924.00,"Posterior pituitary hormones, for human use, in dosage",1,3004390082,"Posterior pituitary hormones, for human use, in dosage",1.0000,,,,yes
3004399920,1,imports,199712,1779924.00,"Posterior pituitary hormones, for human use, in dosage",2,3004390081,"Anterior pituitary hormones, for human use, in dosage",0.9515,,,swapped term,no
3004399920,1,imports,199712,1779924.00,"Posterior pituitary hormones, for human use, in dosage",3,3004390085,"Hormones, nes, for human use, in dosage",0.7273,,,,no
3004399920,1,imports,199712,1779924.00,"Posterior pituitary hormones, for human use, in dosage",4,3004390084,"Unmixed single progestational hormones, for human use, in dosage",0.7018,,,,no
3004399920,1,imports,199712,1779924.00,"Posterior pituitary hormones, for human use, in dosage",5,3004390090,"Hormones, nes, for vet use, in dosage",0.6279,use,,,no
3004399920,1,imports,199712,1779924.00,"Posterior pituitary hormones, for human use, in dosage",6,3004390012,"Medi,cont anterior pituitary hormones,f human,doses/pack frs,o/t No 30.02/05/06",0.5954,continuity,,,no
3004399920,1,imports,199712,1779924.00,"Posterior pituitary hormones, for human use, in dosage",7,3004390083,"Unmixed single estrogens, for human use, in dosage",0.5800,,,,no
3004399920,1,imports,199712,1779924.00,"Posterior pituitary hormones, for human use, in dosage",8,3004390010,"Epinephrine & its sol & pituitary extrc, prepr for parentl admin in hum, in dos",0.5280,,,,no
3004399920,1,imports,199712,1779924.00,"Posterior pituitary hormones, for human use, in dosage",9,3004390019,"Medi,cont horm/prod No 29.37,f human use,doses/pack frs,o/t No 30.02/05/06,nes",0.4154,continuity,,,no
3004399920,1,imports,199712,1779924.00,"Posterior pituitary hormones, for human use, in dosage",10,3004390011,"Medi,cont epinephrine/solutions/pituitary extracts,doses/frs,o/t No 30.02/05/06",0.4122,continuity,,,no
3004399920,1,imports,199712,1779924.00,"Posterior pituitary hormones, for human use, in dosage",11,3004390013,"Medi,cont unmixed single estrogens,for human,doses/pack frs,o/t No 30.02/05/06",0.3231,continuity,,,no
3004399930,1,imports,199712,125015221.00,"Unmixed single estrogens, for human use, in dosage",1,3004390083,"Unmixed single estrogens, for human use, in dosage",1.0000,,,,yes
3004399930,1,imports,199712,125015221.00,"Unmixed single estrogens, for human use, in dosage",2,3004390084,"Unmixed single progestational hormones, for human use, in dosage",0.8182,,,swapped term,no
3004399930,1,imports,199712,125015221.00,"Unmixed single estrogens, for human use, in dosage",3,3004390085,"Hormones, nes, for human use, in dosage",0.6905,,,,no
3004399930,1,imports,199712,125015221.00,"Unmixed single estrogens, for human use, in dosage",4,3004390013,"Medi,cont unmixed single estrogens,for human,doses/pack frs,o/t No 30.02/05/06",0.6190,continuity,,,no
3004399930,1,imports,199712,125015221.00,"Unmixed single estrogens, for human use, in dosage",5,3004390082,"Posterior pituitary hormones, for human use, in dosage",0.6000,,,,no
3004399930,1,imports,199712,125015221.00,"Unmixed single estrogens, for human use, in dosage",6,3004390090,"Hormones, nes, for vet use, in dosage",0.5854,use,,,no
3004399930,1,imports,199712,125015221.00,"Unmixed single estrogens, for human use, in dosage",7,3004390081,"Anterior pituitary hormones, for human use, in dosage",0.5657,,,,no
3004399930,1,imports,199712,125015221.00,"Unmixed single estrogens, for human use, in dosage",8,3004390010,"Epinephrine & its sol & pituitary extrc, prepr for parentl admin in hum, in dos",0.4298,,,,no
3004399930,1,imports,199712,125015221.00,"Unmixed single estrogens, for human use, in dosage",9,3004390019,"Medi,cont horm/prod No 29.37,f human use,doses/pack frs,o/t No 30.02/05/06,nes",0.4286,continuity,,,no
3004399930,1,imports,199712,125015221.00,"Unmixed single estrogens, for human use, in dosage",10,3004390012,"Medi,cont anterior pituitary hormones,f human,doses/pack frs,o/t No 30.02/05/06",0.3307,continuity,,,no
3004399930,1,imports,199712,125015221.00,"Unmixed single estrogens, for human use, in dosage",11,3004390011,"Medi,cont epinephrine/solutions/pituitary extracts,doses/frs,o/t No 30.02/05/06",0.2992,continuity,,,no
3004399940,1,imports,199711,29990842.00,"Unmixed single progestational hormones, for human use, in dosage",1,3004390084,"Unmixed single progestational hormones, for human use, in dosage",1.0000,,,,yes
3004399940,1,imports,199711,29990842.00,"Unmixed single progestational hormones, for human use, in dosage",2,3004390083,"Unmixed single estrogens, for human use, in dosage",0.8182,,,swapped term,no
3004399940,1,imports,199711,29990842.00,"Unmixed single progestational hormones, for human use, in dosage",3,3004399930,"Unmixed single estrogens, for human use, in dosage",0.8182,,,swapped term,no
3004399940,1,imports,199711,29990842.00,"Unmixed single progestational hormones, for human use, in dosage",4,3004390081,"Anterior pituitary hormones, for human use, in dosage",0.6903,,,,no
3004399940,1,imports,199711,29990842.00,"Unmixed single progestational hormones, for human use, in dosage",5,3004399910,"Anterior pituitary hormones, for human use, in dosage",0.6903,,,,no
3004399940,1,imports,199711,29990842.00,"Unmixed single progestational hormones, for human use, in dosage",6,3004390082,"Posterior pituitary hormones, for human use, in dosage",0.6667,,,,no
3004399940,1,imports,199711,29990842.00,"Unmixed single progestational hormones, for human use, in dosage",7,3004399920,"Posterior pituitary hormones, for human use, in dosage",0.6667,,,,no
3004399940,1,imports,199711,29990842.00,"Unmixed single progestational hormones, for human use, in dosage",8,3004390085,"Hormones, nes, for human use, in dosage",0.6531,,,,no
3004399940,1,imports,199711,29990842.00,"Unmixed single progestational hormones, for human use, in dosage",9,3004399950,"Hormones, nes, for human use, in dosage",0.6531,,,,no
3004399940,1,imports,199711,29990842.00,"Unmixed single progestational hormones, for human use, in dosage",10,3004390090,"Hormones, nes, for vet use, in dosage",0.5625,use,,,no
3004399940,1,imports,199711,29990842.00,"Unmixed single progestational hormones, for human use, in dosage",11,3004399960,"Hormones, nes, for vet use, in dosage",0.5625,use,,,no
3004399940,1,imports,199711,29990842.00,"Unmixed single progestational hormones, for human use, in dosage",12,3004390013,"Medi,cont unmixed single estrogens,for human,doses/pack frs,o/t No 30.02/05/06",0.5143,continuity,,,no
3004399940,1,imports,199711,29990842.00,"Unmixed single progestational hormones, for human use, in dosage",13,3004390019,"Medi,cont horm/prod No 29.37,f human use,doses/pack frs,o/t No 30.02/05/06,nes",0.4429,continuity,,,no
3004399940,1,imports,199711,29990842.00,"Unmixed single progestational hormones, for human use, in dosage",14,3004390012,"Medi,cont anterior pituitary hormones,f human,doses/pack frs,o/t No 30.02/05/06",0.4397,continuity,,,no
3004399940,1,imports,199711,29990842.00,"Unmixed single progestational hormones, for human use, in dosage",15,3004390010,"Epinephrine & its sol & pituitary extrc, prepr for parentl admin in hum, in dos",0.4000,,,,no
3004399940,1,imports,199711,29990842.00,"Unmixed single progestational hormones, for human use, in dosage",16,3004391000,"Epinephrine & its sol & pituitary extrc, prepr for parentl admin in hum, in dos",0.4000,,,,no
3004399940,1,imports,199711,29990842.00,"Unmixed single progestational hormones, for human use, in dosage",17,3004390011,"Medi,cont epinephrine/solutions/pituitary extracts,doses/frs,o/t No 30.02/05/06",0.3262,continuity,,,no
3004399950,1,imports,199712,313061021.00,"Hormones, nes, for human use, in dosage",1,3004390085,"Hormones, nes, for human use, in dosage",1.0000,,,,yes
3004399950,1,imports,199712,313061021.00,"Hormones, nes, for human use, in dosage",2,3004390090,"Hormones, nes, for vet use, in dosage",0.8857,use,,,no
3004399950,1,imports,199712,313061021.00,"Hormones, nes, for human use, in dosage",3,3004390081,"Anterior pituitary hormones, for human use, in dosage",0.7356,,,,no
3004399950,1,imports,199712,313061021.00,"Hormones, nes, for human use, in dosage",4,3004390082,"Posterior pituitary hormones, for human use, in dosage",0.7273,,,,no
3004399950,1,imports,199712,313061021.00,"Hormones, nes, for human use, in dosage",5,3004390083,"Unmixed single estrogens, for human use, in dosage",0.7143,,,swapped term,no
3004399950,1,imports,199712,313061021.00,"Hormones, nes, for human use, in dosage",6,3004390084,"Unmixed single progestational hormones, for human use, in dosage",0.6531,,,,no
3004399950,1,imports,199712,313061021.00,"Hormones, nes, for human use, in dosage",7,3004390019,"Medi,cont horm/prod No 29.37,f human use,doses/pack frs,o/t No 30.02/05/06,nes",0.4386,continuity,,,no
3004399950,1,imports,199712,313061021.00,"Hormones, nes, for human use, in dosage",8,3004390013,"Medi,cont unmixed single estrogens,for human,doses/pack frs,o/t No 30.02/05/06",0.3860,continuity,,,no
3004399950,1,imports,199712,313061021.00,"Hormones, nes, for human use, in dosage",9,3004390010,"Epinephrine & its sol & pituitary extrc, prepr for parentl admin in hum, in dos",0.3670,,,,no
3004399950,1,imports,199712,313061021.00,"Hormones, nes, for human use, in dosage",10,3004390012,"Medi,cont anterior pituitary hormones,f human,doses/pack frs,o/t No 30.02/05/06",0.3652,continuity,,,no
3004399950,1,imports,199712,313061021.00,"Hormones, nes, for human use, in dosage",11,3004390011,"Medi,cont epinephrine/solutions/pituitary extracts,doses/frs,o/t No 30.02/05/06",0.2783,continuity,,,no
3004399960,1,imports,199712,39767037.00,"Hormones, nes, for vet use, in dosage",1,3004390090,"Hormones, nes, for vet use, in dosage",1.0000,,,,yes
3004399960,1,imports,199712,39767037.00,"Hormones, nes, for vet use, in dosage",2,3004390085,"Hormones, nes, for human use, in dosage",0.8857,use,,,no
3004399960,1,imports,199712,39767037.00,"Hormones, nes, for vet use, in dosage",3,3004390081,"Anterior pituitary hormones, for human use, in dosage",0.6353,use,,swapped term,no
3004399960,1,imports,199712,39767037.00,"Hormones, nes, for vet use, in dosage",4,3004390082,"Posterior pituitary hormones, for human use, in dosage",0.6279,use,,swapped term,no
3004399960,1,imports,199712,39767037.00,"Hormones, nes, for vet use, in dosage",5,3004390083,"Unmixed single estrogens, for human use, in dosage",0.6098,use,,,no
3004399960,1,imports,199712,39767037.00,"Hormones, nes, for vet use, in dosage",6,3004390084,"Unmixed single progestational hormones, for human use, in dosage",0.5625,use,,,no
3004399960,1,imports,199712,39767037.00,"Hormones, nes, for vet use, in dosage",7,3004390010,"Epinephrine & its sol & pituitary extrc, prepr for parentl admin in hum, in dos",0.3925,,,,no
3004399960,1,imports,199712,39767037.00,"Hormones, nes, for vet use, in dosage",8,3004390019,"Medi,cont horm/prod No 29.37,f human use,doses/pack frs,o/t No 30.02/05/06,nes",0.3571,continuity;use,,,no
3004399960,1,imports,199712,39767037.00,"Hormones, nes, for vet use, in dosage",9,3004390013,"Medi,cont unmixed single estrogens,for human,doses/pack frs,o/t No 30.02/05/06",0.3393,continuity,,,no
3004399960,1,imports,199712,39767037.00,"Hormones, nes, for vet use, in dosage",10,3004390012,"Medi,cont anterior pituitary hormones,f human,doses/pack frs,o/t No 30.02/05/06",0.3009,continuity,,,no
3004399960,1,imports,199712,39767037.00,"Hormones, nes, for vet use, in dosage",11,3004390011,"Medi,cont epinephrine/solutions/pituitary extracts,doses/frs,o/t No 30.02/05/06",0.2832,continuity,,,no
3004400010,1,imports,201112,125087424.00,"Codeine or its derivatives, for human use, in dosage",1,3004400090,"Non-narc veg alkaloids or their non-narc derivatives,nes,for human use,in dosage",0.6769,,,,no
3004400020,1,imports,201112,17487958.00,"Vincristine, for human use, in dosage",1,3004400090,"Non-narc veg alkaloids or their non-narc derivatives,nes,for human use,in dosage",0.5913,,,,no
3004400030,1,imports,201612,101935277.00,"Theophylline, for human use, in dosage",1,3004490090,"Medi,cont alkaloids/deriv t/o,nes,therap/prophltc,doses/frs,o/t No 30.02/05/06",0.2105,,,,no
3004400040,1,imports,201612,1572159979.00,"Morphine or its derivatives, for human use, in dosage",1,3004490010,"Medi,cont morphine/deriv t/o,nes,therap/prophltc,in doses/frs,o/t No 30.02/05/06",0.4275,,,,no
3004400050,1,imports,201112,6586271.00,"Aminophylline, for human use, in dosage",1,3004400090,"Non-narc veg alkaloids or their non-narc derivatives,nes,for human use,in dosage",0.5128,,,,no
3004400080,1,imports,201112,47146103.00,"Narcotic veg alkaloids or their narc derivs, nes, for human use, in dosage",1,3004400090,"Non-narc veg alkaloids or their non-narc derivatives,nes,for human use,in dosage",0.8874,,,,no
3004400090,1,imports,201612,584366588.00,"Non-narc veg alkaloids or their non-narc derivatives,nes,for human use,in dosage",1,3004490090,"Medi,cont alkaloids/deriv t/o,nes,therap/prophltc,doses/frs,o/t No 30.02/05/06",0.3924,,,,no
3004400090,1,imports,201612,584366588.00,"Non-narc veg alkaloids or their non-narc derivatives,nes,for human use,in dosage",2,3004410000,"Medicaments,cont ephedrin/salts,therap/prophltc,in doses/frs,o/t No 30.02/05/06",0.3145,,,,no
3004400090,1,imports,201612,584366588.00,"Non-narc veg alkaloids or their non-narc derivatives,nes,for human use,in dosage",3,3004420000,"Medi,cont pseudoephedrine/salts,therap/prophltc,in doses/frs,o/t No 30.02/05/06",0.3019,,,,no
3004400090,1,imports,201612,584366588.00,"Non-narc veg alkaloids or their non-narc derivatives,nes,for human use,in dosage",4,3004430000,"Medi,cont norephedrine/salts,therap/prophltc,in doses/frs,o/t No 30.02/05/06",0.2949,,,,no
3004401000,1,imports,199712,207577.00,"Alkaloids or their derivs, cont more than 23% of abs ethyl alc by vol, in dosage",1,3004400080,"Narcotic veg alkaloids or their narc derivs, nes, for human use, in dosage",0.6351,,,,no
3004401000,1,imports,199712,207577.00,"Alkaloids or their derivs, cont more than 23% of abs ethyl alc by vol, in dosage",2,3004400090,"Non-narc veg alkaloids or their non-narc derivs, nes, for human use, in dosage",0.6184,,,,no
3004401000,1,imports,199712,207577.00,"Alkaloids or their derivs, cont more than 23% of abs ethyl alc by vol, in dosage",3,3004400040,"Morphine or its derivs, for human use, in dosage",0.5528,,,,no
3004401000,1,imports,199712,207577.00,"Alkaloids or their derivs, cont more than 23% of abs ethyl alc by vol, in dosage",4,3004400010,"Codeine or its derivatives, for human use, in dosage",0.5354,,,,no
3004401000,1,imports,199712,207577.00,"Alkaloids or their derivs, cont more than 23% of abs ethyl alc by vol, in dosage",5,3003400000,"Alkaloids or their derivs, formulated, not cont antibiotics/hormones, in bulk",0.5166,dose form,,,no
3004401000,1,imports,199712,207577.00,"Alkaloids or their derivs, cont more than 23% of abs ethyl alc by vol, in dosage",6,3004400050,"Aminophylline, for human use, in dosage",0.4386,,,,no
3004401000,1,imports,199712,207577.00,"Alkaloids or their derivs, cont more than 23% of abs ethyl alc by vol, in dosage",7,3004400030,"Theophylline, for human use, in dosage",0.4248,,,,no
3004401000,1,imports,199712,207577.00,"Alkaloids or their derivs, cont more than 23% of abs ethyl alc by vol, in dosage",8,3004400020,"Vincristine, for human use, in dosage",0.4107,,,,no
3004409011,1,imports,199612,111515.00,"Codeine phosphate, for human use, in dosage",1,3004409020,"Quinidine sulphate, for human use, in dosage",0.8434,,,swapped term,no
3004409011,1,imports,199612,111515.00,"Codeine phosphate, for human use, in dosage",2,3004400010,"Codeine or its derivatives, for human use, in dosage",0.8132,,,swapped term,no
3004409011,1,imports,199612,111515.00,"Codeine phosphate, for human use, in dosage",3,3004409019,"Codeine or its derivs nes, for human use, in dosage",0.7778,,,,no
3004409011,1,imports,199612,111515.00,"Codeine phosphate, for human use, in dosage",4,3004400020,"Vincristine, for human use, in dosage",0.7632,,,swapped term,no
3004409011,1,imports,199612,111515.00,"Codeine phosphate, for human use, in dosage",5,3004409030,"Vincristine, for human use, in dosage",0.7632,,,swapped term,no
3004409011,1,imports,199612,111515.00,"Codeine phosphate, for human use, in dosage",6,3004400050,"Aminophylline, for human use, in dosage",0.7436,continuity,,swapped term,no
3004409011,1,imports,199612,111515.00,"Codeine phosphate, for human use, in dosage",7,3004409070,"Aminophylline, for human use, in dosage",0.7436,,,swapped term,no
3004409011,1,imports,199612,111515.00,"Codeine phosphate, for human use, in dosage",8,3004400040,"Morphine or its derivs, for human use, in dosage",0.7356,,,,no
3004409011,1,imports,199612,111515.00,"Codeine phosphate, for human use, in dosage",9,3004409050,"Morphine or its derivs, for human use, in dosage",0.7356,,,,no
3004409011,1,imports,199612,111515.00,"Codeine phosphate, for human use, in dosage",10,3004400030,"Theophylline, for human use, in dosage",0.7273,,,swapped term,no
3004409011,1,imports,199612,111515.00,"Codeine phosphate, for human use, in dosage",11,3004409040,"Theophylline, for human use, in dosage",0.7273,,,swapped term,no
3004409011,1,imports,199612,111515.00,"Codeine phosphate, for human use, in dosage",12,3004400080,"Narcotic veg alkaloids or their narc derivs, nes, for human use, in dosage",0.5714,,,,no
3004409011,1,imports,199612,111515.00,"Codeine phosphate, for human use, in dosage",13,3004409080,"Narcotic veg alkaloids or their narc derivs, nes, for human use, in dosage",0.5714,,,,no
3004409011,1,imports,199612,111515.00,"Codeine phosphate, for human use, in dosage",14,3004400090,"Non-narc veg alkaloids or their non-narc derivs, nes, for human use, in dosage",0.5517,,,,no
3004409011,1,imports,199612,111515.00,"Codeine phosphate, for human use, in dosage",15,3004409090,"Non-narc veg alkaloids or their non-narc derivs, nes, for human use, in dosage",0.5517,,,,no
3004409011,1,imports,199612,111515.00,"Codeine phosphate, for human use, in dosage",16,3004401000,"Alkaloids or their derivs, cont more than 23% of abs ethyl alc by vol, in dosage",0.3898,,,,no
3004409019,1,imports,199712,10263737.00,"Codeine or its derivs nes, for human use, in dosage",1,3004400010,"Codeine or its derivatives, for human use, in dosage",0.9293,,,,no
3004409019,1,imports,199712,10263737.00,"Codeine or its derivs nes, for human use, in dosage",2,3004400040,"Morphine or its derivs, for human use, in dosage",0.8842,,,swapped term,no
3004409019,1,imports,199712,10263737.00,"Codeine or its derivs nes, for human use, in dosage",3,3004400080,"Narcotic veg alkaloids or their narc derivs, nes, for human use, in dosage",0.7167,,,,no
3004409019,1,imports,199712,10263737.00,"Codeine or its derivs nes, for human use, in dosage",4,3004400090,"Non-narc veg alkaloids or their non-narc derivs, nes, for human use, in dosage",0.6935,,,,no
3004409019,1,imports,199712,10263737.00,"Codeine or its derivs nes, for human use, in dosage",5,3004400020,"Vincristine, for human use, in dosage",0.6667,,,swapped term,no
3004409019,1,imports,199712,10263737.00,"Codeine or its derivs nes, for human use, in dosage",6,3004400030,"Theophylline, for human use, in dosage",0.6588,,,swapped term,no
3004409019,1,imports,199712,10263737.00,"Codeine or its derivs nes, for human use, in dosage",7,3004400050,"Aminophylline, for human use, in dosage",0.6512,,,swapped term,no
3004409020,1,imports,199707,4869341.00,"Quinidine sulphate, for human use, in dosage",1,3004400020,"Vincristine, for human use, in dosage",0.7792,,,swapped term,no
3004409020,1,imports,199707,4869341.00,"Quinidine sulphate, for human use, in dosage",2,3004409030,"Vincristine, for human use, in dosage",0.7792,,,swapped term,no
3004409020,1,imports,199707,4869341.00,"Quinidine sulphate, for human use, in dosage",3,3004400050,"Aminophylline, for human use, in dosage",0.7342,,,swapped term,no
3004409020,1,imports,199707,4869341.00,"Quinidine sulphate, for human use, in dosage",4,3004409070,"Aminophylline, for human use, in dosage",0.7342,,,swapped term,no
3004409020,1,imports,199707,4869341.00,"Quinidine sulphate, for human use, in dosage",5,3004400010,"Codeine or its derivatives, for human use, in dosage",0.7174,,,,no
3004409020,1,imports,199707,4869341.00,"Quinidine sulphate, for human use, in dosage",6,3004400030,"Theophylline, for human use, in dosage",0.6923,,,swapped term,no
3004409020,1,imports,199707,4869341.00,"Quinidine sulphate, for human use, in dosage",7,3004409040,"Theophylline, for human use, in dosage",0.6923,,,swapped term,no
3004409020,1,imports,199707,4869341.00,"Quinidine sulphate, for human use, in dosage",8,3004400040,"Morphine or its derivs, for human use, in dosage",0.6818,,,,no
3004409020,1,imports,199707,4869341.00,"Quinidine sulphate, for human use, in dosage",9,3004409050,"Morphine or its derivs, for human use, in dosage",0.6818,,,,no
3004409020,1,imports,199707,4869341.00,"Quinidine sulphate, for human use, in dosage",10,3004409019,"Codeine or its derivs nes, for human use, in dosage",0.6813,,,,no
3004409020,1,imports,199707,4869341.00,"Quinidine sulphate, for human use, in dosage",11,3004400080,"Narcotic veg alkaloids or their narc derivs, nes, for human use, in dosage",0.5487,,,,no
3004409020,1,imports,199707,4869341.00,"Quinidine sulphate, for human use, in dosage",12,3004409080,"Narcotic veg alkaloids or their narc derivs, nes, for human use, in dosage",0.5487,,,,no
3004409020,1,imports,199707,4869341.00,"Quinidine sulphate, for human use, in dosage",13,3004400090,"Non-narc veg alkaloids or their non-narc derivs, nes, for human use, in dosage",0.5299,,,,no
3004409020,1,imports,199707,4869341.00,"Quinidine sulphate, for human use, in dosage",14,3004409090,"Non-narc veg alkaloids or their non-narc derivs, nes, for human use, in dosage",0.5299,,,,no
3004409020,1,imports,199707,4869341.00,"Quinidine sulphate, for human use, in dosage",15,3004401000,"Alkaloids or their derivs, cont more than 23% of abs ethyl alc by vol, in dosage",0.3866,,,,no
3004409030,1,imports,199711,2496656.00,"Vincristine, for human use, in dosage",1,3004400020,"Vincristine, for human use, in dosage",1.0000,,,,yes
3004409030,1,imports,199711,2496656.00,"Vincristine, for human use, in dosage",2,3004400050,"Aminophylline, for human use, in dosage",0.8056,,,swapped term,no
3004409030,1,imports,199711,2496656.00,"Vincristine, for human use, in dosage",3,3004409070,"Aminophylline, for human use, in dosage",0.8056,,,swapped term,no
3004409030,1,imports,199711,2496656.00,"Vincristine, for human use, in dosage",4,3004400030,"Theophylline, for human use, in dosage",0.7887,,,swapped term,no
3004409030,1,imports,199711,2496656.00,"Vincristine, for human use, in dosage",5,3004400040,"Morphine or its derivs, for human use, in dosage",0.6914,,,swapped term,no
3004409030,1,imports,199711,2496656.00,"Vincristine, for human use, in dosage",6,3004409050,"Morphine or its derivs, for human use, in dosage",0.6914,,,swapped term,no
3004409030,1,imports,199711,2496656.00,"Vincristine, for human use, in dosage",7,3004409019,"Codeine or its derivs nes, for human use, in dosage",0.6667,,,,no
3004409030,1,imports,199711,2496656.00,"Vincristine, for human use, in dosage",8,3004400010,"Codeine or its derivatives, for human use, in dosage",0.6588,,,swapped term,no
3004409030,1,imports,199711,2496656.00,"Vincristine, for human use, in dosage",9,3004400080,"Narcotic veg alkaloids or their narc derivs, nes, for human use, in dosage",0.6226,,,,no
3004409030,1,imports,199711,2496656.00,"Vincristine, for human use, in dosage",10,3004409080,"Narcotic veg alkaloids or their narc derivs, nes, for human use, in dosage",0.6226,,,,no
3004409030,1,imports,199711,2496656.00,"Vincristine, for human use, in dosage",11,3004400090,"Non-narc veg alkaloids or their non-narc derivs, nes, for human use, in dosage",0.6000,,,,no
3004409030,1,imports,199711,2496656.00,"Vincristine, for human use, in dosage",12,3004409090,"Non-narc veg alkaloids or their non-narc derivs, nes, for human use, in dosage",0.6000,,,,no
3004409030,1,imports,199711,2496656.00,"Vincristine, for human use, in dosage",13,3004401000,"Alkaloids or their derivs, cont more than 23% of abs ethyl alc by vol, in dosage",0.4107,,,,no
3004409040,1,imports,199711,9473686.00,"Theophylline, for human use, in dosage",1,3004400030,"Theophylline, for human use, in dosage",1.0000,,,,yes
3004409040,1,imports,199711,9473686.00,"Theophylline, for human use, in dosage",2,3004400050,"Aminophylline, for human use, in dosage",0.9041,,,swapped term,no
3004409040,1,imports,199711,9473686.00,"Theophylline, for human use, in dosage",3,3004409070,"Aminophylline, for human use, in dosage",0.9041,,,swapped term,no
3004409040,1,imports,199711,9473686.00,"Theophylline, for human use, in dosage",4,3004400020,"Vincristine, for human use, in dosage",0.7887,,,swapped term,no
3004409040,1,imports,199711,9473686.00,"Theophylline, for human use, in dosage",5,3004400040,"Morphine or its derivs, for human use, in dosage",0.7317,,,swapped term,no
3004409040,1,imports,199711,9473686.00,"Theophylline, for human use, in dosage",6,3004409050,"Morphine or its derivs, for human use, in dosage",0.7317,,,swapped term,no
3004409040,1,imports,199711,9473686.00,"Theophylline, for human use, in dosage",7,3004409019,"Codeine or its derivs nes, for human use, in dosage",0.6588,,,,no
3004409040,1,imports,199711,9473686.00,"Theophylline, for human use, in dosage",8,3004400010,"Codeine or its derivatives, for human use, in dosage",0.6512,,,swapped term,no
3004409040,1,imports,199711,9473686.00,"Theophylline, for human use, in dosage",9,3004400080,"Narcotic veg alkaloids or their narc derivs, nes, for human use, in dosage",0.5607,,,,no
3004409040,1,imports,199711,9473686.00,"Theophylline, for human use, in dosage",10,3004409080,"Narcotic veg alkaloids or their narc derivs, nes, for human use, in dosage",0.5607,,,,no
3004409040,1,imports,199711,9473686.00,"Theophylline, for human use, in dosage",11,3004400090,"Non-narc veg alkaloids or their non-narc derivs, nes, for human use, in dosage",0.5586,,,,no
3004409040,1,imports,199711,9473686.00,"Theophylline, for human use, in dosage",12,3004409090,"Non-narc veg alkaloids or their non-narc derivs, nes, for human use, in dosage",0.5586,,,,no
3004409040,1,imports,199711,9473686.00,"Theophylline, for human use, in dosage",13,3004401000,"Alkaloids or their derivs, cont more than 23% of abs ethyl alc by vol, in dosage",0.3540,,,,no
3004409050,1,imports,199712,41902526.00,"Morphine or its derivs, for human use, in dosage",1,3004400040,"Morphine or its derivs, for human use, in dosage",1.0000,,,,yes
3004409050,1,imports,199712,41902526.00,"Morphine or its derivs, for human use, in dosage",2,3004400010,"Codeine or its derivatives, for human use, in dosage",0.8750,,,swapped term,no
3004409050,1,imports,199712,41902526.00,"Morphine or its derivs, for human use, in dosage",3,3004400050,"Aminophylline, for human use, in dosage",0.7470,,,swapped term,no
3004409050,1,imports,199712,41902526.00,"Morphine or its derivs, for human use, in dosage",4,3004400030,"Theophylline, for human use, in dosage",0.7317,,,swapped term,no
3004409050,1,imports,199712,41902526.00,"Morphine or its derivs, for human use, in dosage",5,3004400020,"Vincristine, for human use, in dosage",0.6914,,,swapped term,no
3004409050,1,imports,199712,41902526.00,"Morphine or its derivs, for human use, in dosage",6,3004400080,"Narcotic veg alkaloids or their narc derivs, nes, for human use, in dosage",0.6667,,,,no
3004409050,1,imports,199712,41902526.00,"Morphine or its derivs, for human use, in dosage",7,3004400090,"Non-narc veg alkaloids or their non-narc derivs, nes, for human use, in dosage",0.6446,,,,no
3004409060,1,imports,199403,217467.00,"Cocaine or its derivs, for human use, in dosage",1,3004400040,"Morphine or its derivs, for human use, in dosage",0.9231,continuity,,swapped term,no
3004409060,1,imports,199403,217467.00,"Cocaine or its derivs, for human use, in dosage",2,3004409050,"Morphine or its derivs, for human use, in dosage",0.9231,,,swapped term,no
3004409060,1,imports,199403,217467.00,"Cocaine or its derivs, for human use, in dosage",3,3004409019,"Codeine or its derivs nes, for human use, in dosage",0.9149,,,,no
3004409060,1,imports,199403,217467.00,"Cocaine or its derivs, for human use, in dosage",4,3004400010,"Codeine or its derivatives, for human use, in dosage",0.9053,continuity,,swapped term,no
3004409060,1,imports,199403,217467.00,"Cocaine or its derivs, for human use, in dosage",5,3004409011,"Codeine phosphate, for human use, in dosage",0.7674,,,,no
3004409060,1,imports,199403,217467.00,"Cocaine or its derivs, for human use, in dosage",6,3004400080,"Narcotic veg alkaloids or their narc derivs, nes, for human use, in dosage",0.7069,continuity,,,no
3004409060,1,imports,199403,217467.00,"Cocaine or its derivs, for human use, in dosage",7,3004409080,"Narcotic veg alkaloids or their narc derivs, nes, for human use, in dosage",0.7069,,,,no
3004409060,1,imports,199403,217467.00,"Cocaine or its derivs, for human use, in dosage",8,3004400020,"Vincristine, for human use, in dosage",0.7000,continuity,,swapped term,no
3004409060,1,imports,199403,217467.00,"Cocaine or its derivs, for human use, in dosage",9,3004409030,"Vincristine, for human use, in dosage",0.7000,,,swapped term,no
3004409060,1,imports,199403,217467.00,"Cocaine or its derivs, for human use, in dosage",10,3004400030,"Theophylline, for human use, in dosage",0.6914,continuity,,swapped term,no
3004409060,1,imports,199403,217467.00,"Cocaine or its derivs, for human use, in dosage",11,3004409040,"Theophylline, for human use, in dosage",0.6914,,,swapped term,no
3004409060,1,imports,199403,217467.00,"Cocaine or its derivs, for human use, in dosage",12,3004409020,"Quinidine sulphate, for human use, in dosage",0.6897,,,,no
3004409060,1,imports,199403,217467.00,"Cocaine or its derivs, for human use, in dosage",13,3004400050,"Aminophylline, for human use, in dosage",0.6829,continuity,,swapped term,no
3004409060,1,imports,199403,217467.00,"Cocaine or its derivs, for human use, in dosage",14,3004409070,"Aminophylline, for human use, in dosage",0.6829,,,swapped term,no
3004409060,1,imports,199403,217467.00,"Cocaine or its derivs, for human use, in dosage",15,3004400090,"Non-narc veg alkaloids or their non-narc derivs, nes, for human use, in dosage",0.6500,continuity,,,no
3004409060,1,imports,199403,217467.00,"Cocaine or its derivs, for human use, in dosage",16,3004409090,"Non-narc veg alkaloids or their non-narc derivs, nes, for human use, in dosage",0.6500,,,,no
3004409060,1,imports,199403,217467.00,"Cocaine or its derivs, for human use, in dosage",17,3004401000,"Alkaloids or their derivs, cont more than 23% of abs ethyl alc by vol, in dosage",0.5574,,,,no
3004409070,1,imports,199712,1778947.00,"Aminophylline, for human use, in dosage",1,3004400050,"Aminophylline, for human use, in dosage",1.0000,,,,yes
3004409070,1,imports,199712,1778947.00,"Aminophylline, for human use, in dosage",2,3004400030,"Theophylline, for human use, in dosage",0.9041,,,swapped term,no
3004409070,1,imports,199712,1778947.00,"Aminophylline, for human use, in dosage",3,3004400020,"Vincristine, for human use, in dosage",0.8056,,,swapped term,no
3004409070,1,imports,199712,1778947.00,"Aminophylline, for human use, in dosage",4,3004400040,"Morphine or its derivs, for human use, in dosage",0.7470,,,swapped term,no
3004409070,1,imports,199712,1778947.00,"Aminophylline, for human use, in dosage",5,3004400010,"Codeine or its derivatives, for human use, in dosage",0.6437,,,swapped term,no
3004409070,1,imports,199712,1778947.00,"Aminophylline, for human use, in dosage",6,3004400080,"Narcotic veg alkaloids or their narc derivs, nes, for human use, in dosage",0.5556,,,,no
3004409070,1,imports,199712,1778947.00,"Aminophylline, for human use, in dosage",7,3004400090,"Non-narc veg alkaloids or their non-narc derivs, nes, for human use, in dosage",0.5357,,,,no
3004409080,1,imports,199712,22494169.00,"Narcotic veg alkaloids or their narc derivs, nes, for human use, in dosage",1,3004400080,"Narcotic veg alkaloids or their narc derivs, nes, for human use, in dosage",1.0000,,,,yes
3004409080,1,imports,199712,22494169.00,"Narcotic veg alkaloids or their narc derivs, nes, for human use, in dosage",2,3004400090,"Non-narc veg alkaloids or their non-narc derivs, nes, for human use, in dosage",0.9178,,,,no
3004409080,1,imports,199712,22494169.00,"Narcotic veg alkaloids or their narc derivs, nes, for human use, in dosage",3,3004400010,"Codeine or its derivatives, for human use, in dosage",0.6777,,,,no
3004409080,1,imports,199712,22494169.00,"Narcotic veg alkaloids or their narc derivs, nes, for human use, in dosage",4,3004400040,"Morphine or its derivs, for human use, in dosage",0.6496,,,,no
3004409080,1,imports,199712,22494169.00,"Narcotic veg alkaloids or their narc derivs, nes, for human use, in dosage",5,3004400020,"Vincristine, for human use, in dosage",0.5660,,,,no
3004409080,1,imports,199712,22494169.00,"Narcotic veg alkaloids or their narc derivs, nes, for human use, in dosage",6,3004400030,"Theophylline, for human use, in dosage",0.5607,,,,no
3004409080,1,imports,199712,22494169.00,"Narcotic veg alkaloids or their narc derivs, nes, for human use, in dosage",7,3004400050,"Aminophylline, for human use, in dosage",0.5370,,,,no
3004409090,1,imports,199712,172848913.00,"Non-narc veg alkaloids or their non-narc derivs, nes, for human use, in dosage",1,3004400090,"Non-narc veg alkaloids or their non-narc derivs, nes, for human use, in dosage",1.0000,,,,yes
3004409090,1,imports,199712,172848913.00,"Non-narc veg alkaloids or their non-narc derivs, nes, for human use, in dosage",2,3004400080,"Narcotic veg alkaloids or their narc derivs, nes, for human use, in dosage",0.9178,,,,no
3004409090,1,imports,199712,172848913.00,"Non-narc veg alkaloids or their non-narc derivs, nes, for human use, in dosage",3,3004400040,"Morphine or its derivs, for human use, in dosage",0.6281,,,,no
3004409090,1,imports,199712,172848913.00,"Non-narc veg alkaloids or their non-narc derivs, nes, for human use, in dosage",4,3004400010,"Codeine or its derivatives, for human use, in dosage",0.6240,,,,no
3004409090,1,imports,199712,172848913.00,"Non-narc veg alkaloids or their non-narc derivs, nes, for human use, in dosage",5,3004400020,"Vincristine, for human use, in dosage",0.5636,,,,no
3004409090,1,imports,199712,172848913.00,"Non-narc veg alkaloids or their non-narc derivs, nes, for human use, in dosage",6,3004400050,"Aminophylline, for human use, in dosage",0.5536,,,,no
3004409090,1,imports,199712,172848913.00,"Non-narc veg alkaloids or their non-narc derivs, nes, for human use, in dosage",7,3004400030,"Theophylline, for human use, in dosage",0.5405,,,,no
3004410000,1,imports,202605,8250035.00,"Medicaments,cont ephedrin/salts,therap/prophltc,in doses/frs,o/t No 30.02/05/06",1,3004430000,"Medi,cont norephedrine/salts,therap/prophltc,in doses/frs,o/t No 30.02/05/06",0.9290,,,swapped term,no
3004410000,1,imports,202605,8250035.00,"Medicaments,cont ephedrin/salts,therap/prophltc,in doses/frs,o/t No 30.02/05/06",2,3004420000,"Medi,cont pseudoephedrine/salts,therap/prophltc,in doses/frs,o/t No 30.02/05/06",0.9114,,,swapped term,no
3004410000,1,imports,202605,8250035.00,"Medicaments,cont ephedrin/salts,therap/prophltc,in doses/frs,o/t No 30.02/05/06",3,3004490010,"Medi,cont morphine/deriv t/o,nes,therap/prophltc,in doses/frs,o/t No 30.02/05/06",0.8302,,,,no
3004410000,1,imports,202605,8250035.00,"Medicaments,cont ephedrin/salts,therap/prophltc,in doses/frs,o/t No 30.02/05/06",4,3004490090,"Medi,cont alkaloids/deriv t/o,nes,therap/prophltc,doses/frs,o/t No 30.02/05/06",0.7643,,,,no
3004410000,1,imports,202605,8250035.00,"Medicaments,cont ephedrin/salts,therap/prophltc,in doses/frs,o/t No 30.02/05/06",5,3004200019,"Medi,cont antibiotics,hum,therap/prophltc,doses/pack frs,o/t No 30.02/05/06,nes",0.7089,,,,no
3004410000,1,imports,202605,8250035.00,"Medicaments,cont ephedrin/salts,therap/prophltc,in doses/frs,o/t No 30.02/05/06",6,3004600000,"Medicaments,cont antimalarial active principles,in doses/frs,o/t No 30.02/05/06",0.6962,,,,no
3004410000,1,imports,202605,8250035.00,"Medicaments,cont ephedrin/salts,therap/prophltc,in doses/frs,o/t No 30.02/05/06",7,3004310000,"Medicaments,cont insulin,in doses/forms/pack f retail sale,o/t No 30.02/05/06",0.6795,,,,no
3004410000,1,imports,202605,8250035.00,"Medicaments,cont ephedrin/salts,therap/prophltc,in doses/frs,o/t No 30.02/05/06",8,3004200080,"Medicaments,cont ivermectin,for veterinary use,doses/pack frs,o/t No 30.02/05/06",0.6792,,,,no
3004410000,1,imports,202605,8250035.00,"Medicaments,cont ephedrin/salts,therap/prophltc,in doses/frs,o/t No 30.02/05/06",9,3004320000,"Medi,cont corticosteroid horm/deriv/struct ana,in doses/frs,o/t No 30.02/05/06",0.6497,,,,no
3004410000,1,imports,202605,8250035.00,"Medicaments,cont ephedrin/salts,therap/prophltc,in doses/frs,o/t No 30.02/05/06",10,3004390013,"Medi,cont unmixed single estrogens,for human,doses/pack frs,o/t No 30.02/05/06",0.6497,,,,no
3004410000,1,imports,202605,8250035.00,"Medicaments,cont ephedrin/salts,therap/prophltc,in doses/frs,o/t No 30.02/05/06",11,3004900079,"Medicaments,for human use,in doses/packings f retail sale,o/t No 30.02/05/06,nes",0.6415,,,,no
3004410000,1,imports,202605,8250035.00,"Medicaments,cont ephedrin/salts,therap/prophltc,in doses/frs,o/t No 30.02/05/06",12,3004500090,"Medi,cont vitamins,for veterinary use,in doses/pack frs,o/t No 30.02/05/06,nes",0.6369,,,,no
3004410000,1,imports,202605,8250035.00,"Medicaments,cont ephedrin/salts,therap/prophltc,in doses/frs,o/t No 30.02/05/06",13,3004390011,"Medi,cont epinephrine/solutions/pituitary extracts,doses/frs,o/t No 30.02/05/06",0.6329,,,,no
3004410000,1,imports,202605,8250035.00,"Medicaments,cont ephedrin/salts,therap/prophltc,in doses/frs,o/t No 30.02/05/06",14,3004900025,"Antihistaminic agents, for human use, in doses/packings frs, o/t No 30.02/05/06",0.6194,,,,no
3004410000,1,imports,202605,8250035.00,"Medicaments,cont ephedrin/salts,therap/prophltc,in doses/frs,o/t No 30.02/05/06",15,3004900071,"Haematological agents, for human use, in doses/packings frs, o/t No 30.02/05/06",0.6194,,,,no
3004410000,1,imports,202605,8250035.00,"Medicaments,cont ephedrin/salts,therap/prophltc,in doses/frs,o/t No 30.02/05/06",16,3004900072,"Antineoplastic agents, for human use, in doses/packings frs, o/t No 30.02/05/06",0.6194,,,,no
3004410000,1,imports,202605,8250035.00,"Medicaments,cont ephedrin/salts,therap/prophltc,in doses/frs,o/t No 30.02/05/06",17,3004900077,"Dermatological agents, for human use, in doses/packings frs, o/t No 30.02/05/06",0.6194,,,,no
3004410000,1,imports,202605,8250035.00,"Medicaments,cont ephedrin/salts,therap/prophltc,in doses/frs,o/t No 30.02/05/06",18,3004900078,"Medi,cont hyaluronic acid/its sodium salt,human use,doses/frs,o/t No 30.02/05/06",0.6164,,,,no
3004410000,1,imports,202605,8250035.00,"Medicaments,cont ephedrin/salts,therap/prophltc,in doses/frs,o/t No 30.02/05/06",19,3004900090,"Medicaments,f veterinary use,doses/packings f retail sale,o/t No 30.02/05/06,nes",0.6164,,,,no
3004410000,1,imports,202605,8250035.00,"Medicaments,cont ephedrin/salts,therap/prophltc,in doses/frs,o/t No 30.02/05/06",20,3004900019,"Mixt amino acids & protein hydrolysates,etc,in doses/frs,o/t No 30.02/05/06,nes",0.6154,,,,no
3004410000,1,imports,202605,8250035.00,"Medicaments,cont ephedrin/salts,therap/prophltc,in doses/frs,o/t No 30.02/05/06",21,3004500019,"Medi,cont vitamins/prod of No 29.36,human use,doses/pack frs,o/t No 30.02/05/06",0.6076,,,,no
3004410000,1,imports,202605,8250035.00,"Medicaments,cont ephedrin/salts,therap/prophltc,in doses/frs,o/t No 30.02/05/06",22,3004900069,"Anti-infective agents, for human use, in doses/pack frs, o/t No 30.02/05/06, nes",0.6065,,,,no
3004410000,1,imports,202605,8250035.00,"Medicaments,cont ephedrin/salts,therap/prophltc,in doses/frs,o/t No 30.02/05/06",23,3004900061,"Anti-infective agents,cont sulfonamides,f human use,doses/frs,o/t No 30.02/05/06",0.6038,,,,no
3004410000,1,imports,202605,8250035.00,"Medicaments,cont ephedrin/salts,therap/prophltc,in doses/frs,o/t No 30.02/05/06",24,3004200090,"Medi,cont antibiotics,for veterinary use,doses/pack frs,o/t No 30.02/05/06,nes",0.5987,,,,no
3004410000,1,imports,202605,8250035.00,"Medicaments,cont ephedrin/salts,therap/prophltc,in doses/frs,o/t No 30.02/05/06",25,3004390019,"Medi,cont horm/prod No 29.37,f human use,doses/pack frs,o/t No 30.02/05/06,nes",0.5987,,,,no
3004410000,1,imports,202605,8250035.00,"Medicaments,cont ephedrin/salts,therap/prophltc,in doses/frs,o/t No 30.02/05/06",26,3004900024,"Antihypertensive agents, for human use, in doses/packings frs,o/t No 30.02/05/06",0.5987,,,,no
3004410000,1,imports,202605,8250035.00,"Medicaments,cont ephedrin/salts,therap/prophltc,in doses/frs,o/t No 30.02/05/06",27,3004900049,"Gastrointestinal agents, for human use, in doses/pack frs,o/t No 30.02/05/06,nes",0.5987,,,,no
3004410000,1,imports,202605,8250035.00,"Medicaments,cont ephedrin/salts,therap/prophltc,in doses/frs,o/t No 30.02/05/06",28,3004390090,"Medi,cont hormones/prod No 29.37,f vet use,doses/pack frs,o/t No 30.02/05/06,nes",0.5912,,,,no
3004410000,1,imports,202605,8250035.00,"Medicaments,cont ephedrin/salts,therap/prophltc,in doses/frs,o/t No 30.02/05/06",29,3004500012,"Medi,cont 1 vitamin,mix w o supplements,f human use,doses/frs,o/t No 30.02/05/06",0.5912,,,,no
3004410000,1,imports,202605,8250035.00,"Medicaments,cont ephedrin/salts,therap/prophltc,in doses/frs,o/t No 30.02/05/06",30,3004900026,"Agents,acting on central nervous system,hum use,doses/frs,o/t No 30.02/05/06,nes",0.5912,,,,no
3004410000,1,imports,202605,8250035.00,"Medicaments,cont ephedrin/salts,therap/prophltc,in doses/frs,o/t No 30.02/05/06",31,3004500014,"Medi,cont multivitamins,mix w o suppl,f human use,doses/frs,o/t No 30.02/05/06",0.5860,,,,no
3004410000,1,imports,202605,8250035.00,"Medicaments,cont ephedrin/salts,therap/prophltc,in doses/frs,o/t No 30.02/05/06",32,3004900029,"Medi,acting on central nervous system,human use,doses/frs,o/t No 30.02/05/06,nes",0.5786,,,,no
3004410000,1,imports,202605,8250035.00,"Medicaments,cont ephedrin/salts,therap/prophltc,in doses/frs,o/t No 30.02/05/06",33,3004900023,"Antidepressants & tranquilizers,f human use,in doses/pack frs,o/t No 30.02/05/06",0.5732,,,,no
3004410000,1,imports,202605,8250035.00,"Medicaments,cont ephedrin/salts,therap/prophltc,in doses/frs,o/t No 30.02/05/06",34,3004900043,"Antacids, for human use, in doses/packings for retail sale, o/t No 30.02/05/06",0.5714,,,,no
3004410000,1,imports,202605,8250035.00,"Medicaments,cont ephedrin/salts,therap/prophltc,in doses/frs,o/t No 30.02/05/06",35,3004900075,"Diuretics, for human use, in doses/packings for retail sale, o/t No 30.02/05/06",0.5677,,,,no
3004410000,1,imports,202605,8250035.00,"Medicaments,cont ephedrin/salts,therap/prophltc,in doses/frs,o/t No 30.02/05/06",36,3004500011,"Medi,cont single vitamin,not mixed,f human,doses/pack frs,o/t No 30.02/05/06,nes",0.5660,,,,no
3004410000,1,imports,202605,8250035.00,"Medicaments,cont ephedrin/salts,therap/prophltc,in doses/frs,o/t No 30.02/05/06",37,3004900022,"Analgesics, for human use, in doses/packings for retail sale, o/t No 30.02/05/06",0.5641,,,,no
3004410000,1,imports,202605,8250035.00,"Medicaments,cont ephedrin/salts,therap/prophltc,in doses/frs,o/t No 30.02/05/06",38,3004900012,"Dextrose (glucose) solutions,in doses/pack for retail sale,o/t No 30.02/05/06",0.5584,,,,no
3004410000,1,imports,202605,8250035.00,"Medicaments,cont ephedrin/salts,therap/prophltc,in doses/frs,o/t No 30.02/05/06",39,3004100010,"Medicaments,cont penicillins/their derivatives, for human use, in doses/pack frs",0.5478,,,,no
3004410000,1,imports,202605,8250035.00,"Medicaments,cont ephedrin/salts,therap/prophltc,in doses/frs,o/t No 30.02/05/06",40,3004900042,"Laxatives, for human use, in doses/packings for retail sale, o/t No 30.02/05/06",0.5419,,,,no
3004410000,1,imports,202605,8250035.00,"Medicaments,cont ephedrin/salts,therap/prophltc,in doses/frs,o/t No 30.02/05/06",41,3004900011,"Mixtures amino acids,nes,in doses/packings for retail sale,o/t No 30.02/05/06",0.5385,,,,no
3004410000,1,imports,202605,8250035.00,"Medicaments,cont ephedrin/salts,therap/prophltc,in doses/frs,o/t No 30.02/05/06",42,3004900073,"Cough/cold preparations, for human use, in doses/packings frs,o/t No 30.02/05/06",0.5350,,,,no
3004410000,1,imports,202605,8250035.00,"Medicaments,cont ephedrin/salts,therap/prophltc,in doses/frs,o/t No 30.02/05/06",43,3004900027,"Local anaesthetics, for human use,in doses/pack f retail sale,o/t No 30.02/05/06",0.5316,,,,no
3004410000,1,imports,202605,8250035.00,"Medicaments,cont ephedrin/salts,therap/prophltc,in doses/frs,o/t No 30.02/05/06",44,3004900050,"Medi,for human use,acting on cardio-vascular system,doses/frs,o/t No 30.02/05/06",0.5283,,,,no
3004410000,1,imports,202605,8250035.00,"Medicaments,cont ephedrin/salts,therap/prophltc,in doses/frs,o/t No 30.02/05/06",45,3004900076,"Medi,f electrolytic/caloric/water balance,human use,doses/frs,o/t No 30.02/05/06",0.5283,,,,no
3004410000,1,imports,202605,8250035.00,"Medicaments,cont ephedrin/salts,therap/prophltc,in doses/frs,o/t No 30.02/05/06",46,3004200011,"Medicaments containing cephalosporins, for human use, in doses/packings frs",0.5263,,,,no
3004410000,1,imports,202605,8250035.00,"Medicaments,cont ephedrin/salts,therap/prophltc,in doses/frs,o/t No 30.02/05/06",47,3004900021,"Medi cont cannabis/cannabinoids, therap/prophltc uses, doses/pack f retail sale",0.5128,,,,no
3004410000,1,imports,202605,8250035.00,"Medicaments,cont ephedrin/salts,therap/prophltc,in doses/frs,o/t No 30.02/05/06",48,3004900074,"Medi,prim f eyes/ears/respiratory system,human use,doses/frs,o/t No 30.02/05/06",0.4937,,,,no
3004410000,1,imports,202605,8250035.00,"Medicaments,cont ephedrin/salts,therap/prophltc,in doses/frs,o/t No 30.02/05/06",49,3004200013,"Medicaments containing erythromycin, for human use,in doses/pack for retail sale",0.4810,,,,no
3004410000,1,imports,202605,8250035.00,"Medicaments,cont ephedrin/salts,therap/prophltc,in doses/frs,o/t No 30.02/05/06",50,3004200018,"Medicaments containing macrolide,o/t erythromycin,f human use,doses/pack frs,nes",0.4654,,,,no
3004410000,1,imports,202605,8250035.00,"Medicaments,cont ephedrin/salts,therap/prophltc,in doses/frs,o/t No 30.02/05/06",51,3004200012,"Medicaments containing vancomycin, for human use, in doses/pack for retail sale",0.4487,,,,no
3004410000,1,imports,202605,8250035.00,"Medicaments,cont ephedrin/salts,therap/prophltc,in doses/frs,o/t No 30.02/05/06",52,3004100090,"Medi cont penicillins/streptomycins/deriv,f veterinary use,in doses/pack frs,nes",0.4277,,,,no
3004500010,1,imports,201112,37019078.00,"Mx of amino acids & vitamins,& mx of amino acids, protein hydrolysates & vit,etc",1,3004500019,"Other medicaments cont vitamins and their derivs, for human use, in dosage,nes",0.4161,,,,no
3004500013,1,imports,201612,20568179.00,"Medicaments cont multivitamins not mixed with other suppl,for hum use,in dosage",1,3004500019,"Medi,cont vitamins/prod of No 29.36,human use,doses/pack frs,o/t No 30.02/05/06",0.4557,,,,no
3004500020,1,imports,201112,7548977.00,"Vitamins, cont more than 23% of abs ethyl alc by vol, for human use, in dosage",1,3004500019,"Other medicaments cont vitamins and their derivs, for human use, in dosage,nes",0.5200,,,,no
3004500020,1,imports,201112,7548977.00,"Vitamins, cont more than 23% of abs ethyl alc by vol, for human use, in dosage",2,3004500090,"Medi,cont vitamins,for veterinary use,in doses/pack frs,o/t No 30.02/05/06,nes",0.3553,,use,,no
3004500031,1,imports,201112,25564446.00,"Vitamin C only, for human use, in dosage",1,3004500011,"Medi,cont single vitamin,not mixed,f human,doses/pack frs,o/t No 30.02/05/06,nes",0.3898,,,,no
3004500032,1,imports,201112,50770658.00,"Vitamin E only, for human use, in dosage",1,3004500011,"Medi,cont single vitamin,not mixed,f human,doses/pack frs,o/t No 30.02/05/06,nes",0.3898,,,,no
3004500039,1,imports,201112,165618033.00,"Single vitamin only, nes, for human use, in dosage",1,3004500011,"Medi,cont single vitamin,not mixed,f human,doses/pack frs,o/t No 30.02/05/06,nes",0.5039,,,,no
3004500040,1,imports,201112,121157561.00,"Single vitamin mixed w other supplements, for human use, in dosage",1,3004500012,"Medi,cont 1 vitamin,mix w o supplements,f human use,doses/frs,o/t No 30.02/05/06",0.6528,,,,no
3004500050,1,imports,201112,62436289.00,"Multivitamins not mixed with other supplements, for human use, in dosage",1,3004500013,"Medicaments cont multivitamins not mixed with other suppl,for hum use,in dosage",0.8322,,,swapped term,no
3004500061,1,imports,201112,60566515.00,"Vitamins-iron preparation, for human use, in dosage",1,3004500014,"Medi,cont multivitamins,mix w o suppl,f human use,doses/frs,o/t No 30.02/05/06",0.4882,,,,no
3004500069,1,imports,201112,602021188.00,"Multivitamins mixed with other supplements, nes, for human use, in dosage",1,3004500014,"Medi,cont multivitamins,mix w o suppl,f human use,doses/frs,o/t No 30.02/05/06",0.5946,,,,no
3004500070,1,imports,201112,48205931.00,"Vitamins & their derivatives, nes, for veterinary use, in dosage",1,3004500090,"Medi,cont vitamins,for veterinary use,in doses/pack frs,o/t No 30.02/05/06,nes",0.5255,,,,no
3004501000,1,imports,199712,29913272.00,"Mx of amino acids & vitamins,& mx of amino acids, protein hydrolysates & vit,etc",1,3004500010,"Mx of amino acids & vitamins,& mx of amino acids, protein hydrolysates & vit,etc",1.0000,,,,yes
3004501000,1,imports,199712,29913272.00,"Mx of amino acids & vitamins,& mx of amino acids, protein hydrolysates & vit,etc",2,3004500031,"Vitamin C only, for human use, in dosage",0.4505,,,,no
3004501000,1,imports,199712,29913272.00,"Mx of amino acids & vitamins,& mx of amino acids, protein hydrolysates & vit,etc",3,3004500032,"Vitamin E only, for human use, in dosage",0.4505,,,,no
3004501000,1,imports,199712,29913272.00,"Mx of amino acids & vitamins,& mx of amino acids, protein hydrolysates & vit,etc",4,3004500013,"Medicaments cont multivitamins not mixed with other suppl,for hum use,in dosage",0.4342,continuity,,,no
3004501000,1,imports,199712,29913272.00,"Mx of amino acids & vitamins,& mx of amino acids, protein hydrolysates & vit,etc",5,3004500050,"Multivitamins not mixed with o supplements, for human use, in dosage",0.4317,,,,no
3004501000,1,imports,199712,29913272.00,"Mx of amino acids & vitamins,& mx of amino acids, protein hydrolysates & vit,etc",6,3004500069,"Multivitamins mixed with other supplements, nes, for human use, in dosage,",0.4196,,,,no
3004501000,1,imports,199712,29913272.00,"Mx of amino acids & vitamins,& mx of amino acids, protein hydrolysates & vit,etc",7,3004500019,"Other medicaments cont vitamins and their derivs, for human use, in dosage,nes",0.4161,continuity,,,no
3004501000,1,imports,199712,29913272.00,"Mx of amino acids & vitamins,& mx of amino acids, protein hydrolysates & vit,etc",8,3004500070,"Vitamins & their derivs, nes, for vet use, in dosage",0.4000,,,,no
3004501000,1,imports,199712,29913272.00,"Mx of amino acids & vitamins,& mx of amino acids, protein hydrolysates & vit,etc",9,3004500061,"Vitamins-iron preparation, for human use, in dosage",0.3934,,,,no
3004501000,1,imports,199712,29913272.00,"Mx of amino acids & vitamins,& mx of amino acids, protein hydrolysates & vit,etc",10,3004500039,"Single vitamin only, nes, for human use, in dosage",0.3833,,,,no
3004501000,1,imports,199712,29913272.00,"Mx of amino acids & vitamins,& mx of amino acids, protein hydrolysates & vit,etc",11,3004500020,"Vitamins, cont more than 23% of abs ethyl alc by vol, for human use, in dosage",0.3810,,,,no
3004501000,1,imports,199712,29913272.00,"Mx of amino acids & vitamins,& mx of amino acids, protein hydrolysates & vit,etc",12,3004500014,"Medi,cont multivitamins,mix w o suppl,f human use,doses/frs,o/t No 30.02/05/06",0.3709,continuity,,,no
3004501000,1,imports,199712,29913272.00,"Mx of amino acids & vitamins,& mx of amino acids, protein hydrolysates & vit,etc",13,3004500040,"Single vitamin mixed w o supplements, for human use, in dosage",0.3459,,,,no
3004501000,1,imports,199712,29913272.00,"Mx of amino acids & vitamins,& mx of amino acids, protein hydrolysates & vit,etc",14,3004500011,"Medi,cont single vitamin,not mixed,f human,doses/pack frs,o/t No 30.02/05/06,nes",0.3399,continuity,,,no
3004501000,1,imports,199712,29913272.00,"Mx of amino acids & vitamins,& mx of amino acids, protein hydrolysates & vit,etc",15,3004500090,"Medi,cont vitamins,for veterinary use,in doses/pack frs,o/t No 30.02/05/06,nes",0.3179,continuity,,,no
3004501000,1,imports,199712,29913272.00,"Mx of amino acids & vitamins,& mx of amino acids, protein hydrolysates & vit,etc",16,3004500012,"Medi,cont 1 vitamin,mix w o supplements,f human use,doses/frs,o/t No 30.02/05/06",0.3137,continuity,,,no
3004509100,1,imports,199706,405203.00,"Vitamins, cont more than 23% of abs ethyl alc by vol, for human use, in dosage",1,3004500020,"Vitamins, cont more than 23% of abs ethyl alc by vol, for human use, in dosage",1.0000,,,,yes
3004509100,1,imports,199706,405203.00,"Vitamins, cont more than 23% of abs ethyl alc by vol, for human use, in dosage",2,3004500050,"Multivitamins not mixed with o supplements, for human use, in dosage",0.6714,,,,no
3004509100,1,imports,199706,405203.00,"Vitamins, cont more than 23% of abs ethyl alc by vol, for human use, in dosage",3,3004509930,"Multivitamins not mixed with o supplements, for human use, in dosage",0.6714,,,,no
3004509100,1,imports,199706,405203.00,"Vitamins, cont more than 23% of abs ethyl alc by vol, for human use, in dosage",4,3004500061,"Vitamins-iron preparation, for human use, in dosage",0.6504,,,,no
3004509100,1,imports,199706,405203.00,"Vitamins, cont more than 23% of abs ethyl alc by vol, for human use, in dosage",5,3004509941,"Vitamins-iron preparation, for human use, in dosage",0.6504,,,,no
3004509100,1,imports,199706,405203.00,"Vitamins, cont more than 23% of abs ethyl alc by vol, for human use, in dosage",6,3004500031,"Vitamin C only, for human use, in dosage",0.6429,,,,no
3004509100,1,imports,199706,405203.00,"Vitamins, cont more than 23% of abs ethyl alc by vol, for human use, in dosage",7,3004509911,"Vitamin C only, for human use, in dosage",0.6429,,,,no
3004509100,1,imports,199706,405203.00,"Vitamins, cont more than 23% of abs ethyl alc by vol, for human use, in dosage",8,3004500032,"Vitamin E only, for human use, in dosage",0.6250,,,,no
3004509100,1,imports,199706,405203.00,"Vitamins, cont more than 23% of abs ethyl alc by vol, for human use, in dosage",9,3004509912,"Vitamin E only, for human use, in dosage",0.6250,,,,no
3004509100,1,imports,199706,405203.00,"Vitamins, cont more than 23% of abs ethyl alc by vol, for human use, in dosage",10,3004500039,"Single vitamin only, nes, for human use, in dosage",0.6116,,,,no
3004509100,1,imports,199706,405203.00,"Vitamins, cont more than 23% of abs ethyl alc by vol, for human use, in dosage",11,3004509919,"Single vitamin only, nes, for human use, in dosage",0.6116,,,,no
3004509100,1,imports,199706,405203.00,"Vitamins, cont more than 23% of abs ethyl alc by vol, for human use, in dosage",12,3004500013,"Medicaments cont multivitamins not mixed with other suppl,for hum use,in dosage",0.5882,continuity,,,no
3004509100,1,imports,199706,405203.00,"Vitamins, cont more than 23% of abs ethyl alc by vol, for human use, in dosage",13,3004500070,"Vitamins & their derivs, nes, for vet use, in dosage",0.5620,use,,,no
3004509100,1,imports,199706,405203.00,"Vitamins, cont more than 23% of abs ethyl alc by vol, for human use, in dosage",14,3004509950,"Vitamins & their derivs, nes, for vet use, in dosage",0.5620,use,,,no
3004509100,1,imports,199706,405203.00,"Vitamins, cont more than 23% of abs ethyl alc by vol, for human use, in dosage",15,3004500069,"Multivitamins mixed with other supplements, nes, for human use, in dosage,",0.5417,,,,no
3004509100,1,imports,199706,405203.00,"Vitamins, cont more than 23% of abs ethyl alc by vol, for human use, in dosage",16,3004509949,"Multivitamins mixed with other supplements, nes, for human use, in dosage,",0.5417,,,,no
3004509100,1,imports,199706,405203.00,"Vitamins, cont more than 23% of abs ethyl alc by vol, for human use, in dosage",17,3004500040,"Single vitamin mixed w o supplements, for human use, in dosage",0.5224,,,,no
3004509100,1,imports,199706,405203.00,"Vitamins, cont more than 23% of abs ethyl alc by vol, for human use, in dosage",18,3004509920,"Single vitamin mixed w o supplements, for human use, in dosage",0.5224,,,,no
3004509100,1,imports,199706,405203.00,"Vitamins, cont more than 23% of abs ethyl alc by vol, for human use, in dosage",19,3004500019,"Other medicaments cont vitamins and their derivs, for human use, in dosage,nes",0.5200,continuity,,,no
3004509100,1,imports,199706,405203.00,"Vitamins, cont more than 23% of abs ethyl alc by vol, for human use, in dosage",20,3004500014,"Medi,cont multivitamins,mix w o suppl,f human use,doses/frs,o/t No 30.02/05/06",0.4211,continuity,,,no
3004509100,1,imports,199706,405203.00,"Vitamins, cont more than 23% of abs ethyl alc by vol, for human use, in dosage",21,3004500090,"Medi,cont vitamins,for veterinary use,in doses/pack frs,o/t No 30.02/05/06,nes",0.3553,continuity;use,,,no
3004509100,1,imports,199706,405203.00,"Vitamins, cont more than 23% of abs ethyl alc by vol, for human use, in dosage",22,3004500011,"Medi,cont single vitamin,not mixed,f human,doses/pack frs,o/t No 30.02/05/06,nes",0.3506,continuity,,,no
3004509100,1,imports,199706,405203.00,"Vitamins, cont more than 23% of abs ethyl alc by vol, for human use, in dosage",23,3004500012,"Medi,cont 1 vitamin,mix w o supplements,f human use,doses/frs,o/t No 30.02/05/06",0.3247,continuity,,,no
3004509100,1,imports,199706,405203.00,"Vitamins, cont more than 23% of abs ethyl alc by vol, for human use, in dosage",24,3004500010,"Mx of amino acids & vitamins,& mx of amino acids, protein hydrolysates & vit,etc",0.2721,,,,no
3004509100,1,imports,199706,405203.00,"Vitamins, cont more than 23% of abs ethyl alc by vol, for human use, in dosage",25,3004501000,"Mx of amino acids & vitamins,& mx of amino acids, protein hydrolysates & vit,etc",0.2721,,,,no
3004509911,1,imports,199712,34612678.00,"Vitamin C only, for human use, in dosage",1,3004500031,"Vitamin C only, for human use, in dosage",1.0000,,,,yes
3004509911,1,imports,199712,34612678.00,"Vitamin C only, for human use, in dosage",2,3004500032,"Vitamin E only, for human use, in dosage",0.9737,,,swapped term,no
3004509911,1,imports,199712,34612678.00,"Vitamin C only, for human use, in dosage",3,3004500039,"Single vitamin only, nes, for human use, in dosage",0.8471,,,,no
3004509911,1,imports,199712,34612678.00,"Vitamin C only, for human use, in dosage",4,3004500061,"Vitamins-iron preparation, for human use, in dosage",0.7816,,,swapped term,no
3004509911,1,imports,199712,34612678.00,"Vitamin C only, for human use, in dosage",5,3004500040,"Single vitamin mixed w o supplements, for human use, in dosage",0.7143,,,,no
3004509911,1,imports,199712,34612678.00,"Vitamin C only, for human use, in dosage",6,3004500070,"Vitamins & their derivs, nes, for vet use, in dosage",0.6824,use,,,no
3004509911,1,imports,199712,34612678.00,"Vitamin C only, for human use, in dosage",7,3004500050,"Multivitamins not mixed with o supplements, for human use, in dosage",0.6731,,,,no
3004509911,1,imports,199712,34612678.00,"Vitamin C only, for human use, in dosage",8,3004500020,"Vitamins, cont more than 23% of abs ethyl alc by vol, for human use, in dosage",0.6607,,,,no
3004509911,1,imports,199712,34612678.00,"Vitamin C only, for human use, in dosage",9,3004500069,"Multivitamins mixed with other supplements, nes, for human use, in dosage,",0.6481,,,,no
3004509911,1,imports,199712,34612678.00,"Vitamin C only, for human use, in dosage",10,3004500019,"Other medicaments cont vitamins and their derivs, for human use, in dosage,nes",0.5789,continuity,,,no
3004509911,1,imports,199712,34612678.00,"Vitamin C only, for human use, in dosage",11,3004500013,"Medicaments cont multivitamins not mixed with other suppl,for hum use,in dosage",0.5641,continuity,,,no
3004509911,1,imports,199712,34612678.00,"Vitamin C only, for human use, in dosage",12,3004500014,"Medi,cont multivitamins,mix w o suppl,f human use,doses/frs,o/t No 30.02/05/06",0.4828,continuity,,,no
3004509911,1,imports,199712,34612678.00,"Vitamin C only, for human use, in dosage",13,3004500012,"Medi,cont 1 vitamin,mix w o supplements,f human use,doses/frs,o/t No 30.02/05/06",0.4746,continuity,,,no
3004509911,1,imports,199712,34612678.00,"Vitamin C only, for human use, in dosage",14,3004500090,"Medi,cont vitamins,for veterinary use,in doses/pack frs,o/t No 30.02/05/06,nes",0.4483,continuity;use,,,no
3004509911,1,imports,199712,34612678.00,"Vitamin C only, for human use, in dosage",15,3004500010,"Mx of amino acids & vitamins,& mx of amino acids, protein hydrolysates & vit,etc",0.3964,,,,no
3004509911,1,imports,199712,34612678.00,"Vitamin C only, for human use, in dosage",16,3004500011,"Medi,cont single vitamin,not mixed,f human,doses/pack frs,o/t No 30.02/05/06,nes",0.3898,continuity,,,no
3004509912,1,imports,199712,20986151.00,"Vitamin E only, for human use, in dosage",1,3004500032,"Vitamin E only, for human use, in dosage",1.0000,,,,yes
3004509912,1,imports,199712,20986151.00,"Vitamin E only, for human use, in dosage",2,3004500031,"Vitamin C only, for human use, in dosage",0.9737,,,swapped term,no
3004509912,1,imports,199712,20986151.00,"Vitamin E only, for human use, in dosage",3,3004500039,"Single vitamin only, nes, for human use, in dosage",0.8471,,,,no
3004509912,1,imports,199712,20986151.00,"Vitamin E only, for human use, in dosage",4,3004500061,"Vitamins-iron preparation, for human use, in dosage",0.7816,,,swapped term,no
3004509912,1,imports,199712,20986151.00,"Vitamin E only, for human use, in dosage",5,3004500040,"Single vitamin mixed w o supplements, for human use, in dosage",0.7347,,,,no
3004509912,1,imports,199712,20986151.00,"Vitamin E only, for human use, in dosage",6,3004500070,"Vitamins & their derivs, nes, for vet use, in dosage",0.7059,use,,,no
3004509912,1,imports,199712,20986151.00,"Vitamin E only, for human use, in dosage",7,3004500050,"Multivitamins not mixed with o supplements, for human use, in dosage",0.6923,,,,no
3004509912,1,imports,199712,20986151.00,"Vitamin E only, for human use, in dosage",8,3004500069,"Multivitamins mixed with other supplements, nes, for human use, in dosage,",0.6667,,,,no
3004509912,1,imports,199712,20986151.00,"Vitamin E only, for human use, in dosage",9,3004500020,"Vitamins, cont more than 23% of abs ethyl alc by vol, for human use, in dosage",0.6429,,,,no
3004509912,1,imports,199712,20986151.00,"Vitamin E only, for human use, in dosage",10,3004500019,"Other medicaments cont vitamins and their derivs, for human use, in dosage,nes",0.5965,continuity,,,no
3004509912,1,imports,199712,20986151.00,"Vitamin E only, for human use, in dosage",11,3004500013,"Medicaments cont multivitamins not mixed with other suppl,for hum use,in dosage",0.5812,continuity,,,no
3004509912,1,imports,199712,20986151.00,"Vitamin E only, for human use, in dosage",12,3004500014,"Medi,cont multivitamins,mix w o suppl,f human use,doses/frs,o/t No 30.02/05/06",0.4828,continuity,,,no
3004509912,1,imports,199712,20986151.00,"Vitamin E only, for human use, in dosage",13,3004500012,"Medi,cont 1 vitamin,mix w o supplements,f human use,doses/frs,o/t No 30.02/05/06",0.4746,continuity,,,no
3004509912,1,imports,199712,20986151.00,"Vitamin E only, for human use, in dosage",14,3004500090,"Medi,cont vitamins,for veterinary use,in doses/pack frs,o/t No 30.02/05/06,nes",0.4483,continuity;use,,,no
3004509912,1,imports,199712,20986151.00,"Vitamin E only, for human use, in dosage",15,3004500010,"Mx of amino acids & vitamins,& mx of amino acids, protein hydrolysates & vit,etc",0.3964,,,,no
3004509912,1,imports,199712,20986151.00,"Vitamin E only, for human use, in dosage",16,3004500011,"Medi,cont single vitamin,not mixed,f human,doses/pack frs,o/t No 30.02/05/06,nes",0.3898,continuity,,,no
3004509919,1,imports,199712,70973832.00,"Single vitamin only, nes, for human use, in dosage",1,3004500039,"Single vitamin only, nes, for human use, in dosage",1.0000,,,,yes
3004509919,1,imports,199712,70973832.00,"Single vitamin only, nes, for human use, in dosage",2,3004500031,"Vitamin C only, for human use, in dosage",0.8471,,,swapped term,no
3004509919,1,imports,199712,70973832.00,"Single vitamin only, nes, for human use, in dosage",3,3004500032,"Vitamin E only, for human use, in dosage",0.8471,,,swapped term,no
3004509919,1,imports,199712,70973832.00,"Single vitamin only, nes, for human use, in dosage",4,3004500040,"Single vitamin mixed w o supplements, for human use, in dosage",0.7850,,,swapped term,no
3004509919,1,imports,199712,70973832.00,"Single vitamin only, nes, for human use, in dosage",5,3004500061,"Vitamins-iron preparation, for human use, in dosage",0.7500,,,swapped term,no
3004509919,1,imports,199712,70973832.00,"Single vitamin only, nes, for human use, in dosage",6,3004500069,"Multivitamins mixed with other supplements, nes, for human use, in dosage,",0.6667,,,,no
3004509919,1,imports,199712,70973832.00,"Single vitamin only, nes, for human use, in dosage",7,3004500070,"Vitamins & their derivs, nes, for vet use, in dosage",0.6596,use,,,no
3004509919,1,imports,199712,70973832.00,"Single vitamin only, nes, for human use, in dosage",8,3004500050,"Multivitamins not mixed with o supplements, for human use, in dosage",0.6372,,,,no
3004509919,1,imports,199712,70973832.00,"Single vitamin only, nes, for human use, in dosage",9,3004500019,"Other medicaments cont vitamins and their derivs, for human use, in dosage,nes",0.6341,continuity,,,no
3004509919,1,imports,199712,70973832.00,"Single vitamin only, nes, for human use, in dosage",10,3004500020,"Vitamins, cont more than 23% of abs ethyl alc by vol, for human use, in dosage",0.5950,,,,no
3004509919,1,imports,199712,70973832.00,"Single vitamin only, nes, for human use, in dosage",11,3004500013,"Medicaments cont multivitamins not mixed with other suppl,for hum use,in dosage",0.5397,continuity,,,no
3004509919,1,imports,199712,70973832.00,"Single vitamin only, nes, for human use, in dosage",12,3004500011,"Medi,cont single vitamin,not mixed,f human,doses/pack frs,o/t No 30.02/05/06,nes",0.5039,continuity,,,no
3004509919,1,imports,199712,70973832.00,"Single vitamin only, nes, for human use, in dosage",13,3004500012,"Medi,cont 1 vitamin,mix w o supplements,f human use,doses/frs,o/t No 30.02/05/06",0.4882,continuity,,,no
3004509919,1,imports,199712,70973832.00,"Single vitamin only, nes, for human use, in dosage",14,3004500014,"Medi,cont multivitamins,mix w o suppl,f human use,doses/frs,o/t No 30.02/05/06",0.4800,continuity,,,no
3004509919,1,imports,199712,70973832.00,"Single vitamin only, nes, for human use, in dosage",15,3004500090,"Medi,cont vitamins,for veterinary use,in doses/pack frs,o/t No 30.02/05/06,nes",0.4800,continuity;use,,,no
3004509919,1,imports,199712,70973832.00,"Single vitamin only, nes, for human use, in dosage",16,3004500010,"Mx of amino acids & vitamins,& mx of amino acids, protein hydrolysates & vit,etc",0.3333,,,,no
3004509920,1,imports,199712,18411892.00,"Single vitamin mixed w o supplements, for human use, in dosage",1,3004500040,"Single vitamin mixed w o supplements, for human use, in dosage",1.0000,,,,yes
3004509920,1,imports,199712,18411892.00,"Single vitamin mixed w o supplements, for human use, in dosage",2,3004500050,"Multivitamins not mixed with o supplements, for human use, in dosage",0.8571,mixing,,swapped term,no
3004509920,1,imports,199712,18411892.00,"Single vitamin mixed w o supplements, for human use, in dosage",3,3004500069,"Multivitamins mixed with other supplements, nes, for human use, in dosage,",0.8308,,,,no
3004509920,1,imports,199712,18411892.00,"Single vitamin mixed w o supplements, for human use, in dosage",4,3004500039,"Single vitamin only, nes, for human use, in dosage",0.7664,,,,no
3004509920,1,imports,199712,18411892.00,"Single vitamin mixed w o supplements, for human use, in dosage",5,3004500032,"Vitamin E only, for human use, in dosage",0.7347,,,,no
3004509920,1,imports,199712,18411892.00,"Single vitamin mixed w o supplements, for human use, in dosage",6,3004500031,"Vitamin C only, for human use, in dosage",0.7143,,,,no
3004509920,1,imports,199712,18411892.00,"Single vitamin mixed w o supplements, for human use, in dosage",7,3004500013,"Medicaments cont multivitamins not mixed with other suppl,for hum use,in dosage",0.6763,continuity;mixing,,,no
3004509920,1,imports,199712,18411892.00,"Single vitamin mixed w o supplements, for human use, in dosage",8,3004500012,"Medi,cont 1 vitamin,mix w o supplements,f human use,doses/frs,o/t No 30.02/05/06",0.6714,continuity,,,no
3004509920,1,imports,199712,18411892.00,"Single vitamin mixed w o supplements, for human use, in dosage",9,3004500061,"Vitamins-iron preparation, for human use, in dosage",0.6606,,,,no
3004509920,1,imports,199712,18411892.00,"Single vitamin mixed w o supplements, for human use, in dosage",10,3004500070,"Vitamins & their derivs, nes, for vet use, in dosage",0.5981,use,,,no
3004509920,1,imports,199712,18411892.00,"Single vitamin mixed w o supplements, for human use, in dosage",11,3004500020,"Vitamins, cont more than 23% of abs ethyl alc by vol, for human use, in dosage",0.5970,,,,no
3004509920,1,imports,199712,18411892.00,"Single vitamin mixed w o supplements, for human use, in dosage",12,3004500014,"Medi,cont multivitamins,mix w o suppl,f human use,doses/frs,o/t No 30.02/05/06",0.5942,continuity,,,no
3004509920,1,imports,199712,18411892.00,"Single vitamin mixed w o supplements, for human use, in dosage",13,3004500019,"Other medicaments cont vitamins and their derivs, for human use, in dosage,nes",0.5882,continuity,,,no
3004509920,1,imports,199712,18411892.00,"Single vitamin mixed w o supplements, for human use, in dosage",14,3004500011,"Medi,cont single vitamin,not mixed,f human,doses/pack frs,o/t No 30.02/05/06,nes",0.4857,continuity;mixing,,,no
3004509920,1,imports,199712,18411892.00,"Single vitamin mixed w o supplements, for human use, in dosage",15,3004500010,"Mx of amino acids & vitamins,& mx of amino acids, protein hydrolysates & vit,etc",0.4511,,,,no
3004509920,1,imports,199712,18411892.00,"Single vitamin mixed w o supplements, for human use, in dosage",16,3004500090,"Medi,cont vitamins,for veterinary use,in doses/pack frs,o/t No 30.02/05/06,nes",0.4348,continuity;use,,,no
3004509921,1,imports,198912,1445854.00,"Vitamins-iron preparation, for human use, in dosage",1,3004500061,"Vitamins-iron preparation, for human use, in dosage",1.0000,continuity,,,yes
3004509921,1,imports,198912,1445854.00,"Vitamins-iron preparation, for human use, in dosage",2,3004509941,"Vitamins-iron preparation, for human use, in dosage",1.0000,,,,yes
3004509921,1,imports,198912,1445854.00,"Vitamins-iron preparation, for human use, in dosage",3,3004500031,"Vitamin C only, for human use, in dosage",0.7816,continuity,,swapped term,no
3004509921,1,imports,198912,1445854.00,"Vitamins-iron preparation, for human use, in dosage",4,3004500032,"Vitamin E only, for human use, in dosage",0.7816,continuity,,swapped term,no
3004509921,1,imports,198912,1445854.00,"Vitamins-iron preparation, for human use, in dosage",5,3004509911,"Vitamin C only, for human use, in dosage",0.7816,,,swapped term,no
3004509921,1,imports,198912,1445854.00,"Vitamins-iron preparation, for human use, in dosage",6,3004509912,"Vitamin E only, for human use, in dosage",0.7816,,,swapped term,no
3004509921,1,imports,198912,1445854.00,"Vitamins-iron preparation, for human use, in dosage",7,3004500039,"Single vitamin only, nes, for human use, in dosage",0.7500,continuity,,,no
3004509921,1,imports,198912,1445854.00,"Vitamins-iron preparation, for human use, in dosage",8,3004509919,"Single vitamin only, nes, for human use, in dosage",0.7500,,,,no
3004509921,1,imports,198912,1445854.00,"Vitamins-iron preparation, for human use, in dosage",9,3004500020,"Vitamins, cont more than 23% of abs ethyl alc by vol, for human use, in dosage",0.6829,continuity,,,no
3004509921,1,imports,198912,1445854.00,"Vitamins-iron preparation, for human use, in dosage",10,3004509100,"Vitamins, cont more than 23% of abs ethyl alc by vol, for human use, in dosage",0.6829,,,,no
3004509921,1,imports,198912,1445854.00,"Vitamins-iron preparation, for human use, in dosage",11,3004500070,"Vitamins & their derivs, nes, for vet use, in dosage",0.6667,continuity;use,,,no
3004509921,1,imports,198912,1445854.00,"Vitamins-iron preparation, for human use, in dosage",12,3004509950,"Vitamins & their derivs, nes, for vet use, in dosage",0.6667,use,,,no
3004509921,1,imports,198912,1445854.00,"Vitamins-iron preparation, for human use, in dosage",13,3004500050,"Multivitamins not mixed with o supplements, for human use, in dosage",0.6435,continuity,,,no
3004509921,1,imports,198912,1445854.00,"Vitamins-iron preparation, for human use, in dosage",14,3004509930,"Multivitamins not mixed with o supplements, for human use, in dosage",0.6435,,,,no
3004509921,1,imports,198912,1445854.00,"Vitamins-iron preparation, for human use, in dosage",15,3004500069,"Multivitamins mixed with other supplements, nes, for human use, in dosage,",0.6387,continuity,,,no
3004509921,1,imports,198912,1445854.00,"Vitamins-iron preparation, for human use, in dosage",16,3004509949,"Multivitamins mixed with other supplements, nes, for human use, in dosage,",0.6387,,,,no
3004509921,1,imports,198912,1445854.00,"Vitamins-iron preparation, for human use, in dosage",17,3004500040,"Single vitamin mixed w o supplements, for human use, in dosage",0.6239,continuity,,,no
3004509921,1,imports,198912,1445854.00,"Vitamins-iron preparation, for human use, in dosage",18,3004509920,"Single vitamin mixed w o supplements, for human use, in dosage",0.6239,,,,no
3004509921,1,imports,198912,1445854.00,"Vitamins-iron preparation, for human use, in dosage",19,3004500019,"Other medicaments cont vitamins and their derivs, for human use, in dosage,nes",0.6080,continuity,,,no
3004509921,1,imports,198912,1445854.00,"Vitamins-iron preparation, for human use, in dosage",20,3004500013,"Medicaments cont multivitamins not mixed with other suppl,for hum use,in dosage",0.5625,continuity,,,no
3004509921,1,imports,198912,1445854.00,"Vitamins-iron preparation, for human use, in dosage",21,3004500014,"Medi,cont multivitamins,mix w o suppl,f human use,doses/frs,o/t No 30.02/05/06",0.4882,continuity,,,no
3004509921,1,imports,198912,1445854.00,"Vitamins-iron preparation, for human use, in dosage",22,3004500090,"Medi,cont vitamins,for veterinary use,in doses/pack frs,o/t No 30.02/05/06,nes",0.4252,continuity;use,,,no
3004509921,1,imports,198912,1445854.00,"Vitamins-iron preparation, for human use, in dosage",23,3004500012,"Medi,cont 1 vitamin,mix w o supplements,f human use,doses/frs,o/t No 30.02/05/06",0.3876,continuity,,,no
3004509921,1,imports,198912,1445854.00,"Vitamins-iron preparation, for human use, in dosage",24,3004500010,"Mx of amino acids & vitamins,& mx of amino acids, protein hydrolysates & vit,etc",0.3770,continuity,,,no
3004509921,1,imports,198912,1445854.00,"Vitamins-iron preparation, for human use, in dosage",25,3004501000,"Mx of amino acids & vitamins,& mx of amino acids, protein hydrolysates & vit,etc",0.3770,,,,no
3004509921,1,imports,198912,1445854.00,"Vitamins-iron preparation, for human use, in dosage",26,3004500011,"Medi,cont single vitamin,not mixed,f human,doses/pack frs,o/t No 30.02/05/06,nes",0.3721,continuity,,,no
3004509922,1,imports,198912,11347774.00,"Multivitamins not mixed with o supplements, for human use, in dosage",1,3004500050,"Multivitamins not mixed with o supplements, for human use, in dosage",1.0000,continuity,,,yes
3004509922,1,imports,198912,11347774.00,"Multivitamins not mixed with o supplements, for human use, in dosage",2,3004509930,"Multivitamins not mixed with o supplements, for human use, in dosage",1.0000,,,,yes
3004509922,1,imports,198912,11347774.00,"Multivitamins not mixed with o supplements, for human use, in dosage",3,3004500069,"Multivitamins mixed with other supplements, nes, for human use, in dosage,",0.9118,continuity;mixing,,,no
3004509922,1,imports,198912,11347774.00,"Multivitamins not mixed with o supplements, for human use, in dosage",4,3004509949,"Multivitamins mixed with other supplements, nes, for human use, in dosage,",0.9118,mixing,,,no
3004509922,1,imports,198912,11347774.00,"Multivitamins not mixed with o supplements, for human use, in dosage",5,3004500040,"Single vitamin mixed w o supplements, for human use, in dosage",0.8571,continuity;mixing,,swapped term,no
3004509922,1,imports,198912,11347774.00,"Multivitamins not mixed with o supplements, for human use, in dosage",6,3004509920,"Single vitamin mixed w o supplements, for human use, in dosage",0.8571,mixing,,swapped term,no
3004509922,1,imports,198912,11347774.00,"Multivitamins not mixed with o supplements, for human use, in dosage",7,3004500013,"Medicaments cont multivitamins not mixed with other suppl,for hum use,in dosage",0.8000,continuity,,swapped term,no
3004509922,1,imports,198912,11347774.00,"Multivitamins not mixed with o supplements, for human use, in dosage",8,3004500032,"Vitamin E only, for human use, in dosage",0.6923,continuity,,,no
3004509922,1,imports,198912,11347774.00,"Multivitamins not mixed with o supplements, for human use, in dosage",9,3004509912,"Vitamin E only, for human use, in dosage",0.6923,,,,no
3004509922,1,imports,198912,11347774.00,"Multivitamins not mixed with o supplements, for human use, in dosage",10,3004500031,"Vitamin C only, for human use, in dosage",0.6731,continuity,,,no
3004509922,1,imports,198912,11347774.00,"Multivitamins not mixed with o supplements, for human use, in dosage",11,3004509911,"Vitamin C only, for human use, in dosage",0.6731,,,,no
3004509922,1,imports,198912,11347774.00,"Multivitamins not mixed with o supplements, for human use, in dosage",12,3004500020,"Vitamins, cont more than 23% of abs ethyl alc by vol, for human use, in dosage",0.6571,continuity,,,no
3004509922,1,imports,198912,11347774.00,"Multivitamins not mixed with o supplements, for human use, in dosage",13,3004509100,"Vitamins, cont more than 23% of abs ethyl alc by vol, for human use, in dosage",0.6571,,,,no
3004509922,1,imports,198912,11347774.00,"Multivitamins not mixed with o supplements, for human use, in dosage",14,3004500039,"Single vitamin only, nes, for human use, in dosage",0.6372,continuity,,,no
3004509922,1,imports,198912,11347774.00,"Multivitamins not mixed with o supplements, for human use, in dosage",15,3004509919,"Single vitamin only, nes, for human use, in dosage",0.6372,,,,no
3004509922,1,imports,198912,11347774.00,"Multivitamins not mixed with o supplements, for human use, in dosage",16,3004500012,"Medi,cont 1 vitamin,mix w o supplements,f human use,doses/frs,o/t No 30.02/05/06",0.6301,continuity;mixing,,,no
3004509922,1,imports,198912,11347774.00,"Multivitamins not mixed with o supplements, for human use, in dosage",17,3004500061,"Vitamins-iron preparation, for human use, in dosage",0.6261,continuity,,,no
3004509922,1,imports,198912,11347774.00,"Multivitamins not mixed with o supplements, for human use, in dosage",18,3004509941,"Vitamins-iron preparation, for human use, in dosage",0.6261,,,,no
3004509922,1,imports,198912,11347774.00,"Multivitamins not mixed with o supplements, for human use, in dosage",19,3004500014,"Medi,cont multivitamins,mix w o suppl,f human use,doses/frs,o/t No 30.02/05/06",0.6111,continuity;mixing,,,no
3004509922,1,imports,198912,11347774.00,"Multivitamins not mixed with o supplements, for human use, in dosage",20,3004500019,"Other medicaments cont vitamins and their derivs, for human use, in dosage,nes",0.6056,continuity,,,no
3004509922,1,imports,198912,11347774.00,"Multivitamins not mixed with o supplements, for human use, in dosage",21,3004500070,"Vitamins & their derivs, nes, for vet use, in dosage",0.6018,continuity;use,,,no
3004509922,1,imports,198912,11347774.00,"Multivitamins not mixed with o supplements, for human use, in dosage",22,3004509950,"Vitamins & their derivs, nes, for vet use, in dosage",0.6018,use,,,no
3004509922,1,imports,198912,11347774.00,"Multivitamins not mixed with o supplements, for human use, in dosage",23,3004500011,"Medi,cont single vitamin,not mixed,f human,doses/pack frs,o/t No 30.02/05/06,nes",0.4521,continuity,,,no
3004509922,1,imports,198912,11347774.00,"Multivitamins not mixed with o supplements, for human use, in dosage",24,3004500010,"Mx of amino acids & vitamins,& mx of amino acids, protein hydrolysates & vit,etc",0.4029,continuity,,,no
3004509922,1,imports,198912,11347774.00,"Multivitamins not mixed with o supplements, for human use, in dosage",25,3004501000,"Mx of amino acids & vitamins,& mx of amino acids, protein hydrolysates & vit,etc",0.4029,,,,no
3004509922,1,imports,198912,11347774.00,"Multivitamins not mixed with o supplements, for human use, in dosage",26,3004500090,"Medi,cont vitamins,for veterinary use,in doses/pack frs,o/t No 30.02/05/06,nes",0.4028,continuity;use,,,no
3004509929,1,imports,198912,11260315.00,"Multivitamins mixed with other supplements, nes, for human use, in dosage",1,3004500069,"Multivitamins mixed with other supplements, nes, for human use, in dosage,",1.0000,continuity,,,yes
3004509929,1,imports,198912,11260315.00,"Multivitamins mixed with other supplements, nes, for human use, in dosage",2,3004509949,"Multivitamins mixed with other supplements, nes, for human use, in dosage,",1.0000,,,,yes
3004509929,1,imports,198912,11260315.00,"Multivitamins mixed with other supplements, nes, for human use, in dosage",3,3004500050,"Multivitamins not mixed with o supplements, for human use, in dosage",0.9118,continuity;mixing,,,no
3004509929,1,imports,198912,11260315.00,"Multivitamins mixed with other supplements, nes, for human use, in dosage",4,3004509930,"Multivitamins not mixed with o supplements, for human use, in dosage",0.9118,mixing,,,no
3004509929,1,imports,198912,11260315.00,"Multivitamins mixed with other supplements, nes, for human use, in dosage",5,3004500040,"Single vitamin mixed w o supplements, for human use, in dosage",0.8308,continuity,,swapped term,no
3004509929,1,imports,198912,11260315.00,"Multivitamins mixed with other supplements, nes, for human use, in dosage",6,3004509920,"Single vitamin mixed w o supplements, for human use, in dosage",0.8308,,,swapped term,no
3004509929,1,imports,198912,11260315.00,"Multivitamins mixed with other supplements, nes, for human use, in dosage",7,3004500013,"Medicaments cont multivitamins not mixed with other suppl,for hum use,in dosage",0.7785,continuity;mixing,,,no
3004509929,1,imports,198912,11260315.00,"Multivitamins mixed with other supplements, nes, for human use, in dosage",8,3004500032,"Vitamin E only, for human use, in dosage",0.6667,continuity,,,no
3004509929,1,imports,198912,11260315.00,"Multivitamins mixed with other supplements, nes, for human use, in dosage",9,3004500039,"Single vitamin only, nes, for human use, in dosage",0.6667,continuity,,,no
3004509929,1,imports,198912,11260315.00,"Multivitamins mixed with other supplements, nes, for human use, in dosage",10,3004500070,"Vitamins & their derivs, nes, for vet use, in dosage",0.6667,continuity;use,,,no
3004509929,1,imports,198912,11260315.00,"Multivitamins mixed with other supplements, nes, for human use, in dosage",11,3004509912,"Vitamin E only, for human use, in dosage",0.6667,,,,no
3004509929,1,imports,198912,11260315.00,"Multivitamins mixed with other supplements, nes, for human use, in dosage",12,3004509919,"Single vitamin only, nes, for human use, in dosage",0.6667,,,,no
3004509929,1,imports,198912,11260315.00,"Multivitamins mixed with other supplements, nes, for human use, in dosage",13,3004509950,"Vitamins & their derivs, nes, for vet use, in dosage",0.6667,use,,,no
3004509929,1,imports,198912,11260315.00,"Multivitamins mixed with other supplements, nes, for human use, in dosage",14,3004500031,"Vitamin C only, for human use, in dosage",0.6481,continuity,,,no
3004509929,1,imports,198912,11260315.00,"Multivitamins mixed with other supplements, nes, for human use, in dosage",15,3004509911,"Vitamin C only, for human use, in dosage",0.6481,,,,no
3004509929,1,imports,198912,11260315.00,"Multivitamins mixed with other supplements, nes, for human use, in dosage",16,3004500061,"Vitamins-iron preparation, for human use, in dosage",0.6387,continuity,,,no
3004509929,1,imports,198912,11260315.00,"Multivitamins mixed with other supplements, nes, for human use, in dosage",17,3004509941,"Vitamins-iron preparation, for human use, in dosage",0.6387,,,,no
3004509929,1,imports,198912,11260315.00,"Multivitamins mixed with other supplements, nes, for human use, in dosage",18,3004500020,"Vitamins, cont more than 23% of abs ethyl alc by vol, for human use, in dosage",0.6250,continuity,,,no
3004509929,1,imports,198912,11260315.00,"Multivitamins mixed with other supplements, nes, for human use, in dosage",19,3004509100,"Vitamins, cont more than 23% of abs ethyl alc by vol, for human use, in dosage",0.6250,,,,no
3004509929,1,imports,198912,11260315.00,"Multivitamins mixed with other supplements, nes, for human use, in dosage",20,3004500012,"Medi,cont 1 vitamin,mix w o supplements,f human use,doses/frs,o/t No 30.02/05/06",0.6133,continuity,,,no
3004509929,1,imports,198912,11260315.00,"Multivitamins mixed with other supplements, nes, for human use, in dosage",21,3004500019,"Other medicaments cont vitamins and their derivs, for human use, in dosage,nes",0.6027,continuity,,,no
3004509929,1,imports,198912,11260315.00,"Multivitamins mixed with other supplements, nes, for human use, in dosage",22,3004500014,"Medi,cont multivitamins,mix w o suppl,f human use,doses/frs,o/t No 30.02/05/06",0.5946,continuity,,,no
3004509929,1,imports,198912,11260315.00,"Multivitamins mixed with other supplements, nes, for human use, in dosage",23,3004500090,"Medi,cont vitamins,for veterinary use,in doses/pack frs,o/t No 30.02/05/06,nes",0.3919,continuity;use,,,no
3004509929,1,imports,198912,11260315.00,"Multivitamins mixed with other supplements, nes, for human use, in dosage",24,3004500011,"Medi,cont single vitamin,not mixed,f human,doses/pack frs,o/t No 30.02/05/06,nes",0.3867,continuity;mixing,,,no
3004509929,1,imports,198912,11260315.00,"Multivitamins mixed with other supplements, nes, for human use, in dosage",25,3004500010,"Mx of amino acids & vitamins,& mx of amino acids, protein hydrolysates & vit,etc",0.3636,continuity,,,no
3004509929,1,imports,198912,11260315.00,"Multivitamins mixed with other supplements, nes, for human use, in dosage",26,3004501000,"Mx of amino acids & vitamins,& mx of amino acids, protein hydrolysates & vit,etc",0.3636,,,,no
3004509930,1,imports,198912,1124520.00,"Vitamins & their derivs,nes,for vet use, in dosage",1,3004500070,"Vitamins & their derivs, nes, for vet use, in dosage",1.0000,continuity,,,yes
3004509930,1,imports,198912,1124520.00,"Vitamins & their derivs,nes,for vet use, in dosage",2,3004509950,"Vitamins & their derivs, nes, for vet use, in dosage",1.0000,,,,yes
3004509930,1,imports,198912,1124520.00,"Vitamins & their derivs,nes,for vet use, in dosage",3,3004500061,"Vitamins-iron preparation, for human use, in dosage",0.7292,continuity;use,,,no
3004509930,1,imports,198912,1124520.00,"Vitamins & their derivs,nes,for vet use, in dosage",4,3004509941,"Vitamins-iron preparation, for human use, in dosage",0.7292,use,,,no
3004509930,1,imports,198912,1124520.00,"Vitamins & their derivs,nes,for vet use, in dosage",5,3004500032,"Vitamin E only, for human use, in dosage",0.7059,continuity;use,,,no
3004509930,1,imports,198912,1124520.00,"Vitamins & their derivs,nes,for vet use, in dosage",6,3004509912,"Vitamin E only, for human use, in dosage",0.7059,use,,,no
3004509930,1,imports,198912,1124520.00,"Vitamins & their derivs,nes,for vet use, in dosage",7,3004500031,"Vitamin C only, for human use, in dosage",0.6824,continuity;use,,,no
3004509930,1,imports,198912,1124520.00,"Vitamins & their derivs,nes,for vet use, in dosage",8,3004509911,"Vitamin C only, for human use, in dosage",0.6824,use,,,no
3004509930,1,imports,198912,1124520.00,"Vitamins & their derivs,nes,for vet use, in dosage",9,3004500069,"Multivitamins mixed with other supplements, nes, for human use, in dosage,",0.6667,continuity;use,,,no
3004509930,1,imports,198912,1124520.00,"Vitamins & their derivs,nes,for vet use, in dosage",10,3004509949,"Multivitamins mixed with other supplements, nes, for human use, in dosage,",0.6667,use,,,no
3004509930,1,imports,198912,1124520.00,"Vitamins & their derivs,nes,for vet use, in dosage",11,3004500039,"Single vitamin only, nes, for human use, in dosage",0.6596,continuity;use,,,no
3004509930,1,imports,198912,1124520.00,"Vitamins & their derivs,nes,for vet use, in dosage",12,3004509919,"Single vitamin only, nes, for human use, in dosage",0.6596,use,,,no
3004509930,1,imports,198912,1124520.00,"Vitamins & their derivs,nes,for vet use, in dosage",13,3004500019,"Other medicaments cont vitamins and their derivs, for human use, in dosage,nes",0.6504,continuity;use,,,no
3004509930,1,imports,198912,1124520.00,"Vitamins & their derivs,nes,for vet use, in dosage",14,3004500050,"Multivitamins not mixed with o supplements, for human use, in dosage",0.6018,continuity;use,,,no
3004509930,1,imports,198912,1124520.00,"Vitamins & their derivs,nes,for vet use, in dosage",15,3004500020,"Vitamins, cont more than 23% of abs ethyl alc by vol, for human use, in dosage",0.5620,continuity;use,,,no
3004509930,1,imports,198912,1124520.00,"Vitamins & their derivs,nes,for vet use, in dosage",16,3004509100,"Vitamins, cont more than 23% of abs ethyl alc by vol, for human use, in dosage",0.5620,use,,,no
3004509930,1,imports,198912,1124520.00,"Vitamins & their derivs,nes,for vet use, in dosage",17,3004500040,"Single vitamin mixed w o supplements, for human use, in dosage",0.5421,continuity;use,,,no
3004509930,1,imports,198912,1124520.00,"Vitamins & their derivs,nes,for vet use, in dosage",18,3004509920,"Single vitamin mixed w o supplements, for human use, in dosage",0.5421,use,,,no
3004509930,1,imports,198912,1124520.00,"Vitamins & their derivs,nes,for vet use, in dosage",19,3004500013,"Medicaments cont multivitamins not mixed with other suppl,for hum use,in dosage",0.5397,continuity;use,,,no
3004509930,1,imports,198912,1124520.00,"Vitamins & their derivs,nes,for vet use, in dosage",20,3004500090,"Medi,cont vitamins,for veterinary use,in doses/pack frs,o/t No 30.02/05/06,nes",0.4640,continuity,,,no
3004509930,1,imports,198912,1124520.00,"Vitamins & their derivs,nes,for vet use, in dosage",21,3004500014,"Medi,cont multivitamins,mix w o suppl,f human use,doses/frs,o/t No 30.02/05/06",0.3840,continuity;use,,,no
3004509930,1,imports,198912,1124520.00,"Vitamins & their derivs,nes,for vet use, in dosage",22,3004500012,"Medi,cont 1 vitamin,mix w o supplements,f human use,doses/frs,o/t No 30.02/05/06",0.3465,continuity;use,,,no
3004509930,1,imports,198912,1124520.00,"Vitamins & their derivs,nes,for vet use, in dosage",23,3004500010,"Mx of amino acids & vitamins,& mx of amino acids, protein hydrolysates & vit,etc",0.3333,continuity,,,no
3004509930,1,imports,198912,1124520.00,"Vitamins & their derivs,nes,for vet use, in dosage",24,3004501000,"Mx of amino acids & vitamins,& mx of amino acids, protein hydrolysates & vit,etc",0.3333,,,,no
3004509930,1,imports,198912,1124520.00,"Vitamins & their derivs,nes,for vet use, in dosage",25,3004500011,"Medi,cont single vitamin,not mixed,f human,doses/pack frs,o/t No 30.02/05/06,nes",0.3307,continuity,,,no
3004509930,2,imports,199712,55679911.00,"Multivitamins not mixed with o supplements, for human use, in dosage",1,3004500050,"Multivitamins not mixed with o supplements, for human use, in dosage",1.0000,,,,yes
3004509930,2,imports,199712,55679911.00,"Multivitamins not mixed with o supplements, for human use, in dosage",2,3004500069,"Multivitamins mixed with other supplements, nes, for human use, in dosage,",0.9118,mixing,,,no
3004509930,2,imports,199712,55679911.00,"Multivitamins not mixed with o supplements, for human use, in dosage",3,3004500040,"Single vitamin mixed w o supplements, for human use, in dosage",0.8571,mixing,,swapped term,no
3004509930,2,imports,199712,55679911.00,"Multivitamins not mixed with o supplements, for human use, in dosage",4,3004500013,"Medicaments cont multivitamins not mixed with other suppl,for hum use,in dosage",0.8000,continuity,,swapped term,no
3004509930,2,imports,199712,55679911.00,"Multivitamins not mixed with o supplements, for human use, in dosage",5,3004500032,"Vitamin E only, for human use, in dosage",0.6923,,,,no
3004509930,2,imports,199712,55679911.00,"Multivitamins not mixed with o supplements, for human use, in dosage",6,3004500031,"Vitamin C only, for human use, in dosage",0.6731,,,,no
3004509930,2,imports,199712,55679911.00,"Multivitamins not mixed with o supplements, for human use, in dosage",7,3004500020,"Vitamins, cont more than 23% of abs ethyl alc by vol, for human use, in dosage",0.6571,,,,no
3004509930,2,imports,199712,55679911.00,"Multivitamins not mixed with o supplements, for human use, in dosage",8,3004500039,"Single vitamin only, nes, for human use, in dosage",0.6372,,,,no
3004509930,2,imports,199712,55679911.00,"Multivitamins not mixed with o supplements, for human use, in dosage",9,3004500012,"Medi,cont 1 vitamin,mix w o supplements,f human use,doses/frs,o/t No 30.02/05/06",0.6301,continuity;mixing,,,no
3004509930,2,imports,199712,55679911.00,"Multivitamins not mixed with o supplements, for human use, in dosage",10,3004500061,"Vitamins-iron preparation, for human use, in dosage",0.6261,,,,no
3004509930,2,imports,199712,55679911.00,"Multivitamins not mixed with o supplements, for human use, in dosage",11,3004500014,"Medi,cont multivitamins,mix w o suppl,f human use,doses/frs,o/t No 30.02/05/06",0.6111,continuity;mixing,,,no
3004509930,2,imports,199712,55679911.00,"Multivitamins not mixed with o supplements, for human use, in dosage",12,3004500019,"Other medicaments cont vitamins and their derivs, for human use, in dosage,nes",0.6056,continuity,,,no
3004509930,2,imports,199712,55679911.00,"Multivitamins not mixed with o supplements, for human use, in dosage",13,3004500070,"Vitamins & their derivs, nes, for vet use, in dosage",0.6018,use,,,no
3004509930,2,imports,199712,55679911.00,"Multivitamins not mixed with o supplements, for human use, in dosage",14,3004500011,"Medi,cont single vitamin,not mixed,f human,doses/pack frs,o/t No 30.02/05/06,nes",0.4521,continuity,,,no
3004509930,2,imports,199712,55679911.00,"Multivitamins not mixed with o supplements, for human use, in dosage",15,3004500010,"Mx of amino acids & vitamins,& mx of amino acids, protein hydrolysates & vit,etc",0.4029,,,,no
3004509930,2,imports,199712,55679911.00,"Multivitamins not mixed with o supplements, for human use, in dosage",16,3004500090,"Medi,cont vitamins,for veterinary use,in doses/pack frs,o/t No 30.02/05/06,nes",0.4028,continuity;use,,,no
3004509941,1,imports,199712,15830543.00,"Vitamins-iron preparation, for human use, in dosage",1,3004500061,"Vitamins-iron preparation, for human use, in dosage",1.0000,,,,yes
3004509941,1,imports,199712,15830543.00,"Vitamins-iron preparation, for human use, in dosage",2,3004500031,"Vitamin C only, for human use, in dosage",0.7816,,,swapped term,no
3004509941,1,imports,199712,15830543.00,"Vitamins-iron preparation, for human use, in dosage",3,3004500032,"Vitamin E only, for human use, in dosage",0.7816,,,swapped term,no
3004509941,1,imports,199712,15830543.00,"Vitamins-iron preparation, for human use, in dosage",4,3004500039,"Single vitamin only, nes, for human use, in dosage",0.7500,,,,no
3004509941,1,imports,199712,15830543.00,"Vitamins-iron preparation, for human use, in dosage",5,3004500020,"Vitamins, cont more than 23% of abs ethyl alc by vol, for human use, in dosage",0.6829,,,,no
3004509941,1,imports,199712,15830543.00,"Vitamins-iron preparation, for human use, in dosage",6,3004500070,"Vitamins & their derivs, nes, for vet use, in dosage",0.6667,use,,,no
3004509941,1,imports,199712,15830543.00,"Vitamins-iron preparation, for human use, in dosage",7,3004500050,"Multivitamins not mixed with o supplements, for human use, in dosage",0.6435,,,,no
3004509941,1,imports,199712,15830543.00,"Vitamins-iron preparation, for human use, in dosage",8,3004500069,"Multivitamins mixed with other supplements, nes, for human use, in dosage,",0.6387,,,,no
3004509941,1,imports,199712,15830543.00,"Vitamins-iron preparation, for human use, in dosage",9,3004500040,"Single vitamin mixed w o supplements, for human use, in dosage",0.6239,,,,no
3004509941,1,imports,199712,15830543.00,"Vitamins-iron preparation, for human use, in dosage",10,3004500019,"Other medicaments cont vitamins and their derivs, for human use, in dosage,nes",0.6080,continuity,,,no
3004509941,1,imports,199712,15830543.00,"Vitamins-iron preparation, for human use, in dosage",11,3004500013,"Medicaments cont multivitamins not mixed with other suppl,for hum use,in dosage",0.5625,continuity,,,no
3004509941,1,imports,199712,15830543.00,"Vitamins-iron preparation, for human use, in dosage",12,3004500014,"Medi,cont multivitamins,mix w o suppl,f human use,doses/frs,o/t No 30.02/05/06",0.4882,continuity,,,no
3004509941,1,imports,199712,15830543.00,"Vitamins-iron preparation, for human use, in dosage",13,3004500090,"Medi,cont vitamins,for veterinary use,in doses/pack frs,o/t No 30.02/05/06,nes",0.4252,continuity;use,,,no
3004509941,1,imports,199712,15830543.00,"Vitamins-iron preparation, for human use, in dosage",14,3004500012,"Medi,cont 1 vitamin,mix w o supplements,f human use,doses/frs,o/t No 30.02/05/06",0.3876,continuity,,,no
3004509941,1,imports,199712,15830543.00,"Vitamins-iron preparation, for human use, in dosage",15,3004500010,"Mx of amino acids & vitamins,& mx of amino acids, protein hydrolysates & vit,etc",0.3770,,,,no
3004509941,1,imports,199712,15830543.00,"Vitamins-iron preparation, for human use, in dosage",16,3004500011,"Medi,cont single vitamin,not mixed,f human,doses/pack frs,o/t No 30.02/05/06,nes",0.3721,continuity,,,no
3004509949,1,imports,199712,121058460.00,"Multivitamins mixed with other supplements, nes, for human use, in dosage,",1,3004500069,"Multivitamins mixed with other supplements, nes, for human use, in dosage,",1.0000,,,,yes
3004509949,1,imports,199712,121058460.00,"Multivitamins mixed with other supplements, nes, for human use, in dosage,",2,3004500050,"Multivitamins not mixed with o supplements, for human use, in dosage",0.9118,mixing,,,no
3004509949,1,imports,199712,121058460.00,"Multivitamins mixed with other supplements, nes, for human use, in dosage,",3,3004500040,"Single vitamin mixed w o supplements, for human use, in dosage",0.8308,,,swapped term,no
3004509949,1,imports,199712,121058460.00,"Multivitamins mixed with other supplements, nes, for human use, in dosage,",4,3004500013,"Medicaments cont multivitamins not mixed with other suppl,for hum use,in dosage",0.7785,continuity;mixing,,,no
3004509949,1,imports,199712,121058460.00,"Multivitamins mixed with other supplements, nes, for human use, in dosage,",5,3004500032,"Vitamin E only, for human use, in dosage",0.6667,,,,no
3004509949,1,imports,199712,121058460.00,"Multivitamins mixed with other supplements, nes, for human use, in dosage,",6,3004500039,"Single vitamin only, nes, for human use, in dosage",0.6667,,,,no
3004509949,1,imports,199712,121058460.00,"Multivitamins mixed with other supplements, nes, for human use, in dosage,",7,3004500070,"Vitamins & their derivs, nes, for vet use, in dosage",0.6667,use,,,no
3004509949,1,imports,199712,121058460.00,"Multivitamins mixed with other supplements, nes, for human use, in dosage,",8,3004500031,"Vitamin C only, for human use, in dosage",0.6481,,,,no
3004509949,1,imports,199712,121058460.00,"Multivitamins mixed with other supplements, nes, for human use, in dosage,",9,3004500061,"Vitamins-iron preparation, for human use, in dosage",0.6387,,,,no
3004509949,1,imports,199712,121058460.00,"Multivitamins mixed with other supplements, nes, for human use, in dosage,",10,3004500020,"Vitamins, cont more than 23% of abs ethyl alc by vol, for human use, in dosage",0.6250,,,,no
3004509949,1,imports,199712,121058460.00,"Multivitamins mixed with other supplements, nes, for human use, in dosage,",11,3004500012,"Medi,cont 1 vitamin,mix w o supplements,f human use,doses/frs,o/t No 30.02/05/06",0.6133,continuity,,,no
3004509949,1,imports,199712,121058460.00,"Multivitamins mixed with other supplements, nes, for human use, in dosage,",12,3004500019,"Other medicaments cont vitamins and their derivs, for human use, in dosage,nes",0.6027,continuity,,,no
3004509949,1,imports,199712,121058460.00,"Multivitamins mixed with other supplements, nes, for human use, in dosage,",13,3004500014,"Medi,cont multivitamins,mix w o suppl,f human use,doses/frs,o/t No 30.02/05/06",0.5946,continuity,,,no
3004509949,1,imports,199712,121058460.00,"Multivitamins mixed with other supplements, nes, for human use, in dosage,",14,3004500090,"Medi,cont vitamins,for veterinary use,in doses/pack frs,o/t No 30.02/05/06,nes",0.3919,continuity;use,,,no
3004509949,1,imports,199712,121058460.00,"Multivitamins mixed with other supplements, nes, for human use, in dosage,",15,3004500011,"Medi,cont single vitamin,not mixed,f human,doses/pack frs,o/t No 30.02/05/06,nes",0.3867,continuity;mixing,,,no
3004509949,1,imports,199712,121058460.00,"Multivitamins mixed with other supplements, nes, for human use, in dosage,",16,3004500010,"Mx of amino acids & vitamins,& mx of amino acids, protein hydrolysates & vit,etc",0.3636,,,,no
3004509950,1,imports,199712,3851408.00,"Vitamins & their derivs, nes, for vet use, in dosage",1,3004500070,"Vitamins & their derivs, nes, for vet use, in dosage",1.0000,,,,yes
3004509950,1,imports,199712,3851408.00,"Vitamins & their derivs, nes, for vet use, in dosage",2,3004500061,"Vitamins-iron preparation, for human use, in dosage",0.7292,use,,,no
3004509950,1,imports,199712,3851408.00,"Vitamins & their derivs, nes, for vet use, in dosage",3,3004500032,"Vitamin E only, for human use, in dosage",0.7059,use,,,no
3004509950,1,imports,199712,3851408.00,"Vitamins & their derivs, nes, for vet use, in dosage",4,3004500031,"Vitamin C only, for human use, in dosage",0.6824,use,,,no
3004509950,1,imports,199712,3851408.00,"Vitamins & their derivs, nes, for vet use, in dosage",5,3004500069,"Multivitamins mixed with other supplements, nes, for human use, in dosage,",0.6667,use,,,no
3004509950,1,imports,199712,3851408.00,"Vitamins & their derivs, nes, for vet use, in dosage",6,3004500039,"Single vitamin only, nes, for human use, in dosage",0.6596,use,,,no
3004509950,1,imports,199712,3851408.00,"Vitamins & their derivs, nes, for vet use, in dosage",7,3004500019,"Other medicaments cont vitamins and their derivs, for human use, in dosage,nes",0.6504,continuity;use,,,no
3004509950,1,imports,199712,3851408.00,"Vitamins & their derivs, nes, for vet use, in dosage",8,3004500050,"Multivitamins not mixed with o supplements, for human use, in dosage",0.6018,use,,,no
3004509950,1,imports,199712,3851408.00,"Vitamins & their derivs, nes, for vet use, in dosage",9,3004500020,"Vitamins, cont more than 23% of abs ethyl alc by vol, for human use, in dosage",0.5620,use,,,no
3004509950,1,imports,199712,3851408.00,"Vitamins & their derivs, nes, for vet use, in dosage",10,3004500040,"Single vitamin mixed w o supplements, for human use, in dosage",0.5421,use,,,no
3004509950,1,imports,199712,3851408.00,"Vitamins & their derivs, nes, for vet use, in dosage",11,3004500013,"Medicaments cont multivitamins not mixed with other suppl,for hum use,in dosage",0.5397,continuity;use,,,no
3004509950,1,imports,199712,3851408.00,"Vitamins & their derivs, nes, for vet use, in dosage",12,3004500090,"Medi,cont vitamins,for veterinary use,in doses/pack frs,o/t No 30.02/05/06,nes",0.4640,continuity,,,no
3004509950,1,imports,199712,3851408.00,"Vitamins & their derivs, nes, for vet use, in dosage",13,3004500014,"Medi,cont multivitamins,mix w o suppl,f human use,doses/frs,o/t No 30.02/05/06",0.3840,continuity;use,,,no
3004509950,1,imports,199712,3851408.00,"Vitamins & their derivs, nes, for vet use, in dosage",14,3004500012,"Medi,cont 1 vitamin,mix w o supplements,f human use,doses/frs,o/t No 30.02/05/06",0.3465,continuity;use,,,no
3004509950,1,imports,199712,3851408.00,"Vitamins & their derivs, nes, for vet use, in dosage",15,3004500010,"Mx of amino acids & vitamins,& mx of amino acids, protein hydrolysates & vit,etc",0.3333,,,,no
3004509950,1,imports,199712,3851408.00,"Vitamins & their derivs, nes, for vet use, in dosage",16,3004500011,"Medi,cont single vitamin,not mixed,f human,doses/pack frs,o/t No 30.02/05/06,nes",0.3307,continuity,,,no
3004900020,1,imports,201112,21555796.00,"Medicaments cont more than 23% of abs ethyl alc by vol, nes, in dosage",1,3004900079,"Other medicaments, for human use, in dosage, nes",0.5536,,,,no
3004900020,1,imports,201112,21555796.00,"Medicaments cont more than 23% of abs ethyl alc by vol, nes, in dosage",2,3004900090,"Other medicaments, for veterinary use, in dosage, nes",0.5299,,,,no
3004900031,1,imports,201712,2089844029.00,"Analgesics, for human use, in doses/packings for retail sale, o/t No 30.02/05/06",1,3004900022,"Analgesics, for human use, in doses/packings for retail sale, o/t No 30.02/05/06",1.0000,,,,yes
3004900031,1,imports,201712,2089844029.00,"Analgesics, for human use, in doses/packings for retail sale, o/t No 30.02/05/06",2,3004900043,"Antacids, for human use, in doses/packings for retail sale, o/t No 30.02/05/06",0.9474,,,swapped term,no
3004900031,1,imports,201712,2089844029.00,"Analgesics, for human use, in doses/packings for retail sale, o/t No 30.02/05/06",3,3004900042,"Laxatives, for human use, in doses/packings for retail sale, o/t No 30.02/05/06",0.9281,,,swapped term,no
3004900031,1,imports,201712,2089844029.00,"Analgesics, for human use, in doses/packings for retail sale, o/t No 30.02/05/06",4,3004900075,"Diuretics, for human use, in doses/packings for retail sale, o/t No 30.02/05/06",0.9281,,,swapped term,no
3004900031,1,imports,201712,2089844029.00,"Analgesics, for human use, in doses/packings for retail sale, o/t No 30.02/05/06",5,3004900027,"Local anaesthetics, for human use,in doses/pack f retail sale,o/t No 30.02/05/06",0.8846,,,,no
3004900031,1,imports,201712,2089844029.00,"Analgesics, for human use, in doses/packings for retail sale, o/t No 30.02/05/06",6,3004900079,"Medicaments,for human use,in doses/packings f retail sale,o/t No 30.02/05/06,nes",0.8790,,,swapped term,no
3004900031,1,imports,201712,2089844029.00,"Analgesics, for human use, in doses/packings for retail sale, o/t No 30.02/05/06",7,3004900025,"Antihistaminic agents, for human use, in doses/packings frs, o/t No 30.02/05/06",0.7974,,,swapped term,no
3004900031,1,imports,201712,2089844029.00,"Analgesics, for human use, in doses/packings for retail sale, o/t No 30.02/05/06",8,3004900071,"Haematological agents, for human use, in doses/packings frs, o/t No 30.02/05/06",0.7974,,,swapped term,no
3004900031,1,imports,201712,2089844029.00,"Analgesics, for human use, in doses/packings for retail sale, o/t No 30.02/05/06",9,3004900072,"Antineoplastic agents, for human use, in doses/packings frs, o/t No 30.02/05/06",0.7974,,,swapped term,no
3004900031,1,imports,201712,2089844029.00,"Analgesics, for human use, in doses/packings for retail sale, o/t No 30.02/05/06",10,3004900077,"Dermatological agents, for human use, in doses/packings frs, o/t No 30.02/05/06",0.7974,,,swapped term,no
3004900031,1,imports,201712,2089844029.00,"Analgesics, for human use, in doses/packings for retail sale, o/t No 30.02/05/06",11,3004900011,"Mixtures amino acids,nes,in doses/packings for retail sale,o/t No 30.02/05/06",0.7922,,,,no
3004900031,1,imports,201712,2089844029.00,"Analgesics, for human use, in doses/packings for retail sale, o/t No 30.02/05/06",12,3004900024,"Antihypertensive agents, for human use, in doses/packings frs,o/t No 30.02/05/06",0.7871,,,swapped term,no
3004900031,1,imports,201712,2089844029.00,"Analgesics, for human use, in doses/packings for retail sale, o/t No 30.02/05/06",13,3004900090,"Medicaments,f veterinary use,doses/packings f retail sale,o/t No 30.02/05/06,nes",0.7643,use,,swapped term,no
3004900031,1,imports,201712,2089844029.00,"Analgesics, for human use, in doses/packings for retail sale, o/t No 30.02/05/06",14,3004900049,"Gastrointestinal agents, for human use, in doses/pack frs,o/t No 30.02/05/06,nes",0.7484,,,,no
3004900031,1,imports,201712,2089844029.00,"Analgesics, for human use, in doses/packings for retail sale, o/t No 30.02/05/06",15,3004900073,"Cough/cold preparations, for human use, in doses/packings frs,o/t No 30.02/05/06",0.7484,,,swapped term,no
3004900031,1,imports,201712,2089844029.00,"Analgesics, for human use, in doses/packings for retail sale, o/t No 30.02/05/06",16,3004900069,"Anti-infective agents, for human use, in doses/pack frs, o/t No 30.02/05/06, nes",0.7451,,,,no
3004900031,1,imports,201712,2089844029.00,"Analgesics, for human use, in doses/packings for retail sale, o/t No 30.02/05/06",17,3004900023,"Antidepressants & tranquilizers,f human use,in doses/pack frs,o/t No 30.02/05/06",0.7097,,,,no
3004900031,1,imports,201712,2089844029.00,"Analgesics, for human use, in doses/packings for retail sale, o/t No 30.02/05/06",18,3004900012,"Dextrose (glucose) solutions,in doses/pack for retail sale,o/t No 30.02/05/06",0.6974,,,,no
3004900031,1,imports,201712,2089844029.00,"Analgesics, for human use, in doses/packings for retail sale, o/t No 30.02/05/06",19,3004900061,"Anti-infective agents,cont sulfonamides,f human use,doses/frs,o/t No 30.02/05/06",0.5987,,,,no
3004900031,1,imports,201712,2089844029.00,"Analgesics, for human use, in doses/packings for retail sale, o/t No 30.02/05/06",20,3004900050,"Medi,for human use,acting on cardio-vascular system,doses/frs,o/t No 30.02/05/06",0.5860,,,,no
3004900031,1,imports,201712,2089844029.00,"Analgesics, for human use, in doses/packings for retail sale, o/t No 30.02/05/06",21,3004900078,"Medi,cont hyaluronic acid/its sodium salt,human use,doses/frs,o/t No 30.02/05/06",0.5732,,,,no
3004900031,1,imports,201712,2089844029.00,"Analgesics, for human use, in doses/packings for retail sale, o/t No 30.02/05/06",22,3004900029,"Medi,acting on central nervous system,human use,doses/frs,o/t No 30.02/05/06,nes",0.5605,,,,no
3004900031,1,imports,201712,2089844029.00,"Analgesics, for human use, in doses/packings for retail sale, o/t No 30.02/05/06",23,3004900074,"Medi,prim f eyes/ears/respiratory system,human use,doses/frs,o/t No 30.02/05/06",0.5513,,,,no
3004900031,1,imports,201712,2089844029.00,"Analgesics, for human use, in doses/packings for retail sale, o/t No 30.02/05/06",24,3004900026,"Agents,acting on central nervous system,hum use,doses/frs,o/t No 30.02/05/06,nes",0.5350,,,,no
3004900031,1,imports,201712,2089844029.00,"Analgesics, for human use, in doses/packings for retail sale, o/t No 30.02/05/06",25,3004900076,"Medi,f electrolytic/caloric/water balance,human use,doses/frs,o/t No 30.02/05/06",0.5096,,,,no
3004900031,1,imports,201712,2089844029.00,"Analgesics, for human use, in doses/packings for retail sale, o/t No 30.02/05/06",26,3004900019,"Mixt amino acids & protein hydrolysates,etc,in doses/frs,o/t No 30.02/05/06,nes",0.4805,,,,no
3004900031,1,imports,201712,2089844029.00,"Analgesics, for human use, in doses/packings for retail sale, o/t No 30.02/05/06",27,3004900021,"Medi cont cannabis/cannabinoids, therap/prophltc uses, doses/pack f retail sale",0.4805,,,,no
3004900032,1,imports,201712,6525417842.00,"Antidepressants & tranquilizers,f human use,in doses/pack frs,o/t No 30.02/05/06",1,3004900023,"Antidepressants & tranquilizers,f human use,in doses/pack frs,o/t No 30.02/05/06",1.0000,,,,yes
3004900032,1,imports,201712,6525417842.00,"Antidepressants & tranquilizers,f human use,in doses/pack frs,o/t No 30.02/05/06",2,3004900024,"Antihypertensive agents, for human use, in doses/packings frs,o/t No 30.02/05/06",0.7821,,,,no
3004900032,1,imports,201712,6525417842.00,"Antidepressants & tranquilizers,f human use,in doses/pack frs,o/t No 30.02/05/06",3,3004900069,"Anti-infective agents, for human use, in doses/pack frs, o/t No 30.02/05/06, nes",0.7662,,,,no
3004900032,1,imports,201712,6525417842.00,"Antidepressants & tranquilizers,f human use,in doses/pack frs,o/t No 30.02/05/06",4,3004900072,"Antineoplastic agents, for human use, in doses/packings frs, o/t No 30.02/05/06",0.7662,,,,no
3004900032,1,imports,201712,6525417842.00,"Antidepressants & tranquilizers,f human use,in doses/pack frs,o/t No 30.02/05/06",5,3004900049,"Gastrointestinal agents, for human use, in doses/pack frs,o/t No 30.02/05/06,nes",0.7436,,,swapped term,no
3004900032,1,imports,201712,6525417842.00,"Antidepressants & tranquilizers,f human use,in doses/pack frs,o/t No 30.02/05/06",6,3004900073,"Cough/cold preparations, for human use, in doses/packings frs,o/t No 30.02/05/06",0.7436,,,,no
3004900032,1,imports,201712,6525417842.00,"Antidepressants & tranquilizers,f human use,in doses/pack frs,o/t No 30.02/05/06",7,3004900025,"Antihistaminic agents, for human use, in doses/packings frs, o/t No 30.02/05/06",0.7403,,,,no
3004900032,1,imports,201712,6525417842.00,"Antidepressants & tranquilizers,f human use,in doses/pack frs,o/t No 30.02/05/06",8,3004900071,"Haematological agents, for human use, in doses/packings frs, o/t No 30.02/05/06",0.7273,,,,no
3004900032,1,imports,201712,6525417842.00,"Antidepressants & tranquilizers,f human use,in doses/pack frs,o/t No 30.02/05/06",9,3004900077,"Dermatological agents, for human use, in doses/packings frs, o/t No 30.02/05/06",0.7273,,,,no
3004900032,1,imports,201712,6525417842.00,"Antidepressants & tranquilizers,f human use,in doses/pack frs,o/t No 30.02/05/06",10,3004900061,"Anti-infective agents,cont sulfonamides,f human use,doses/frs,o/t No 30.02/05/06",0.7215,,,,no
3004900032,1,imports,201712,6525417842.00,"Antidepressants & tranquilizers,f human use,in doses/pack frs,o/t No 30.02/05/06",11,3004900043,"Antacids, for human use, in doses/packings for retail sale, o/t No 30.02/05/06",0.7190,,,,no
3004900032,1,imports,201712,6525417842.00,"Antidepressants & tranquilizers,f human use,in doses/pack frs,o/t No 30.02/05/06",12,3004900022,"Analgesics, for human use, in doses/packings for retail sale, o/t No 30.02/05/06",0.7097,,,,no
3004900032,1,imports,201712,6525417842.00,"Antidepressants & tranquilizers,f human use,in doses/pack frs,o/t No 30.02/05/06",13,3004900042,"Laxatives, for human use, in doses/packings for retail sale, o/t No 30.02/05/06",0.7013,,,,no
3004900032,1,imports,201712,6525417842.00,"Antidepressants & tranquilizers,f human use,in doses/pack frs,o/t No 30.02/05/06",14,3004900027,"Local anaesthetics, for human use,in doses/pack f retail sale,o/t No 30.02/05/06",0.6879,,,swapped term,no
3004900032,1,imports,201712,6525417842.00,"Antidepressants & tranquilizers,f human use,in doses/pack frs,o/t No 30.02/05/06",15,3004900079,"Medicaments,for human use,in doses/packings f retail sale,o/t No 30.02/05/06,nes",0.6835,,,,no
3004900032,1,imports,201712,6525417842.00,"Antidepressants & tranquilizers,f human use,in doses/pack frs,o/t No 30.02/05/06",16,3004900075,"Diuretics, for human use, in doses/packings for retail sale, o/t No 30.02/05/06",0.6753,,,,no
3004900032,1,imports,201712,6525417842.00,"Antidepressants & tranquilizers,f human use,in doses/pack frs,o/t No 30.02/05/06",17,3004900029,"Medi,acting on central nervous system,human use,doses/frs,o/t No 30.02/05/06,nes",0.6582,,,,no
3004900032,1,imports,201712,6525417842.00,"Antidepressants & tranquilizers,f human use,in doses/pack frs,o/t No 30.02/05/06",18,3004900026,"Agents,acting on central nervous system,hum use,doses/frs,o/t No 30.02/05/06,nes",0.6456,,,,no
3004900032,1,imports,201712,6525417842.00,"Antidepressants & tranquilizers,f human use,in doses/pack frs,o/t No 30.02/05/06",19,3004900011,"Mixtures amino acids,nes,in doses/packings for retail sale,o/t No 30.02/05/06",0.6194,,,,no
3004900032,1,imports,201712,6525417842.00,"Antidepressants & tranquilizers,f human use,in doses/pack frs,o/t No 30.02/05/06",20,3004900090,"Medicaments,f veterinary use,doses/packings f retail sale,o/t No 30.02/05/06,nes",0.6076,use,,,no
3004900032,1,imports,201712,6525417842.00,"Antidepressants & tranquilizers,f human use,in doses/pack frs,o/t No 30.02/05/06",21,3004900078,"Medi,cont hyaluronic acid/its sodium salt,human use,doses/frs,o/t No 30.02/05/06",0.5949,,,,no
3004900032,1,imports,201712,6525417842.00,"Antidepressants & tranquilizers,f human use,in doses/pack frs,o/t No 30.02/05/06",22,3004900074,"Medi,prim f eyes/ears/respiratory system,human use,doses/frs,o/t No 30.02/05/06",0.5860,,,,no
3004900032,1,imports,201712,6525417842.00,"Antidepressants & tranquilizers,f human use,in doses/pack frs,o/t No 30.02/05/06",23,3004900050,"Medi,for human use,acting on cardio-vascular system,doses/frs,o/t No 30.02/05/06",0.5696,,,,no
3004900032,1,imports,201712,6525417842.00,"Antidepressants & tranquilizers,f human use,in doses/pack frs,o/t No 30.02/05/06",24,3004900076,"Medi,f electrolytic/caloric/water balance,human use,doses/frs,o/t No 30.02/05/06",0.5316,,,,no
3004900032,1,imports,201712,6525417842.00,"Antidepressants & tranquilizers,f human use,in doses/pack frs,o/t No 30.02/05/06",25,3004900019,"Mixt amino acids & protein hydrolysates,etc,in doses/frs,o/t No 30.02/05/06,nes",0.5290,,,,no
3004900032,1,imports,201712,6525417842.00,"Antidepressants & tranquilizers,f human use,in doses/pack frs,o/t No 30.02/05/06",26,3004900012,"Dextrose (glucose) solutions,in doses/pack for retail sale,o/t No 30.02/05/06",0.5229,,,,no
3004900032,1,imports,201712,6525417842.00,"Antidepressants & tranquilizers,f human use,in doses/pack frs,o/t No 30.02/05/06",27,3004900021,"Medi cont cannabis/cannabinoids, therap/prophltc uses, doses/pack f retail sale",0.3742,,,,no
3004900033,1,imports,201712,2694917989.00,"Antihypertensive agents, for human use, in doses/packings frs,o/t No 30.02/05/06",1,3004900024,"Antihypertensive agents, for human use, in doses/packings frs,o/t No 30.02/05/06",1.0000,,,,yes
3004900033,1,imports,201712,2694917989.00,"Antihypertensive agents, for human use, in doses/packings frs,o/t No 30.02/05/06",2,3004900025,"Antihistaminic agents, for human use, in doses/packings frs, o/t No 30.02/05/06",0.9091,,,swapped term,no
3004900033,1,imports,201712,2694917989.00,"Antihypertensive agents, for human use, in doses/packings frs,o/t No 30.02/05/06",3,3004900072,"Antineoplastic agents, for human use, in doses/packings frs, o/t No 30.02/05/06",0.8961,,,swapped term,no
3004900033,1,imports,201712,2694917989.00,"Antihypertensive agents, for human use, in doses/packings frs,o/t No 30.02/05/06",4,3004900069,"Anti-infective agents, for human use, in doses/pack frs, o/t No 30.02/05/06, nes",0.8701,,,,no
3004900033,1,imports,201712,2694917989.00,"Antihypertensive agents, for human use, in doses/packings frs,o/t No 30.02/05/06",5,3004900077,"Dermatological agents, for human use, in doses/packings frs, o/t No 30.02/05/06",0.8571,,,swapped term,no
3004900033,1,imports,201712,2694917989.00,"Antihypertensive agents, for human use, in doses/packings frs,o/t No 30.02/05/06",6,3004900071,"Haematological agents, for human use, in doses/packings frs, o/t No 30.02/05/06",0.8442,,,swapped term,no
3004900033,1,imports,201712,2694917989.00,"Antihypertensive agents, for human use, in doses/packings frs,o/t No 30.02/05/06",7,3004900049,"Gastrointestinal agents, for human use, in doses/pack frs,o/t No 30.02/05/06,nes",0.8077,,,swapped term,no
3004900033,1,imports,201712,2694917989.00,"Antihypertensive agents, for human use, in doses/packings frs,o/t No 30.02/05/06",8,3004900042,"Laxatives, for human use, in doses/packings for retail sale, o/t No 30.02/05/06",0.7922,,,swapped term,no
3004900033,1,imports,201712,2694917989.00,"Antihypertensive agents, for human use, in doses/packings frs,o/t No 30.02/05/06",9,3004900022,"Analgesics, for human use, in doses/packings for retail sale, o/t No 30.02/05/06",0.7871,,,swapped term,no
3004900033,1,imports,201712,2694917989.00,"Antihypertensive agents, for human use, in doses/packings frs,o/t No 30.02/05/06",10,3004900043,"Antacids, for human use, in doses/packings for retail sale, o/t No 30.02/05/06",0.7843,,,swapped term,no
3004900033,1,imports,201712,2694917989.00,"Antihypertensive agents, for human use, in doses/packings frs,o/t No 30.02/05/06",11,3004900023,"Antidepressants & tranquilizers,f human use,in doses/pack frs,o/t No 30.02/05/06",0.7692,,,,no
3004900033,1,imports,201712,2694917989.00,"Antihypertensive agents, for human use, in doses/packings frs,o/t No 30.02/05/06",12,3004900073,"Cough/cold preparations, for human use, in doses/packings frs,o/t No 30.02/05/06",0.7692,,,,no
3004900033,1,imports,201712,2694917989.00,"Antihypertensive agents, for human use, in doses/packings frs,o/t No 30.02/05/06",13,3004900079,"Medicaments,for human use,in doses/packings f retail sale,o/t No 30.02/05/06,nes",0.7595,,,swapped term,no
3004900033,1,imports,201712,2694917989.00,"Antihypertensive agents, for human use, in doses/packings frs,o/t No 30.02/05/06",14,3004900075,"Diuretics, for human use, in doses/packings for retail sale, o/t No 30.02/05/06",0.7532,,,swapped term,no
3004900033,1,imports,201712,2694917989.00,"Antihypertensive agents, for human use, in doses/packings frs,o/t No 30.02/05/06",15,3004900061,"Anti-infective agents,cont sulfonamides,f human use,doses/frs,o/t No 30.02/05/06",0.7342,,,,no
3004900033,1,imports,201712,2694917989.00,"Antihypertensive agents, for human use, in doses/packings frs,o/t No 30.02/05/06",16,3004900027,"Local anaesthetics, for human use,in doses/pack f retail sale,o/t No 30.02/05/06",0.7134,,,,no
3004900033,1,imports,201712,2694917989.00,"Antihypertensive agents, for human use, in doses/packings frs,o/t No 30.02/05/06",17,3004900078,"Medi,cont hyaluronic acid/its sodium salt,human use,doses/frs,o/t No 30.02/05/06",0.6582,,,,no
3004900033,1,imports,201712,2694917989.00,"Antihypertensive agents, for human use, in doses/packings frs,o/t No 30.02/05/06",18,3004900011,"Mixtures amino acids,nes,in doses/packings for retail sale,o/t No 30.02/05/06",0.6581,,,,no
3004900033,1,imports,201712,2694917989.00,"Antihypertensive agents, for human use, in doses/packings frs,o/t No 30.02/05/06",19,3004900090,"Medicaments,f veterinary use,doses/packings f retail sale,o/t No 30.02/05/06,nes",0.6456,use,,,no
3004900033,1,imports,201712,2694917989.00,"Antihypertensive agents, for human use, in doses/packings frs,o/t No 30.02/05/06",20,3004900029,"Medi,acting on central nervous system,human use,doses/frs,o/t No 30.02/05/06,nes",0.6203,,,,no
3004900033,1,imports,201712,2694917989.00,"Antihypertensive agents, for human use, in doses/packings frs,o/t No 30.02/05/06",21,3004900050,"Medi,for human use,acting on cardio-vascular system,doses/frs,o/t No 30.02/05/06",0.5949,,,,no
3004900033,1,imports,201712,2694917989.00,"Antihypertensive agents, for human use, in doses/packings frs,o/t No 30.02/05/06",22,3004900026,"Agents,acting on central nervous system,hum use,doses/frs,o/t No 30.02/05/06,nes",0.5823,,,,no
3004900033,1,imports,201712,2694917989.00,"Antihypertensive agents, for human use, in doses/packings frs,o/t No 30.02/05/06",23,3004900019,"Mixt amino acids & protein hydrolysates,etc,in doses/frs,o/t No 30.02/05/06,nes",0.5677,,,,no
3004900033,1,imports,201712,2694917989.00,"Antihypertensive agents, for human use, in doses/packings frs,o/t No 30.02/05/06",24,3004900074,"Medi,prim f eyes/ears/respiratory system,human use,doses/frs,o/t No 30.02/05/06",0.5605,,,,no
3004900033,1,imports,201712,2694917989.00,"Antihypertensive agents, for human use, in doses/packings frs,o/t No 30.02/05/06",25,3004900012,"Dextrose (glucose) solutions,in doses/pack for retail sale,o/t No 30.02/05/06",0.5359,,,,no
3004900033,1,imports,201712,2694917989.00,"Antihypertensive agents, for human use, in doses/packings frs,o/t No 30.02/05/06",26,3004900076,"Medi,f electrolytic/caloric/water balance,human use,doses/frs,o/t No 30.02/05/06",0.5316,,,,no
3004900033,1,imports,201712,2694917989.00,"Antihypertensive agents, for human use, in doses/packings frs,o/t No 30.02/05/06",27,3004900021,"Medi cont cannabis/cannabinoids, therap/prophltc uses, doses/pack f retail sale",0.3355,,,,no
3004900034,1,imports,201712,457653908.00,"Antihistaminic agents, for human use, in doses/packings frs, o/t No 30.02/05/06",1,3004900025,"Antihistaminic agents, for human use, in doses/packings frs, o/t No 30.02/05/06",1.0000,,,,yes
3004900034,1,imports,201712,457653908.00,"Antihistaminic agents, for human use, in doses/packings frs, o/t No 30.02/05/06",2,3004900072,"Antineoplastic agents, for human use, in doses/packings frs, o/t No 30.02/05/06",0.9211,,,swapped term,no
3004900034,1,imports,201712,457653908.00,"Antihistaminic agents, for human use, in doses/packings frs, o/t No 30.02/05/06",3,3004900024,"Antihypertensive agents, for human use, in doses/packings frs,o/t No 30.02/05/06",0.8831,,,swapped term,no
3004900034,1,imports,201712,457653908.00,"Antihistaminic agents, for human use, in doses/packings frs, o/t No 30.02/05/06",4,3004900071,"Haematological agents, for human use, in doses/packings frs, o/t No 30.02/05/06",0.8684,,,swapped term,no
3004900034,1,imports,201712,457653908.00,"Antihistaminic agents, for human use, in doses/packings frs, o/t No 30.02/05/06",5,3004900077,"Dermatological agents, for human use, in doses/packings frs, o/t No 30.02/05/06",0.8684,,,swapped term,no
3004900034,1,imports,201712,457653908.00,"Antihistaminic agents, for human use, in doses/packings frs, o/t No 30.02/05/06",6,3004900069,"Anti-infective agents, for human use, in doses/pack frs, o/t No 30.02/05/06, nes",0.8553,,,,no
3004900034,1,imports,201712,457653908.00,"Antihistaminic agents, for human use, in doses/packings frs, o/t No 30.02/05/06",7,3004900049,"Gastrointestinal agents, for human use, in doses/pack frs,o/t No 30.02/05/06,nes",0.8442,,,swapped term,no
3004900034,1,imports,201712,457653908.00,"Antihistaminic agents, for human use, in doses/packings frs, o/t No 30.02/05/06",8,3004900022,"Analgesics, for human use, in doses/packings for retail sale, o/t No 30.02/05/06",0.7974,,,swapped term,no
3004900034,1,imports,201712,457653908.00,"Antihistaminic agents, for human use, in doses/packings frs, o/t No 30.02/05/06",9,3004900079,"Medicaments,for human use,in doses/packings f retail sale,o/t No 30.02/05/06,nes",0.7949,,,swapped term,no
3004900034,1,imports,201712,457653908.00,"Antihistaminic agents, for human use, in doses/packings frs, o/t No 30.02/05/06",10,3004900043,"Antacids, for human use, in doses/packings for retail sale, o/t No 30.02/05/06",0.7947,,,swapped term,no
3004900034,1,imports,201712,457653908.00,"Antihistaminic agents, for human use, in doses/packings frs, o/t No 30.02/05/06",11,3004900042,"Laxatives, for human use, in doses/packings for retail sale, o/t No 30.02/05/06",0.7895,,,swapped term,no
3004900034,1,imports,201712,457653908.00,"Antihistaminic agents, for human use, in doses/packings frs, o/t No 30.02/05/06",12,3004900073,"Cough/cold preparations, for human use, in doses/packings frs,o/t No 30.02/05/06",0.7792,,,,no
3004900034,1,imports,201712,457653908.00,"Antihistaminic agents, for human use, in doses/packings frs, o/t No 30.02/05/06",13,3004900075,"Diuretics, for human use, in doses/packings for retail sale, o/t No 30.02/05/06",0.7763,,,swapped term,no
3004900034,1,imports,201712,457653908.00,"Antihistaminic agents, for human use, in doses/packings frs, o/t No 30.02/05/06",14,3004900023,"Antidepressants & tranquilizers,f human use,in doses/pack frs,o/t No 30.02/05/06",0.7532,,,,no
3004900034,1,imports,201712,457653908.00,"Antihistaminic agents, for human use, in doses/packings frs, o/t No 30.02/05/06",15,3004900027,"Local anaesthetics, for human use,in doses/pack f retail sale,o/t No 30.02/05/06",0.7355,,,,no
3004900034,1,imports,201712,457653908.00,"Antihistaminic agents, for human use, in doses/packings frs, o/t No 30.02/05/06",16,3004900061,"Anti-infective agents,cont sulfonamides,f human use,doses/frs,o/t No 30.02/05/06",0.7179,,,,no
3004900034,1,imports,201712,457653908.00,"Antihistaminic agents, for human use, in doses/packings frs, o/t No 30.02/05/06",17,3004900011,"Mixtures amino acids,nes,in doses/packings for retail sale,o/t No 30.02/05/06",0.6928,,,,no
3004900034,1,imports,201712,457653908.00,"Antihistaminic agents, for human use, in doses/packings frs, o/t No 30.02/05/06",18,3004900090,"Medicaments,f veterinary use,doses/packings f retail sale,o/t No 30.02/05/06,nes",0.6795,use,,,no
3004900034,1,imports,201712,457653908.00,"Antihistaminic agents, for human use, in doses/packings frs, o/t No 30.02/05/06",19,3004900078,"Medi,cont hyaluronic acid/its sodium salt,human use,doses/frs,o/t No 30.02/05/06",0.6667,,,,no
3004900034,1,imports,201712,457653908.00,"Antihistaminic agents, for human use, in doses/packings frs, o/t No 30.02/05/06",20,3004900029,"Medi,acting on central nervous system,human use,doses/frs,o/t No 30.02/05/06,nes",0.6282,,,,no
3004900034,1,imports,201712,457653908.00,"Antihistaminic agents, for human use, in doses/packings frs, o/t No 30.02/05/06",21,3004900019,"Mixt amino acids & protein hydrolysates,etc,in doses/frs,o/t No 30.02/05/06,nes",0.6144,,,,no
3004900034,1,imports,201712,457653908.00,"Antihistaminic agents, for human use, in doses/packings frs, o/t No 30.02/05/06",22,3004900050,"Medi,for human use,acting on cardio-vascular system,doses/frs,o/t No 30.02/05/06",0.6026,,,,no
3004900034,1,imports,201712,457653908.00,"Antihistaminic agents, for human use, in doses/packings frs, o/t No 30.02/05/06",23,3004900076,"Medi,f electrolytic/caloric/water balance,human use,doses/frs,o/t No 30.02/05/06",0.6026,,,,no
3004900034,1,imports,201712,457653908.00,"Antihistaminic agents, for human use, in doses/packings frs, o/t No 30.02/05/06",24,3004900026,"Agents,acting on central nervous system,hum use,doses/frs,o/t No 30.02/05/06,nes",0.5897,,,,no
3004900034,1,imports,201712,457653908.00,"Antihistaminic agents, for human use, in doses/packings frs, o/t No 30.02/05/06",25,3004900074,"Medi,prim f eyes/ears/respiratory system,human use,doses/frs,o/t No 30.02/05/06",0.5677,,,,no
3004900034,1,imports,201712,457653908.00,"Antihistaminic agents, for human use, in doses/packings frs, o/t No 30.02/05/06",26,3004900012,"Dextrose (glucose) solutions,in doses/pack for retail sale,o/t No 30.02/05/06",0.5298,,,,no
3004900034,1,imports,201712,457653908.00,"Antihistaminic agents, for human use, in doses/packings frs, o/t No 30.02/05/06",27,3004900021,"Medi cont cannabis/cannabinoids, therap/prophltc uses, doses/pack f retail sale",0.4052,,,,no
3004900035,1,imports,201712,6760065602.00,"Agents,acting on central nervous system,hum use,doses/frs,o/t No 30.02/05/06,nes",1,3004900026,"Agents,acting on central nervous system,hum use,doses/frs,o/t No 30.02/05/06,nes",1.0000,,,,yes
3004900035,1,imports,201712,6760065602.00,"Agents,acting on central nervous system,hum use,doses/frs,o/t No 30.02/05/06,nes",2,3004900029,"Medi,acting on central nervous system,human use,doses/frs,o/t No 30.02/05/06,nes",0.9375,,,swapped term,no
3004900035,1,imports,201712,6760065602.00,"Agents,acting on central nervous system,hum use,doses/frs,o/t No 30.02/05/06,nes",3,3004900050,"Medi,for human use,acting on cardio-vascular system,doses/frs,o/t No 30.02/05/06",0.6750,,,,no
3004900035,1,imports,201712,6760065602.00,"Agents,acting on central nervous system,hum use,doses/frs,o/t No 30.02/05/06,nes",4,3004900074,"Medi,prim f eyes/ears/respiratory system,human use,doses/frs,o/t No 30.02/05/06",0.6541,,,,no
3004900035,1,imports,201712,6760065602.00,"Agents,acting on central nervous system,hum use,doses/frs,o/t No 30.02/05/06,nes",5,3004900023,"Antidepressants & tranquilizers,f human use,in doses/pack frs,o/t No 30.02/05/06",0.6456,,,,no
3004900035,1,imports,201712,6760065602.00,"Agents,acting on central nervous system,hum use,doses/frs,o/t No 30.02/05/06,nes",6,3004900069,"Anti-infective agents, for human use, in doses/pack frs, o/t No 30.02/05/06, nes",0.6410,,,,no
3004900035,1,imports,201712,6760065602.00,"Agents,acting on central nervous system,hum use,doses/frs,o/t No 30.02/05/06,nes",7,3004900061,"Anti-infective agents,cont sulfonamides,f human use,doses/frs,o/t No 30.02/05/06",0.6375,,,,no
3004900035,1,imports,201712,6760065602.00,"Agents,acting on central nervous system,hum use,doses/frs,o/t No 30.02/05/06,nes",8,3004900076,"Medi,f electrolytic/caloric/water balance,human use,doses/frs,o/t No 30.02/05/06",0.6375,,,,no
3004900035,1,imports,201712,6760065602.00,"Agents,acting on central nervous system,hum use,doses/frs,o/t No 30.02/05/06,nes",9,3004900049,"Gastrointestinal agents, for human use, in doses/pack frs,o/t No 30.02/05/06,nes",0.6329,,,,no
3004900035,1,imports,201712,6760065602.00,"Agents,acting on central nervous system,hum use,doses/frs,o/t No 30.02/05/06,nes",10,3004900079,"Medicaments,for human use,in doses/packings f retail sale,o/t No 30.02/05/06,nes",0.6125,,,,no
3004900035,1,imports,201712,6760065602.00,"Agents,acting on central nervous system,hum use,doses/frs,o/t No 30.02/05/06,nes",11,3004900019,"Mixt amino acids & protein hydrolysates,etc,in doses/frs,o/t No 30.02/05/06,nes",0.6115,,,,no
3004900035,1,imports,201712,6760065602.00,"Agents,acting on central nervous system,hum use,doses/frs,o/t No 30.02/05/06,nes",12,3004900090,"Medicaments,f veterinary use,doses/packings f retail sale,o/t No 30.02/05/06,nes",0.6000,use,,,no
3004900035,1,imports,201712,6760065602.00,"Agents,acting on central nervous system,hum use,doses/frs,o/t No 30.02/05/06,nes",13,3004900025,"Antihistaminic agents, for human use, in doses/packings frs, o/t No 30.02/05/06",0.5897,,,,no
3004900035,1,imports,201712,6760065602.00,"Agents,acting on central nervous system,hum use,doses/frs,o/t No 30.02/05/06,nes",14,3004900071,"Haematological agents, for human use, in doses/packings frs, o/t No 30.02/05/06",0.5897,,,,no
3004900035,1,imports,201712,6760065602.00,"Agents,acting on central nervous system,hum use,doses/frs,o/t No 30.02/05/06,nes",15,3004900072,"Antineoplastic agents, for human use, in doses/packings frs, o/t No 30.02/05/06",0.5897,,,,no
3004900035,1,imports,201712,6760065602.00,"Agents,acting on central nervous system,hum use,doses/frs,o/t No 30.02/05/06,nes",16,3004900077,"Dermatological agents, for human use, in doses/packings frs, o/t No 30.02/05/06",0.5897,,,,no
3004900035,1,imports,201712,6760065602.00,"Agents,acting on central nervous system,hum use,doses/frs,o/t No 30.02/05/06,nes",17,3004900078,"Medi,cont hyaluronic acid/its sodium salt,human use,doses/frs,o/t No 30.02/05/06",0.5875,,,,no
3004900035,1,imports,201712,6760065602.00,"Agents,acting on central nervous system,hum use,doses/frs,o/t No 30.02/05/06,nes",18,3004900024,"Antihypertensive agents, for human use, in doses/packings frs,o/t No 30.02/05/06",0.5823,,,,no
3004900035,1,imports,201712,6760065602.00,"Agents,acting on central nervous system,hum use,doses/frs,o/t No 30.02/05/06,nes",19,3004900043,"Antacids, for human use, in doses/packings for retail sale, o/t No 30.02/05/06",0.5677,,,,no
3004900035,1,imports,201712,6760065602.00,"Agents,acting on central nervous system,hum use,doses/frs,o/t No 30.02/05/06,nes",20,3004900027,"Local anaesthetics, for human use,in doses/pack f retail sale,o/t No 30.02/05/06",0.5660,,,,no
3004900035,1,imports,201712,6760065602.00,"Agents,acting on central nervous system,hum use,doses/frs,o/t No 30.02/05/06,nes",21,3004900022,"Analgesics, for human use, in doses/packings for retail sale, o/t No 30.02/05/06",0.5605,,,,no
3004900035,1,imports,201712,6760065602.00,"Agents,acting on central nervous system,hum use,doses/frs,o/t No 30.02/05/06,nes",22,3004900042,"Laxatives, for human use, in doses/packings for retail sale, o/t No 30.02/05/06",0.5513,,,,no
3004900035,1,imports,201712,6760065602.00,"Agents,acting on central nervous system,hum use,doses/frs,o/t No 30.02/05/06,nes",23,3004900075,"Diuretics, for human use, in doses/packings for retail sale, o/t No 30.02/05/06",0.5513,,,,no
3004900035,1,imports,201712,6760065602.00,"Agents,acting on central nervous system,hum use,doses/frs,o/t No 30.02/05/06,nes",24,3004900073,"Cough/cold preparations, for human use, in doses/packings frs,o/t No 30.02/05/06",0.5443,,,,no
3004900035,1,imports,201712,6760065602.00,"Agents,acting on central nervous system,hum use,doses/frs,o/t No 30.02/05/06,nes",25,3004900011,"Mixtures amino acids,nes,in doses/packings for retail sale,o/t No 30.02/05/06",0.5350,,,,no
3004900035,1,imports,201712,6760065602.00,"Agents,acting on central nervous system,hum use,doses/frs,o/t No 30.02/05/06,nes",26,3004900012,"Dextrose (glucose) solutions,in doses/pack for retail sale,o/t No 30.02/05/06",0.4645,,,,no
3004900035,1,imports,201712,6760065602.00,"Agents,acting on central nervous system,hum use,doses/frs,o/t No 30.02/05/06,nes",27,3004900021,"Medi cont cannabis/cannabinoids, therap/prophltc uses, doses/pack f retail sale",0.3694,,,,no
3004900036,1,imports,201712,627338348.00,"Local anaesthetics, for human use,in doses/pack f retail sale,o/t No 30.02/05/06",1,3004900027,"Local anaesthetics, for human use,in doses/pack f retail sale,o/t No 30.02/05/06",1.0000,,,,yes
3004900036,1,imports,201712,627338348.00,"Local anaesthetics, for human use,in doses/pack f retail sale,o/t No 30.02/05/06",2,3004900022,"Analgesics, for human use, in doses/packings for retail sale, o/t No 30.02/05/06",0.8846,,,,no
3004900036,1,imports,201712,627338348.00,"Local anaesthetics, for human use,in doses/pack f retail sale,o/t No 30.02/05/06",3,3004900042,"Laxatives, for human use, in doses/packings for retail sale, o/t No 30.02/05/06",0.8645,,,,no
3004900036,1,imports,201712,627338348.00,"Local anaesthetics, for human use,in doses/pack f retail sale,o/t No 30.02/05/06",4,3004900043,"Antacids, for human use, in doses/packings for retail sale, o/t No 30.02/05/06",0.8571,,,,no
3004900036,1,imports,201712,627338348.00,"Local anaesthetics, for human use,in doses/pack f retail sale,o/t No 30.02/05/06",5,3004900075,"Diuretics, for human use, in doses/packings for retail sale, o/t No 30.02/05/06",0.8516,,,,no
3004900036,1,imports,201712,627338348.00,"Local anaesthetics, for human use,in doses/pack f retail sale,o/t No 30.02/05/06",6,3004900079,"Medicaments,for human use,in doses/packings f retail sale,o/t No 30.02/05/06,nes",0.8302,,,,no
3004900036,1,imports,201712,627338348.00,"Local anaesthetics, for human use,in doses/pack f retail sale,o/t No 30.02/05/06",7,3004900071,"Haematological agents, for human use, in doses/packings frs, o/t No 30.02/05/06",0.7871,,,,no
3004900036,1,imports,201712,627338348.00,"Local anaesthetics, for human use,in doses/pack f retail sale,o/t No 30.02/05/06",8,3004900077,"Dermatological agents, for human use, in doses/packings frs, o/t No 30.02/05/06",0.7871,,,,no
3004900036,1,imports,201712,627338348.00,"Local anaesthetics, for human use,in doses/pack f retail sale,o/t No 30.02/05/06",9,3004900072,"Antineoplastic agents, for human use, in doses/packings frs, o/t No 30.02/05/06",0.7613,,,,no
3004900036,1,imports,201712,627338348.00,"Local anaesthetics, for human use,in doses/pack f retail sale,o/t No 30.02/05/06",10,3004900049,"Gastrointestinal agents, for human use, in doses/pack frs,o/t No 30.02/05/06,nes",0.7516,,,swapped term,no
3004900036,1,imports,201712,627338348.00,"Local anaesthetics, for human use,in doses/pack f retail sale,o/t No 30.02/05/06",11,3004900025,"Antihistaminic agents, for human use, in doses/packings frs, o/t No 30.02/05/06",0.7355,,,,no
3004900036,1,imports,201712,627338348.00,"Local anaesthetics, for human use,in doses/pack f retail sale,o/t No 30.02/05/06",12,3004900069,"Anti-infective agents, for human use, in doses/pack frs, o/t No 30.02/05/06, nes",0.7355,,,,no
3004900036,1,imports,201712,627338348.00,"Local anaesthetics, for human use,in doses/pack f retail sale,o/t No 30.02/05/06",13,3004900024,"Antihypertensive agents, for human use, in doses/packings frs,o/t No 30.02/05/06",0.7261,,,,no
3004900036,1,imports,201712,627338348.00,"Local anaesthetics, for human use,in doses/pack f retail sale,o/t No 30.02/05/06",14,3004900073,"Cough/cold preparations, for human use, in doses/packings frs,o/t No 30.02/05/06",0.7261,,,,no
3004900036,1,imports,201712,627338348.00,"Local anaesthetics, for human use,in doses/pack f retail sale,o/t No 30.02/05/06",15,3004900090,"Medicaments,f veterinary use,doses/packings f retail sale,o/t No 30.02/05/06,nes",0.7170,use,,,no
3004900036,1,imports,201712,627338348.00,"Local anaesthetics, for human use,in doses/pack f retail sale,o/t No 30.02/05/06",16,3004900023,"Antidepressants & tranquilizers,f human use,in doses/pack frs,o/t No 30.02/05/06",0.7134,,,swapped term,no
3004900036,1,imports,201712,627338348.00,"Local anaesthetics, for human use,in doses/pack f retail sale,o/t No 30.02/05/06",17,3004900012,"Dextrose (glucose) solutions,in doses/pack for retail sale,o/t No 30.02/05/06",0.6883,,,,no
3004900036,1,imports,201712,627338348.00,"Local anaesthetics, for human use,in doses/pack f retail sale,o/t No 30.02/05/06",18,3004900011,"Mixtures amino acids,nes,in doses/packings for retail sale,o/t No 30.02/05/06",0.6795,,,,no
3004900036,1,imports,201712,627338348.00,"Local anaesthetics, for human use,in doses/pack f retail sale,o/t No 30.02/05/06",19,3004900029,"Medi,acting on central nervous system,human use,doses/frs,o/t No 30.02/05/06,nes",0.6164,,,,no
3004900036,1,imports,201712,627338348.00,"Local anaesthetics, for human use,in doses/pack f retail sale,o/t No 30.02/05/06",20,3004900050,"Medi,for human use,acting on cardio-vascular system,doses/frs,o/t No 30.02/05/06",0.6038,,,,no
3004900036,1,imports,201712,627338348.00,"Local anaesthetics, for human use,in doses/pack f retail sale,o/t No 30.02/05/06",21,3004900061,"Anti-infective agents,cont sulfonamides,f human use,doses/frs,o/t No 30.02/05/06",0.6038,,,,no
3004900036,1,imports,201712,627338348.00,"Local anaesthetics, for human use,in doses/pack f retail sale,o/t No 30.02/05/06",22,3004900076,"Medi,f electrolytic/caloric/water balance,human use,doses/frs,o/t No 30.02/05/06",0.6038,,,,no
3004900036,1,imports,201712,627338348.00,"Local anaesthetics, for human use,in doses/pack f retail sale,o/t No 30.02/05/06",23,3004900078,"Medi,cont hyaluronic acid/its sodium salt,human use,doses/frs,o/t No 30.02/05/06",0.6038,,,,no
3004900036,1,imports,201712,627338348.00,"Local anaesthetics, for human use,in doses/pack f retail sale,o/t No 30.02/05/06",24,3004900074,"Medi,prim f eyes/ears/respiratory system,human use,doses/frs,o/t No 30.02/05/06",0.5949,,,,no
3004900036,1,imports,201712,627338348.00,"Local anaesthetics, for human use,in doses/pack f retail sale,o/t No 30.02/05/06",25,3004900026,"Agents,acting on central nervous system,hum use,doses/frs,o/t No 30.02/05/06,nes",0.5912,,,,no
3004900036,1,imports,201712,627338348.00,"Local anaesthetics, for human use,in doses/pack f retail sale,o/t No 30.02/05/06",26,3004900021,"Medi cont cannabis/cannabinoids, therap/prophltc uses, doses/pack f retail sale",0.5385,,,,no
3004900036,1,imports,201712,627338348.00,"Local anaesthetics, for human use,in doses/pack f retail sale,o/t No 30.02/05/06",27,3004900019,"Mixt amino acids & protein hydrolysates,etc,in doses/frs,o/t No 30.02/05/06,nes",0.5256,,,,no
3004900039,1,imports,201712,3792547257.00,"Medi,acting on central nervous system,human use,doses/frs,o/t No 30.02/05/06,nes",1,3004900029,"Medi,acting on central nervous system,human use,doses/frs,o/t No 30.02/05/06,nes",1.0000,,,,yes
3004900039,1,imports,201712,3792547257.00,"Medi,acting on central nervous system,human use,doses/frs,o/t No 30.02/05/06,nes",2,3004900026,"Agents,acting on central nervous system,hum use,doses/frs,o/t No 30.02/05/06,nes",0.9375,,,swapped term,no
3004900039,1,imports,201712,3792547257.00,"Medi,acting on central nervous system,human use,doses/frs,o/t No 30.02/05/06,nes",3,3004900074,"Medi,prim f eyes/ears/respiratory system,human use,doses/frs,o/t No 30.02/05/06",0.7044,,,,no
3004900039,1,imports,201712,3792547257.00,"Medi,acting on central nervous system,human use,doses/frs,o/t No 30.02/05/06,nes",4,3004900050,"Medi,for human use,acting on cardio-vascular system,doses/frs,o/t No 30.02/05/06",0.7000,,,swapped term,no
3004900039,1,imports,201712,3792547257.00,"Medi,acting on central nervous system,human use,doses/frs,o/t No 30.02/05/06,nes",5,3004900076,"Medi,f electrolytic/caloric/water balance,human use,doses/frs,o/t No 30.02/05/06",0.7000,,,,no
3004900039,1,imports,201712,3792547257.00,"Medi,acting on central nervous system,human use,doses/frs,o/t No 30.02/05/06,nes",6,3004900069,"Anti-infective agents, for human use, in doses/pack frs, o/t No 30.02/05/06, nes",0.6923,,,,no
3004900039,1,imports,201712,3792547257.00,"Medi,acting on central nervous system,human use,doses/frs,o/t No 30.02/05/06,nes",7,3004900049,"Gastrointestinal agents, for human use, in doses/pack frs,o/t No 30.02/05/06,nes",0.6709,,,,no
3004900039,1,imports,201712,3792547257.00,"Medi,acting on central nervous system,human use,doses/frs,o/t No 30.02/05/06,nes",8,3004900079,"Medicaments,for human use,in doses/packings f retail sale,o/t No 30.02/05/06,nes",0.6625,,,,no
3004900039,1,imports,201712,3792547257.00,"Medi,acting on central nervous system,human use,doses/frs,o/t No 30.02/05/06,nes",9,3004900023,"Antidepressants & tranquilizers,f human use,in doses/pack frs,o/t No 30.02/05/06",0.6582,,,,no
3004900039,1,imports,201712,3792547257.00,"Medi,acting on central nervous system,human use,doses/frs,o/t No 30.02/05/06,nes",10,3004900061,"Anti-infective agents,cont sulfonamides,f human use,doses/frs,o/t No 30.02/05/06",0.6500,,,,no
3004900039,1,imports,201712,3792547257.00,"Medi,acting on central nervous system,human use,doses/frs,o/t No 30.02/05/06,nes",11,3004900078,"Medi,cont hyaluronic acid/its sodium salt,human use,doses/frs,o/t No 30.02/05/06",0.6500,,,,no
3004900039,1,imports,201712,3792547257.00,"Medi,acting on central nervous system,human use,doses/frs,o/t No 30.02/05/06,nes",12,3004900025,"Antihistaminic agents, for human use, in doses/packings frs, o/t No 30.02/05/06",0.6282,,,,no
3004900039,1,imports,201712,3792547257.00,"Medi,acting on central nervous system,human use,doses/frs,o/t No 30.02/05/06,nes",13,3004900071,"Haematological agents, for human use, in doses/packings frs, o/t No 30.02/05/06",0.6282,,,,no
3004900039,1,imports,201712,3792547257.00,"Medi,acting on central nervous system,human use,doses/frs,o/t No 30.02/05/06,nes",14,3004900072,"Antineoplastic agents, for human use, in doses/packings frs, o/t No 30.02/05/06",0.6282,,,,no
3004900039,1,imports,201712,3792547257.00,"Medi,acting on central nervous system,human use,doses/frs,o/t No 30.02/05/06,nes",15,3004900077,"Dermatological agents, for human use, in doses/packings frs, o/t No 30.02/05/06",0.6282,,,,no
3004900039,1,imports,201712,3792547257.00,"Medi,acting on central nervous system,human use,doses/frs,o/t No 30.02/05/06,nes",16,3004900019,"Mixt amino acids & protein hydrolysates,etc,in doses/frs,o/t No 30.02/05/06,nes",0.6242,,,,no
3004900039,1,imports,201712,3792547257.00,"Medi,acting on central nervous system,human use,doses/frs,o/t No 30.02/05/06,nes",17,3004900024,"Antihypertensive agents, for human use, in doses/packings frs,o/t No 30.02/05/06",0.6203,,,,no
3004900039,1,imports,201712,3792547257.00,"Medi,acting on central nervous system,human use,doses/frs,o/t No 30.02/05/06,nes",18,3004900090,"Medicaments,f veterinary use,doses/packings f retail sale,o/t No 30.02/05/06,nes",0.6125,use,,,no
3004900039,1,imports,201712,3792547257.00,"Medi,acting on central nervous system,human use,doses/frs,o/t No 30.02/05/06,nes",19,3004900073,"Cough/cold preparations, for human use, in doses/packings frs,o/t No 30.02/05/06",0.5949,,,,no
3004900039,1,imports,201712,3792547257.00,"Medi,acting on central nervous system,human use,doses/frs,o/t No 30.02/05/06,nes",20,3004900027,"Local anaesthetics, for human use,in doses/pack f retail sale,o/t No 30.02/05/06",0.5912,,,,no
3004900039,1,imports,201712,3792547257.00,"Medi,acting on central nervous system,human use,doses/frs,o/t No 30.02/05/06,nes",21,3004900075,"Diuretics, for human use, in doses/packings for retail sale, o/t No 30.02/05/06",0.5897,,,,no
3004900039,1,imports,201712,3792547257.00,"Medi,acting on central nervous system,human use,doses/frs,o/t No 30.02/05/06,nes",22,3004900022,"Analgesics, for human use, in doses/packings for retail sale, o/t No 30.02/05/06",0.5860,,,,no
3004900039,1,imports,201712,3792547257.00,"Medi,acting on central nervous system,human use,doses/frs,o/t No 30.02/05/06,nes",23,3004900042,"Laxatives, for human use, in doses/packings for retail sale, o/t No 30.02/05/06",0.5769,,,,no
3004900039,1,imports,201712,3792547257.00,"Medi,acting on central nervous system,human use,doses/frs,o/t No 30.02/05/06,nes",24,3004900043,"Antacids, for human use, in doses/packings for retail sale, o/t No 30.02/05/06",0.5677,,,,no
3004900039,1,imports,201712,3792547257.00,"Medi,acting on central nervous system,human use,doses/frs,o/t No 30.02/05/06,nes",25,3004900011,"Mixtures amino acids,nes,in doses/packings for retail sale,o/t No 30.02/05/06",0.5350,,,,no
3004900039,1,imports,201712,3792547257.00,"Medi,acting on central nervous system,human use,doses/frs,o/t No 30.02/05/06,nes",26,3004900012,"Dextrose (glucose) solutions,in doses/pack for retail sale,o/t No 30.02/05/06",0.5032,,,,no
3004900039,1,imports,201712,3792547257.00,"Medi,acting on central nervous system,human use,doses/frs,o/t No 30.02/05/06,nes",27,3004900021,"Medi cont cannabis/cannabinoids, therap/prophltc uses, doses/pack f retail sale",0.3822,,,,no
3004900041,1,imports,201112,142378137.00,"Histamine H2 receptor antagonist, for human use, in dosage",1,3004900049,"Other gastrointestinal agents, for human use, in dosage, nes",0.6372,,,,no
3004900081,1,imports,201112,17659861.00,"Anaesthetic, for veterinary use, in dosage",1,3004900090,"Other medicaments, for veterinary use, in dosage, nes",0.7556,,,,no
3004900089,1,imports,201112,1795745395.00,"Medicaments, nes, for veterinary use, in dosage",1,3004900090,"Other medicaments, for veterinary use, in dosage, nes",0.8511,,,,no
3004901010,1,imports,199712,27832591.00,"Mixtures of amino acids, nes, in dosage",1,3004900011,"Mixtures of amino acids, nes, in dosage",1.0000,,,,yes
3004901010,1,imports,199712,27832591.00,"Mixtures of amino acids, nes, in dosage",2,3004900019,"Mx of amino acids & protein hydrolysates, etc, in dosage, nes",0.6667,,,,no
3004901010,1,imports,199712,27832591.00,"Mixtures of amino acids, nes, in dosage",3,3004900075,"Diuretics, for human use, in dosage",0.6571,,,,no
3004901010,1,imports,199712,27832591.00,"Mixtures of amino acids, nes, in dosage",4,3004900042,"Laxatives, for human use, in dosage",0.6000,,,,no
3004901010,1,imports,199712,27832591.00,"Mixtures of amino acids, nes, in dosage",5,3004900043,"Antacids, for human use, in dosage",0.5507,,,,no
3004901010,1,imports,199712,27832591.00,"Mixtures of amino acids, nes, in dosage",6,3004900034,"Antihistamines agents, for human use, in dosage",0.5366,,,,no
3004901010,1,imports,199712,27832591.00,"Mixtures of amino acids, nes, in dosage",7,3004900071,"Haematological agents, for human use, in dosage",0.5366,,,,no
3004901010,1,imports,199712,27832591.00,"Mixtures of amino acids, nes, in dosage",8,3004900072,"Antineoplastic agents, for human use, in dosage",0.5366,,,,no
3004901010,1,imports,199712,27832591.00,"Mixtures of amino acids, nes, in dosage",9,3004900077,"Dermatological agents, for human use, in dosage",0.5366,,,,no
3004901010,1,imports,199712,27832591.00,"Mixtures of amino acids, nes, in dosage",10,3004900079,"Medicaments nes, for human use, in dosage",0.5263,,,,no
3004901010,1,imports,199712,27832591.00,"Mixtures of amino acids, nes, in dosage",11,3004900033,"Antihypertensive agents, for human use, in dosage",0.5238,,,,no
3004901010,1,imports,199712,27832591.00,"Mixtures of amino acids, nes, in dosage",12,3004900012,"Dextrose (glucose) solutions, in dosage",0.5205,,,,no
3004901010,1,imports,199712,27832591.00,"Mixtures of amino acids, nes, in dosage",13,3004900081,"Anaesthetic, for veterinary use, in dosage",0.5195,,,,no
3004901010,1,imports,199712,27832591.00,"Mixtures of amino acids, nes, in dosage",14,3004900020,"Medicaments cont more than 23% of abs ethyl alc by vol, nes, in dosage",0.5192,,,,no
3004901010,1,imports,199712,27832591.00,"Mixtures of amino acids, nes, in dosage",15,3004900041,"Histamine H2 receptor antagonist, for human use, in dosage",0.5161,,,,no
3004901010,1,imports,199712,27832591.00,"Mixtures of amino acids, nes, in dosage",16,3004900035,"Medicaments, for human use, acting on the nervous system, in dosage, nes",0.5143,,,,no
3004901010,1,imports,199712,27832591.00,"Mixtures of amino acids, nes, in dosage",17,3004900069,"Anti-infective agents, for human use, in dosage, nes",0.5116,,,,no
3004901010,1,imports,199712,27832591.00,"Mixtures of amino acids, nes, in dosage",18,3004900031,"Analgesics, for human use, in dosage",0.5070,,,,no
3004901010,1,imports,199712,27832591.00,"Mixtures of amino acids, nes, in dosage",19,3004900073,"Cough or cold preparations, for human use, in dosage",0.5057,,,,no
3004901010,1,imports,199712,27832591.00,"Mixtures of amino acids, nes, in dosage",20,3004900090,"Other medicaments, for veterinary use, in dosage, nes",0.5057,continuity,,,no
3004901010,1,imports,199712,27832591.00,"Mixtures of amino acids, nes, in dosage",21,3004900050,"Medicaments, for human use, acting on the cardio-vascular system, in dosage",0.4954,,,,no
3004901010,1,imports,199712,27832591.00,"Mixtures of amino acids, nes, in dosage",22,3004900089,"Medicaments nes, for veterinary use, in dosage",0.4938,,,,no
3004901010,1,imports,199712,27832591.00,"Mixtures of amino acids, nes, in dosage",23,3004900039,"Medicaments, for human use, acting on the central nervous system, in dosage, nes",0.4779,,,,no
3004901010,1,imports,199712,27832591.00,"Mixtures of amino acids, nes, in dosage",24,3004900049,"Gastro-intestinal agents, for human use, in dosage, nes",0.4719,,,,no
3004901010,1,imports,199712,27832591.00,"Mixtures of amino acids, nes, in dosage",25,3004900032,"Antidepressants & tranquilizers, for human use, in dosage",0.4667,,,,no
3004901010,1,imports,199712,27832591.00,"Mixtures of amino acids, nes, in dosage",26,3004900078,"Medicaments cont hyaluronic acid or its sodium salt, for human use, in dosage",0.4643,,,,no
3004901010,1,imports,199712,27832591.00,"Mixtures of amino acids, nes, in dosage",27,3004900036,"Local anaesthetics, for human use, in dosage",0.4557,,,,no
3004901010,1,imports,199712,27832591.00,"Mixtures of amino acids, nes, in dosage",28,3004900061,"Anti-infective agents, cont sulfonamides, for human use, in dosage",0.4400,,,,no
3004901010,1,imports,199712,27832591.00,"Mixtures of amino acids, nes, in dosage",29,3004900025,"Antihistaminic agents, for human use, in doses/packings frs, o/t No 30.02/05/06",0.3717,continuity,,,no
3004901010,1,imports,199712,27832591.00,"Mixtures of amino acids, nes, in dosage",30,3004900074,"Medicaments, prim affecting eyes,ears & respiratory system,human use, in dos,nes",0.3717,,,,no
3004901010,1,imports,199712,27832591.00,"Mixtures of amino acids, nes, in dosage",31,3004900021,"Medi cont cannabis/cannabinoids, therap/prophltc uses, doses/pack f retail sale",0.3684,continuity,,,no
3004901010,1,imports,199712,27832591.00,"Mixtures of amino acids, nes, in dosage",32,3004900076,"Medicaments affecting electrolytic, caloric/water balance, for human use, in dos",0.3684,,,,no
3004901010,1,imports,199712,27832591.00,"Mixtures of amino acids, nes, in dosage",33,3004900024,"Antihypertensive agents, for human use, in doses/packings frs,o/t No 30.02/05/06",0.3652,continuity,,,no
3004901010,1,imports,199712,27832591.00,"Mixtures of amino acids, nes, in dosage",34,3004900023,"Antidepressants & tranquilizers,f human use,in doses/pack frs,o/t No 30.02/05/06",0.3478,continuity,,,no
3004901010,1,imports,199712,27832591.00,"Mixtures of amino acids, nes, in dosage",35,3004900022,"Analgesics, for human use, in doses/packings for retail sale, o/t No 30.02/05/06",0.3158,continuity,,,no
3004901010,1,imports,199712,27832591.00,"Mixtures of amino acids, nes, in dosage",36,3004900027,"Local anaesthetics, for human use,in doses/pack f retail sale,o/t No 30.02/05/06",0.2931,continuity,,,no
3004901010,1,imports,199712,27832591.00,"Mixtures of amino acids, nes, in dosage",37,3004900029,"Medi,acting on central nervous system,human use,doses/frs,o/t No 30.02/05/06,nes",0.2735,continuity,,,no
3004901010,1,imports,199712,27832591.00,"Mixtures of amino acids, nes, in dosage",38,3004900026,"Agents,acting on central nervous system,hum use,doses/frs,o/t No 30.02/05/06,nes",0.2393,continuity,,,no
3004901020,1,imports,199712,64569831.00,"Dextrose (glucose) solutions, in dosage",1,3004900012,"Dextrose (glucose) solutions, in dosage",1.0000,,,,yes
3004901020,1,imports,199712,64569831.00,"Dextrose (glucose) solutions, in dosage",2,3004900011,"Mixtures of amino acids, nes, in dosage",0.4658,,,,no
3004901020,1,imports,199712,64569831.00,"Dextrose (glucose) solutions, in dosage",3,3004900073,"Cough or cold preparations, for human use, in dosage",0.4651,,,,no
3004901020,1,imports,199712,64569831.00,"Dextrose (glucose) solutions, in dosage",4,3004900075,"Diuretics, for human use, in dosage",0.4638,,,,no
3004901020,1,imports,199712,64569831.00,"Dextrose (glucose) solutions, in dosage",5,3004900020,"Medicaments cont more than 23% of abs ethyl alc by vol, nes, in dosage",0.4466,,,,no
3004901020,1,imports,199712,64569831.00,"Dextrose (glucose) solutions, in dosage",6,3004900050,"Medicaments, for human use, acting on the cardio-vascular system, in dosage",0.4444,,,,no
3004901020,1,imports,199712,64569831.00,"Dextrose (glucose) solutions, in dosage",7,3004900035,"Medicaments, for human use, acting on the nervous system, in dosage, nes",0.4423,,,,no
3004901020,1,imports,199712,64569831.00,"Dextrose (glucose) solutions, in dosage",8,3004900079,"Medicaments nes, for human use, in dosage",0.4267,,,,no
3004901020,1,imports,199712,64569831.00,"Dextrose (glucose) solutions, in dosage",9,3004900078,"Medicaments cont hyaluronic acid or its sodium salt, for human use, in dosage",0.4144,,,,no
3004901020,1,imports,199712,64569831.00,"Dextrose (glucose) solutions, in dosage",10,3004900019,"Mx of amino acids & protein hydrolysates, etc, in dosage, nes",0.4130,,,,no
3004901020,1,imports,199712,64569831.00,"Dextrose (glucose) solutions, in dosage",11,3004900043,"Antacids, for human use, in dosage",0.4118,,,,no
3004901020,1,imports,199712,64569831.00,"Dextrose (glucose) solutions, in dosage",12,3004900039,"Medicaments, for human use, acting on the central nervous system, in dosage, nes",0.4107,,,,no
3004901020,1,imports,199712,64569831.00,"Dextrose (glucose) solutions, in dosage",13,3004900042,"Laxatives, for human use, in dosage",0.4058,,,,no
3004901020,1,imports,199712,64569831.00,"Dextrose (glucose) solutions, in dosage",14,3004900031,"Analgesics, for human use, in dosage",0.4000,,,,no
3004901020,1,imports,199712,64569831.00,"Dextrose (glucose) solutions, in dosage",15,3004900089,"Medicaments nes, for veterinary use, in dosage",0.4000,,,,no
3004901020,1,imports,199712,64569831.00,"Dextrose (glucose) solutions, in dosage",16,3004900077,"Dermatological agents, for human use, in dosage",0.3951,,,,no
3004901020,1,imports,199712,64569831.00,"Dextrose (glucose) solutions, in dosage",17,3004900081,"Anaesthetic, for veterinary use, in dosage",0.3947,,,,no
3004901020,1,imports,199712,64569831.00,"Dextrose (glucose) solutions, in dosage",18,3004900036,"Local anaesthetics, for human use, in dosage",0.3846,,,,no
3004901020,1,imports,199712,64569831.00,"Dextrose (glucose) solutions, in dosage",19,3004900032,"Antidepressants & tranquilizers, for human use, in dosage",0.3820,,,,no
3004901020,1,imports,199712,64569831.00,"Dextrose (glucose) solutions, in dosage",20,3004900090,"Other medicaments, for veterinary use, in dosage, nes",0.3721,continuity,,,no
3004901020,1,imports,199712,64569831.00,"Dextrose (glucose) solutions, in dosage",21,3004900034,"Antihistamines agents, for human use, in dosage",0.3704,,,,no
3004901020,1,imports,199712,64569831.00,"Dextrose (glucose) solutions, in dosage",22,3004900071,"Haematological agents, for human use, in dosage",0.3704,,,,no
3004901020,1,imports,199712,64569831.00,"Dextrose (glucose) solutions, in dosage",23,3004900072,"Antineoplastic agents, for human use, in dosage",0.3704,,,,no
3004901020,1,imports,199712,64569831.00,"Dextrose (glucose) solutions, in dosage",24,3004900033,"Antihypertensive agents, for human use, in dosage",0.3614,,,,no
3004901020,1,imports,199712,64569831.00,"Dextrose (glucose) solutions, in dosage",25,3004900069,"Anti-infective agents, for human use, in dosage, nes",0.3529,,,,no
3004901020,1,imports,199712,64569831.00,"Dextrose (glucose) solutions, in dosage",26,3004900041,"Histamine H2 receptor antagonist, for human use, in dosage",0.3478,,,,no
3004901020,1,imports,199712,64569831.00,"Dextrose (glucose) solutions, in dosage",27,3004900049,"Gastro-intestinal agents, for human use, in dosage, nes",0.3409,,,,no
3004901020,1,imports,199712,64569831.00,"Dextrose (glucose) solutions, in dosage",28,3004900061,"Anti-infective agents, cont sulfonamides, for human use, in dosage",0.3030,,,,no
3004901020,1,imports,199712,64569831.00,"Dextrose (glucose) solutions, in dosage",29,3004900074,"Medicaments, prim affecting eyes,ears & respiratory system,human use, in dos,nes",0.2679,,,,no
3004901020,1,imports,199712,64569831.00,"Dextrose (glucose) solutions, in dosage",30,3004900025,"Antihistaminic agents, for human use, in doses/packings frs, o/t No 30.02/05/06",0.2500,continuity,,,no
3004901020,1,imports,199712,64569831.00,"Dextrose (glucose) solutions, in dosage",31,3004900022,"Analgesics, for human use, in doses/packings for retail sale, o/t No 30.02/05/06",0.2478,continuity,,,no
3004901020,1,imports,199712,64569831.00,"Dextrose (glucose) solutions, in dosage",32,3004900076,"Medicaments affecting electrolytic, caloric/water balance, for human use, in dos",0.2478,,,,no
3004901020,1,imports,199712,64569831.00,"Dextrose (glucose) solutions, in dosage",33,3004900023,"Antidepressants & tranquilizers,f human use,in doses/pack frs,o/t No 30.02/05/06",0.2456,continuity,,,no
3004901020,1,imports,199712,64569831.00,"Dextrose (glucose) solutions, in dosage",34,3004900024,"Antihypertensive agents, for human use, in doses/packings frs,o/t No 30.02/05/06",0.2456,continuity,,,no
3004901020,1,imports,199712,64569831.00,"Dextrose (glucose) solutions, in dosage",35,3004900027,"Local anaesthetics, for human use,in doses/pack f retail sale,o/t No 30.02/05/06",0.2435,continuity,,,no
3004901020,1,imports,199712,64569831.00,"Dextrose (glucose) solutions, in dosage",36,3004900021,"Medi cont cannabis/cannabinoids, therap/prophltc uses, doses/pack f retail sale",0.2301,continuity,,,no
3004901020,1,imports,199712,64569831.00,"Dextrose (glucose) solutions, in dosage",37,3004900029,"Medi,acting on central nervous system,human use,doses/frs,o/t No 30.02/05/06,nes",0.2069,continuity,,,no
3004901020,1,imports,199712,64569831.00,"Dextrose (glucose) solutions, in dosage",38,3004900026,"Agents,acting on central nervous system,hum use,doses/frs,o/t No 30.02/05/06,nes",0.1897,continuity,,,no
3004901090,1,imports,199712,40955791.00,"Mx of amino acids & protein hydrolysates, etc, in dosage",1,3004900019,"Mx of amino acids & protein hydrolysates, etc, in dosage, nes",0.9630,,,basket contents,no
3004901090,1,imports,199712,40955791.00,"Mx of amino acids & protein hydrolysates, etc, in dosage",2,3004900011,"Mixtures of amino acids, nes, in dosage",0.6966,,,,no
3004901090,1,imports,199712,40955791.00,"Mx of amino acids & protein hydrolysates, etc, in dosage",3,3004900043,"Antacids, for human use, in dosage",0.5476,,,,no
3004901090,1,imports,199712,40955791.00,"Mx of amino acids & protein hydrolysates, etc, in dosage",4,3004900036,"Local anaesthetics, for human use, in dosage",0.4681,,,,no
3004901090,1,imports,199712,40955791.00,"Mx of amino acids & protein hydrolysates, etc, in dosage",5,3004900031,"Analgesics, for human use, in dosage",0.4651,,,,no
3004901090,1,imports,199712,40955791.00,"Mx of amino acids & protein hydrolysates, etc, in dosage",6,3004900041,"Histamine H2 receptor antagonist, for human use, in dosage",0.4630,,,,no
3004901090,1,imports,199712,40955791.00,"Mx of amino acids & protein hydrolysates, etc, in dosage",7,3004900079,"Medicaments nes, for human use, in dosage",0.4615,,,,no
3004901090,1,imports,199712,40955791.00,"Mx of amino acids & protein hydrolysates, etc, in dosage",8,3004900089,"Medicaments nes, for veterinary use, in dosage",0.4583,,,,no
3004901090,1,imports,199712,40955791.00,"Mx of amino acids & protein hydrolysates, etc, in dosage",9,3004900071,"Haematological agents, for human use, in dosage",0.4536,,,,no
3004901090,1,imports,199712,40955791.00,"Mx of amino acids & protein hydrolysates, etc, in dosage",10,3004900077,"Dermatological agents, for human use, in dosage",0.4536,,,,no
3004901090,1,imports,199712,40955791.00,"Mx of amino acids & protein hydrolysates, etc, in dosage",11,3004900073,"Cough or cold preparations, for human use, in dosage",0.4510,,,,no
3004901090,1,imports,199712,40955791.00,"Mx of amino acids & protein hydrolysates, etc, in dosage",12,3004900075,"Diuretics, for human use, in dosage",0.4471,,,,no
3004901090,1,imports,199712,40955791.00,"Mx of amino acids & protein hydrolysates, etc, in dosage",13,3004900069,"Anti-infective agents, for human use, in dosage, nes",0.4356,,,,no
3004901090,1,imports,199712,40955791.00,"Mx of amino acids & protein hydrolysates, etc, in dosage",14,3004900072,"Antineoplastic agents, for human use, in dosage",0.4330,,,,no
3004901090,1,imports,199712,40955791.00,"Mx of amino acids & protein hydrolysates, etc, in dosage",15,3004900032,"Antidepressants & tranquilizers, for human use, in dosage",0.4190,,,,no
3004901090,1,imports,199712,40955791.00,"Mx of amino acids & protein hydrolysates, etc, in dosage",16,3004900078,"Medicaments cont hyaluronic acid or its sodium salt, for human use, in dosage",0.4094,,,,no
3004901090,1,imports,199712,40955791.00,"Mx of amino acids & protein hydrolysates, etc, in dosage",17,3004900012,"Dextrose (glucose) solutions, in dosage",0.4091,,,,no
3004901090,1,imports,199712,40955791.00,"Mx of amino acids & protein hydrolysates, etc, in dosage",18,3004900074,"Medicaments, prim affecting eyes,ears & respiratory system,human use, in dos,nes",0.4062,,,,no
3004901090,1,imports,199712,40955791.00,"Mx of amino acids & protein hydrolysates, etc, in dosage",19,3004900033,"Antihypertensive agents, for human use, in dosage",0.4040,,,,no
3004901090,1,imports,199712,40955791.00,"Mx of amino acids & protein hydrolysates, etc, in dosage",20,3004900021,"Medi cont cannabis/cannabinoids, therap/prophltc uses, doses/pack f retail sale",0.4031,continuity,,,no
3004901090,1,imports,199712,40955791.00,"Mx of amino acids & protein hydrolysates, etc, in dosage",21,3004900042,"Laxatives, for human use, in dosage",0.4000,,,,no
3004901090,1,imports,199712,40955791.00,"Mx of amino acids & protein hydrolysates, etc, in dosage",22,3004900034,"Antihistamines agents, for human use, in dosage",0.3918,,,,no
3004901090,1,imports,199712,40955791.00,"Mx of amino acids & protein hydrolysates, etc, in dosage",23,3004900081,"Anaesthetic, for veterinary use, in dosage",0.3913,,,,no
3004901090,1,imports,199712,40955791.00,"Mx of amino acids & protein hydrolysates, etc, in dosage",24,3004900050,"Medicaments, for human use, acting on the cardio-vascular system, in dosage",0.3871,,,,no
3004901090,1,imports,199712,40955791.00,"Mx of amino acids & protein hydrolysates, etc, in dosage",25,3004900035,"Medicaments, for human use, acting on the nervous system, in dosage, nes",0.3833,,,,no
3004901090,1,imports,199712,40955791.00,"Mx of amino acids & protein hydrolysates, etc, in dosage",26,3004900076,"Medicaments affecting electrolytic, caloric/water balance, for human use, in dos",0.3721,,,,no
3004901090,1,imports,199712,40955791.00,"Mx of amino acids & protein hydrolysates, etc, in dosage",27,3004900049,"Gastro-intestinal agents, for human use, in dosage, nes",0.3654,,,,no
3004901090,1,imports,199712,40955791.00,"Mx of amino acids & protein hydrolysates, etc, in dosage",28,3004900061,"Anti-infective agents, cont sulfonamides, for human use, in dosage",0.3652,,,,no
3004901090,1,imports,199712,40955791.00,"Mx of amino acids & protein hydrolysates, etc, in dosage",29,3004900039,"Medicaments, for human use, acting on the central nervous system, in dosage, nes",0.3594,,,,no
3004901090,1,imports,199712,40955791.00,"Mx of amino acids & protein hydrolysates, etc, in dosage",30,3004900020,"Medicaments cont more than 23% of abs ethyl alc by vol, nes, in dosage",0.3529,,,,no
3004901090,1,imports,199712,40955791.00,"Mx of amino acids & protein hydrolysates, etc, in dosage",31,3004900090,"Other medicaments, for veterinary use, in dosage, nes",0.3529,continuity,,,no
3004901090,1,imports,199712,40955791.00,"Mx of amino acids & protein hydrolysates, etc, in dosage",32,3004900025,"Antihistaminic agents, for human use, in doses/packings frs, o/t No 30.02/05/06",0.3438,continuity,,,no
3004901090,1,imports,199712,40955791.00,"Mx of amino acids & protein hydrolysates, etc, in dosage",33,3004900027,"Local anaesthetics, for human use,in doses/pack f retail sale,o/t No 30.02/05/06",0.3206,continuity,,,no
3004901090,1,imports,199712,40955791.00,"Mx of amino acids & protein hydrolysates, etc, in dosage",34,3004900022,"Analgesics, for human use, in doses/packings for retail sale, o/t No 30.02/05/06",0.3101,continuity,,,no
3004901090,1,imports,199712,40955791.00,"Mx of amino acids & protein hydrolysates, etc, in dosage",35,3004900024,"Antihypertensive agents, for human use, in doses/packings frs,o/t No 30.02/05/06",0.2923,continuity,,,no
3004901090,1,imports,199712,40955791.00,"Mx of amino acids & protein hydrolysates, etc, in dosage",36,3004900026,"Agents,acting on central nervous system,hum use,doses/frs,o/t No 30.02/05/06,nes",0.2879,continuity,,,no
3004901090,1,imports,199712,40955791.00,"Mx of amino acids & protein hydrolysates, etc, in dosage",37,3004900029,"Medi,acting on central nervous system,human use,doses/frs,o/t No 30.02/05/06,nes",0.2879,continuity,,,no
3004901090,1,imports,199712,40955791.00,"Mx of amino acids & protein hydrolysates, etc, in dosage",38,3004900023,"Antidepressants & tranquilizers,f human use,in doses/pack frs,o/t No 30.02/05/06",0.2462,continuity,,,no
3004909100,1,imports,199712,7663951.00,"Medicaments cont more than 23% of abs ethyl alc by vol, nes, in dosage",1,3004900020,"Medicaments cont more than 23% of abs ethyl alc by vol, nes, in dosage",1.0000,,,,yes
3004909100,1,imports,199712,7663951.00,"Medicaments cont more than 23% of abs ethyl alc by vol, nes, in dosage",2,3004900079,"Medicaments nes, for human use, in dosage",0.6226,,,,no
3004909100,1,imports,199712,7663951.00,"Medicaments cont more than 23% of abs ethyl alc by vol, nes, in dosage",3,3004900090,"Other medicaments, for veterinary use, in dosage, nes",0.5299,continuity,,,no
3004909100,1,imports,199712,7663951.00,"Medicaments cont more than 23% of abs ethyl alc by vol, nes, in dosage",4,3004900078,"Medicaments cont hyaluronic acid or its sodium salt, for human use, in dosage",0.5211,,,,no
3004909100,1,imports,199712,7663951.00,"Medicaments cont more than 23% of abs ethyl alc by vol, nes, in dosage",5,3004900011,"Mixtures of amino acids, nes, in dosage",0.5192,,,,no
3004909100,1,imports,199712,7663951.00,"Medicaments cont more than 23% of abs ethyl alc by vol, nes, in dosage",6,3004900061,"Anti-infective agents, cont sulfonamides, for human use, in dosage",0.5077,,,,no
3004909100,1,imports,199712,7663951.00,"Medicaments cont more than 23% of abs ethyl alc by vol, nes, in dosage",7,3004900050,"Medicaments, for human use, acting on the cardio-vascular system, in dosage",0.5036,,,,no
3004909100,1,imports,199712,7663951.00,"Medicaments cont more than 23% of abs ethyl alc by vol, nes, in dosage",8,3004900071,"Haematological agents, for human use, in dosage",0.5000,,,,no
3004909100,1,imports,199712,7663951.00,"Medicaments cont more than 23% of abs ethyl alc by vol, nes, in dosage",9,3004900072,"Antineoplastic agents, for human use, in dosage",0.5000,,,,no
3004909100,1,imports,199712,7663951.00,"Medicaments cont more than 23% of abs ethyl alc by vol, nes, in dosage",10,3004900077,"Dermatological agents, for human use, in dosage",0.5000,,,,no
3004909100,1,imports,199712,7663951.00,"Medicaments cont more than 23% of abs ethyl alc by vol, nes, in dosage",11,3004900035,"Medicaments, for human use, acting on the nervous system, in dosage, nes",0.4889,,,,no
3004909100,1,imports,199712,7663951.00,"Medicaments cont more than 23% of abs ethyl alc by vol, nes, in dosage",12,3004900043,"Antacids, for human use, in dosage",0.4848,,,,no
3004909100,1,imports,199712,7663951.00,"Medicaments cont more than 23% of abs ethyl alc by vol, nes, in dosage",13,3004900034,"Antihistamines agents, for human use, in dosage",0.4821,,,,no
3004909100,1,imports,199712,7663951.00,"Medicaments cont more than 23% of abs ethyl alc by vol, nes, in dosage",14,3004900075,"Diuretics, for human use, in dosage",0.4800,,,,no
3004909100,1,imports,199712,7663951.00,"Medicaments cont more than 23% of abs ethyl alc by vol, nes, in dosage",15,3004900039,"Medicaments, for human use, acting on the central nervous system, in dosage, nes",0.4755,,,,no
3004909100,1,imports,199712,7663951.00,"Medicaments cont more than 23% of abs ethyl alc by vol, nes, in dosage",16,3004900031,"Analgesics, for human use, in dosage",0.4752,,,,no
3004909100,1,imports,199712,7663951.00,"Medicaments cont more than 23% of abs ethyl alc by vol, nes, in dosage",17,3004900033,"Antihypertensive agents, for human use, in dosage",0.4737,,,,no
3004909100,1,imports,199712,7663951.00,"Medicaments cont more than 23% of abs ethyl alc by vol, nes, in dosage",18,3004900041,"Histamine H2 receptor antagonist, for human use, in dosage",0.4715,,,,no
3004909100,1,imports,199712,7663951.00,"Medicaments cont more than 23% of abs ethyl alc by vol, nes, in dosage",19,3004900069,"Anti-infective agents, for human use, in dosage, nes",0.4655,,,,no
3004909100,1,imports,199712,7663951.00,"Medicaments cont more than 23% of abs ethyl alc by vol, nes, in dosage",20,3004900074,"Medicaments, prim affecting eyes,ears & respiratory system,human use, in dos,nes",0.4615,,,,no
3004909100,1,imports,199712,7663951.00,"Medicaments cont more than 23% of abs ethyl alc by vol, nes, in dosage",21,3004900076,"Medicaments affecting electrolytic, caloric/water balance, for human use, in dos",0.4583,,,,no
3004909100,1,imports,199712,7663951.00,"Medicaments cont more than 23% of abs ethyl alc by vol, nes, in dosage",22,3004900049,"Gastro-intestinal agents, for human use, in dosage, nes",0.4538,,,,no
3004909100,1,imports,199712,7663951.00,"Medicaments cont more than 23% of abs ethyl alc by vol, nes, in dosage",23,3004900089,"Medicaments nes, for veterinary use, in dosage",0.4505,,,,no
3004909100,1,imports,199712,7663951.00,"Medicaments cont more than 23% of abs ethyl alc by vol, nes, in dosage",24,3004900032,"Antidepressants & tranquilizers, for human use, in dosage",0.4500,,,,no
3004909100,1,imports,199712,7663951.00,"Medicaments cont more than 23% of abs ethyl alc by vol, nes, in dosage",25,3004900036,"Local anaesthetics, for human use, in dosage",0.4404,,,,no
3004909100,1,imports,199712,7663951.00,"Medicaments cont more than 23% of abs ethyl alc by vol, nes, in dosage",26,3004900042,"Laxatives, for human use, in dosage",0.4400,,,,no
3004909100,1,imports,199712,7663951.00,"Medicaments cont more than 23% of abs ethyl alc by vol, nes, in dosage",27,3004900081,"Anaesthetic, for veterinary use, in dosage",0.4299,,,,no
3004909100,1,imports,199712,7663951.00,"Medicaments cont more than 23% of abs ethyl alc by vol, nes, in dosage",28,3004900073,"Cough or cold preparations, for human use, in dosage",0.4274,,,,no
3004909100,1,imports,199712,7663951.00,"Medicaments cont more than 23% of abs ethyl alc by vol, nes, in dosage",29,3004900012,"Dextrose (glucose) solutions, in dosage",0.4272,,,,no
3004909100,1,imports,199712,7663951.00,"Medicaments cont more than 23% of abs ethyl alc by vol, nes, in dosage",30,3004900021,"Medi cont cannabis/cannabinoids, therap/prophltc uses, doses/pack f retail sale",0.3889,continuity,,,no
3004909100,1,imports,199712,7663951.00,"Medicaments cont more than 23% of abs ethyl alc by vol, nes, in dosage",31,3004900025,"Antihistaminic agents, for human use, in doses/packings frs, o/t No 30.02/05/06",0.3776,continuity,,,no
3004909100,1,imports,199712,7663951.00,"Medicaments cont more than 23% of abs ethyl alc by vol, nes, in dosage",32,3004900024,"Antihypertensive agents, for human use, in doses/packings frs,o/t No 30.02/05/06",0.3586,continuity,,,no
3004909100,1,imports,199712,7663951.00,"Medicaments cont more than 23% of abs ethyl alc by vol, nes, in dosage",33,3004900019,"Mx of amino acids & protein hydrolysates, etc, in dosage, nes",0.3415,,,,no
3004909100,1,imports,199712,7663951.00,"Medicaments cont more than 23% of abs ethyl alc by vol, nes, in dosage",34,3004900022,"Analgesics, for human use, in doses/packings for retail sale, o/t No 30.02/05/06",0.3333,continuity,,,no
3004909100,1,imports,199712,7663951.00,"Medicaments cont more than 23% of abs ethyl alc by vol, nes, in dosage",35,3004900027,"Local anaesthetics, for human use,in doses/pack f retail sale,o/t No 30.02/05/06",0.3151,continuity,,,no
3004909100,1,imports,199712,7663951.00,"Medicaments cont more than 23% of abs ethyl alc by vol, nes, in dosage",36,3004900026,"Agents,acting on central nervous system,hum use,doses/frs,o/t No 30.02/05/06,nes",0.3129,continuity,,,no
3004909100,1,imports,199712,7663951.00,"Medicaments cont more than 23% of abs ethyl alc by vol, nes, in dosage",37,3004900023,"Antidepressants & tranquilizers,f human use,in doses/pack frs,o/t No 30.02/05/06",0.3034,continuity,,,no
3004909100,1,imports,199712,7663951.00,"Medicaments cont more than 23% of abs ethyl alc by vol, nes, in dosage",38,3004900029,"Medi,acting on central nervous system,human use,doses/frs,o/t No 30.02/05/06,nes",0.2993,continuity,,,no
3004909911,1,imports,199712,226805033.00,"Analgesics, for human use, in dosage",1,3004900031,"Analgesics, for human use, in dosage",1.0000,,,,yes
3004909911,1,imports,199712,226805033.00,"Analgesics, for human use, in dosage",2,3004900043,"Antacids, for human use, in dosage",0.8788,,,swapped term,no
3004909911,1,imports,199712,226805033.00,"Analgesics, for human use, in dosage",3,3004900036,"Local anaesthetics, for human use, in dosage",0.8421,,,swapped term,no
3004909911,1,imports,199712,226805033.00,"Analgesics, for human use, in dosage",4,3004900042,"Laxatives, for human use, in dosage",0.8358,,,swapped term,no
3004909911,1,imports,199712,226805033.00,"Analgesics, for human use, in dosage",5,3004900075,"Diuretics, for human use, in dosage",0.8358,,,swapped term,no
3004909911,1,imports,199712,226805033.00,"Analgesics, for human use, in dosage",6,3004900079,"Medicaments nes, for human use, in dosage",0.7671,,,,no
3004909911,1,imports,199712,226805033.00,"Analgesics, for human use, in dosage",7,3004900034,"Antihistamines agents, for human use, in dosage",0.7595,,,swapped term,no
3004909911,1,imports,199712,226805033.00,"Analgesics, for human use, in dosage",8,3004900071,"Haematological agents, for human use, in dosage",0.7595,,,swapped term,no
3004909911,1,imports,199712,226805033.00,"Analgesics, for human use, in dosage",9,3004900072,"Antineoplastic agents, for human use, in dosage",0.7595,,,swapped term,no
3004909911,1,imports,199712,226805033.00,"Analgesics, for human use, in dosage",10,3004900077,"Dermatological agents, for human use, in dosage",0.7595,,,swapped term,no
3004909911,1,imports,199712,226805033.00,"Analgesics, for human use, in dosage",11,3004900033,"Antihypertensive agents, for human use, in dosage",0.7407,,,swapped term,no
3004909911,1,imports,199712,226805033.00,"Analgesics, for human use, in dosage",12,3004900081,"Anaesthetic, for veterinary use, in dosage",0.7297,use,,,no
3004909911,1,imports,199712,226805033.00,"Analgesics, for human use, in dosage",13,3004900069,"Anti-infective agents, for human use, in dosage, nes",0.7229,,,,no
3004909911,1,imports,199712,226805033.00,"Analgesics, for human use, in dosage",14,3004900049,"Gastro-intestinal agents, for human use, in dosage, nes",0.7209,,,,no
3004909911,1,imports,199712,226805033.00,"Analgesics, for human use, in dosage",15,3004900032,"Antidepressants & tranquilizers, for human use, in dosage",0.6897,,,swapped term,no
3004909911,1,imports,199712,226805033.00,"Analgesics, for human use, in dosage",16,3004900061,"Anti-infective agents, cont sulfonamides, for human use, in dosage",0.6598,,,,no
3004909911,1,imports,199712,226805033.00,"Analgesics, for human use, in dosage",17,3004900041,"Histamine H2 receptor antagonist, for human use, in dosage",0.6444,,,,no
3004909911,1,imports,199712,226805033.00,"Analgesics, for human use, in dosage",18,3004900073,"Cough or cold preparations, for human use, in dosage",0.6429,,,swapped term,no
3004909911,1,imports,199712,226805033.00,"Analgesics, for human use, in dosage",19,3004900089,"Medicaments nes, for veterinary use, in dosage",0.6154,use,,,no
3004909911,1,imports,199712,226805033.00,"Analgesics, for human use, in dosage",20,3004900022,"Analgesics, for human use, in doses/packings for retail sale, o/t No 30.02/05/06",0.6126,continuity,,,no
3004909911,1,imports,199712,226805033.00,"Analgesics, for human use, in dosage",21,3004900090,"Other medicaments, for veterinary use, in dosage, nes",0.5714,continuity;use,,,no
3004909911,1,imports,199712,226805033.00,"Analgesics, for human use, in dosage",22,3004900078,"Medicaments cont hyaluronic acid or its sodium salt, for human use, in dosage",0.5688,,,,no
3004909911,1,imports,199712,226805033.00,"Analgesics, for human use, in dosage",23,3004900035,"Medicaments, for human use, acting on the nervous system, in dosage, nes",0.5490,,,,no
3004909911,1,imports,199712,226805033.00,"Analgesics, for human use, in dosage",24,3004900027,"Local anaesthetics, for human use,in doses/pack f retail sale,o/t No 30.02/05/06",0.5487,continuity,,,no
3004909911,1,imports,199712,226805033.00,"Analgesics, for human use, in dosage",25,3004900050,"Medicaments, for human use, acting on the cardio-vascular system, in dosage",0.5283,,,,no
3004909911,1,imports,199712,226805033.00,"Analgesics, for human use, in dosage",26,3004900025,"Antihistaminic agents, for human use, in doses/packings frs, o/t No 30.02/05/06",0.5273,continuity,,,no
3004909911,1,imports,199712,226805033.00,"Analgesics, for human use, in dosage",27,3004900024,"Antihypertensive agents, for human use, in doses/packings frs,o/t No 30.02/05/06",0.5179,continuity,,,no
3004909911,1,imports,199712,226805033.00,"Analgesics, for human use, in dosage",28,3004900039,"Medicaments, for human use, acting on the central nervous system, in dosage, nes",0.5091,,,,no
3004909911,1,imports,199712,226805033.00,"Analgesics, for human use, in dosage",29,3004900074,"Medicaments, prim affecting eyes,ears & respiratory system,human use, in dos,nes",0.5091,,,,no
3004909911,1,imports,199712,226805033.00,"Analgesics, for human use, in dosage",30,3004900011,"Mixtures of amino acids, nes, in dosage",0.5070,,,,no
3004909911,1,imports,199712,226805033.00,"Analgesics, for human use, in dosage",31,3004900020,"Medicaments cont more than 23% of abs ethyl alc by vol, nes, in dosage",0.4752,,,,no
3004909911,1,imports,199712,226805033.00,"Analgesics, for human use, in dosage",32,3004900023,"Antidepressants & tranquilizers,f human use,in doses/pack frs,o/t No 30.02/05/06",0.4643,continuity,,,no
3004909911,1,imports,199712,226805033.00,"Analgesics, for human use, in dosage",33,3004900076,"Medicaments affecting electrolytic, caloric/water balance, for human use, in dos",0.4324,,,,no
3004909911,1,imports,199712,226805033.00,"Analgesics, for human use, in dosage",34,3004900012,"Dextrose (glucose) solutions, in dosage",0.4000,,,,no
3004909911,1,imports,199712,226805033.00,"Analgesics, for human use, in dosage",35,3004900029,"Medi,acting on central nervous system,human use,doses/frs,o/t No 30.02/05/06,nes",0.3860,continuity,,,no
3004909911,1,imports,199712,226805033.00,"Analgesics, for human use, in dosage",36,3004900019,"Mx of amino acids & protein hydrolysates, etc, in dosage, nes",0.3778,,,,no
3004909911,1,imports,199712,226805033.00,"Analgesics, for human use, in dosage",37,3004900026,"Agents,acting on central nervous system,hum use,doses/frs,o/t No 30.02/05/06,nes",0.3509,continuity,,,no
3004909911,1,imports,199712,226805033.00,"Analgesics, for human use, in dosage",38,3004900021,"Medi cont cannabis/cannabinoids, therap/prophltc uses, doses/pack f retail sale",0.3243,continuity,,,no
3004909912,1,imports,199712,405662933.00,"Antidepressants & tranquilizers, for human use, in dosage",1,3004900032,"Antidepressants & tranquilizers, for human use, in dosage",1.0000,,,,yes
3004909912,1,imports,199712,405662933.00,"Antidepressants & tranquilizers, for human use, in dosage",2,3004900023,"Antidepressants & tranquilizers,f human use,in doses/pack frs,o/t No 30.02/05/06",0.7481,continuity,,,no
3004909912,1,imports,199712,405662933.00,"Antidepressants & tranquilizers, for human use, in dosage",3,3004900033,"Antihypertensive agents, for human use, in dosage",0.7200,,,swapped term,no
3004909912,1,imports,199712,405662933.00,"Antidepressants & tranquilizers, for human use, in dosage",4,3004900079,"Medicaments nes, for human use, in dosage",0.7174,,,,no
3004909912,1,imports,199712,405662933.00,"Antidepressants & tranquilizers, for human use, in dosage",5,3004900043,"Antacids, for human use, in dosage",0.7059,,,swapped term,no
3004909912,1,imports,199712,405662933.00,"Antidepressants & tranquilizers, for human use, in dosage",6,3004900034,"Antihistamines agents, for human use, in dosage",0.6939,,,swapped term,no
3004909912,1,imports,199712,405662933.00,"Antidepressants & tranquilizers, for human use, in dosage",7,3004900072,"Antineoplastic agents, for human use, in dosage",0.6939,,,swapped term,no
3004909912,1,imports,199712,405662933.00,"Antidepressants & tranquilizers, for human use, in dosage",8,3004900031,"Analgesics, for human use, in dosage",0.6897,,,swapped term,no
3004909912,1,imports,199712,405662933.00,"Antidepressants & tranquilizers, for human use, in dosage",9,3004900061,"Anti-infective agents, cont sulfonamides, for human use, in dosage",0.6897,,,,no
3004909912,1,imports,199712,405662933.00,"Antidepressants & tranquilizers, for human use, in dosage",10,3004900042,"Laxatives, for human use, in dosage",0.6744,,,swapped term,no
3004909912,1,imports,199712,405662933.00,"Antidepressants & tranquilizers, for human use, in dosage",11,3004900069,"Anti-infective agents, for human use, in dosage, nes",0.6667,,,,no
3004909912,1,imports,199712,405662933.00,"Antidepressants & tranquilizers, for human use, in dosage",12,3004900073,"Cough or cold preparations, for human use, in dosage",0.6408,,,,no
3004909912,1,imports,199712,405662933.00,"Antidepressants & tranquilizers, for human use, in dosage",13,3004900049,"Gastro-intestinal agents, for human use, in dosage, nes",0.6286,,,,no
3004909912,1,imports,199712,405662933.00,"Antidepressants & tranquilizers, for human use, in dosage",14,3004900075,"Diuretics, for human use, in dosage",0.6279,,,swapped term,no
3004909912,1,imports,199712,405662933.00,"Antidepressants & tranquilizers, for human use, in dosage",15,3004900036,"Local anaesthetics, for human use, in dosage",0.6105,,,swapped term,no
3004909912,1,imports,199712,405662933.00,"Antidepressants & tranquilizers, for human use, in dosage",16,3004900089,"Medicaments nes, for veterinary use, in dosage",0.5979,use,,,no
3004909912,1,imports,199712,405662933.00,"Antidepressants & tranquilizers, for human use, in dosage",17,3004900071,"Haematological agents, for human use, in dosage",0.5714,,,swapped term,no
3004909912,1,imports,199712,405662933.00,"Antidepressants & tranquilizers, for human use, in dosage",18,3004900077,"Dermatological agents, for human use, in dosage",0.5714,,,swapped term,no
3004909912,1,imports,199712,405662933.00,"Antidepressants & tranquilizers, for human use, in dosage",19,3004900041,"Histamine H2 receptor antagonist, for human use, in dosage",0.5505,,,,no
3004909912,1,imports,199712,405662933.00,"Antidepressants & tranquilizers, for human use, in dosage",20,3004900078,"Medicaments cont hyaluronic acid or its sodium salt, for human use, in dosage",0.5469,,,,no
3004909912,1,imports,199712,405662933.00,"Antidepressants & tranquilizers, for human use, in dosage",21,3004900024,"Antihypertensive agents, for human use, in doses/packings frs,o/t No 30.02/05/06",0.5344,continuity,,,no
3004909912,1,imports,199712,405662933.00,"Antidepressants & tranquilizers, for human use, in dosage",22,3004900081,"Anaesthetic, for veterinary use, in dosage",0.5161,use,,,no
3004909912,1,imports,199712,405662933.00,"Antidepressants & tranquilizers, for human use, in dosage",23,3004900076,"Medicaments affecting electrolytic, caloric/water balance, for human use, in dos",0.4923,,,,no
3004909912,1,imports,199712,405662933.00,"Antidepressants & tranquilizers, for human use, in dosage",24,3004900025,"Antihistaminic agents, for human use, in doses/packings frs, o/t No 30.02/05/06",0.4806,continuity,,,no
3004909912,1,imports,199712,405662933.00,"Antidepressants & tranquilizers, for human use, in dosage",25,3004900074,"Medicaments, prim affecting eyes,ears & respiratory system,human use, in dos,nes",0.4806,,,,no
3004909912,1,imports,199712,405662933.00,"Antidepressants & tranquilizers, for human use, in dosage",26,3004900011,"Mixtures of amino acids, nes, in dosage",0.4667,,,,no
3004909912,1,imports,199712,405662933.00,"Antidepressants & tranquilizers, for human use, in dosage",27,3004900090,"Other medicaments, for veterinary use, in dosage, nes",0.4660,continuity;use,,,no
3004909912,1,imports,199712,405662933.00,"Antidepressants & tranquilizers, for human use, in dosage",28,3004900035,"Medicaments, for human use, acting on the nervous system, in dosage, nes",0.4628,,,,no
3004909912,1,imports,199712,405662933.00,"Antidepressants & tranquilizers, for human use, in dosage",29,3004900022,"Analgesics, for human use, in doses/packings for retail sale, o/t No 30.02/05/06",0.4615,continuity,,,no
3004909912,1,imports,199712,405662933.00,"Antidepressants & tranquilizers, for human use, in dosage",30,3004900020,"Medicaments cont more than 23% of abs ethyl alc by vol, nes, in dosage",0.4500,,,,no
3004909912,1,imports,199712,405662933.00,"Antidepressants & tranquilizers, for human use, in dosage",31,3004900050,"Medicaments, for human use, acting on the cardio-vascular system, in dosage",0.4480,,,,no
3004909912,1,imports,199712,405662933.00,"Antidepressants & tranquilizers, for human use, in dosage",32,3004900039,"Medicaments, for human use, acting on the central nervous system, in dosage, nes",0.4341,,,,no
3004909912,1,imports,199712,405662933.00,"Antidepressants & tranquilizers, for human use, in dosage",33,3004900027,"Local anaesthetics, for human use,in doses/pack f retail sale,o/t No 30.02/05/06",0.4242,continuity,,,no
3004909912,1,imports,199712,405662933.00,"Antidepressants & tranquilizers, for human use, in dosage",34,3004900029,"Medi,acting on central nervous system,human use,doses/frs,o/t No 30.02/05/06,nes",0.4211,continuity,,,no
3004909912,1,imports,199712,405662933.00,"Antidepressants & tranquilizers, for human use, in dosage",35,3004900026,"Agents,acting on central nervous system,hum use,doses/frs,o/t No 30.02/05/06,nes",0.4060,continuity,,,no
3004909912,1,imports,199712,405662933.00,"Antidepressants & tranquilizers, for human use, in dosage",36,3004900019,"Mx of amino acids & protein hydrolysates, etc, in dosage, nes",0.3486,,,,no
3004909912,1,imports,199712,405662933.00,"Antidepressants & tranquilizers, for human use, in dosage",37,3004900021,"Medi cont cannabis/cannabinoids, therap/prophltc uses, doses/pack f retail sale",0.3077,continuity,,,no
3004909912,1,imports,199712,405662933.00,"Antidepressants & tranquilizers, for human use, in dosage",38,3004900012,"Dextrose (glucose) solutions, in dosage",0.2921,,,,no
3004909913,1,imports,199712,369413385.00,"Antihypertensive agents, for human use, in dosage",1,3004900033,"Antihypertensive agents, for human use, in dosage",1.0000,,,,yes
3004909913,1,imports,199712,369413385.00,"Antihypertensive agents, for human use, in dosage",2,3004900069,"Anti-infective agents, for human use, in dosage, nes",0.8333,,,,no
3004909913,1,imports,199712,369413385.00,"Antihypertensive agents, for human use, in dosage",3,3004900034,"Antihistamines agents, for human use, in dosage",0.8261,,,swapped term,no
3004909913,1,imports,199712,369413385.00,"Antihypertensive agents, for human use, in dosage",4,3004900072,"Antineoplastic agents, for human use, in dosage",0.8261,,,swapped term,no
3004909913,1,imports,199712,369413385.00,"Antihypertensive agents, for human use, in dosage",5,3004900077,"Dermatological agents, for human use, in dosage",0.7609,,,swapped term,no
3004909913,1,imports,199712,369413385.00,"Antihypertensive agents, for human use, in dosage",6,3004900042,"Laxatives, for human use, in dosage",0.7500,,,swapped term,no
3004909913,1,imports,199712,369413385.00,"Antihypertensive agents, for human use, in dosage",7,3004900031,"Analgesics, for human use, in dosage",0.7407,,,swapped term,no
3004909913,1,imports,199712,369413385.00,"Antihypertensive agents, for human use, in dosage",8,3004900071,"Haematological agents, for human use, in dosage",0.7391,,,swapped term,no
3004909913,1,imports,199712,369413385.00,"Antihypertensive agents, for human use, in dosage",9,3004900024,"Antihypertensive agents, for human use, in doses/packings frs,o/t No 30.02/05/06",0.7360,continuity,,,no
3004909913,1,imports,199712,369413385.00,"Antihypertensive agents, for human use, in dosage",10,3004900043,"Antacids, for human use, in dosage",0.7342,,,swapped term,no
3004909913,1,imports,199712,369413385.00,"Antihypertensive agents, for human use, in dosage",11,3004900049,"Gastro-intestinal agents, for human use, in dosage, nes",0.7273,,,,no
3004909913,1,imports,199712,369413385.00,"Antihypertensive agents, for human use, in dosage",12,3004900061,"Anti-infective agents, cont sulfonamides, for human use, in dosage",0.7273,,,,no
3004909913,1,imports,199712,369413385.00,"Antihypertensive agents, for human use, in dosage",13,3004900075,"Diuretics, for human use, in dosage",0.6750,,,swapped term,no
3004909913,1,imports,199712,369413385.00,"Antihypertensive agents, for human use, in dosage",14,3004900079,"Medicaments nes, for human use, in dosage",0.6744,,,,no
3004909913,1,imports,199712,369413385.00,"Antihypertensive agents, for human use, in dosage",15,3004900036,"Local anaesthetics, for human use, in dosage",0.6517,,,swapped term,no
3004909913,1,imports,199712,369413385.00,"Antihypertensive agents, for human use, in dosage",16,3004900032,"Antidepressants & tranquilizers, for human use, in dosage",0.6400,,,swapped term,no
3004909913,1,imports,199712,369413385.00,"Antihypertensive agents, for human use, in dosage",17,3004900090,"Other medicaments, for veterinary use, in dosage, nes",0.6392,continuity;use,,,no
3004909913,1,imports,199712,369413385.00,"Antihypertensive agents, for human use, in dosage",18,3004900025,"Antihistaminic agents, for human use, in doses/packings frs, o/t No 30.02/05/06",0.6179,continuity,,,no
3004909913,1,imports,199712,369413385.00,"Antihypertensive agents, for human use, in dosage",19,3004900041,"Histamine H2 receptor antagonist, for human use, in dosage",0.6019,,,,no
3004909913,1,imports,199712,369413385.00,"Antihypertensive agents, for human use, in dosage",20,3004900073,"Cough or cold preparations, for human use, in dosage",0.5979,,,,no
3004909913,1,imports,199712,369413385.00,"Antihypertensive agents, for human use, in dosage",21,3004900081,"Anaesthetic, for veterinary use, in dosage",0.5517,use,,,no
3004909913,1,imports,199712,369413385.00,"Antihypertensive agents, for human use, in dosage",22,3004900089,"Medicaments nes, for veterinary use, in dosage",0.5495,use,,,no
3004909913,1,imports,199712,369413385.00,"Antihypertensive agents, for human use, in dosage",23,3004900035,"Medicaments, for human use, acting on the nervous system, in dosage, nes",0.5043,,,,no
3004909913,1,imports,199712,369413385.00,"Antihypertensive agents, for human use, in dosage",24,3004900023,"Antidepressants & tranquilizers,f human use,in doses/pack frs,o/t No 30.02/05/06",0.4960,continuity,,,no
3004909913,1,imports,199712,369413385.00,"Antihypertensive agents, for human use, in dosage",25,3004900050,"Medicaments, for human use, acting on the cardio-vascular system, in dosage",0.4874,,,,no
3004909913,1,imports,199712,369413385.00,"Antihypertensive agents, for human use, in dosage",26,3004900022,"Analgesics, for human use, in doses/packings for retail sale, o/t No 30.02/05/06",0.4839,continuity,,,no
3004909913,1,imports,199712,369413385.00,"Antihypertensive agents, for human use, in dosage",27,3004900011,"Mixtures of amino acids, nes, in dosage",0.4762,,,,no
3004909913,1,imports,199712,369413385.00,"Antihypertensive agents, for human use, in dosage",28,3004900078,"Medicaments cont hyaluronic acid or its sodium salt, for human use, in dosage",0.4754,,,,no
3004909913,1,imports,199712,369413385.00,"Antihypertensive agents, for human use, in dosage",29,3004900039,"Medicaments, for human use, acting on the central nervous system, in dosage, nes",0.4715,,,,no
3004909913,1,imports,199712,369413385.00,"Antihypertensive agents, for human use, in dosage",30,3004900027,"Local anaesthetics, for human use,in doses/pack f retail sale,o/t No 30.02/05/06",0.4444,continuity,,,no
3004909913,1,imports,199712,369413385.00,"Antihypertensive agents, for human use, in dosage",31,3004900074,"Medicaments, prim affecting eyes,ears & respiratory system,human use, in dos,nes",0.4390,,,,no
3004909913,1,imports,199712,369413385.00,"Antihypertensive agents, for human use, in dosage",32,3004900020,"Medicaments cont more than 23% of abs ethyl alc by vol, nes, in dosage",0.4386,,,,no
3004909913,1,imports,199712,369413385.00,"Antihypertensive agents, for human use, in dosage",33,3004900019,"Mx of amino acids & protein hydrolysates, etc, in dosage, nes",0.4272,,,,no
3004909913,1,imports,199712,369413385.00,"Antihypertensive agents, for human use, in dosage",34,3004900076,"Medicaments affecting electrolytic, caloric/water balance, for human use, in dos",0.4194,,,,no
3004909913,1,imports,199712,369413385.00,"Antihypertensive agents, for human use, in dosage",35,3004900029,"Medi,acting on central nervous system,human use,doses/frs,o/t No 30.02/05/06,nes",0.3937,continuity,,,no
3004909913,1,imports,199712,369413385.00,"Antihypertensive agents, for human use, in dosage",36,3004900026,"Agents,acting on central nervous system,hum use,doses/frs,o/t No 30.02/05/06,nes",0.3465,continuity,,,no
3004909913,1,imports,199712,369413385.00,"Antihypertensive agents, for human use, in dosage",37,3004900012,"Dextrose (glucose) solutions, in dosage",0.3373,,,,no
3004909913,1,imports,199712,369413385.00,"Antihypertensive agents, for human use, in dosage",38,3004900021,"Medi cont cannabis/cannabinoids, therap/prophltc uses, doses/pack f retail sale",0.2742,continuity,,,no
3004909914,1,imports,199712,61924264.00,"Antihistamines agents, for human use, in dosage",1,3004900034,"Antihistamines agents, for human use, in dosage",1.0000,,,,yes
3004909914,1,imports,199712,61924264.00,"Antihistamines agents, for human use, in dosage",2,3004900072,"Antineoplastic agents, for human use, in dosage",0.8444,,,swapped term,no
3004909914,1,imports,199712,61924264.00,"Antihistamines agents, for human use, in dosage",3,3004900033,"Antihypertensive agents, for human use, in dosage",0.8261,,,swapped term,no
3004909914,1,imports,199712,61924264.00,"Antihistamines agents, for human use, in dosage",4,3004900069,"Anti-infective agents, for human use, in dosage, nes",0.8085,,,,no
3004909914,1,imports,199712,61924264.00,"Antihistamines agents, for human use, in dosage",5,3004900049,"Gastro-intestinal agents, for human use, in dosage, nes",0.7835,,,,no
3004909914,1,imports,199712,61924264.00,"Antihistamines agents, for human use, in dosage",6,3004900071,"Haematological agents, for human use, in dosage",0.7778,,,swapped term,no
3004909914,1,imports,199712,61924264.00,"Antihistamines agents, for human use, in dosage",7,3004900077,"Dermatological agents, for human use, in dosage",0.7778,,,swapped term,no
3004909914,1,imports,199712,61924264.00,"Antihistamines agents, for human use, in dosage",8,3004900031,"Analgesics, for human use, in dosage",0.7595,,,swapped term,no
3004909914,1,imports,199712,61924264.00,"Antihistamines agents, for human use, in dosage",9,3004900043,"Antacids, for human use, in dosage",0.7532,,,swapped term,no
3004909914,1,imports,199712,61924264.00,"Antihistamines agents, for human use, in dosage",10,3004900041,"Histamine H2 receptor antagonist, for human use, in dosage",0.7525,,,,no
3004909914,1,imports,199712,61924264.00,"Antihistamines agents, for human use, in dosage",11,3004900042,"Laxatives, for human use, in dosage",0.7436,,,swapped term,no
3004909914,1,imports,199712,61924264.00,"Antihistamines agents, for human use, in dosage",12,3004900079,"Medicaments nes, for human use, in dosage",0.7381,,,,no
3004909914,1,imports,199712,61924264.00,"Antihistamines agents, for human use, in dosage",13,3004900061,"Anti-infective agents, cont sulfonamides, for human use, in dosage",0.7037,,,,no
3004909914,1,imports,199712,61924264.00,"Antihistamines agents, for human use, in dosage",14,3004900025,"Antihistaminic agents, for human use, in doses/packings frs, o/t No 30.02/05/06",0.6942,continuity,,,no
3004909914,1,imports,199712,61924264.00,"Antihistamines agents, for human use, in dosage",15,3004900032,"Antidepressants & tranquilizers, for human use, in dosage",0.6939,,,swapped term,no
3004909914,1,imports,199712,61924264.00,"Antihistamines agents, for human use, in dosage",16,3004900075,"Diuretics, for human use, in dosage",0.6923,,,swapped term,no
3004909914,1,imports,199712,61924264.00,"Antihistamines agents, for human use, in dosage",17,3004900036,"Local anaesthetics, for human use, in dosage",0.6667,,,swapped term,no
3004909914,1,imports,199712,61924264.00,"Antihistamines agents, for human use, in dosage",18,3004900073,"Cough or cold preparations, for human use, in dosage",0.6105,,,,no
3004909914,1,imports,199712,61924264.00,"Antihistamines agents, for human use, in dosage",19,3004900089,"Medicaments nes, for veterinary use, in dosage",0.6067,use,,,no
3004909914,1,imports,199712,61924264.00,"Antihistamines agents, for human use, in dosage",20,3004900024,"Antihypertensive agents, for human use, in doses/packings frs,o/t No 30.02/05/06",0.6016,continuity,,,no
3004909914,1,imports,199712,61924264.00,"Antihistamines agents, for human use, in dosage",21,3004900090,"Other medicaments, for veterinary use, in dosage, nes",0.5895,continuity;use,,,no
3004909914,1,imports,199712,61924264.00,"Antihistamines agents, for human use, in dosage",22,3004900081,"Anaesthetic, for veterinary use, in dosage",0.5647,use,,,no
3004909914,1,imports,199712,61924264.00,"Antihistamines agents, for human use, in dosage",23,3004900035,"Medicaments, for human use, acting on the nervous system, in dosage, nes",0.5487,,,,no
3004909914,1,imports,199712,61924264.00,"Antihistamines agents, for human use, in dosage",24,3004900050,"Medicaments, for human use, acting on the cardio-vascular system, in dosage",0.5299,,,,no
3004909914,1,imports,199712,61924264.00,"Antihistamines agents, for human use, in dosage",25,3004900078,"Medicaments cont hyaluronic acid or its sodium salt, for human use, in dosage",0.5167,,,,no
3004909914,1,imports,199712,61924264.00,"Antihistamines agents, for human use, in dosage",26,3004900039,"Medicaments, for human use, acting on the central nervous system, in dosage, nes",0.5124,,,,no
3004909914,1,imports,199712,61924264.00,"Antihistamines agents, for human use, in dosage",27,3004900022,"Analgesics, for human use, in doses/packings for retail sale, o/t No 30.02/05/06",0.4918,continuity,,,no
3004909914,1,imports,199712,61924264.00,"Antihistamines agents, for human use, in dosage",28,3004900023,"Antidepressants & tranquilizers,f human use,in doses/pack frs,o/t No 30.02/05/06",0.4878,continuity,,,no
3004909914,1,imports,199712,61924264.00,"Antihistamines agents, for human use, in dosage",29,3004900020,"Medicaments cont more than 23% of abs ethyl alc by vol, nes, in dosage",0.4821,,,,no
3004909914,1,imports,199712,61924264.00,"Antihistamines agents, for human use, in dosage",30,3004900074,"Medicaments, prim affecting eyes,ears & respiratory system,human use, in dos,nes",0.4793,,,,no
3004909914,1,imports,199712,61924264.00,"Antihistamines agents, for human use, in dosage",31,3004900076,"Medicaments affecting electrolytic, caloric/water balance, for human use, in dos",0.4590,,,,no
3004909914,1,imports,199712,61924264.00,"Antihistamines agents, for human use, in dosage",32,3004900027,"Local anaesthetics, for human use,in doses/pack f retail sale,o/t No 30.02/05/06",0.4516,continuity,,,no
3004909914,1,imports,199712,61924264.00,"Antihistamines agents, for human use, in dosage",33,3004900011,"Mixtures of amino acids, nes, in dosage",0.4390,,,,no
3004909914,1,imports,199712,61924264.00,"Antihistamines agents, for human use, in dosage",34,3004900029,"Medi,acting on central nervous system,human use,doses/frs,o/t No 30.02/05/06,nes",0.4000,continuity,,,no
3004909914,1,imports,199712,61924264.00,"Antihistamines agents, for human use, in dosage",35,3004900019,"Mx of amino acids & protein hydrolysates, etc, in dosage, nes",0.3762,,,,no
3004909914,1,imports,199712,61924264.00,"Antihistamines agents, for human use, in dosage",36,3004900026,"Agents,acting on central nervous system,hum use,doses/frs,o/t No 30.02/05/06,nes",0.3520,continuity,,,no
3004909914,1,imports,199712,61924264.00,"Antihistamines agents, for human use, in dosage",37,3004900021,"Medi cont cannabis/cannabinoids, therap/prophltc uses, doses/pack f retail sale",0.3443,continuity,,,no
3004909914,1,imports,199712,61924264.00,"Antihistamines agents, for human use, in dosage",38,3004900012,"Dextrose (glucose) solutions, in dosage",0.3210,,,,no
3004909915,1,imports,199712,116976986.00,"Medicaments, for human use, acting on the nervous system, in dosage, nes",1,3004900035,"Medicaments, for human use, acting on the nervous system, in dosage, nes",1.0000,,,,yes
3004909915,1,imports,199712,116976986.00,"Medicaments, for human use, acting on the nervous system, in dosage, nes",2,3004900039,"Medicaments, for human use, acting on the central nervous system, in dosage, nes",0.9444,,,,no
3004909915,1,imports,199712,116976986.00,"Medicaments, for human use, acting on the nervous system, in dosage, nes",3,3004900050,"Medicaments, for human use, acting on the cardio-vascular system, in dosage",0.8571,,,swapped term,no
3004909915,1,imports,199712,116976986.00,"Medicaments, for human use, acting on the nervous system, in dosage, nes",4,3004900079,"Medicaments nes, for human use, in dosage",0.6542,,,,no
3004909915,1,imports,199712,116976986.00,"Medicaments, for human use, acting on the nervous system, in dosage, nes",5,3004900069,"Anti-infective agents, for human use, in dosage, nes",0.5983,,,,no
3004909915,1,imports,199712,116976986.00,"Medicaments, for human use, acting on the nervous system, in dosage, nes",6,3004900090,"Other medicaments, for veterinary use, in dosage, nes",0.5932,continuity;use,,,no
3004909915,1,imports,199712,116976986.00,"Medicaments, for human use, acting on the nervous system, in dosage, nes",7,3004900049,"Gastro-intestinal agents, for human use, in dosage, nes",0.5833,,,,no
3004909915,1,imports,199712,116976986.00,"Medicaments, for human use, acting on the nervous system, in dosage, nes",8,3004900026,"Agents,acting on central nervous system,hum use,doses/frs,o/t No 30.02/05/06,nes",0.5676,continuity,,,no
3004909915,1,imports,199712,116976986.00,"Medicaments, for human use, acting on the nervous system, in dosage, nes",9,3004900029,"Medi,acting on central nervous system,human use,doses/frs,o/t No 30.02/05/06,nes",0.5676,continuity,,,no
3004909915,1,imports,199712,116976986.00,"Medicaments, for human use, acting on the nervous system, in dosage, nes",10,3004900071,"Haematological agents, for human use, in dosage",0.5664,,,,no
3004909915,1,imports,199712,116976986.00,"Medicaments, for human use, acting on the nervous system, in dosage, nes",11,3004900072,"Antineoplastic agents, for human use, in dosage",0.5664,,,,no
3004909915,1,imports,199712,116976986.00,"Medicaments, for human use, acting on the nervous system, in dosage, nes",12,3004900077,"Dermatological agents, for human use, in dosage",0.5664,,,,no
3004909915,1,imports,199712,116976986.00,"Medicaments, for human use, acting on the nervous system, in dosage, nes",13,3004900020,"Medicaments cont more than 23% of abs ethyl alc by vol, nes, in dosage",0.5630,,,,no
3004909915,1,imports,199712,116976986.00,"Medicaments, for human use, acting on the nervous system, in dosage, nes",14,3004900043,"Antacids, for human use, in dosage",0.5600,,,,no
3004909915,1,imports,199712,116976986.00,"Medicaments, for human use, acting on the nervous system, in dosage, nes",15,3004900075,"Diuretics, for human use, in dosage",0.5545,,,,no
3004909915,1,imports,199712,116976986.00,"Medicaments, for human use, acting on the nervous system, in dosage, nes",16,3004900089,"Medicaments nes, for veterinary use, in dosage",0.5536,use,,,no
3004909915,1,imports,199712,116976986.00,"Medicaments, for human use, acting on the nervous system, in dosage, nes",17,3004900031,"Analgesics, for human use, in dosage",0.5490,,,,no
3004909915,1,imports,199712,116976986.00,"Medicaments, for human use, acting on the nervous system, in dosage, nes",18,3004900034,"Antihistamines agents, for human use, in dosage",0.5487,,,,no
3004909915,1,imports,199712,116976986.00,"Medicaments, for human use, acting on the nervous system, in dosage, nes",19,3004900033,"Antihypertensive agents, for human use, in dosage",0.5391,,,,no
3004909915,1,imports,199712,116976986.00,"Medicaments, for human use, acting on the nervous system, in dosage, nes",20,3004900019,"Mx of amino acids & protein hydrolysates, etc, in dosage, nes",0.5161,,,,no
3004909915,1,imports,199712,116976986.00,"Medicaments, for human use, acting on the nervous system, in dosage, nes",21,3004900042,"Laxatives, for human use, in dosage",0.5149,,,,no
3004909915,1,imports,199712,116976986.00,"Medicaments, for human use, acting on the nervous system, in dosage, nes",22,3004900036,"Local anaesthetics, for human use, in dosage",0.5091,,,,no
3004909915,1,imports,199712,116976986.00,"Medicaments, for human use, acting on the nervous system, in dosage, nes",23,3004900041,"Histamine H2 receptor antagonist, for human use, in dosage",0.5000,,,,no
3004909915,1,imports,199712,116976986.00,"Medicaments, for human use, acting on the nervous system, in dosage, nes",24,3004900074,"Medicaments, prim affecting eyes,ears & respiratory system,human use, in dos,nes",0.5000,,,,no
3004909915,1,imports,199712,116976986.00,"Medicaments, for human use, acting on the nervous system, in dosage, nes",25,3004900078,"Medicaments cont hyaluronic acid or its sodium salt, for human use, in dosage",0.4895,,,,no
3004909915,1,imports,199712,116976986.00,"Medicaments, for human use, acting on the nervous system, in dosage, nes",26,3004900073,"Cough or cold preparations, for human use, in dosage",0.4746,,,,no
3004909915,1,imports,199712,116976986.00,"Medicaments, for human use, acting on the nervous system, in dosage, nes",27,3004900061,"Anti-infective agents, cont sulfonamides, for human use, in dosage",0.4733,,,,no
3004909915,1,imports,199712,116976986.00,"Medicaments, for human use, acting on the nervous system, in dosage, nes",28,3004900032,"Antidepressants & tranquilizers, for human use, in dosage",0.4628,,,,no
3004909915,1,imports,199712,116976986.00,"Medicaments, for human use, acting on the nervous system, in dosage, nes",29,3004900025,"Antihistaminic agents, for human use, in doses/packings frs, o/t No 30.02/05/06",0.4583,continuity,,,no
3004909915,1,imports,199712,116976986.00,"Medicaments, for human use, acting on the nervous system, in dosage, nes",30,3004900011,"Mixtures of amino acids, nes, in dosage",0.4571,,,,no
3004909915,1,imports,199712,116976986.00,"Medicaments, for human use, acting on the nervous system, in dosage, nes",31,3004900076,"Medicaments affecting electrolytic, caloric/water balance, for human use, in dos",0.4414,,,,no
3004909915,1,imports,199712,116976986.00,"Medicaments, for human use, acting on the nervous system, in dosage, nes",32,3004900024,"Antihypertensive agents, for human use, in doses/packings frs,o/t No 30.02/05/06",0.4384,continuity,,,no
3004909915,1,imports,199712,116976986.00,"Medicaments, for human use, acting on the nervous system, in dosage, nes",33,3004900081,"Anaesthetic, for veterinary use, in dosage",0.4259,use,,,no
3004909915,1,imports,199712,116976986.00,"Medicaments, for human use, acting on the nervous system, in dosage, nes",34,3004900012,"Dextrose (glucose) solutions, in dosage",0.4231,,,,no
3004909915,1,imports,199712,116976986.00,"Medicaments, for human use, acting on the nervous system, in dosage, nes",35,3004900022,"Analgesics, for human use, in doses/packings for retail sale, o/t No 30.02/05/06",0.4138,continuity,,,no
3004909915,1,imports,199712,116976986.00,"Medicaments, for human use, acting on the nervous system, in dosage, nes",36,3004900027,"Local anaesthetics, for human use,in doses/pack f retail sale,o/t No 30.02/05/06",0.3946,continuity,,,no
3004909915,1,imports,199712,116976986.00,"Medicaments, for human use, acting on the nervous system, in dosage, nes",37,3004900023,"Antidepressants & tranquilizers,f human use,in doses/pack frs,o/t No 30.02/05/06",0.3699,continuity,,,no
3004909915,1,imports,199712,116976986.00,"Medicaments, for human use, acting on the nervous system, in dosage, nes",38,3004900021,"Medi cont cannabis/cannabinoids, therap/prophltc uses, doses/pack f retail sale",0.3034,continuity,,,no
3004909916,1,imports,199712,23048265.00,"Local anaesthetics, for human use, in dosage",1,3004900036,"Local anaesthetics, for human use, in dosage",1.0000,,,,yes
3004909916,1,imports,199712,23048265.00,"Local anaesthetics, for human use, in dosage",2,3004900031,"Analgesics, for human use, in dosage",0.8421,,,swapped term,no
3004909916,1,imports,199712,23048265.00,"Local anaesthetics, for human use, in dosage",3,3004900042,"Laxatives, for human use, in dosage",0.8000,,,swapped term,no
3004909916,1,imports,199712,23048265.00,"Local anaesthetics, for human use, in dosage",4,3004900043,"Antacids, for human use, in dosage",0.7838,,,swapped term,no
3004909916,1,imports,199712,23048265.00,"Local anaesthetics, for human use, in dosage",5,3004900071,"Haematological agents, for human use, in dosage",0.7816,,,swapped term,no
3004909916,1,imports,199712,23048265.00,"Local anaesthetics, for human use, in dosage",6,3004900077,"Dermatological agents, for human use, in dosage",0.7816,,,swapped term,no
3004909916,1,imports,199712,23048265.00,"Local anaesthetics, for human use, in dosage",7,3004900075,"Diuretics, for human use, in dosage",0.7733,,,swapped term,no
3004909916,1,imports,199712,23048265.00,"Local anaesthetics, for human use, in dosage",8,3004900081,"Anaesthetic, for veterinary use, in dosage",0.7561,use,,swapped term,no
3004909916,1,imports,199712,23048265.00,"Local anaesthetics, for human use, in dosage",9,3004900079,"Medicaments nes, for human use, in dosage",0.7407,,,,no
3004909916,1,imports,199712,23048265.00,"Local anaesthetics, for human use, in dosage",10,3004900072,"Antineoplastic agents, for human use, in dosage",0.7356,,,swapped term,no
3004909916,1,imports,199712,23048265.00,"Local anaesthetics, for human use, in dosage",11,3004900034,"Antihistamines agents, for human use, in dosage",0.6897,,,swapped term,no
3004909916,1,imports,199712,23048265.00,"Local anaesthetics, for human use, in dosage",12,3004900049,"Gastro-intestinal agents, for human use, in dosage, nes",0.6809,,,,no
3004909916,1,imports,199712,23048265.00,"Local anaesthetics, for human use, in dosage",13,3004900027,"Local anaesthetics, for human use,in doses/pack f retail sale,o/t No 30.02/05/06",0.6777,continuity,,,no
3004909916,1,imports,199712,23048265.00,"Local anaesthetics, for human use, in dosage",14,3004900033,"Antihypertensive agents, for human use, in dosage",0.6742,,,swapped term,no
3004909916,1,imports,199712,23048265.00,"Local anaesthetics, for human use, in dosage",15,3004900069,"Anti-infective agents, for human use, in dosage, nes",0.6593,,,,no
3004909916,1,imports,199712,23048265.00,"Local anaesthetics, for human use, in dosage",16,3004900032,"Antidepressants & tranquilizers, for human use, in dosage",0.6526,,,swapped term,no
3004909916,1,imports,199712,23048265.00,"Local anaesthetics, for human use, in dosage",17,3004900073,"Cough or cold preparations, for human use, in dosage",0.6522,,,,no
3004909916,1,imports,199712,23048265.00,"Local anaesthetics, for human use, in dosage",18,3004900041,"Histamine H2 receptor antagonist, for human use, in dosage",0.6327,,,,no
3004909916,1,imports,199712,23048265.00,"Local anaesthetics, for human use, in dosage",19,3004900089,"Medicaments nes, for veterinary use, in dosage",0.6047,use,,,no
3004909916,1,imports,199712,23048265.00,"Local anaesthetics, for human use, in dosage",20,3004900061,"Anti-infective agents, cont sulfonamides, for human use, in dosage",0.5905,,,,no
3004909916,1,imports,199712,23048265.00,"Local anaesthetics, for human use, in dosage",21,3004900090,"Other medicaments, for veterinary use, in dosage, nes",0.5870,continuity;use,,,no
3004909916,1,imports,199712,23048265.00,"Local anaesthetics, for human use, in dosage",22,3004900022,"Analgesics, for human use, in doses/packings for retail sale, o/t No 30.02/05/06",0.5378,continuity,,,no
3004909916,1,imports,199712,23048265.00,"Local anaesthetics, for human use, in dosage",23,3004900078,"Medicaments cont hyaluronic acid or its sodium salt, for human use, in dosage",0.5299,,,,no
3004909916,1,imports,199712,23048265.00,"Local anaesthetics, for human use, in dosage",24,3004900035,"Medicaments, for human use, acting on the nervous system, in dosage, nes",0.5273,,,,no
3004909916,1,imports,199712,23048265.00,"Local anaesthetics, for human use, in dosage",25,3004900050,"Medicaments, for human use, acting on the cardio-vascular system, in dosage",0.5088,,,,no
3004909916,1,imports,199712,23048265.00,"Local anaesthetics, for human use, in dosage",26,3004900074,"Medicaments, prim affecting eyes,ears & respiratory system,human use, in dos,nes",0.5085,,,,no
3004909916,1,imports,199712,23048265.00,"Local anaesthetics, for human use, in dosage",27,3004900076,"Medicaments affecting electrolytic, caloric/water balance, for human use, in dos",0.5042,,,,no
3004909916,1,imports,199712,23048265.00,"Local anaesthetics, for human use, in dosage",28,3004900025,"Antihistaminic agents, for human use, in doses/packings frs, o/t No 30.02/05/06",0.4915,continuity,,,no
3004909916,1,imports,199712,23048265.00,"Local anaesthetics, for human use, in dosage",29,3004900039,"Medicaments, for human use, acting on the central nervous system, in dosage, nes",0.4915,,,,no
3004909916,1,imports,199712,23048265.00,"Local anaesthetics, for human use, in dosage",30,3004900024,"Antihypertensive agents, for human use, in doses/packings frs,o/t No 30.02/05/06",0.4833,continuity,,,no
3004909916,1,imports,199712,23048265.00,"Local anaesthetics, for human use, in dosage",31,3004900023,"Antidepressants & tranquilizers,f human use,in doses/pack frs,o/t No 30.02/05/06",0.4500,continuity,,,no
3004909916,1,imports,199712,23048265.00,"Local anaesthetics, for human use, in dosage",32,3004900011,"Mixtures of amino acids, nes, in dosage",0.4304,,,,no
3004909916,1,imports,199712,23048265.00,"Local anaesthetics, for human use, in dosage",33,3004900012,"Dextrose (glucose) solutions, in dosage",0.4103,,,,no
3004909916,1,imports,199712,23048265.00,"Local anaesthetics, for human use, in dosage",34,3004900029,"Medi,acting on central nervous system,human use,doses/frs,o/t No 30.02/05/06,nes",0.4098,continuity,,,no
3004909916,1,imports,199712,23048265.00,"Local anaesthetics, for human use, in dosage",35,3004900019,"Mx of amino acids & protein hydrolysates, etc, in dosage, nes",0.4082,,,,no
3004909916,1,imports,199712,23048265.00,"Local anaesthetics, for human use, in dosage",36,3004900021,"Medi cont cannabis/cannabinoids, therap/prophltc uses, doses/pack f retail sale",0.3866,continuity,,,no
3004909916,1,imports,199712,23048265.00,"Local anaesthetics, for human use, in dosage",37,3004900026,"Agents,acting on central nervous system,hum use,doses/frs,o/t No 30.02/05/06,nes",0.3770,continuity,,,no
3004909916,1,imports,199712,23048265.00,"Local anaesthetics, for human use, in dosage",38,3004900020,"Medicaments cont more than 23% of abs ethyl alc by vol, nes, in dosage",0.3303,,,,no
3004909919,1,imports,199712,492424909.00,"Medicaments, for human use, acting on the central nervous system, in dosage, nes",1,3004900039,"Medicaments, for human use, acting on the central nervous system, in dosage, nes",1.0000,,,,yes
3004909919,1,imports,199712,492424909.00,"Medicaments, for human use, acting on the central nervous system, in dosage, nes",2,3004900035,"Medicaments, for human use, acting on the nervous system, in dosage, nes",0.9444,,,,no
3004909919,1,imports,199712,492424909.00,"Medicaments, for human use, acting on the central nervous system, in dosage, nes",3,3004900050,"Medicaments, for human use, acting on the cardio-vascular system, in dosage",0.8378,,,swapped term,no
3004909919,1,imports,199712,492424909.00,"Medicaments, for human use, acting on the central nervous system, in dosage, nes",4,3004900026,"Agents,acting on central nervous system,hum use,doses/frs,o/t No 30.02/05/06,nes",0.6154,continuity,,,no
3004909919,1,imports,199712,492424909.00,"Medicaments, for human use, acting on the central nervous system, in dosage, nes",5,3004900029,"Medi,acting on central nervous system,human use,doses/frs,o/t No 30.02/05/06,nes",0.6154,continuity,,,no
3004909919,1,imports,199712,492424909.00,"Medicaments, for human use, acting on the central nervous system, in dosage, nes",6,3004900079,"Medicaments nes, for human use, in dosage",0.6087,,,,no
3004909919,1,imports,199712,492424909.00,"Medicaments, for human use, acting on the central nervous system, in dosage, nes",7,3004900020,"Medicaments cont more than 23% of abs ethyl alc by vol, nes, in dosage",0.5734,,,,no
3004909919,1,imports,199712,492424909.00,"Medicaments, for human use, acting on the central nervous system, in dosage, nes",8,3004900069,"Anti-infective agents, for human use, in dosage, nes",0.5600,,,,no
3004909919,1,imports,199712,492424909.00,"Medicaments, for human use, acting on the central nervous system, in dosage, nes",9,3004900090,"Other medicaments, for veterinary use, in dosage, nes",0.5556,continuity;use,,,no
3004909919,1,imports,199712,492424909.00,"Medicaments, for human use, acting on the central nervous system, in dosage, nes",10,3004900049,"Gastro-intestinal agents, for human use, in dosage, nes",0.5469,,,,no
3004909919,1,imports,199712,492424909.00,"Medicaments, for human use, acting on the central nervous system, in dosage, nes",11,3004900071,"Haematological agents, for human use, in dosage",0.5289,,,,no
3004909919,1,imports,199712,492424909.00,"Medicaments, for human use, acting on the central nervous system, in dosage, nes",12,3004900072,"Antineoplastic agents, for human use, in dosage",0.5289,,,,no
3004909919,1,imports,199712,492424909.00,"Medicaments, for human use, acting on the central nervous system, in dosage, nes",13,3004900077,"Dermatological agents, for human use, in dosage",0.5289,,,,no
3004909919,1,imports,199712,492424909.00,"Medicaments, for human use, acting on the central nervous system, in dosage, nes",14,3004900043,"Antacids, for human use, in dosage",0.5185,,,,no
3004909919,1,imports,199712,492424909.00,"Medicaments, for human use, acting on the central nervous system, in dosage, nes",15,3004900089,"Medicaments nes, for veterinary use, in dosage",0.5167,use,,,no
3004909919,1,imports,199712,492424909.00,"Medicaments, for human use, acting on the central nervous system, in dosage, nes",16,3004900075,"Diuretics, for human use, in dosage",0.5138,,,,no
3004909919,1,imports,199712,492424909.00,"Medicaments, for human use, acting on the central nervous system, in dosage, nes",17,3004900034,"Antihistamines agents, for human use, in dosage",0.5124,,,,no
3004909919,1,imports,199712,492424909.00,"Medicaments, for human use, acting on the central nervous system, in dosage, nes",18,3004900031,"Analgesics, for human use, in dosage",0.5091,,,,no
3004909919,1,imports,199712,492424909.00,"Medicaments, for human use, acting on the central nervous system, in dosage, nes",19,3004900033,"Antihypertensive agents, for human use, in dosage",0.5041,,,,no
3004909919,1,imports,199712,492424909.00,"Medicaments, for human use, acting on the central nervous system, in dosage, nes",20,3004900019,"Mx of amino acids & protein hydrolysates, etc, in dosage, nes",0.4848,,,,no
3004909919,1,imports,199712,492424909.00,"Medicaments, for human use, acting on the central nervous system, in dosage, nes",21,3004900042,"Laxatives, for human use, in dosage",0.4771,,,,no
3004909919,1,imports,199712,492424909.00,"Medicaments, for human use, acting on the central nervous system, in dosage, nes",22,3004900036,"Local anaesthetics, for human use, in dosage",0.4746,,,,no
3004909919,1,imports,199712,492424909.00,"Medicaments, for human use, acting on the central nervous system, in dosage, nes",23,3004900074,"Medicaments, prim affecting eyes,ears & respiratory system,human use, in dos,nes",0.4737,,,,no
3004909919,1,imports,199712,492424909.00,"Medicaments, for human use, acting on the central nervous system, in dosage, nes",24,3004900041,"Histamine H2 receptor antagonist, for human use, in dosage",0.4697,,,,no
3004909919,1,imports,199712,492424909.00,"Medicaments, for human use, acting on the central nervous system, in dosage, nes",25,3004900078,"Medicaments cont hyaluronic acid or its sodium salt, for human use, in dosage",0.4636,,,,no
3004909919,1,imports,199712,492424909.00,"Medicaments, for human use, acting on the central nervous system, in dosage, nes",26,3004900061,"Anti-infective agents, cont sulfonamides, for human use, in dosage",0.4460,,,,no
3004909919,1,imports,199712,492424909.00,"Medicaments, for human use, acting on the central nervous system, in dosage, nes",27,3004900073,"Cough or cold preparations, for human use, in dosage",0.4444,,,,no
3004909919,1,imports,199712,492424909.00,"Medicaments, for human use, acting on the central nervous system, in dosage, nes",28,3004900025,"Antihistaminic agents, for human use, in doses/packings frs, o/t No 30.02/05/06",0.4342,continuity,,,no
3004909919,1,imports,199712,492424909.00,"Medicaments, for human use, acting on the central nervous system, in dosage, nes",29,3004900032,"Antidepressants & tranquilizers, for human use, in dosage",0.4341,,,,no
3004909919,1,imports,199712,492424909.00,"Medicaments, for human use, acting on the central nervous system, in dosage, nes",30,3004900011,"Mixtures of amino acids, nes, in dosage",0.4248,,,,no
3004909919,1,imports,199712,492424909.00,"Medicaments, for human use, acting on the central nervous system, in dosage, nes",31,3004900076,"Medicaments affecting electrolytic, caloric/water balance, for human use, in dos",0.4183,,,,no
3004909919,1,imports,199712,492424909.00,"Medicaments, for human use, acting on the central nervous system, in dosage, nes",32,3004900024,"Antihypertensive agents, for human use, in doses/packings frs,o/t No 30.02/05/06",0.4156,continuity,,,no
3004909919,1,imports,199712,492424909.00,"Medicaments, for human use, acting on the central nervous system, in dosage, nes",33,3004900081,"Anaesthetic, for veterinary use, in dosage",0.3966,use,,,no
3004909919,1,imports,199712,492424909.00,"Medicaments, for human use, acting on the central nervous system, in dosage, nes",34,3004900012,"Dextrose (glucose) solutions, in dosage",0.3929,,,,no
3004909919,1,imports,199712,492424909.00,"Medicaments, for human use, acting on the central nervous system, in dosage, nes",35,3004900022,"Analgesics, for human use, in doses/packings for retail sale, o/t No 30.02/05/06",0.3922,continuity,,,no
3004909919,1,imports,199712,492424909.00,"Medicaments, for human use, acting on the central nervous system, in dosage, nes",36,3004900027,"Local anaesthetics, for human use,in doses/pack f retail sale,o/t No 30.02/05/06",0.3742,continuity,,,no
3004909919,1,imports,199712,492424909.00,"Medicaments, for human use, acting on the central nervous system, in dosage, nes",37,3004900023,"Antidepressants & tranquilizers,f human use,in doses/pack frs,o/t No 30.02/05/06",0.3506,continuity,,,no
3004909919,1,imports,199712,492424909.00,"Medicaments, for human use, acting on the central nervous system, in dosage, nes",38,3004900021,"Medi cont cannabis/cannabinoids, therap/prophltc uses, doses/pack f retail sale",0.2876,continuity,,,no
3004909921,1,imports,199712,270583468.00,"Histamine H2 receptor antagonist, for human use, in dosage",1,3004900041,"Histamine H2 receptor antagonist, for human use, in dosage",1.0000,,,,yes
3004909921,1,imports,199712,270583468.00,"Histamine H2 receptor antagonist, for human use, in dosage",2,3004900034,"Antihistamines agents, for human use, in dosage",0.7525,,,,no
3004909921,1,imports,199712,270583468.00,"Histamine H2 receptor antagonist, for human use, in dosage",3,3004900043,"Antacids, for human use, in dosage",0.6818,,,,no
3004909921,1,imports,199712,270583468.00,"Histamine H2 receptor antagonist, for human use, in dosage",4,3004900071,"Haematological agents, for human use, in dosage",0.6733,,,,no
3004909921,1,imports,199712,270583468.00,"Histamine H2 receptor antagonist, for human use, in dosage",5,3004900072,"Antineoplastic agents, for human use, in dosage",0.6733,,,,no
3004909921,1,imports,199712,270583468.00,"Histamine H2 receptor antagonist, for human use, in dosage",6,3004900031,"Analgesics, for human use, in dosage",0.6667,,,,no
3004909921,1,imports,199712,270583468.00,"Histamine H2 receptor antagonist, for human use, in dosage",7,3004900075,"Diuretics, for human use, in dosage",0.6517,,,,no
3004909921,1,imports,199712,270583468.00,"Histamine H2 receptor antagonist, for human use, in dosage",8,3004900049,"Gastro-intestinal agents, for human use, in dosage, nes",0.6481,,,,no
3004909921,1,imports,199712,270583468.00,"Histamine H2 receptor antagonist, for human use, in dosage",9,3004900073,"Cough or cold preparations, for human use, in dosage",0.6415,,,,no
3004909921,1,imports,199712,270583468.00,"Histamine H2 receptor antagonist, for human use, in dosage",10,3004900077,"Dermatological agents, for human use, in dosage",0.6337,,,,no
3004909921,1,imports,199712,270583468.00,"Histamine H2 receptor antagonist, for human use, in dosage",11,3004900036,"Local anaesthetics, for human use, in dosage",0.6327,,,,no
3004909921,1,imports,199712,270583468.00,"Histamine H2 receptor antagonist, for human use, in dosage",12,3004900079,"Medicaments nes, for human use, in dosage",0.6316,,,,no
3004909921,1,imports,199712,270583468.00,"Histamine H2 receptor antagonist, for human use, in dosage",13,3004900033,"Antihypertensive agents, for human use, in dosage",0.6019,,,,no
3004909921,1,imports,199712,270583468.00,"Histamine H2 receptor antagonist, for human use, in dosage",14,3004900069,"Anti-infective agents, for human use, in dosage, nes",0.5905,,,,no
3004909921,1,imports,199712,270583468.00,"Histamine H2 receptor antagonist, for human use, in dosage",15,3004900042,"Laxatives, for human use, in dosage",0.5843,,,,no
3004909921,1,imports,199712,270583468.00,"Histamine H2 receptor antagonist, for human use, in dosage",16,3004900032,"Antidepressants & tranquilizers, for human use, in dosage",0.5688,,,,no
3004909921,1,imports,199712,270583468.00,"Histamine H2 receptor antagonist, for human use, in dosage",17,3004900078,"Medicaments cont hyaluronic acid or its sodium salt, for human use, in dosage",0.5649,,,,no
3004909921,1,imports,199712,270583468.00,"Histamine H2 receptor antagonist, for human use, in dosage",18,3004900025,"Antihistaminic agents, for human use, in doses/packings frs, o/t No 30.02/05/06",0.5606,continuity,,,no
3004909921,1,imports,199712,270583468.00,"Histamine H2 receptor antagonist, for human use, in dosage",19,3004900061,"Anti-infective agents, cont sulfonamides, for human use, in dosage",0.5378,,,,no
3004909921,1,imports,199712,270583468.00,"Histamine H2 receptor antagonist, for human use, in dosage",20,3004900074,"Medicaments, prim affecting eyes,ears & respiratory system,human use, in dos,nes",0.5303,,,,no
3004909921,1,imports,199712,270583468.00,"Histamine H2 receptor antagonist, for human use, in dosage",21,3004900090,"Other medicaments, for veterinary use, in dosage, nes",0.5283,continuity;use,,,no
3004909921,1,imports,199712,270583468.00,"Histamine H2 receptor antagonist, for human use, in dosage",22,3004900076,"Medicaments affecting electrolytic, caloric/water balance, for human use, in dos",0.5263,,,,no
3004909921,1,imports,199712,270583468.00,"Histamine H2 receptor antagonist, for human use, in dosage",23,3004900089,"Medicaments nes, for veterinary use, in dosage",0.5200,use,,,no
3004909921,1,imports,199712,270583468.00,"Histamine H2 receptor antagonist, for human use, in dosage",24,3004900035,"Medicaments, for human use, acting on the nervous system, in dosage, nes",0.5000,,,,no
3004909921,1,imports,199712,270583468.00,"Histamine H2 receptor antagonist, for human use, in dosage",25,3004900081,"Anaesthetic, for veterinary use, in dosage",0.5000,use,,,no
3004909921,1,imports,199712,270583468.00,"Histamine H2 receptor antagonist, for human use, in dosage",26,3004900050,"Medicaments, for human use, acting on the cardio-vascular system, in dosage",0.4844,,,,no
3004909921,1,imports,199712,270583468.00,"Histamine H2 receptor antagonist, for human use, in dosage",27,3004900039,"Medicaments, for human use, acting on the central nervous system, in dosage, nes",0.4697,,,,no
3004909921,1,imports,199712,270583468.00,"Histamine H2 receptor antagonist, for human use, in dosage",28,3004900011,"Mixtures of amino acids, nes, in dosage",0.4516,,,,no
3004909921,1,imports,199712,270583468.00,"Histamine H2 receptor antagonist, for human use, in dosage",29,3004900022,"Analgesics, for human use, in doses/packings for retail sale, o/t No 30.02/05/06",0.4511,continuity,,,no
3004909921,1,imports,199712,270583468.00,"Histamine H2 receptor antagonist, for human use, in dosage",30,3004900024,"Antihypertensive agents, for human use, in doses/packings frs,o/t No 30.02/05/06",0.4478,continuity,,,no
3004909921,1,imports,199712,270583468.00,"Histamine H2 receptor antagonist, for human use, in dosage",31,3004900027,"Local anaesthetics, for human use,in doses/pack f retail sale,o/t No 30.02/05/06",0.4444,continuity,,,no
3004909921,1,imports,199712,270583468.00,"Histamine H2 receptor antagonist, for human use, in dosage",32,3004900023,"Antidepressants & tranquilizers,f human use,in doses/pack frs,o/t No 30.02/05/06",0.4030,continuity,,,no
3004909921,1,imports,199712,270583468.00,"Histamine H2 receptor antagonist, for human use, in dosage",33,3004900012,"Dextrose (glucose) solutions, in dosage",0.3913,,,,no
3004909921,1,imports,199712,270583468.00,"Histamine H2 receptor antagonist, for human use, in dosage",34,3004900020,"Medicaments cont more than 23% of abs ethyl alc by vol, nes, in dosage",0.3577,,,,no
3004909921,1,imports,199712,270583468.00,"Histamine H2 receptor antagonist, for human use, in dosage",35,3004900019,"Mx of amino acids & protein hydrolysates, etc, in dosage, nes",0.3571,,,,no
3004909921,1,imports,199712,270583468.00,"Histamine H2 receptor antagonist, for human use, in dosage",36,3004900021,"Medi cont cannabis/cannabinoids, therap/prophltc uses, doses/pack f retail sale",0.2857,continuity,,,no
3004909921,1,imports,199712,270583468.00,"Histamine H2 receptor antagonist, for human use, in dosage",37,3004900029,"Medi,acting on central nervous system,human use,doses/frs,o/t No 30.02/05/06,nes",0.2794,continuity,,,no
3004909921,1,imports,199712,270583468.00,"Histamine H2 receptor antagonist, for human use, in dosage",38,3004900026,"Agents,acting on central nervous system,hum use,doses/frs,o/t No 30.02/05/06,nes",0.2500,continuity,,,no
3004909922,1,imports,199712,69723767.00,"Laxatives, for human use, in dosage",1,3004900042,"Laxatives, for human use, in dosage",1.0000,,,,yes
3004909922,1,imports,199712,69723767.00,"Laxatives, for human use, in dosage",2,3004900043,"Antacids, for human use, in dosage",0.8615,,,swapped term,no
3004909922,1,imports,199712,69723767.00,"Laxatives, for human use, in dosage",3,3004900075,"Diuretics, for human use, in dosage",0.8182,,,swapped term,no
3004909922,1,imports,199712,69723767.00,"Laxatives, for human use, in dosage",4,3004900031,"Analgesics, for human use, in dosage",0.8060,,,swapped term,no
3004909922,1,imports,199712,69723767.00,"Laxatives, for human use, in dosage",5,3004900036,"Local anaesthetics, for human use, in dosage",0.8000,,,swapped term,no
3004909922,1,imports,199712,69723767.00,"Laxatives, for human use, in dosage",6,3004900079,"Medicaments nes, for human use, in dosage",0.7778,,,,no
3004909922,1,imports,199712,69723767.00,"Laxatives, for human use, in dosage",7,3004900071,"Haematological agents, for human use, in dosage",0.7692,,,swapped term,no
3004909922,1,imports,199712,69723767.00,"Laxatives, for human use, in dosage",8,3004900072,"Antineoplastic agents, for human use, in dosage",0.7692,,,swapped term,no
3004909922,1,imports,199712,69723767.00,"Laxatives, for human use, in dosage",9,3004900033,"Antihypertensive agents, for human use, in dosage",0.7500,,,swapped term,no
3004909922,1,imports,199712,69723767.00,"Laxatives, for human use, in dosage",10,3004900034,"Antihistamines agents, for human use, in dosage",0.7436,,,swapped term,no
3004909922,1,imports,199712,69723767.00,"Laxatives, for human use, in dosage",11,3004900077,"Dermatological agents, for human use, in dosage",0.7436,,,swapped term,no
3004909922,1,imports,199712,69723767.00,"Laxatives, for human use, in dosage",12,3004900069,"Anti-infective agents, for human use, in dosage, nes",0.7317,,,,no
3004909922,1,imports,199712,69723767.00,"Laxatives, for human use, in dosage",13,3004900073,"Cough or cold preparations, for human use, in dosage",0.7229,,,swapped term,no
3004909922,1,imports,199712,69723767.00,"Laxatives, for human use, in dosage",14,3004900049,"Gastro-intestinal agents, for human use, in dosage, nes",0.6824,,,,no
3004909922,1,imports,199712,69723767.00,"Laxatives, for human use, in dosage",15,3004900032,"Antidepressants & tranquilizers, for human use, in dosage",0.6744,,,swapped term,no
3004909922,1,imports,199712,69723767.00,"Laxatives, for human use, in dosage",16,3004900081,"Anaesthetic, for veterinary use, in dosage",0.6575,use,,,no
3004909922,1,imports,199712,69723767.00,"Laxatives, for human use, in dosage",17,3004900041,"Histamine H2 receptor antagonist, for human use, in dosage",0.6517,,,,no
3004909922,1,imports,199712,69723767.00,"Laxatives, for human use, in dosage",18,3004900061,"Anti-infective agents, cont sulfonamides, for human use, in dosage",0.6250,,,,no
3004909922,1,imports,199712,69723767.00,"Laxatives, for human use, in dosage",19,3004900089,"Medicaments nes, for veterinary use, in dosage",0.6234,use,,,no
3004909922,1,imports,199712,69723767.00,"Laxatives, for human use, in dosage",20,3004900011,"Mixtures of amino acids, nes, in dosage",0.6000,,,,no
3004909922,1,imports,199712,69723767.00,"Laxatives, for human use, in dosage",21,3004900090,"Other medicaments, for veterinary use, in dosage, nes",0.5542,continuity;use,,,no
3004909922,1,imports,199712,69723767.00,"Laxatives, for human use, in dosage",22,3004900035,"Medicaments, for human use, acting on the nervous system, in dosage, nes",0.5347,,,,no
3004909922,1,imports,199712,69723767.00,"Laxatives, for human use, in dosage",23,3004900024,"Antihypertensive agents, for human use, in doses/packings frs,o/t No 30.02/05/06",0.5225,continuity,,,no
3004909922,1,imports,199712,69723767.00,"Laxatives, for human use, in dosage",24,3004900078,"Medicaments cont hyaluronic acid or its sodium salt, for human use, in dosage",0.5185,,,,no
3004909922,1,imports,199712,69723767.00,"Laxatives, for human use, in dosage",25,3004900027,"Local anaesthetics, for human use,in doses/pack f retail sale,o/t No 30.02/05/06",0.5179,continuity,,,no
3004909922,1,imports,199712,69723767.00,"Laxatives, for human use, in dosage",26,3004900050,"Medicaments, for human use, acting on the cardio-vascular system, in dosage",0.5143,,,,no
3004909922,1,imports,199712,69723767.00,"Laxatives, for human use, in dosage",27,3004900025,"Antihistaminic agents, for human use, in doses/packings frs, o/t No 30.02/05/06",0.5138,continuity,,,no
3004909922,1,imports,199712,69723767.00,"Laxatives, for human use, in dosage",28,3004900039,"Medicaments, for human use, acting on the central nervous system, in dosage, nes",0.4954,,,,no
3004909922,1,imports,199712,69723767.00,"Laxatives, for human use, in dosage",29,3004900074,"Medicaments, prim affecting eyes,ears & respiratory system,human use, in dos,nes",0.4954,,,,no
3004909922,1,imports,199712,69723767.00,"Laxatives, for human use, in dosage",30,3004900022,"Analgesics, for human use, in doses/packings for retail sale, o/t No 30.02/05/06",0.4909,continuity,,,no
3004909922,1,imports,199712,69723767.00,"Laxatives, for human use, in dosage",31,3004900020,"Medicaments cont more than 23% of abs ethyl alc by vol, nes, in dosage",0.4600,,,,no
3004909922,1,imports,199712,69723767.00,"Laxatives, for human use, in dosage",32,3004900023,"Antidepressants & tranquilizers,f human use,in doses/pack frs,o/t No 30.02/05/06",0.4505,continuity,,,no
3004909922,1,imports,199712,69723767.00,"Laxatives, for human use, in dosage",33,3004900076,"Medicaments affecting electrolytic, caloric/water balance, for human use, in dos",0.4364,,,,no
3004909922,1,imports,199712,69723767.00,"Laxatives, for human use, in dosage",34,3004900012,"Dextrose (glucose) solutions, in dosage",0.4058,,,,no
3004909922,1,imports,199712,69723767.00,"Laxatives, for human use, in dosage",35,3004900019,"Mx of amino acids & protein hydrolysates, etc, in dosage, nes",0.3820,,,,no
3004909922,1,imports,199712,69723767.00,"Laxatives, for human use, in dosage",36,3004900029,"Medi,acting on central nervous system,human use,doses/frs,o/t No 30.02/05/06,nes",0.3717,continuity,,,no
3004909922,1,imports,199712,69723767.00,"Laxatives, for human use, in dosage",37,3004900026,"Agents,acting on central nervous system,hum use,doses/frs,o/t No 30.02/05/06,nes",0.3540,continuity,,,no
3004909922,1,imports,199712,69723767.00,"Laxatives, for human use, in dosage",38,3004900021,"Medi cont cannabis/cannabinoids, therap/prophltc uses, doses/pack f retail sale",0.3091,continuity,,,no
3004909923,1,imports,199712,67925751.00,"Antacids, for human use, in dosage",1,3004900043,"Antacids, for human use, in dosage",1.0000,,,,yes
3004909923,1,imports,199712,67925751.00,"Antacids, for human use, in dosage",2,3004900031,"Analgesics, for human use, in dosage",0.8788,,,swapped term,no
3004909923,1,imports,199712,67925751.00,"Antacids, for human use, in dosage",3,3004900042,"Laxatives, for human use, in dosage",0.8615,,,swapped term,no
3004909923,1,imports,199712,67925751.00,"Antacids, for human use, in dosage",4,3004900075,"Diuretics, for human use, in dosage",0.8308,,,swapped term,no
3004909923,1,imports,199712,67925751.00,"Antacids, for human use, in dosage",5,3004900079,"Medicaments nes, for human use, in dosage",0.7887,,,,no
3004909923,1,imports,199712,67925751.00,"Antacids, for human use, in dosage",6,3004900036,"Local anaesthetics, for human use, in dosage",0.7838,,,swapped term,no
3004909923,1,imports,199712,67925751.00,"Antacids, for human use, in dosage",7,3004900034,"Antihistamines agents, for human use, in dosage",0.7792,,,swapped term,no
3004909923,1,imports,199712,67925751.00,"Antacids, for human use, in dosage",8,3004900072,"Antineoplastic agents, for human use, in dosage",0.7792,,,swapped term,no
3004909923,1,imports,199712,67925751.00,"Antacids, for human use, in dosage",9,3004900033,"Antihypertensive agents, for human use, in dosage",0.7342,,,swapped term,no
3004909923,1,imports,199712,67925751.00,"Antacids, for human use, in dosage",10,3004900071,"Haematological agents, for human use, in dosage",0.7273,,,swapped term,no
3004909923,1,imports,199712,67925751.00,"Antacids, for human use, in dosage",11,3004900077,"Dermatological agents, for human use, in dosage",0.7273,,,swapped term,no
3004909923,1,imports,199712,67925751.00,"Antacids, for human use, in dosage",12,3004900069,"Anti-infective agents, for human use, in dosage, nes",0.7160,,,,no
3004909923,1,imports,199712,67925751.00,"Antacids, for human use, in dosage",13,3004900032,"Antidepressants & tranquilizers, for human use, in dosage",0.7059,,,swapped term,no
3004909923,1,imports,199712,67925751.00,"Antacids, for human use, in dosage",14,3004900049,"Gastro-intestinal agents, for human use, in dosage, nes",0.6905,,,,no
3004909923,1,imports,199712,67925751.00,"Antacids, for human use, in dosage",15,3004900041,"Histamine H2 receptor antagonist, for human use, in dosage",0.6818,,,,no
3004909923,1,imports,199712,67925751.00,"Antacids, for human use, in dosage",16,3004900061,"Anti-infective agents, cont sulfonamides, for human use, in dosage",0.6737,,,,no
3004909923,1,imports,199712,67925751.00,"Antacids, for human use, in dosage",17,3004900081,"Anaesthetic, for veterinary use, in dosage",0.6667,use,,,no
3004909923,1,imports,199712,67925751.00,"Antacids, for human use, in dosage",18,3004900073,"Cough or cold preparations, for human use, in dosage",0.6585,,,swapped term,no
3004909923,1,imports,199712,67925751.00,"Antacids, for human use, in dosage",19,3004900089,"Medicaments nes, for veterinary use, in dosage",0.6316,use,,,no
3004909923,1,imports,199712,67925751.00,"Antacids, for human use, in dosage",20,3004900078,"Medicaments cont hyaluronic acid or its sodium salt, for human use, in dosage",0.5981,,,,no
3004909923,1,imports,199712,67925751.00,"Antacids, for human use, in dosage",21,3004900090,"Other medicaments, for veterinary use, in dosage, nes",0.5854,continuity;use,,,no
3004909923,1,imports,199712,67925751.00,"Antacids, for human use, in dosage",22,3004900011,"Mixtures of amino acids, nes, in dosage",0.5797,,,,no
3004909923,1,imports,199712,67925751.00,"Antacids, for human use, in dosage",23,3004900035,"Medicaments, for human use, acting on the nervous system, in dosage, nes",0.5600,,,,no
3004909923,1,imports,199712,67925751.00,"Antacids, for human use, in dosage",24,3004900019,"Mx of amino acids & protein hydrolysates, etc, in dosage, nes",0.5455,,,,no
3004909923,1,imports,199712,67925751.00,"Antacids, for human use, in dosage",25,3004900050,"Medicaments, for human use, acting on the cardio-vascular system, in dosage",0.5385,,,,no
3004909923,1,imports,199712,67925751.00,"Antacids, for human use, in dosage",26,3004900025,"Antihistaminic agents, for human use, in doses/packings frs, o/t No 30.02/05/06",0.5370,continuity,,,no
3004909923,1,imports,199712,67925751.00,"Antacids, for human use, in dosage",27,3004900022,"Analgesics, for human use, in doses/packings for retail sale, o/t No 30.02/05/06",0.5321,continuity,,,no
3004909923,1,imports,199712,67925751.00,"Antacids, for human use, in dosage",28,3004900039,"Medicaments, for human use, acting on the central nervous system, in dosage, nes",0.5185,,,,no
3004909923,1,imports,199712,67925751.00,"Antacids, for human use, in dosage",29,3004900024,"Antihypertensive agents, for human use, in doses/packings frs,o/t No 30.02/05/06",0.5091,continuity,,,no
3004909923,1,imports,199712,67925751.00,"Antacids, for human use, in dosage",30,3004900027,"Local anaesthetics, for human use,in doses/pack f retail sale,o/t No 30.02/05/06",0.5045,continuity,,,no
3004909923,1,imports,199712,67925751.00,"Antacids, for human use, in dosage",31,3004900020,"Medicaments cont more than 23% of abs ethyl alc by vol, nes, in dosage",0.4848,,,,no
3004909923,1,imports,199712,67925751.00,"Antacids, for human use, in dosage",32,3004900074,"Medicaments, prim affecting eyes,ears & respiratory system,human use, in dos,nes",0.4815,,,,no
3004909923,1,imports,199712,67925751.00,"Antacids, for human use, in dosage",33,3004900023,"Antidepressants & tranquilizers,f human use,in doses/pack frs,o/t No 30.02/05/06",0.4727,continuity,,,no
3004909923,1,imports,199712,67925751.00,"Antacids, for human use, in dosage",34,3004900076,"Medicaments affecting electrolytic, caloric/water balance, for human use, in dos",0.4404,,,,no
3004909923,1,imports,199712,67925751.00,"Antacids, for human use, in dosage",35,3004900012,"Dextrose (glucose) solutions, in dosage",0.4118,,,,no
3004909923,1,imports,199712,67925751.00,"Antacids, for human use, in dosage",36,3004900026,"Agents,acting on central nervous system,hum use,doses/frs,o/t No 30.02/05/06,nes",0.3750,continuity,,,no
3004909923,1,imports,199712,67925751.00,"Antacids, for human use, in dosage",37,3004900029,"Medi,acting on central nervous system,human use,doses/frs,o/t No 30.02/05/06,nes",0.3750,continuity,,,no
3004909923,1,imports,199712,67925751.00,"Antacids, for human use, in dosage",38,3004900021,"Medi cont cannabis/cannabinoids, therap/prophltc uses, doses/pack f retail sale",0.3670,continuity,,,no
3004909929,1,imports,199712,665980987.00,"Gastro-intestinal agents, for human use, in dosage, nes",1,3004900049,"Gastro-intestinal agents, for human use, in dosage, nes",1.0000,,,,yes
3004909929,1,imports,199712,665980987.00,"Gastro-intestinal agents, for human use, in dosage, nes",2,3004900069,"Anti-infective agents, for human use, in dosage, nes",0.8515,,,,no
3004909929,1,imports,199712,665980987.00,"Gastro-intestinal agents, for human use, in dosage, nes",3,3004900034,"Antihistamines agents, for human use, in dosage",0.7835,,,swapped term,no
3004909929,1,imports,199712,665980987.00,"Gastro-intestinal agents, for human use, in dosage, nes",4,3004900033,"Antihypertensive agents, for human use, in dosage",0.7475,,,swapped term,no
3004909929,1,imports,199712,665980987.00,"Gastro-intestinal agents, for human use, in dosage, nes",5,3004900071,"Haematological agents, for human use, in dosage",0.7216,,,swapped term,no
3004909929,1,imports,199712,665980987.00,"Gastro-intestinal agents, for human use, in dosage, nes",6,3004900072,"Antineoplastic agents, for human use, in dosage",0.7216,,,swapped term,no
3004909929,1,imports,199712,665980987.00,"Gastro-intestinal agents, for human use, in dosage, nes",7,3004900077,"Dermatological agents, for human use, in dosage",0.7216,,,swapped term,no
3004909929,1,imports,199712,665980987.00,"Gastro-intestinal agents, for human use, in dosage, nes",8,3004900031,"Analgesics, for human use, in dosage",0.7209,,,swapped term,no
3004909929,1,imports,199712,665980987.00,"Gastro-intestinal agents, for human use, in dosage, nes",9,3004900043,"Antacids, for human use, in dosage",0.6905,,,swapped term,no
3004909929,1,imports,199712,665980987.00,"Gastro-intestinal agents, for human use, in dosage, nes",10,3004900042,"Laxatives, for human use, in dosage",0.6824,,,swapped term,no
3004909929,1,imports,199712,665980987.00,"Gastro-intestinal agents, for human use, in dosage, nes",11,3004900075,"Diuretics, for human use, in dosage",0.6824,,,swapped term,no
3004909929,1,imports,199712,665980987.00,"Gastro-intestinal agents, for human use, in dosage, nes",12,3004900036,"Local anaesthetics, for human use, in dosage",0.6809,,,,no
3004909929,1,imports,199712,665980987.00,"Gastro-intestinal agents, for human use, in dosage, nes",13,3004900061,"Anti-infective agents, cont sulfonamides, for human use, in dosage",0.6783,,,,no
3004909929,1,imports,199712,665980987.00,"Gastro-intestinal agents, for human use, in dosage, nes",14,3004900079,"Medicaments nes, for human use, in dosage",0.6374,,,,no
3004909929,1,imports,199712,665980987.00,"Gastro-intestinal agents, for human use, in dosage, nes",15,3004900073,"Cough or cold preparations, for human use, in dosage",0.6078,,,,no
3004909929,1,imports,199712,665980987.00,"Gastro-intestinal agents, for human use, in dosage, nes",16,3004900025,"Antihistaminic agents, for human use, in doses/packings frs, o/t No 30.02/05/06",0.5938,continuity,,,no
3004909929,1,imports,199712,665980987.00,"Gastro-intestinal agents, for human use, in dosage, nes",17,3004900032,"Antidepressants & tranquilizers, for human use, in dosage",0.5905,,,,no
3004909929,1,imports,199712,665980987.00,"Gastro-intestinal agents, for human use, in dosage, nes",18,3004900024,"Antihypertensive agents, for human use, in doses/packings frs,o/t No 30.02/05/06",0.5846,continuity,,,no
3004909929,1,imports,199712,665980987.00,"Gastro-intestinal agents, for human use, in dosage, nes",19,3004900041,"Histamine H2 receptor antagonist, for human use, in dosage",0.5741,,,,no
3004909929,1,imports,199712,665980987.00,"Gastro-intestinal agents, for human use, in dosage, nes",20,3004900090,"Other medicaments, for veterinary use, in dosage, nes",0.5686,continuity;use,,,no
3004909929,1,imports,199712,665980987.00,"Gastro-intestinal agents, for human use, in dosage, nes",21,3004900081,"Anaesthetic, for veterinary use, in dosage",0.5652,use,,,no
3004909929,1,imports,199712,665980987.00,"Gastro-intestinal agents, for human use, in dosage, nes",22,3004900035,"Medicaments, for human use, acting on the nervous system, in dosage, nes",0.5500,,,,no
3004909929,1,imports,199712,665980987.00,"Gastro-intestinal agents, for human use, in dosage, nes",23,3004900089,"Medicaments nes, for veterinary use, in dosage",0.5208,use,,,no
3004909929,1,imports,199712,665980987.00,"Gastro-intestinal agents, for human use, in dosage, nes",24,3004900039,"Medicaments, for human use, acting on the central nervous system, in dosage, nes",0.5156,,,,no
3004909929,1,imports,199712,665980987.00,"Gastro-intestinal agents, for human use, in dosage, nes",25,3004900022,"Analgesics, for human use, in doses/packings for retail sale, o/t No 30.02/05/06",0.5116,continuity,,,no
3004909929,1,imports,199712,665980987.00,"Gastro-intestinal agents, for human use, in dosage, nes",26,3004900027,"Local anaesthetics, for human use,in doses/pack f retail sale,o/t No 30.02/05/06",0.5038,continuity,,,no
3004909929,1,imports,199712,665980987.00,"Gastro-intestinal agents, for human use, in dosage, nes",27,3004900023,"Antidepressants & tranquilizers,f human use,in doses/pack frs,o/t No 30.02/05/06",0.4769,continuity,,,no
3004909929,1,imports,199712,665980987.00,"Gastro-intestinal agents, for human use, in dosage, nes",28,3004900074,"Medicaments, prim affecting eyes,ears & respiratory system,human use, in dos,nes",0.4688,,,,no
3004909929,1,imports,199712,665980987.00,"Gastro-intestinal agents, for human use, in dosage, nes",29,3004900050,"Medicaments, for human use, acting on the cardio-vascular system, in dosage",0.4677,,,,no
3004909929,1,imports,199712,665980987.00,"Gastro-intestinal agents, for human use, in dosage, nes",30,3004900078,"Medicaments cont hyaluronic acid or its sodium salt, for human use, in dosage",0.4567,,,,no
3004909929,1,imports,199712,665980987.00,"Gastro-intestinal agents, for human use, in dosage, nes",31,3004900012,"Dextrose (glucose) solutions, in dosage",0.4545,,,,no
3004909929,1,imports,199712,665980987.00,"Gastro-intestinal agents, for human use, in dosage, nes",32,3004900019,"Mx of amino acids & protein hydrolysates, etc, in dosage, nes",0.4444,,,,no
3004909929,1,imports,199712,665980987.00,"Gastro-intestinal agents, for human use, in dosage, nes",33,3004900029,"Medi,acting on central nervous system,human use,doses/frs,o/t No 30.02/05/06,nes",0.4394,continuity,,,no
3004909929,1,imports,199712,665980987.00,"Gastro-intestinal agents, for human use, in dosage, nes",34,3004900020,"Medicaments cont more than 23% of abs ethyl alc by vol, nes, in dosage",0.4202,,,,no
3004909929,1,imports,199712,665980987.00,"Gastro-intestinal agents, for human use, in dosage, nes",35,3004900076,"Medicaments affecting electrolytic, caloric/water balance, for human use, in dos",0.4031,,,,no
3004909929,1,imports,199712,665980987.00,"Gastro-intestinal agents, for human use, in dosage, nes",36,3004900026,"Agents,acting on central nervous system,hum use,doses/frs,o/t No 30.02/05/06,nes",0.3939,continuity,,,no
3004909929,1,imports,199712,665980987.00,"Gastro-intestinal agents, for human use, in dosage, nes",37,3004900011,"Mixtures of amino acids, nes, in dosage",0.3820,,,,no
3004909929,1,imports,199712,665980987.00,"Gastro-intestinal agents, for human use, in dosage, nes",38,3004900021,"Medi cont cannabis/cannabinoids, therap/prophltc uses, doses/pack f retail sale",0.2481,continuity,,,no
3004909930,1,imports,199712,1142787624.00,"Medicaments, for human use, acting on the cardio-vascular system, in dosage",1,3004900050,"Medicaments, for human use, acting on the cardio-vascular system, in dosage",1.0000,,,,yes
3004909930,1,imports,199712,1142787624.00,"Medicaments, for human use, acting on the cardio-vascular system, in dosage",2,3004900035,"Medicaments, for human use, acting on the nervous system, in dosage, nes",0.8571,,,,no
3004909930,1,imports,199712,1142787624.00,"Medicaments, for human use, acting on the cardio-vascular system, in dosage",3,3004900039,"Medicaments, for human use, acting on the central nervous system, in dosage, nes",0.8378,,,,no
3004909930,1,imports,199712,1142787624.00,"Medicaments, for human use, acting on the cardio-vascular system, in dosage",4,3004900079,"Medicaments nes, for human use, in dosage",0.6306,,,,no
3004909930,1,imports,199712,1142787624.00,"Medicaments, for human use, acting on the cardio-vascular system, in dosage",5,3004900020,"Medicaments cont more than 23% of abs ethyl alc by vol, nes, in dosage",0.5612,,,,no
3004909930,1,imports,199712,1142787624.00,"Medicaments, for human use, acting on the cardio-vascular system, in dosage",6,3004900071,"Haematological agents, for human use, in dosage",0.5470,,,,no
3004909930,1,imports,199712,1142787624.00,"Medicaments, for human use, acting on the cardio-vascular system, in dosage",7,3004900072,"Antineoplastic agents, for human use, in dosage",0.5470,,,,no
3004909930,1,imports,199712,1142787624.00,"Medicaments, for human use, acting on the cardio-vascular system, in dosage",8,3004900077,"Dermatological agents, for human use, in dosage",0.5470,,,,no
3004909930,1,imports,199712,1142787624.00,"Medicaments, for human use, acting on the cardio-vascular system, in dosage",9,3004900043,"Antacids, for human use, in dosage",0.5385,,,,no
3004909930,1,imports,199712,1142787624.00,"Medicaments, for human use, acting on the cardio-vascular system, in dosage",10,3004900089,"Medicaments nes, for veterinary use, in dosage",0.5345,use,,,no
3004909930,1,imports,199712,1142787624.00,"Medicaments, for human use, acting on the cardio-vascular system, in dosage",11,3004900075,"Diuretics, for human use, in dosage",0.5333,,,,no
3004909930,1,imports,199712,1142787624.00,"Medicaments, for human use, acting on the cardio-vascular system, in dosage",12,3004900034,"Antihistamines agents, for human use, in dosage",0.5299,,,,no
3004909930,1,imports,199712,1142787624.00,"Medicaments, for human use, acting on the cardio-vascular system, in dosage",13,3004900031,"Analgesics, for human use, in dosage",0.5283,,,,no
3004909930,1,imports,199712,1142787624.00,"Medicaments, for human use, acting on the cardio-vascular system, in dosage",14,3004900033,"Antihypertensive agents, for human use, in dosage",0.5210,,,,no
3004909930,1,imports,199712,1142787624.00,"Medicaments, for human use, acting on the cardio-vascular system, in dosage",15,3004900069,"Anti-infective agents, for human use, in dosage, nes",0.5124,,,,no
3004909930,1,imports,199712,1142787624.00,"Medicaments, for human use, acting on the cardio-vascular system, in dosage",16,3004900090,"Other medicaments, for veterinary use, in dosage, nes",0.5082,continuity;use,,,no
3004909930,1,imports,199712,1142787624.00,"Medicaments, for human use, acting on the cardio-vascular system, in dosage",17,3004900049,"Gastro-intestinal agents, for human use, in dosage, nes",0.5000,,,,no
3004909930,1,imports,199712,1142787624.00,"Medicaments, for human use, acting on the cardio-vascular system, in dosage",18,3004900042,"Laxatives, for human use, in dosage",0.4952,,,,no
3004909930,1,imports,199712,1142787624.00,"Medicaments, for human use, acting on the cardio-vascular system, in dosage",19,3004900036,"Local anaesthetics, for human use, in dosage",0.4912,,,,no
3004909930,1,imports,199712,1142787624.00,"Medicaments, for human use, acting on the cardio-vascular system, in dosage",20,3004900041,"Histamine H2 receptor antagonist, for human use, in dosage",0.4844,,,,no
3004909930,1,imports,199712,1142787624.00,"Medicaments, for human use, acting on the cardio-vascular system, in dosage",21,3004900078,"Medicaments cont hyaluronic acid or its sodium salt, for human use, in dosage",0.4762,,,,no
3004909930,1,imports,199712,1142787624.00,"Medicaments, for human use, acting on the cardio-vascular system, in dosage",22,3004900061,"Anti-infective agents, cont sulfonamides, for human use, in dosage",0.4593,,,,no
3004909930,1,imports,199712,1142787624.00,"Medicaments, for human use, acting on the cardio-vascular system, in dosage",23,3004900073,"Cough or cold preparations, for human use, in dosage",0.4590,,,,no
3004909930,1,imports,199712,1142787624.00,"Medicaments, for human use, acting on the cardio-vascular system, in dosage",24,3004900032,"Antidepressants & tranquilizers, for human use, in dosage",0.4480,,,,no
3004909930,1,imports,199712,1142787624.00,"Medicaments, for human use, acting on the cardio-vascular system, in dosage",25,3004900026,"Agents,acting on central nervous system,hum use,doses/frs,o/t No 30.02/05/06,nes",0.4474,continuity,,,no
3004909930,1,imports,199712,1142787624.00,"Medicaments, for human use, acting on the cardio-vascular system, in dosage",26,3004900074,"Medicaments, prim affecting eyes,ears & respiratory system,human use, in dos,nes",0.4459,,,,no
3004909930,1,imports,199712,1142787624.00,"Medicaments, for human use, acting on the cardio-vascular system, in dosage",27,3004900019,"Mx of amino acids & protein hydrolysates, etc, in dosage, nes",0.4375,,,,no
3004909930,1,imports,199712,1142787624.00,"Medicaments, for human use, acting on the cardio-vascular system, in dosage",28,3004900076,"Medicaments affecting electrolytic, caloric/water balance, for human use, in dos",0.4295,,,,no
3004909930,1,imports,199712,1142787624.00,"Medicaments, for human use, acting on the cardio-vascular system, in dosage",29,3004900011,"Mixtures of amino acids, nes, in dosage",0.4220,,,,no
3004909930,1,imports,199712,1142787624.00,"Medicaments, for human use, acting on the cardio-vascular system, in dosage",30,3004900025,"Antihistaminic agents, for human use, in doses/packings frs, o/t No 30.02/05/06",0.4189,continuity,,,no
3004909930,1,imports,199712,1142787624.00,"Medicaments, for human use, acting on the cardio-vascular system, in dosage",31,3004900081,"Anaesthetic, for veterinary use, in dosage",0.4107,use,,,no
3004909930,1,imports,199712,1142787624.00,"Medicaments, for human use, acting on the cardio-vascular system, in dosage",32,3004900012,"Dextrose (glucose) solutions, in dosage",0.4074,,,,no
3004909930,1,imports,199712,1142787624.00,"Medicaments, for human use, acting on the cardio-vascular system, in dosage",33,3004900024,"Antihypertensive agents, for human use, in doses/packings frs,o/t No 30.02/05/06",0.4000,continuity,,,no
3004909930,1,imports,199712,1142787624.00,"Medicaments, for human use, acting on the cardio-vascular system, in dosage",34,3004900022,"Analgesics, for human use, in doses/packings for retail sale, o/t No 30.02/05/06",0.3758,continuity,,,no
3004909930,1,imports,199712,1142787624.00,"Medicaments, for human use, acting on the cardio-vascular system, in dosage",35,3004900027,"Local anaesthetics, for human use,in doses/pack f retail sale,o/t No 30.02/05/06",0.3576,continuity,,,no
3004909930,1,imports,199712,1142787624.00,"Medicaments, for human use, acting on the cardio-vascular system, in dosage",36,3004900023,"Antidepressants & tranquilizers,f human use,in doses/pack frs,o/t No 30.02/05/06",0.3333,continuity,,,no
3004909930,1,imports,199712,1142787624.00,"Medicaments, for human use, acting on the cardio-vascular system, in dosage",37,3004900029,"Medi,acting on central nervous system,human use,doses/frs,o/t No 30.02/05/06,nes",0.3289,continuity,,,no
3004909930,1,imports,199712,1142787624.00,"Medicaments, for human use, acting on the cardio-vascular system, in dosage",38,3004900021,"Medi cont cannabis/cannabinoids, therap/prophltc uses, doses/pack f retail sale",0.2953,continuity,,,no
3004909940,1,imports,198912,45447503.00,"Anti-infective agents, for human use, in dosage",1,3004900069,"Anti-infective agents, for human use, in dosage, nes",0.9574,continuity,,basket contents,no
3004909940,1,imports,198912,45447503.00,"Anti-infective agents, for human use, in dosage",2,3004909949,"Anti-infective agents, for human use, in dosage, nes",0.9574,,,basket contents,no
3004909940,1,imports,198912,45447503.00,"Anti-infective agents, for human use, in dosage",3,3004900072,"Antineoplastic agents, for human use, in dosage",0.8667,continuity,,swapped term,no
3004909940,1,imports,198912,45447503.00,"Anti-infective agents, for human use, in dosage",4,3004909960,"Antineoplastic agents, for human use, in dosage",0.8667,,,swapped term,no
3004909940,1,imports,198912,45447503.00,"Anti-infective agents, for human use, in dosage",5,3004900033,"Antihypertensive agents, for human use, in dosage",0.8478,continuity,,swapped term,no
3004909940,1,imports,198912,45447503.00,"Anti-infective agents, for human use, in dosage",6,3004909913,"Antihypertensive agents, for human use, in dosage",0.8478,,,swapped term,no
3004909940,1,imports,198912,45447503.00,"Anti-infective agents, for human use, in dosage",7,3004900034,"Antihistamines agents, for human use, in dosage",0.8444,continuity,,swapped term,no
3004909940,1,imports,198912,45447503.00,"Anti-infective agents, for human use, in dosage",8,3004909914,"Antihistamines agents, for human use, in dosage",0.8444,,,swapped term,no
3004909940,1,imports,198912,45447503.00,"Anti-infective agents, for human use, in dosage",9,3004900061,"Anti-infective agents, cont sulfonamides, for human use, in dosage",0.8333,continuity,,basket contents,no
3004909940,1,imports,198912,45447503.00,"Anti-infective agents, for human use, in dosage",10,3004900049,"Gastro-intestinal agents, for human use, in dosage, nes",0.8041,continuity,,,no
3004909940,1,imports,198912,45447503.00,"Anti-infective agents, for human use, in dosage",11,3004909929,"Gastro-intestinal agents, for human use, in dosage, nes",0.8041,,,,no
3004909940,1,imports,198912,45447503.00,"Anti-infective agents, for human use, in dosage",12,3004909941,"Anti-infective agents, containing sulfonamides, for human use, in dosage",0.7895,,,basket contents,no
3004909940,1,imports,198912,45447503.00,"Anti-infective agents, for human use, in dosage",13,3004900071,"Haematological agents, for human use, in dosage",0.7778,continuity,,swapped term,no
3004909940,1,imports,198912,45447503.00,"Anti-infective agents, for human use, in dosage",14,3004900077,"Dermatological agents, for human use, in dosage",0.7778,continuity,,swapped term,no
3004909940,1,imports,198912,45447503.00,"Anti-infective agents, for human use, in dosage",15,3004909950,"Haematological agents, for human use, in dosage",0.7778,,,swapped term,no
3004909940,1,imports,198912,45447503.00,"Anti-infective agents, for human use, in dosage",16,3004909983,"Dermatological agents, for human use, in dosage",0.7778,,,swapped term,no
3004909940,1,imports,198912,45447503.00,"Anti-infective agents, for human use, in dosage",17,3004900042,"Laxatives, for human use, in dosage",0.7692,continuity,,swapped term,no
3004909940,1,imports,198912,45447503.00,"Anti-infective agents, for human use, in dosage",18,3004909922,"Laxatives, for human use, in dosage",0.7692,,,swapped term,no
3004909940,1,imports,198912,45447503.00,"Anti-infective agents, for human use, in dosage",19,3004900031,"Analgesics, for human use, in dosage",0.7595,continuity,,swapped term,no
3004909940,1,imports,198912,45447503.00,"Anti-infective agents, for human use, in dosage",20,3004909911,"Analgesics, for human use, in dosage",0.7595,,,swapped term,no
3004909940,1,imports,198912,45447503.00,"Anti-infective agents, for human use, in dosage",21,3004900043,"Antacids, for human use, in dosage",0.7532,continuity,,swapped term,no
3004909940,1,imports,198912,45447503.00,"Anti-infective agents, for human use, in dosage",22,3004909923,"Antacids, for human use, in dosage",0.7532,,,swapped term,no
3004909940,1,imports,198912,45447503.00,"Anti-infective agents, for human use, in dosage",23,3004900075,"Diuretics, for human use, in dosage",0.7179,continuity,,swapped term,no
3004909940,1,imports,198912,45447503.00,"Anti-infective agents, for human use, in dosage",24,3004909981,"Diuretics, for human use, in dosage",0.7179,,,swapped term,no
3004909940,1,imports,198912,45447503.00,"Anti-infective agents, for human use, in dosage",25,3004900032,"Antidepressants & tranquilizers, for human use, in dosage",0.6939,continuity,,,no
3004909940,1,imports,198912,45447503.00,"Anti-infective agents, for human use, in dosage",26,3004909912,"Antidepressants & tranquilizers, for human use, in dosage",0.6939,,,,no
3004909940,1,imports,198912,45447503.00,"Anti-infective agents, for human use, in dosage",27,3004900079,"Medicaments nes, for human use, in dosage",0.6905,continuity,,,no
3004909940,1,imports,198912,45447503.00,"Anti-infective agents, for human use, in dosage",28,3004909989,"Medicaments nes, for human use, in dosage",0.6905,,,,no
3004909940,1,imports,198912,45447503.00,"Anti-infective agents, for human use, in dosage",29,3004900036,"Local anaesthetics, for human use, in dosage",0.6897,continuity,,,no
3004909940,1,imports,198912,45447503.00,"Anti-infective agents, for human use, in dosage",30,3004909916,"Local anaesthetics, for human use, in dosage",0.6897,,,,no
3004909940,1,imports,198912,45447503.00,"Anti-infective agents, for human use, in dosage",31,3004909971,"Cough/cold preparations, for human use, in dosage",0.6304,,,,no
3004909940,1,imports,198912,45447503.00,"Anti-infective agents, for human use, in dosage",32,3004900024,"Antihypertensive agents, for human use, in doses/packings frs,o/t No 30.02/05/06",0.6179,continuity,,,no
3004909940,1,imports,198912,45447503.00,"Anti-infective agents, for human use, in dosage",33,3004900041,"Histamine H2 receptor antagonist, for human use, in dosage",0.6139,continuity,,,no
3004909940,1,imports,198912,45447503.00,"Anti-infective agents, for human use, in dosage",34,3004909921,"Histamine H2 receptor antagonist, for human use, in dosage",0.6139,,,,no
3004909940,1,imports,198912,45447503.00,"Anti-infective agents, for human use, in dosage",35,3004900025,"Antihistaminic agents, for human use, in doses/packings frs, o/t No 30.02/05/06",0.6116,continuity,,,no
3004909940,1,imports,198912,45447503.00,"Anti-infective agents, for human use, in dosage",36,3004900073,"Cough or cold preparations, for human use, in dosage",0.6105,continuity,,,no
3004909940,1,imports,198912,45447503.00,"Anti-infective agents, for human use, in dosage",37,3004909993,"Tranquilizers, for veterinary use, in dosage",0.5977,use,,,no
3004909940,1,imports,198912,45447503.00,"Anti-infective agents, for human use, in dosage",38,3004900081,"Anaesthetic, for veterinary use, in dosage",0.5882,continuity;use,,,no
3004909940,1,imports,198912,45447503.00,"Anti-infective agents, for human use, in dosage",39,3004909991,"Anaesthetic, for veterinary use, in dosage",0.5882,use,,,no
3004909940,1,imports,198912,45447503.00,"Anti-infective agents, for human use, in dosage",40,3004900076,"Medicaments affecting electrolytic, caloric/water balance, for human use, in dos",0.5738,continuity,,,no
3004909940,1,imports,198912,45447503.00,"Anti-infective agents, for human use, in dosage",41,3004909982,"Medicaments affecting electrolytic, caloric/water balance, for human use, in dos",0.5738,,,,no
3004909940,1,imports,198912,45447503.00,"Anti-infective agents, for human use, in dosage",42,3004900074,"Medicaments, prim affecting eyes,ears & respiratory system,human use, in dos,nes",0.5620,continuity,,,no
3004909940,1,imports,198912,45447503.00,"Anti-infective agents, for human use, in dosage",43,3004909979,"Medicaments, prim affecting eyes,ears & respiratory system,human use, in dos,nes",0.5620,,,,no
3004909940,1,imports,198912,45447503.00,"Anti-infective agents, for human use, in dosage",44,3004900089,"Medicaments nes, for veterinary use, in dosage",0.5618,continuity;use,,,no
3004909940,1,imports,198912,45447503.00,"Anti-infective agents, for human use, in dosage",45,3004909999,"Medicaments nes, for veterinary use, in dosage",0.5618,use,,,no
3004909940,1,imports,198912,45447503.00,"Anti-infective agents, for human use, in dosage",46,3004900090,"Other medicaments, for veterinary use, in dosage, nes",0.5263,continuity;use,,,no
3004909940,1,imports,198912,45447503.00,"Anti-infective agents, for human use, in dosage",47,3004900035,"Medicaments, for human use, acting on the nervous system, in dosage, nes",0.5133,continuity,,,no
3004909940,1,imports,198912,45447503.00,"Anti-infective agents, for human use, in dosage",48,3004909915,"Medicaments, for human use, acting on the nervous system, in dosage, nes",0.5133,,,,no
3004909940,1,imports,198912,45447503.00,"Anti-infective agents, for human use, in dosage",49,3004900050,"Medicaments, for human use, acting on the cardio-vascular system, in dosage",0.4957,continuity,,,no
3004909940,1,imports,198912,45447503.00,"Anti-infective agents, for human use, in dosage",50,3004909930,"Medicaments, for human use, acting on the cardio-vascular system, in dosage",0.4957,,,,no
3004909940,1,imports,198912,45447503.00,"Anti-infective agents, for human use, in dosage",51,3004900022,"Analgesics, for human use, in doses/packings for retail sale, o/t No 30.02/05/06",0.4918,continuity,,,no
3004909940,1,imports,198912,45447503.00,"Anti-infective agents, for human use, in dosage",52,3004900023,"Antidepressants & tranquilizers,f human use,in doses/pack frs,o/t No 30.02/05/06",0.4878,continuity,,,no
3004909940,1,imports,198912,45447503.00,"Anti-infective agents, for human use, in dosage",53,3004900078,"Medicaments cont hyaluronic acid or its sodium salt, for human use, in dosage",0.4833,continuity,,,no
3004909940,1,imports,198912,45447503.00,"Anti-infective agents, for human use, in dosage",54,3004909984,"Medicaments cont hyaluronic acid or its sodium salt, for human use, in dosage",0.4833,,,,no
3004909940,1,imports,198912,45447503.00,"Anti-infective agents, for human use, in dosage",55,3004900039,"Medicaments, for human use, acting on the central nervous system, in dosage, nes",0.4793,continuity,,,no
3004909940,1,imports,198912,45447503.00,"Anti-infective agents, for human use, in dosage",56,3004909919,"Medicaments, for human use, acting on the central nervous system, in dosage, nes",0.4793,,,,no
3004909940,1,imports,198912,45447503.00,"Anti-infective agents, for human use, in dosage",57,3004901090,"Mx of amino acids & protein hydrolysates, etc, in dosage",0.4742,,,,no
3004909940,1,imports,198912,45447503.00,"Anti-infective agents, for human use, in dosage",58,3004900027,"Local anaesthetics, for human use,in doses/pack f retail sale,o/t No 30.02/05/06",0.4677,continuity,,,no
3004909940,1,imports,198912,45447503.00,"Anti-infective agents, for human use, in dosage",59,3004900011,"Mixtures of amino acids, nes, in dosage",0.4634,continuity,,,no
3004909940,1,imports,198912,45447503.00,"Anti-infective agents, for human use, in dosage",60,3004901010,"Mixtures of amino acids, nes, in dosage",0.4634,,,,no
3004909940,1,imports,198912,45447503.00,"Anti-infective agents, for human use, in dosage",61,3004900019,"Mx of amino acids & protein hydrolysates, etc, in dosage, nes",0.4554,continuity,,,no
3004909940,1,imports,198912,45447503.00,"Anti-infective agents, for human use, in dosage",62,3004900020,"Medicaments cont more than 23% of abs ethyl alc by vol, nes, in dosage",0.4464,continuity,,,no
3004909940,1,imports,198912,45447503.00,"Anti-infective agents, for human use, in dosage",63,3004909100,"Medicaments cont more than 23% of abs ethyl alc by vol, nes, in dosage",0.4464,,,,no
3004909940,1,imports,198912,45447503.00,"Anti-infective agents, for human use, in dosage",64,3004900029,"Medi,acting on central nervous system,human use,doses/frs,o/t No 30.02/05/06,nes",0.4160,continuity,,,no
3004909940,1,imports,198912,45447503.00,"Anti-infective agents, for human use, in dosage",65,3004909992,"Coccidiostats, in dosage",0.3824,,,,no
3004909940,1,imports,198912,45447503.00,"Anti-infective agents, for human use, in dosage",66,3004900026,"Agents,acting on central nervous system,hum use,doses/frs,o/t No 30.02/05/06,nes",0.3520,continuity,,,no
3004909940,1,imports,198912,45447503.00,"Anti-infective agents, for human use, in dosage",67,3004900012,"Dextrose (glucose) solutions, in dosage",0.3457,continuity,,,no
3004909940,1,imports,198912,45447503.00,"Anti-infective agents, for human use, in dosage",68,3004901020,"Dextrose (glucose) solutions, in dosage",0.3457,,,,no
3004909940,1,imports,198912,45447503.00,"Anti-infective agents, for human use, in dosage",69,3004900021,"Medi cont cannabis/cannabinoids, therap/prophltc uses, doses/pack f retail sale",0.3443,continuity,,,no
3004909941,1,imports,199712,15348385.00,"Anti-infective agents, containing sulfonamides, for human use, in dosage",1,3004900061,"Anti-infective agents, cont sulfonamides, for human use, in dosage",0.9545,,,,no
3004909941,1,imports,199712,15348385.00,"Anti-infective agents, containing sulfonamides, for human use, in dosage",2,3004900069,"Anti-infective agents, for human use, in dosage, nes",0.7627,,,,no
3004909941,1,imports,199712,15348385.00,"Anti-infective agents, containing sulfonamides, for human use, in dosage",3,3004900072,"Antineoplastic agents, for human use, in dosage",0.6842,,,,no
3004909941,1,imports,199712,15348385.00,"Anti-infective agents, containing sulfonamides, for human use, in dosage",4,3004900033,"Antihypertensive agents, for human use, in dosage",0.6724,,,,no
3004909941,1,imports,199712,15348385.00,"Anti-infective agents, containing sulfonamides, for human use, in dosage",5,3004900034,"Antihistamines agents, for human use, in dosage",0.6667,,,,no
3004909941,1,imports,199712,15348385.00,"Anti-infective agents, containing sulfonamides, for human use, in dosage",6,3004900032,"Antidepressants & tranquilizers, for human use, in dosage",0.6557,,,,no
3004909941,1,imports,199712,15348385.00,"Anti-infective agents, containing sulfonamides, for human use, in dosage",7,3004900049,"Gastro-intestinal agents, for human use, in dosage, nes",0.6446,,,,no
3004909941,1,imports,199712,15348385.00,"Anti-infective agents, containing sulfonamides, for human use, in dosage",8,3004900031,"Analgesics, for human use, in dosage",0.6214,,,,no
3004909941,1,imports,199712,15348385.00,"Anti-infective agents, containing sulfonamides, for human use, in dosage",9,3004900071,"Haematological agents, for human use, in dosage",0.6140,,,,no
3004909941,1,imports,199712,15348385.00,"Anti-infective agents, containing sulfonamides, for human use, in dosage",10,3004900077,"Dermatological agents, for human use, in dosage",0.6140,,,,no
3004909941,1,imports,199712,15348385.00,"Anti-infective agents, containing sulfonamides, for human use, in dosage",11,3004900043,"Antacids, for human use, in dosage",0.6139,,,,no
3004909941,1,imports,199712,15348385.00,"Anti-infective agents, containing sulfonamides, for human use, in dosage",12,3004900079,"Medicaments nes, for human use, in dosage",0.6111,,,,no
3004909941,1,imports,199712,15348385.00,"Anti-infective agents, containing sulfonamides, for human use, in dosage",13,3004900042,"Laxatives, for human use, in dosage",0.5882,,,,no
3004909941,1,imports,199712,15348385.00,"Anti-infective agents, containing sulfonamides, for human use, in dosage",14,3004900078,"Medicaments cont hyaluronic acid or its sodium salt, for human use, in dosage",0.5694,,,,no
3004909941,1,imports,199712,15348385.00,"Anti-infective agents, containing sulfonamides, for human use, in dosage",15,3004900073,"Cough or cold preparations, for human use, in dosage",0.5546,,,,no
3004909941,1,imports,199712,15348385.00,"Anti-infective agents, containing sulfonamides, for human use, in dosage",16,3004900075,"Diuretics, for human use, in dosage",0.5490,,,,no
3004909941,1,imports,199712,15348385.00,"Anti-infective agents, containing sulfonamides, for human use, in dosage",17,3004900036,"Local anaesthetics, for human use, in dosage",0.5405,,,,no
3004909941,1,imports,199712,15348385.00,"Anti-infective agents, containing sulfonamides, for human use, in dosage",18,3004900024,"Antihypertensive agents, for human use, in doses/packings frs,o/t No 30.02/05/06",0.5170,continuity,,,no
3004909941,1,imports,199712,15348385.00,"Anti-infective agents, containing sulfonamides, for human use, in dosage",19,3004900089,"Medicaments nes, for veterinary use, in dosage",0.5133,use,,,no
3004909941,1,imports,199712,15348385.00,"Anti-infective agents, containing sulfonamides, for human use, in dosage",20,3004900041,"Histamine H2 receptor antagonist, for human use, in dosage",0.5120,,,,no
3004909941,1,imports,199712,15348385.00,"Anti-infective agents, containing sulfonamides, for human use, in dosage",21,3004900025,"Antihistaminic agents, for human use, in doses/packings frs, o/t No 30.02/05/06",0.5103,continuity,,,no
3004909941,1,imports,199712,15348385.00,"Anti-infective agents, containing sulfonamides, for human use, in dosage",22,3004900076,"Medicaments affecting electrolytic, caloric/water balance, for human use, in dos",0.5068,,,,no
3004909941,1,imports,199712,15348385.00,"Anti-infective agents, containing sulfonamides, for human use, in dosage",23,3004900074,"Medicaments, prim affecting eyes,ears & respiratory system,human use, in dos,nes",0.4966,,,,no
3004909941,1,imports,199712,15348385.00,"Anti-infective agents, containing sulfonamides, for human use, in dosage",24,3004900023,"Antidepressants & tranquilizers,f human use,in doses/pack frs,o/t No 30.02/05/06",0.4898,continuity,,,no
3004909941,1,imports,199712,15348385.00,"Anti-infective agents, containing sulfonamides, for human use, in dosage",25,3004900081,"Anaesthetic, for veterinary use, in dosage",0.4587,use,,,no
3004909941,1,imports,199712,15348385.00,"Anti-infective agents, containing sulfonamides, for human use, in dosage",26,3004900020,"Medicaments cont more than 23% of abs ethyl alc by vol, nes, in dosage",0.4559,,,,no
3004909941,1,imports,199712,15348385.00,"Anti-infective agents, containing sulfonamides, for human use, in dosage",27,3004900022,"Analgesics, for human use, in doses/packings for retail sale, o/t No 30.02/05/06",0.4384,continuity,,,no
3004909941,1,imports,199712,15348385.00,"Anti-infective agents, containing sulfonamides, for human use, in dosage",28,3004900026,"Agents,acting on central nervous system,hum use,doses/frs,o/t No 30.02/05/06,nes",0.4295,continuity,,,no
3004909941,1,imports,199712,15348385.00,"Anti-infective agents, containing sulfonamides, for human use, in dosage",29,3004900035,"Medicaments, for human use, acting on the nervous system, in dosage, nes",0.4234,,,,no
3004909941,1,imports,199712,15348385.00,"Anti-infective agents, containing sulfonamides, for human use, in dosage",30,3004900090,"Other medicaments, for veterinary use, in dosage, nes",0.4202,continuity;use,,,no
3004909941,1,imports,199712,15348385.00,"Anti-infective agents, containing sulfonamides, for human use, in dosage",31,3004900011,"Mixtures of amino acids, nes, in dosage",0.4151,,,,no
3004909941,1,imports,199712,15348385.00,"Anti-infective agents, containing sulfonamides, for human use, in dosage",32,3004900050,"Medicaments, for human use, acting on the cardio-vascular system, in dosage",0.4113,,,,no
3004909941,1,imports,199712,15348385.00,"Anti-infective agents, containing sulfonamides, for human use, in dosage",33,3004900039,"Medicaments, for human use, acting on the central nervous system, in dosage, nes",0.4000,,,,no
3004909941,1,imports,199712,15348385.00,"Anti-infective agents, containing sulfonamides, for human use, in dosage",34,3004900027,"Local anaesthetics, for human use,in doses/pack f retail sale,o/t No 30.02/05/06",0.3919,continuity,,,no
3004909941,1,imports,199712,15348385.00,"Anti-infective agents, containing sulfonamides, for human use, in dosage",35,3004900029,"Medi,acting on central nervous system,human use,doses/frs,o/t No 30.02/05/06,nes",0.3893,continuity,,,no
3004909941,1,imports,199712,15348385.00,"Anti-infective agents, containing sulfonamides, for human use, in dosage",36,3004900021,"Medi cont cannabis/cannabinoids, therap/prophltc uses, doses/pack f retail sale",0.3562,continuity,,,no
3004909941,1,imports,199712,15348385.00,"Anti-infective agents, containing sulfonamides, for human use, in dosage",37,3004900019,"Mx of amino acids & protein hydrolysates, etc, in dosage, nes",0.3360,,,,no
3004909941,1,imports,199712,15348385.00,"Anti-infective agents, containing sulfonamides, for human use, in dosage",38,3004900012,"Dextrose (glucose) solutions, in dosage",0.2857,,,,no
3004909949,1,imports,199712,526326356.00,"Anti-infective agents, for human use, in dosage, nes",1,3004900069,"Anti-infective agents, for human use, in dosage, nes",1.0000,,,,yes
3004909949,1,imports,199712,526326356.00,"Anti-infective agents, for human use, in dosage, nes",2,3004900049,"Gastro-intestinal agents, for human use, in dosage, nes",0.8515,,,,no
3004909949,1,imports,199712,526326356.00,"Anti-infective agents, for human use, in dosage, nes",3,3004900072,"Antineoplastic agents, for human use, in dosage",0.8298,,,swapped term,no
3004909949,1,imports,199712,526326356.00,"Anti-infective agents, for human use, in dosage, nes",4,3004900033,"Antihypertensive agents, for human use, in dosage",0.8125,,,swapped term,no
3004909949,1,imports,199712,526326356.00,"Anti-infective agents, for human use, in dosage, nes",5,3004900034,"Antihistamines agents, for human use, in dosage",0.8085,,,swapped term,no
3004909949,1,imports,199712,526326356.00,"Anti-infective agents, for human use, in dosage, nes",6,3004900061,"Anti-infective agents, cont sulfonamides, for human use, in dosage",0.8036,,,,no
3004909949,1,imports,199712,526326356.00,"Anti-infective agents, for human use, in dosage, nes",7,3004900071,"Haematological agents, for human use, in dosage",0.7447,,,swapped term,no
3004909949,1,imports,199712,526326356.00,"Anti-infective agents, for human use, in dosage, nes",8,3004900077,"Dermatological agents, for human use, in dosage",0.7447,,,swapped term,no
3004909949,1,imports,199712,526326356.00,"Anti-infective agents, for human use, in dosage, nes",9,3004900042,"Laxatives, for human use, in dosage",0.7317,,,swapped term,no
3004909949,1,imports,199712,526326356.00,"Anti-infective agents, for human use, in dosage, nes",10,3004900031,"Analgesics, for human use, in dosage",0.7229,,,swapped term,no
3004909949,1,imports,199712,526326356.00,"Anti-infective agents, for human use, in dosage, nes",11,3004900043,"Antacids, for human use, in dosage",0.7160,,,swapped term,no
3004909949,1,imports,199712,526326356.00,"Anti-infective agents, for human use, in dosage, nes",12,3004900075,"Diuretics, for human use, in dosage",0.6829,,,swapped term,no
3004909949,1,imports,199712,526326356.00,"Anti-infective agents, for human use, in dosage, nes",13,3004900032,"Antidepressants & tranquilizers, for human use, in dosage",0.6667,,,,no
3004909949,1,imports,199712,526326356.00,"Anti-infective agents, for human use, in dosage, nes",14,3004900036,"Local anaesthetics, for human use, in dosage",0.6593,,,,no
3004909949,1,imports,199712,526326356.00,"Anti-infective agents, for human use, in dosage, nes",15,3004900079,"Medicaments nes, for human use, in dosage",0.6591,,,,no
3004909949,1,imports,199712,526326356.00,"Anti-infective agents, for human use, in dosage, nes",16,3004900024,"Antihypertensive agents, for human use, in doses/packings frs,o/t No 30.02/05/06",0.6299,continuity,,,no
3004909949,1,imports,199712,526326356.00,"Anti-infective agents, for human use, in dosage, nes",17,3004900025,"Antihistaminic agents, for human use, in doses/packings frs, o/t No 30.02/05/06",0.6240,continuity,,,no
3004909949,1,imports,199712,526326356.00,"Anti-infective agents, for human use, in dosage, nes",18,3004900074,"Medicaments, prim affecting eyes,ears & respiratory system,human use, in dos,nes",0.5920,,,,no
3004909949,1,imports,199712,526326356.00,"Anti-infective agents, for human use, in dosage, nes",19,3004900041,"Histamine H2 receptor antagonist, for human use, in dosage",0.5905,,,,no
3004909949,1,imports,199712,526326356.00,"Anti-infective agents, for human use, in dosage, nes",20,3004900073,"Cough or cold preparations, for human use, in dosage",0.5859,,,,no
3004909949,1,imports,199712,526326356.00,"Anti-infective agents, for human use, in dosage, nes",21,3004900090,"Other medicaments, for veterinary use, in dosage, nes",0.5859,continuity;use,,,no
3004909949,1,imports,199712,526326356.00,"Anti-infective agents, for human use, in dosage, nes",22,3004900035,"Medicaments, for human use, acting on the nervous system, in dosage, nes",0.5641,,,,no
3004909949,1,imports,199712,526326356.00,"Anti-infective agents, for human use, in dosage, nes",23,3004900081,"Anaesthetic, for veterinary use, in dosage",0.5618,use,,,no
3004909949,1,imports,199712,526326356.00,"Anti-infective agents, for human use, in dosage, nes",24,3004900076,"Medicaments affecting electrolytic, caloric/water balance, for human use, in dos",0.5556,,,,no
3004909949,1,imports,199712,526326356.00,"Anti-infective agents, for human use, in dosage, nes",25,3004900089,"Medicaments nes, for veterinary use, in dosage",0.5376,use,,,no
3004909949,1,imports,199712,526326356.00,"Anti-infective agents, for human use, in dosage, nes",26,3004900039,"Medicaments, for human use, acting on the central nervous system, in dosage, nes",0.5280,,,,no
3004909949,1,imports,199712,526326356.00,"Anti-infective agents, for human use, in dosage, nes",27,3004900019,"Mx of amino acids & protein hydrolysates, etc, in dosage, nes",0.5143,,,,no
3004909949,1,imports,199712,526326356.00,"Anti-infective agents, for human use, in dosage, nes",28,3004900022,"Analgesics, for human use, in doses/packings for retail sale, o/t No 30.02/05/06",0.5079,continuity,,,no
3004909949,1,imports,199712,526326356.00,"Anti-infective agents, for human use, in dosage, nes",29,3004900023,"Antidepressants & tranquilizers,f human use,in doses/pack frs,o/t No 30.02/05/06",0.5039,continuity,,,no
3004909949,1,imports,199712,526326356.00,"Anti-infective agents, for human use, in dosage, nes",30,3004900027,"Local anaesthetics, for human use,in doses/pack f retail sale,o/t No 30.02/05/06",0.4844,continuity,,,no
3004909949,1,imports,199712,526326356.00,"Anti-infective agents, for human use, in dosage, nes",31,3004900050,"Medicaments, for human use, acting on the cardio-vascular system, in dosage",0.4793,,,,no
3004909949,1,imports,199712,526326356.00,"Anti-infective agents, for human use, in dosage, nes",32,3004900078,"Medicaments cont hyaluronic acid or its sodium salt, for human use, in dosage",0.4677,,,,no
3004909949,1,imports,199712,526326356.00,"Anti-infective agents, for human use, in dosage, nes",33,3004900029,"Medi,acting on central nervous system,human use,doses/frs,o/t No 30.02/05/06,nes",0.4651,continuity,,,no
3004909949,1,imports,199712,526326356.00,"Anti-infective agents, for human use, in dosage, nes",34,3004900011,"Mixtures of amino acids, nes, in dosage",0.4419,,,,no
3004909949,1,imports,199712,526326356.00,"Anti-infective agents, for human use, in dosage, nes",35,3004900020,"Medicaments cont more than 23% of abs ethyl alc by vol, nes, in dosage",0.4310,,,,no
3004909949,1,imports,199712,526326356.00,"Anti-infective agents, for human use, in dosage, nes",36,3004900026,"Agents,acting on central nervous system,hum use,doses/frs,o/t No 30.02/05/06,nes",0.4031,continuity,,,no
3004909949,1,imports,199712,526326356.00,"Anti-infective agents, for human use, in dosage, nes",37,3004900021,"Medi cont cannabis/cannabinoids, therap/prophltc uses, doses/pack f retail sale",0.3333,continuity,,,no
3004909949,1,imports,199712,526326356.00,"Anti-infective agents, for human use, in dosage, nes",38,3004900012,"Dextrose (glucose) solutions, in dosage",0.3294,,,,no
3004909950,1,imports,199712,148659591.00,"Haematological agents, for human use, in dosage",1,3004900071,"Haematological agents, for human use, in dosage",1.0000,,,,yes
3004909950,1,imports,199712,148659591.00,"Haematological agents, for human use, in dosage",2,3004900077,"Dermatological agents, for human use, in dosage",0.9556,,,swapped term,no
3004909950,1,imports,199712,148659591.00,"Haematological agents, for human use, in dosage",3,3004900072,"Antineoplastic agents, for human use, in dosage",0.8222,,,swapped term,no
3004909950,1,imports,199712,148659591.00,"Haematological agents, for human use, in dosage",4,3004900036,"Local anaesthetics, for human use, in dosage",0.7816,,,swapped term,no
3004909950,1,imports,199712,148659591.00,"Haematological agents, for human use, in dosage",5,3004900042,"Laxatives, for human use, in dosage",0.7692,,,swapped term,no
3004909950,1,imports,199712,148659591.00,"Haematological agents, for human use, in dosage",6,3004900049,"Gastro-intestinal agents, for human use, in dosage, nes",0.7629,,,,no
3004909950,1,imports,199712,148659591.00,"Haematological agents, for human use, in dosage",7,3004900079,"Medicaments nes, for human use, in dosage",0.7619,,,,no
3004909950,1,imports,199712,148659591.00,"Haematological agents, for human use, in dosage",8,3004900033,"Antihypertensive agents, for human use, in dosage",0.7609,,,swapped term,no
3004909950,1,imports,199712,148659591.00,"Haematological agents, for human use, in dosage",9,3004900034,"Antihistamines agents, for human use, in dosage",0.7556,,,swapped term,no
3004909950,1,imports,199712,148659591.00,"Haematological agents, for human use, in dosage",10,3004900069,"Anti-infective agents, for human use, in dosage, nes",0.7447,,,,no
3004909950,1,imports,199712,148659591.00,"Haematological agents, for human use, in dosage",11,3004900075,"Diuretics, for human use, in dosage",0.7436,,,swapped term,no
3004909950,1,imports,199712,148659591.00,"Haematological agents, for human use, in dosage",12,3004900031,"Analgesics, for human use, in dosage",0.7342,,,swapped term,no
3004909950,1,imports,199712,148659591.00,"Haematological agents, for human use, in dosage",13,3004900043,"Antacids, for human use, in dosage",0.7273,,,swapped term,no
3004909950,1,imports,199712,148659591.00,"Haematological agents, for human use, in dosage",14,3004900041,"Histamine H2 receptor antagonist, for human use, in dosage",0.6733,,,,no
3004909950,1,imports,199712,148659591.00,"Haematological agents, for human use, in dosage",15,3004900073,"Cough or cold preparations, for human use, in dosage",0.6526,,,,no
3004909950,1,imports,199712,148659591.00,"Haematological agents, for human use, in dosage",16,3004900061,"Anti-infective agents, cont sulfonamides, for human use, in dosage",0.6481,,,,no
3004909950,1,imports,199712,148659591.00,"Haematological agents, for human use, in dosage",17,3004900090,"Other medicaments, for veterinary use, in dosage, nes",0.6316,continuity;use,,,no
3004909950,1,imports,199712,148659591.00,"Haematological agents, for human use, in dosage",18,3004900089,"Medicaments nes, for veterinary use, in dosage",0.6292,use,,,no
3004909950,1,imports,199712,148659591.00,"Haematological agents, for human use, in dosage",19,3004900081,"Anaesthetic, for veterinary use, in dosage",0.5882,use,,,no
3004909950,1,imports,199712,148659591.00,"Haematological agents, for human use, in dosage",20,3004900025,"Antihistaminic agents, for human use, in doses/packings frs, o/t No 30.02/05/06",0.5785,continuity,,,no
3004909950,1,imports,199712,148659591.00,"Haematological agents, for human use, in dosage",21,3004900032,"Antidepressants & tranquilizers, for human use, in dosage",0.5714,,,swapped term,no
3004909950,1,imports,199712,148659591.00,"Haematological agents, for human use, in dosage",22,3004900035,"Medicaments, for human use, acting on the nervous system, in dosage, nes",0.5664,,,,no
3004909950,1,imports,199712,148659591.00,"Haematological agents, for human use, in dosage",23,3004900024,"Antihypertensive agents, for human use, in doses/packings frs,o/t No 30.02/05/06",0.5528,continuity,,,no
3004909950,1,imports,199712,148659591.00,"Haematological agents, for human use, in dosage",24,3004900050,"Medicaments, for human use, acting on the cardio-vascular system, in dosage",0.5470,,,,no
3004909950,1,imports,199712,148659591.00,"Haematological agents, for human use, in dosage",25,3004900078,"Medicaments cont hyaluronic acid or its sodium salt, for human use, in dosage",0.5333,,,,no
3004909950,1,imports,199712,148659591.00,"Haematological agents, for human use, in dosage",26,3004900027,"Local anaesthetics, for human use,in doses/pack f retail sale,o/t No 30.02/05/06",0.5323,continuity,,,no
3004909950,1,imports,199712,148659591.00,"Haematological agents, for human use, in dosage",27,3004900039,"Medicaments, for human use, acting on the central nervous system, in dosage, nes",0.5289,,,,no
3004909950,1,imports,199712,148659591.00,"Haematological agents, for human use, in dosage",28,3004900020,"Medicaments cont more than 23% of abs ethyl alc by vol, nes, in dosage",0.5000,,,,no
3004909950,1,imports,199712,148659591.00,"Haematological agents, for human use, in dosage",29,3004900074,"Medicaments, prim affecting eyes,ears & respiratory system,human use, in dos,nes",0.4959,,,,no
3004909950,1,imports,199712,148659591.00,"Haematological agents, for human use, in dosage",30,3004900022,"Analgesics, for human use, in doses/packings for retail sale, o/t No 30.02/05/06",0.4754,continuity,,,no
3004909950,1,imports,199712,148659591.00,"Haematological agents, for human use, in dosage",31,3004900076,"Medicaments affecting electrolytic, caloric/water balance, for human use, in dos",0.4754,,,,no
3004909950,1,imports,199712,148659591.00,"Haematological agents, for human use, in dosage",32,3004900011,"Mixtures of amino acids, nes, in dosage",0.4634,,,,no
3004909950,1,imports,199712,148659591.00,"Haematological agents, for human use, in dosage",33,3004900023,"Antidepressants & tranquilizers,f human use,in doses/pack frs,o/t No 30.02/05/06",0.4228,continuity,,,no
3004909950,1,imports,199712,148659591.00,"Haematological agents, for human use, in dosage",34,3004900012,"Dextrose (glucose) solutions, in dosage",0.4198,,,,no
3004909950,1,imports,199712,148659591.00,"Haematological agents, for human use, in dosage",35,3004900029,"Medi,acting on central nervous system,human use,doses/frs,o/t No 30.02/05/06,nes",0.3840,continuity,,,no
3004909950,1,imports,199712,148659591.00,"Haematological agents, for human use, in dosage",36,3004900026,"Agents,acting on central nervous system,hum use,doses/frs,o/t No 30.02/05/06,nes",0.3520,continuity,,,no
3004909950,1,imports,199712,148659591.00,"Haematological agents, for human use, in dosage",37,3004900019,"Mx of amino acids & protein hydrolysates, etc, in dosage, nes",0.3366,,,,no
3004909950,1,imports,199712,148659591.00,"Haematological agents, for human use, in dosage",38,3004900021,"Medi cont cannabis/cannabinoids, therap/prophltc uses, doses/pack f retail sale",0.3115,continuity,,,no
3004909960,1,imports,199712,367961271.00,"Antineoplastic agents, for human use, in dosage",1,3004900072,"Antineoplastic agents, for human use, in dosage",1.0000,,,,yes
3004909960,1,imports,199712,367961271.00,"Antineoplastic agents, for human use, in dosage",2,3004900034,"Antihistamines agents, for human use, in dosage",0.8444,,,swapped term,no
3004909960,1,imports,199712,367961271.00,"Antineoplastic agents, for human use, in dosage",3,3004900069,"Anti-infective agents, for human use, in dosage, nes",0.8298,,,,no
3004909960,1,imports,199712,367961271.00,"Antineoplastic agents, for human use, in dosage",4,3004900071,"Haematological agents, for human use, in dosage",0.8222,,,swapped term,no
3004909960,1,imports,199712,367961271.00,"Antineoplastic agents, for human use, in dosage",5,3004900077,"Dermatological agents, for human use, in dosage",0.8222,,,swapped term,no
3004909960,1,imports,199712,367961271.00,"Antineoplastic agents, for human use, in dosage",6,3004900033,"Antihypertensive agents, for human use, in dosage",0.8043,,,swapped term,no
3004909960,1,imports,199712,367961271.00,"Antineoplastic agents, for human use, in dosage",7,3004900031,"Analgesics, for human use, in dosage",0.7848,,,swapped term,no
3004909960,1,imports,199712,367961271.00,"Antineoplastic agents, for human use, in dosage",8,3004900075,"Diuretics, for human use, in dosage",0.7692,,,swapped term,no
3004909960,1,imports,199712,367961271.00,"Antineoplastic agents, for human use, in dosage",9,3004900049,"Gastro-intestinal agents, for human use, in dosage, nes",0.7629,,,,no
3004909960,1,imports,199712,367961271.00,"Antineoplastic agents, for human use, in dosage",10,3004900079,"Medicaments nes, for human use, in dosage",0.7619,,,,no
3004909960,1,imports,199712,367961271.00,"Antineoplastic agents, for human use, in dosage",11,3004900043,"Antacids, for human use, in dosage",0.7532,,,swapped term,no
3004909960,1,imports,199712,367961271.00,"Antineoplastic agents, for human use, in dosage",12,3004900042,"Laxatives, for human use, in dosage",0.7436,,,swapped term,no
3004909960,1,imports,199712,367961271.00,"Antineoplastic agents, for human use, in dosage",13,3004900036,"Local anaesthetics, for human use, in dosage",0.7356,,,swapped term,no
3004909960,1,imports,199712,367961271.00,"Antineoplastic agents, for human use, in dosage",14,3004900061,"Anti-infective agents, cont sulfonamides, for human use, in dosage",0.7222,,,,no
3004909960,1,imports,199712,367961271.00,"Antineoplastic agents, for human use, in dosage",15,3004900032,"Antidepressants & tranquilizers, for human use, in dosage",0.6939,,,swapped term,no
3004909960,1,imports,199712,367961271.00,"Antineoplastic agents, for human use, in dosage",16,3004900081,"Anaesthetic, for veterinary use, in dosage",0.6353,use,,,no
3004909960,1,imports,199712,367961271.00,"Antineoplastic agents, for human use, in dosage",17,3004900089,"Medicaments nes, for veterinary use, in dosage",0.6292,use,,,no
3004909960,1,imports,199712,367961271.00,"Antineoplastic agents, for human use, in dosage",18,3004900025,"Antihistaminic agents, for human use, in doses/packings frs, o/t No 30.02/05/06",0.6281,continuity,,,no
3004909960,1,imports,199712,367961271.00,"Antineoplastic agents, for human use, in dosage",19,3004900073,"Cough or cold preparations, for human use, in dosage",0.6105,,,,no
3004909960,1,imports,199712,367961271.00,"Antineoplastic agents, for human use, in dosage",20,3004900090,"Other medicaments, for veterinary use, in dosage, nes",0.6105,continuity;use,,,no
3004909960,1,imports,199712,367961271.00,"Antineoplastic agents, for human use, in dosage",21,3004900041,"Histamine H2 receptor antagonist, for human use, in dosage",0.5941,,,,no
3004909960,1,imports,199712,367961271.00,"Antineoplastic agents, for human use, in dosage",22,3004900076,"Medicaments affecting electrolytic, caloric/water balance, for human use, in dos",0.5902,,,,no
3004909960,1,imports,199712,367961271.00,"Antineoplastic agents, for human use, in dosage",23,3004900024,"Antihypertensive agents, for human use, in doses/packings frs,o/t No 30.02/05/06",0.5854,continuity,,,no
3004909960,1,imports,199712,367961271.00,"Antineoplastic agents, for human use, in dosage",24,3004900078,"Medicaments cont hyaluronic acid or its sodium salt, for human use, in dosage",0.5833,,,,no
3004909960,1,imports,199712,367961271.00,"Antineoplastic agents, for human use, in dosage",25,3004900035,"Medicaments, for human use, acting on the nervous system, in dosage, nes",0.5664,,,,no
3004909960,1,imports,199712,367961271.00,"Antineoplastic agents, for human use, in dosage",26,3004900050,"Medicaments, for human use, acting on the cardio-vascular system, in dosage",0.5470,,,,no
3004909960,1,imports,199712,367961271.00,"Antineoplastic agents, for human use, in dosage",27,3004900039,"Medicaments, for human use, acting on the central nervous system, in dosage, nes",0.5289,,,,no
3004909960,1,imports,199712,367961271.00,"Antineoplastic agents, for human use, in dosage",28,3004900022,"Analgesics, for human use, in doses/packings for retail sale, o/t No 30.02/05/06",0.5082,continuity,,,no
3004909960,1,imports,199712,367961271.00,"Antineoplastic agents, for human use, in dosage",29,3004900020,"Medicaments cont more than 23% of abs ethyl alc by vol, nes, in dosage",0.5000,,,,no
3004909960,1,imports,199712,367961271.00,"Antineoplastic agents, for human use, in dosage",30,3004900027,"Local anaesthetics, for human use,in doses/pack f retail sale,o/t No 30.02/05/06",0.5000,continuity,,,no
3004909960,1,imports,199712,367961271.00,"Antineoplastic agents, for human use, in dosage",31,3004900074,"Medicaments, prim affecting eyes,ears & respiratory system,human use, in dos,nes",0.4959,,,,no
3004909960,1,imports,199712,367961271.00,"Antineoplastic agents, for human use, in dosage",32,3004900011,"Mixtures of amino acids, nes, in dosage",0.4878,,,,no
3004909960,1,imports,199712,367961271.00,"Antineoplastic agents, for human use, in dosage",33,3004900023,"Antidepressants & tranquilizers,f human use,in doses/pack frs,o/t No 30.02/05/06",0.4878,continuity,,,no
3004909960,1,imports,199712,367961271.00,"Antineoplastic agents, for human use, in dosage",34,3004900019,"Mx of amino acids & protein hydrolysates, etc, in dosage, nes",0.4752,,,,no
3004909960,1,imports,199712,367961271.00,"Antineoplastic agents, for human use, in dosage",35,3004900029,"Medi,acting on central nervous system,human use,doses/frs,o/t No 30.02/05/06,nes",0.4160,continuity,,,no
3004909960,1,imports,199712,367961271.00,"Antineoplastic agents, for human use, in dosage",36,3004900026,"Agents,acting on central nervous system,hum use,doses/frs,o/t No 30.02/05/06,nes",0.3520,continuity,,,no
3004909960,1,imports,199712,367961271.00,"Antineoplastic agents, for human use, in dosage",37,3004900012,"Dextrose (glucose) solutions, in dosage",0.3457,,,,no
3004909960,1,imports,199712,367961271.00,"Antineoplastic agents, for human use, in dosage",38,3004900021,"Medi cont cannabis/cannabinoids, therap/prophltc uses, doses/pack f retail sale",0.3279,continuity,,,no
3004909971,1,imports,199712,97818164.00,"Cough/cold preparations, for human use, in dosage",1,3004900073,"Cough or cold preparations, for human use, in dosage",0.9691,,,,no
3004909971,1,imports,199712,97818164.00,"Cough/cold preparations, for human use, in dosage",2,3004900042,"Laxatives, for human use, in dosage",0.7500,,,swapped term,no
3004909971,1,imports,199712,97818164.00,"Cough/cold preparations, for human use, in dosage",3,3004900075,"Diuretics, for human use, in dosage",0.7500,,,swapped term,no
3004909971,1,imports,199712,97818164.00,"Cough/cold preparations, for human use, in dosage",4,3004900043,"Antacids, for human use, in dosage",0.6835,,,swapped term,no
3004909971,1,imports,199712,97818164.00,"Cough/cold preparations, for human use, in dosage",5,3004900041,"Histamine H2 receptor antagonist, for human use, in dosage",0.6796,,,,no
3004909971,1,imports,199712,97818164.00,"Cough/cold preparations, for human use, in dosage",6,3004900036,"Local anaesthetics, for human use, in dosage",0.6742,,,,no
3004909971,1,imports,199712,97818164.00,"Cough/cold preparations, for human use, in dosage",7,3004900071,"Haematological agents, for human use, in dosage",0.6739,,,,no
3004909971,1,imports,199712,97818164.00,"Cough/cold preparations, for human use, in dosage",8,3004900032,"Antidepressants & tranquilizers, for human use, in dosage",0.6600,,,,no
3004909971,1,imports,199712,97818164.00,"Cough/cold preparations, for human use, in dosage",9,3004900072,"Antineoplastic agents, for human use, in dosage",0.6522,,,,no
3004909971,1,imports,199712,97818164.00,"Cough/cold preparations, for human use, in dosage",10,3004900077,"Dermatological agents, for human use, in dosage",0.6522,,,,no
3004909971,1,imports,199712,97818164.00,"Cough/cold preparations, for human use, in dosage",11,3004900079,"Medicaments nes, for human use, in dosage",0.6512,,,,no
3004909971,1,imports,199712,97818164.00,"Cough/cold preparations, for human use, in dosage",12,3004900031,"Analgesics, for human use, in dosage",0.6420,,,swapped term,no
3004909971,1,imports,199712,97818164.00,"Cough/cold preparations, for human use, in dosage",13,3004900034,"Antihistamines agents, for human use, in dosage",0.6304,,,,no
3004909971,1,imports,199712,97818164.00,"Cough/cold preparations, for human use, in dosage",14,3004900049,"Gastro-intestinal agents, for human use, in dosage, nes",0.6263,,,,no
3004909971,1,imports,199712,97818164.00,"Cough/cold preparations, for human use, in dosage",15,3004900033,"Antihypertensive agents, for human use, in dosage",0.6170,,,,no
3004909971,1,imports,199712,97818164.00,"Cough/cold preparations, for human use, in dosage",16,3004900069,"Anti-infective agents, for human use, in dosage, nes",0.6042,,,,no
3004909971,1,imports,199712,97818164.00,"Cough/cold preparations, for human use, in dosage",17,3004900061,"Anti-infective agents, cont sulfonamides, for human use, in dosage",0.6000,,,,no
3004909971,1,imports,199712,97818164.00,"Cough/cold preparations, for human use, in dosage",18,3004900078,"Medicaments cont hyaluronic acid or its sodium salt, for human use, in dosage",0.5574,,,,no
3004909971,1,imports,199712,97818164.00,"Cough/cold preparations, for human use, in dosage",19,3004900081,"Anaesthetic, for veterinary use, in dosage",0.5517,use,,,no
3004909971,1,imports,199712,97818164.00,"Cough/cold preparations, for human use, in dosage",20,3004900089,"Medicaments nes, for veterinary use, in dosage",0.5275,use,,,no
3004909971,1,imports,199712,97818164.00,"Cough/cold preparations, for human use, in dosage",21,3004900011,"Mixtures of amino acids, nes, in dosage",0.5000,,,,no
3004909971,1,imports,199712,97818164.00,"Cough/cold preparations, for human use, in dosage",22,3004900090,"Other medicaments, for veterinary use, in dosage, nes",0.4948,continuity;use,,,no
3004909971,1,imports,199712,97818164.00,"Cough/cold preparations, for human use, in dosage",23,3004900035,"Medicaments, for human use, acting on the nervous system, in dosage, nes",0.4870,,,,no
3004909971,1,imports,199712,97818164.00,"Cough/cold preparations, for human use, in dosage",24,3004900076,"Medicaments affecting electrolytic, caloric/water balance, for human use, in dos",0.4839,,,,no
3004909971,1,imports,199712,97818164.00,"Cough/cold preparations, for human use, in dosage",25,3004900012,"Dextrose (glucose) solutions, in dosage",0.4819,,,,no
3004909971,1,imports,199712,97818164.00,"Cough/cold preparations, for human use, in dosage",26,3004900074,"Medicaments, prim affecting eyes,ears & respiratory system,human use, in dos,nes",0.4715,,,,no
3004909971,1,imports,199712,97818164.00,"Cough/cold preparations, for human use, in dosage",27,3004900050,"Medicaments, for human use, acting on the cardio-vascular system, in dosage",0.4706,,,,no
3004909971,1,imports,199712,97818164.00,"Cough/cold preparations, for human use, in dosage",28,3004900023,"Antidepressants & tranquilizers,f human use,in doses/pack frs,o/t No 30.02/05/06",0.4640,continuity,,,no
3004909971,1,imports,199712,97818164.00,"Cough/cold preparations, for human use, in dosage",29,3004900027,"Local anaesthetics, for human use,in doses/pack f retail sale,o/t No 30.02/05/06",0.4603,continuity,,,no
3004909971,1,imports,199712,97818164.00,"Cough/cold preparations, for human use, in dosage",30,3004900025,"Antihistaminic agents, for human use, in doses/packings frs, o/t No 30.02/05/06",0.4553,continuity,,,no
3004909971,1,imports,199712,97818164.00,"Cough/cold preparations, for human use, in dosage",31,3004900039,"Medicaments, for human use, acting on the central nervous system, in dosage, nes",0.4553,,,,no
3004909971,1,imports,199712,97818164.00,"Cough/cold preparations, for human use, in dosage",32,3004900024,"Antihypertensive agents, for human use, in doses/packings frs,o/t No 30.02/05/06",0.4480,continuity,,,no
3004909971,1,imports,199712,97818164.00,"Cough/cold preparations, for human use, in dosage",33,3004900019,"Mx of amino acids & protein hydrolysates, etc, in dosage, nes",0.4272,,,,no
3004909971,1,imports,199712,97818164.00,"Cough/cold preparations, for human use, in dosage",34,3004900020,"Medicaments cont more than 23% of abs ethyl alc by vol, nes, in dosage",0.4211,,,,no
3004909971,1,imports,199712,97818164.00,"Cough/cold preparations, for human use, in dosage",35,3004900022,"Analgesics, for human use, in doses/packings for retail sale, o/t No 30.02/05/06",0.4194,continuity,,,no
3004909971,1,imports,199712,97818164.00,"Cough/cold preparations, for human use, in dosage",36,3004900029,"Medi,acting on central nervous system,human use,doses/frs,o/t No 30.02/05/06,nes",0.3150,continuity,,,no
3004909971,1,imports,199712,97818164.00,"Cough/cold preparations, for human use, in dosage",37,3004900021,"Medi cont cannabis/cannabinoids, therap/prophltc uses, doses/pack f retail sale",0.3065,continuity,,,no
3004909971,1,imports,199712,97818164.00,"Cough/cold preparations, for human use, in dosage",38,3004900026,"Agents,acting on central nervous system,hum use,doses/frs,o/t No 30.02/05/06,nes",0.2835,continuity,,,no
3004909979,1,imports,199712,171116815.00,"Medicaments, prim affecting eyes,ears & respiratory system,human use, in dos,nes",1,3004900074,"Medicaments, prim affecting eyes,ears & respiratory system,human use, in dos,nes",1.0000,,,,yes
3004909979,1,imports,199712,171116815.00,"Medicaments, prim affecting eyes,ears & respiratory system,human use, in dos,nes",2,3004900076,"Medicaments affecting electrolytic, caloric/water balance, for human use, in dos",0.6405,,,,no
3004909979,1,imports,199712,171116815.00,"Medicaments, prim affecting eyes,ears & respiratory system,human use, in dos,nes",3,3004900079,"Medicaments nes, for human use, in dosage",0.6261,,,,no
3004909979,1,imports,199712,171116815.00,"Medicaments, prim affecting eyes,ears & respiratory system,human use, in dos,nes",4,3004900089,"Medicaments nes, for veterinary use, in dosage",0.5333,use,,,no
3004909979,1,imports,199712,171116815.00,"Medicaments, prim affecting eyes,ears & respiratory system,human use, in dos,nes",5,3004900029,"Medi,acting on central nervous system,human use,doses/frs,o/t No 30.02/05/06,nes",0.5256,continuity,,,no
3004909979,1,imports,199712,171116815.00,"Medicaments, prim affecting eyes,ears & respiratory system,human use, in dos,nes",6,3004900090,"Other medicaments, for veterinary use, in dosage, nes",0.5238,continuity;use,,,no
3004909979,1,imports,199712,171116815.00,"Medicaments, prim affecting eyes,ears & respiratory system,human use, in dos,nes",7,3004900041,"Histamine H2 receptor antagonist, for human use, in dosage",0.5152,,,,no
3004909979,1,imports,199712,171116815.00,"Medicaments, prim affecting eyes,ears & respiratory system,human use, in dos,nes",8,3004900026,"Agents,acting on central nervous system,hum use,doses/frs,o/t No 30.02/05/06,nes",0.5128,continuity,,,no
3004909979,1,imports,199712,171116815.00,"Medicaments, prim affecting eyes,ears & respiratory system,human use, in dos,nes",9,3004900069,"Anti-infective agents, for human use, in dosage, nes",0.5120,,,,no
3004909979,1,imports,199712,171116815.00,"Medicaments, prim affecting eyes,ears & respiratory system,human use, in dos,nes",10,3004900078,"Medicaments cont hyaluronic acid or its sodium salt, for human use, in dosage",0.5033,,,,no
3004909979,1,imports,199712,171116815.00,"Medicaments, prim affecting eyes,ears & respiratory system,human use, in dos,nes",11,3004900035,"Medicaments, for human use, acting on the nervous system, in dosage, nes",0.5000,,,,no
3004909979,1,imports,199712,171116815.00,"Medicaments, prim affecting eyes,ears & respiratory system,human use, in dos,nes",12,3004900049,"Gastro-intestinal agents, for human use, in dosage, nes",0.5000,,,,no
3004909979,1,imports,199712,171116815.00,"Medicaments, prim affecting eyes,ears & respiratory system,human use, in dos,nes",13,3004900032,"Antidepressants & tranquilizers, for human use, in dosage",0.4961,,,,no
3004909979,1,imports,199712,171116815.00,"Medicaments, prim affecting eyes,ears & respiratory system,human use, in dos,nes",14,3004900071,"Haematological agents, for human use, in dosage",0.4959,,,,no
3004909979,1,imports,199712,171116815.00,"Medicaments, prim affecting eyes,ears & respiratory system,human use, in dos,nes",15,3004900072,"Antineoplastic agents, for human use, in dosage",0.4959,,,,no
3004909979,1,imports,199712,171116815.00,"Medicaments, prim affecting eyes,ears & respiratory system,human use, in dos,nes",16,3004900077,"Dermatological agents, for human use, in dosage",0.4959,,,,no
3004909979,1,imports,199712,171116815.00,"Medicaments, prim affecting eyes,ears & respiratory system,human use, in dos,nes",17,3004900042,"Laxatives, for human use, in dosage",0.4954,,,,no
3004909979,1,imports,199712,171116815.00,"Medicaments, prim affecting eyes,ears & respiratory system,human use, in dos,nes",18,3004900043,"Antacids, for human use, in dosage",0.4815,,,,no
3004909979,1,imports,199712,171116815.00,"Medicaments, prim affecting eyes,ears & respiratory system,human use, in dos,nes",19,3004900034,"Antihistamines agents, for human use, in dosage",0.4793,,,,no
3004909979,1,imports,199712,171116815.00,"Medicaments, prim affecting eyes,ears & respiratory system,human use, in dos,nes",20,3004900075,"Diuretics, for human use, in dosage",0.4771,,,,no
3004909979,1,imports,199712,171116815.00,"Medicaments, prim affecting eyes,ears & respiratory system,human use, in dos,nes",21,3004900039,"Medicaments, for human use, acting on the central nervous system, in dosage, nes",0.4737,,,,no
3004909979,1,imports,199712,171116815.00,"Medicaments, prim affecting eyes,ears & respiratory system,human use, in dos,nes",22,3004900031,"Analgesics, for human use, in dosage",0.4727,,,,no
3004909979,1,imports,199712,171116815.00,"Medicaments, prim affecting eyes,ears & respiratory system,human use, in dos,nes",23,3004900033,"Antihypertensive agents, for human use, in dosage",0.4715,,,,no
3004909979,1,imports,199712,171116815.00,"Medicaments, prim affecting eyes,ears & respiratory system,human use, in dos,nes",24,3004900061,"Anti-infective agents, cont sulfonamides, for human use, in dosage",0.4604,,,,no
3004909979,1,imports,199712,171116815.00,"Medicaments, prim affecting eyes,ears & respiratory system,human use, in dos,nes",25,3004900050,"Medicaments, for human use, acting on the cardio-vascular system, in dosage",0.4459,,,,no
3004909979,1,imports,199712,171116815.00,"Medicaments, prim affecting eyes,ears & respiratory system,human use, in dos,nes",26,3004900073,"Cough or cold preparations, for human use, in dosage",0.4444,,,,no
3004909979,1,imports,199712,171116815.00,"Medicaments, prim affecting eyes,ears & respiratory system,human use, in dos,nes",27,3004900036,"Local anaesthetics, for human use, in dosage",0.4407,,,,no
3004909979,1,imports,199712,171116815.00,"Medicaments, prim affecting eyes,ears & respiratory system,human use, in dos,nes",28,3004900019,"Mx of amino acids & protein hydrolysates, etc, in dosage, nes",0.4394,,,,no
3004909979,1,imports,199712,171116815.00,"Medicaments, prim affecting eyes,ears & respiratory system,human use, in dos,nes",29,3004900020,"Medicaments cont more than 23% of abs ethyl alc by vol, nes, in dosage",0.4196,,,,no
3004909979,1,imports,199712,171116815.00,"Medicaments, prim affecting eyes,ears & respiratory system,human use, in dos,nes",30,3004900025,"Antihistaminic agents, for human use, in doses/packings frs, o/t No 30.02/05/06",0.4079,continuity,,,no
3004909979,1,imports,199712,171116815.00,"Medicaments, prim affecting eyes,ears & respiratory system,human use, in dos,nes",31,3004900023,"Antidepressants & tranquilizers,f human use,in doses/pack frs,o/t No 30.02/05/06",0.4026,continuity,,,no
3004909979,1,imports,199712,171116815.00,"Medicaments, prim affecting eyes,ears & respiratory system,human use, in dos,nes",32,3004900081,"Anaesthetic, for veterinary use, in dosage",0.3966,use,,,no
3004909979,1,imports,199712,171116815.00,"Medicaments, prim affecting eyes,ears & respiratory system,human use, in dos,nes",33,3004900024,"Antihypertensive agents, for human use, in doses/packings frs,o/t No 30.02/05/06",0.3896,continuity,,,no
3004909979,1,imports,199712,171116815.00,"Medicaments, prim affecting eyes,ears & respiratory system,human use, in dos,nes",34,3004900011,"Mixtures of amino acids, nes, in dosage",0.3540,,,,no
3004909979,1,imports,199712,171116815.00,"Medicaments, prim affecting eyes,ears & respiratory system,human use, in dos,nes",35,3004900022,"Analgesics, for human use, in doses/packings for retail sale, o/t No 30.02/05/06",0.3529,continuity,,,no
3004909979,1,imports,199712,171116815.00,"Medicaments, prim affecting eyes,ears & respiratory system,human use, in dos,nes",36,3004900027,"Local anaesthetics, for human use,in doses/pack f retail sale,o/t No 30.02/05/06",0.3484,continuity,,,no
3004909979,1,imports,199712,171116815.00,"Medicaments, prim affecting eyes,ears & respiratory system,human use, in dos,nes",37,3004900012,"Dextrose (glucose) solutions, in dosage",0.2857,,,,no
3004909979,1,imports,199712,171116815.00,"Medicaments, prim affecting eyes,ears & respiratory system,human use, in dos,nes",38,3004900021,"Medi cont cannabis/cannabinoids, therap/prophltc uses, doses/pack f retail sale",0.2745,continuity,,,no
3004909981,1,imports,199712,41243804.00,"Diuretics, for human use, in dosage",1,3004900075,"Diuretics, for human use, in dosage",1.0000,,,,yes
3004909981,1,imports,199712,41243804.00,"Diuretics, for human use, in dosage",2,3004900031,"Analgesics, for human use, in dosage",0.8358,,,swapped term,no
3004909981,1,imports,199712,41243804.00,"Diuretics, for human use, in dosage",3,3004900042,"Laxatives, for human use, in dosage",0.8182,,,swapped term,no
3004909981,1,imports,199712,41243804.00,"Diuretics, for human use, in dosage",4,3004900079,"Medicaments nes, for human use, in dosage",0.8056,,,,no
3004909981,1,imports,199712,41243804.00,"Diuretics, for human use, in dosage",5,3004900043,"Antacids, for human use, in dosage",0.8000,,,swapped term,no
3004909981,1,imports,199712,41243804.00,"Diuretics, for human use, in dosage",6,3004900036,"Local anaesthetics, for human use, in dosage",0.7733,,,swapped term,no
3004909981,1,imports,199712,41243804.00,"Diuretics, for human use, in dosage",7,3004900072,"Antineoplastic agents, for human use, in dosage",0.7692,,,swapped term,no
3004909981,1,imports,199712,41243804.00,"Diuretics, for human use, in dosage",8,3004900077,"Dermatological agents, for human use, in dosage",0.7692,,,swapped term,no
3004909981,1,imports,199712,41243804.00,"Diuretics, for human use, in dosage",9,3004900071,"Haematological agents, for human use, in dosage",0.7436,,,swapped term,no
3004909981,1,imports,199712,41243804.00,"Diuretics, for human use, in dosage",10,3004900073,"Cough or cold preparations, for human use, in dosage",0.7229,,,swapped term,no
3004909981,1,imports,199712,41243804.00,"Diuretics, for human use, in dosage",11,3004900032,"Antidepressants & tranquilizers, for human use, in dosage",0.6977,,,swapped term,no
3004909981,1,imports,199712,41243804.00,"Diuretics, for human use, in dosage",12,3004900034,"Antihistamines agents, for human use, in dosage",0.6923,,,swapped term,no
3004909981,1,imports,199712,41243804.00,"Diuretics, for human use, in dosage",13,3004900069,"Anti-infective agents, for human use, in dosage, nes",0.6829,,,,no
3004909981,1,imports,199712,41243804.00,"Diuretics, for human use, in dosage",14,3004900049,"Gastro-intestinal agents, for human use, in dosage, nes",0.6824,,,,no
3004909981,1,imports,199712,41243804.00,"Diuretics, for human use, in dosage",15,3004900033,"Antihypertensive agents, for human use, in dosage",0.6750,,,swapped term,no
3004909981,1,imports,199712,41243804.00,"Diuretics, for human use, in dosage",16,3004900041,"Histamine H2 receptor antagonist, for human use, in dosage",0.6742,,,,no
3004909981,1,imports,199712,41243804.00,"Diuretics, for human use, in dosage",17,3004900081,"Anaesthetic, for veterinary use, in dosage",0.6575,use,,,no
3004909981,1,imports,199712,41243804.00,"Diuretics, for human use, in dosage",18,3004900089,"Medicaments nes, for veterinary use, in dosage",0.6494,use,,,no
3004909981,1,imports,199712,41243804.00,"Diuretics, for human use, in dosage",19,3004900011,"Mixtures of amino acids, nes, in dosage",0.6286,,,,no
3004909981,1,imports,199712,41243804.00,"Diuretics, for human use, in dosage",20,3004900090,"Other medicaments, for veterinary use, in dosage, nes",0.6024,continuity;use,,,no
3004909981,1,imports,199712,41243804.00,"Diuretics, for human use, in dosage",21,3004900061,"Anti-infective agents, cont sulfonamides, for human use, in dosage",0.5833,,,,no
3004909981,1,imports,199712,41243804.00,"Diuretics, for human use, in dosage",22,3004900035,"Medicaments, for human use, acting on the nervous system, in dosage, nes",0.5743,,,,no
3004909981,1,imports,199712,41243804.00,"Diuretics, for human use, in dosage",23,3004900050,"Medicaments, for human use, acting on the cardio-vascular system, in dosage",0.5524,,,,no
3004909981,1,imports,199712,41243804.00,"Diuretics, for human use, in dosage",24,3004900039,"Medicaments, for human use, acting on the central nervous system, in dosage, nes",0.5321,,,,no
3004909981,1,imports,199712,41243804.00,"Diuretics, for human use, in dosage",25,3004900078,"Medicaments cont hyaluronic acid or its sodium salt, for human use, in dosage",0.5185,,,,no
3004909981,1,imports,199712,41243804.00,"Diuretics, for human use, in dosage",26,3004900022,"Analgesics, for human use, in doses/packings for retail sale, o/t No 30.02/05/06",0.5091,continuity,,,no
3004909981,1,imports,199712,41243804.00,"Diuretics, for human use, in dosage",27,3004900027,"Local anaesthetics, for human use,in doses/pack f retail sale,o/t No 30.02/05/06",0.5000,continuity,,,no
3004909981,1,imports,199712,41243804.00,"Diuretics, for human use, in dosage",28,3004900025,"Antihistaminic agents, for human use, in doses/packings frs, o/t No 30.02/05/06",0.4954,continuity,,,no
3004909981,1,imports,199712,41243804.00,"Diuretics, for human use, in dosage",29,3004900076,"Medicaments affecting electrolytic, caloric/water balance, for human use, in dos",0.4909,,,,no
3004909981,1,imports,199712,41243804.00,"Diuretics, for human use, in dosage",30,3004900023,"Antidepressants & tranquilizers,f human use,in doses/pack frs,o/t No 30.02/05/06",0.4685,continuity,,,no
3004909981,1,imports,199712,41243804.00,"Diuretics, for human use, in dosage",31,3004900024,"Antihypertensive agents, for human use, in doses/packings frs,o/t No 30.02/05/06",0.4685,continuity,,,no
3004909981,1,imports,199712,41243804.00,"Diuretics, for human use, in dosage",32,3004900012,"Dextrose (glucose) solutions, in dosage",0.4638,,,,no
3004909981,1,imports,199712,41243804.00,"Diuretics, for human use, in dosage",33,3004900074,"Medicaments, prim affecting eyes,ears & respiratory system,human use, in dos,nes",0.4587,,,,no
3004909981,1,imports,199712,41243804.00,"Diuretics, for human use, in dosage",34,3004900020,"Medicaments cont more than 23% of abs ethyl alc by vol, nes, in dosage",0.4200,,,,no
3004909981,1,imports,199712,41243804.00,"Diuretics, for human use, in dosage",35,3004900029,"Medi,acting on central nervous system,human use,doses/frs,o/t No 30.02/05/06,nes",0.3894,continuity,,,no
3004909981,1,imports,199712,41243804.00,"Diuretics, for human use, in dosage",36,3004900019,"Mx of amino acids & protein hydrolysates, etc, in dosage, nes",0.3596,,,,no
3004909981,1,imports,199712,41243804.00,"Diuretics, for human use, in dosage",37,3004900026,"Agents,acting on central nervous system,hum use,doses/frs,o/t No 30.02/05/06,nes",0.3363,continuity,,,no
3004909981,1,imports,199712,41243804.00,"Diuretics, for human use, in dosage",38,3004900021,"Medi cont cannabis/cannabinoids, therap/prophltc uses, doses/pack f retail sale",0.3273,continuity,,,no
3004909982,1,imports,199712,73229634.00,"Medicaments affecting electrolytic, caloric/water balance, for human use, in dos",1,3004900076,"Medicaments affecting electrolytic, caloric/water balance, for human use, in dos",1.0000,,,,yes
3004909982,1,imports,199712,73229634.00,"Medicaments affecting electrolytic, caloric/water balance, for human use, in dos",2,3004900074,"Medicaments, prim affecting eyes,ears & respiratory system,human use, in dos,nes",0.6144,,,,no
3004909982,1,imports,199712,73229634.00,"Medicaments affecting electrolytic, caloric/water balance, for human use, in dos",3,3004900079,"Medicaments nes, for human use, in dosage",0.5862,,,,no
3004909982,1,imports,199712,73229634.00,"Medicaments affecting electrolytic, caloric/water balance, for human use, in dos",4,3004900078,"Medicaments cont hyaluronic acid or its sodium salt, for human use, in dosage",0.5789,,,,no
3004909982,1,imports,199712,73229634.00,"Medicaments affecting electrolytic, caloric/water balance, for human use, in dos",5,3004900036,"Local anaesthetics, for human use, in dosage",0.5210,,,,no
3004909982,1,imports,199712,73229634.00,"Medicaments affecting electrolytic, caloric/water balance, for human use, in dos",6,3004900069,"Anti-infective agents, for human use, in dosage, nes",0.5079,,,,no
3004909982,1,imports,199712,73229634.00,"Medicaments affecting electrolytic, caloric/water balance, for human use, in dos",7,3004900032,"Antidepressants & tranquilizers, for human use, in dosage",0.5077,,,,no
3004909982,1,imports,199712,73229634.00,"Medicaments affecting electrolytic, caloric/water balance, for human use, in dos",8,3004900089,"Medicaments nes, for veterinary use, in dosage",0.4959,use,,,no
3004909982,1,imports,199712,73229634.00,"Medicaments affecting electrolytic, caloric/water balance, for human use, in dos",9,3004900075,"Diuretics, for human use, in dosage",0.4909,,,,no
3004909982,1,imports,199712,73229634.00,"Medicaments affecting electrolytic, caloric/water balance, for human use, in dos",10,3004900071,"Haematological agents, for human use, in dosage",0.4754,,,,no
3004909982,1,imports,199712,73229634.00,"Medicaments affecting electrolytic, caloric/water balance, for human use, in dos",11,3004900072,"Antineoplastic agents, for human use, in dosage",0.4754,,,,no
3004909982,1,imports,199712,73229634.00,"Medicaments affecting electrolytic, caloric/water balance, for human use, in dos",12,3004900077,"Dermatological agents, for human use, in dosage",0.4754,,,,no
3004909982,1,imports,199712,73229634.00,"Medicaments affecting electrolytic, caloric/water balance, for human use, in dos",13,3004900042,"Laxatives, for human use, in dosage",0.4727,,,,no
3004909982,1,imports,199712,73229634.00,"Medicaments affecting electrolytic, caloric/water balance, for human use, in dos",14,3004900034,"Antihistamines agents, for human use, in dosage",0.4590,,,,no
3004909982,1,imports,199712,73229634.00,"Medicaments affecting electrolytic, caloric/water balance, for human use, in dos",15,3004900043,"Antacids, for human use, in dosage",0.4587,,,,no
3004909982,1,imports,199712,73229634.00,"Medicaments affecting electrolytic, caloric/water balance, for human use, in dos",16,3004900033,"Antihypertensive agents, for human use, in dosage",0.4516,,,,no
3004909982,1,imports,199712,73229634.00,"Medicaments affecting electrolytic, caloric/water balance, for human use, in dos",17,3004900031,"Analgesics, for human use, in dosage",0.4505,,,,no
3004909982,1,imports,199712,73229634.00,"Medicaments affecting electrolytic, caloric/water balance, for human use, in dos",18,3004900029,"Medi,acting on central nervous system,human use,doses/frs,o/t No 30.02/05/06,nes",0.4459,continuity,,,no
3004909982,1,imports,199712,73229634.00,"Medicaments affecting electrolytic, caloric/water balance, for human use, in dos",19,3004900020,"Medicaments cont more than 23% of abs ethyl alc by vol, nes, in dosage",0.4444,,,,no
3004909982,1,imports,199712,73229634.00,"Medicaments affecting electrolytic, caloric/water balance, for human use, in dos",20,3004900061,"Anti-infective agents, cont sulfonamides, for human use, in dosage",0.4429,,,,no
3004909982,1,imports,199712,73229634.00,"Medicaments affecting electrolytic, caloric/water balance, for human use, in dos",21,3004900035,"Medicaments, for human use, acting on the nervous system, in dosage, nes",0.4414,,,,no
3004909982,1,imports,199712,73229634.00,"Medicaments affecting electrolytic, caloric/water balance, for human use, in dos",22,3004900090,"Other medicaments, for veterinary use, in dosage, nes",0.4409,continuity;use,,,no
3004909982,1,imports,199712,73229634.00,"Medicaments affecting electrolytic, caloric/water balance, for human use, in dos",23,3004900041,"Histamine H2 receptor antagonist, for human use, in dosage",0.4361,,,,no
3004909982,1,imports,199712,73229634.00,"Medicaments affecting electrolytic, caloric/water balance, for human use, in dos",24,3004900049,"Gastro-intestinal agents, for human use, in dosage, nes",0.4341,,,,no
3004909982,1,imports,199712,73229634.00,"Medicaments affecting electrolytic, caloric/water balance, for human use, in dos",25,3004900026,"Agents,acting on central nervous system,hum use,doses/frs,o/t No 30.02/05/06,nes",0.4331,continuity,,,no
3004909982,1,imports,199712,73229634.00,"Medicaments affecting electrolytic, caloric/water balance, for human use, in dos",26,3004900050,"Medicaments, for human use, acting on the cardio-vascular system, in dosage",0.4295,,,,no
3004909982,1,imports,199712,73229634.00,"Medicaments affecting electrolytic, caloric/water balance, for human use, in dos",27,3004900073,"Cough or cold preparations, for human use, in dosage",0.4252,,,,no
3004909982,1,imports,199712,73229634.00,"Medicaments affecting electrolytic, caloric/water balance, for human use, in dos",28,3004900039,"Medicaments, for human use, acting on the central nervous system, in dosage, nes",0.4183,,,,no
3004909982,1,imports,199712,73229634.00,"Medicaments affecting electrolytic, caloric/water balance, for human use, in dos",29,3004900023,"Antidepressants & tranquilizers,f human use,in doses/pack frs,o/t No 30.02/05/06",0.4000,continuity,,,no
3004909982,1,imports,199712,73229634.00,"Medicaments affecting electrolytic, caloric/water balance, for human use, in dos",30,3004900027,"Local anaesthetics, for human use,in doses/pack f retail sale,o/t No 30.02/05/06",0.3974,continuity,,,no
3004909982,1,imports,199712,73229634.00,"Medicaments affecting electrolytic, caloric/water balance, for human use, in dos",31,3004900019,"Mx of amino acids & protein hydrolysates, etc, in dosage, nes",0.3910,,,,no
3004909982,1,imports,199712,73229634.00,"Medicaments affecting electrolytic, caloric/water balance, for human use, in dos",32,3004900025,"Antihistaminic agents, for human use, in doses/packings frs, o/t No 30.02/05/06",0.3791,continuity,,,no
3004909982,1,imports,199712,73229634.00,"Medicaments affecting electrolytic, caloric/water balance, for human use, in dos",33,3004900081,"Anaesthetic, for veterinary use, in dosage",0.3761,use,,,no
3004909982,1,imports,199712,73229634.00,"Medicaments affecting electrolytic, caloric/water balance, for human use, in dos",34,3004900024,"Antihypertensive agents, for human use, in doses/packings frs,o/t No 30.02/05/06",0.3613,continuity,,,no
3004909982,1,imports,199712,73229634.00,"Medicaments affecting electrolytic, caloric/water balance, for human use, in dos",35,3004900021,"Medi cont cannabis/cannabinoids, therap/prophltc uses, doses/pack f retail sale",0.3506,continuity,,,no
3004909982,1,imports,199712,73229634.00,"Medicaments affecting electrolytic, caloric/water balance, for human use, in dos",36,3004900022,"Analgesics, for human use, in doses/packings for retail sale, o/t No 30.02/05/06",0.3247,continuity,,,no
3004909982,1,imports,199712,73229634.00,"Medicaments affecting electrolytic, caloric/water balance, for human use, in dos",37,3004900012,"Dextrose (glucose) solutions, in dosage",0.3009,,,,no
3004909982,1,imports,199712,73229634.00,"Medicaments affecting electrolytic, caloric/water balance, for human use, in dos",38,3004900011,"Mixtures of amino acids, nes, in dosage",0.2807,,,,no
3004909983,1,imports,199712,146213780.00,"Dermatological agents, for human use, in dosage",1,3004900077,"Dermatological agents, for human use, in dosage",1.0000,,,,yes
3004909983,1,imports,199712,146213780.00,"Dermatological agents, for human use, in dosage",2,3004900071,"Haematological agents, for human use, in dosage",0.9556,,,swapped term,no
3004909983,1,imports,199712,146213780.00,"Dermatological agents, for human use, in dosage",3,3004900072,"Antineoplastic agents, for human use, in dosage",0.8000,,,swapped term,no
3004909983,1,imports,199712,146213780.00,"Dermatological agents, for human use, in dosage",4,3004900036,"Local anaesthetics, for human use, in dosage",0.7816,,,swapped term,no
3004909983,1,imports,199712,146213780.00,"Dermatological agents, for human use, in dosage",5,3004900075,"Diuretics, for human use, in dosage",0.7692,,,swapped term,no
3004909983,1,imports,199712,146213780.00,"Dermatological agents, for human use, in dosage",6,3004900079,"Medicaments nes, for human use, in dosage",0.7619,,,,no
3004909983,1,imports,199712,146213780.00,"Dermatological agents, for human use, in dosage",7,3004900033,"Antihypertensive agents, for human use, in dosage",0.7609,,,swapped term,no
3004909983,1,imports,199712,146213780.00,"Dermatological agents, for human use, in dosage",8,3004900042,"Laxatives, for human use, in dosage",0.7436,,,swapped term,no
3004909983,1,imports,199712,146213780.00,"Dermatological agents, for human use, in dosage",9,3004900049,"Gastro-intestinal agents, for human use, in dosage, nes",0.7423,,,,no
3004909983,1,imports,199712,146213780.00,"Dermatological agents, for human use, in dosage",10,3004900043,"Antacids, for human use, in dosage",0.7273,,,swapped term,no
3004909983,1,imports,199712,146213780.00,"Dermatological agents, for human use, in dosage",11,3004900069,"Anti-infective agents, for human use, in dosage, nes",0.7234,,,,no
3004909983,1,imports,199712,146213780.00,"Dermatological agents, for human use, in dosage",12,3004900034,"Antihistamines agents, for human use, in dosage",0.7111,,,swapped term,no
3004909983,1,imports,199712,146213780.00,"Dermatological agents, for human use, in dosage",13,3004900031,"Analgesics, for human use, in dosage",0.7089,,,swapped term,no
3004909983,1,imports,199712,146213780.00,"Dermatological agents, for human use, in dosage",14,3004900073,"Cough or cold preparations, for human use, in dosage",0.6737,,,,no
3004909983,1,imports,199712,146213780.00,"Dermatological agents, for human use, in dosage",15,3004900041,"Histamine H2 receptor antagonist, for human use, in dosage",0.6535,,,,no
3004909983,1,imports,199712,146213780.00,"Dermatological agents, for human use, in dosage",16,3004900032,"Antidepressants & tranquilizers, for human use, in dosage",0.6327,,,swapped term,no
3004909983,1,imports,199712,146213780.00,"Dermatological agents, for human use, in dosage",17,3004900090,"Other medicaments, for veterinary use, in dosage, nes",0.6316,continuity;use,,,no
3004909983,1,imports,199712,146213780.00,"Dermatological agents, for human use, in dosage",18,3004900061,"Anti-infective agents, cont sulfonamides, for human use, in dosage",0.6296,,,,no
3004909983,1,imports,199712,146213780.00,"Dermatological agents, for human use, in dosage",19,3004900089,"Medicaments nes, for veterinary use, in dosage",0.6292,use,,,no
3004909983,1,imports,199712,146213780.00,"Dermatological agents, for human use, in dosage",20,3004900035,"Medicaments, for human use, acting on the nervous system, in dosage, nes",0.5664,,,,no
3004909983,1,imports,199712,146213780.00,"Dermatological agents, for human use, in dosage",21,3004900081,"Anaesthetic, for veterinary use, in dosage",0.5647,use,,,no
3004909983,1,imports,199712,146213780.00,"Dermatological agents, for human use, in dosage",22,3004900024,"Antihypertensive agents, for human use, in doses/packings frs,o/t No 30.02/05/06",0.5528,continuity,,,no
3004909983,1,imports,199712,146213780.00,"Dermatological agents, for human use, in dosage",23,3004900050,"Medicaments, for human use, acting on the cardio-vascular system, in dosage",0.5470,,,,no
3004909983,1,imports,199712,146213780.00,"Dermatological agents, for human use, in dosage",24,3004900025,"Antihistaminic agents, for human use, in doses/packings frs, o/t No 30.02/05/06",0.5455,continuity,,,no
3004909983,1,imports,199712,146213780.00,"Dermatological agents, for human use, in dosage",25,3004900078,"Medicaments cont hyaluronic acid or its sodium salt, for human use, in dosage",0.5333,,,,no
3004909983,1,imports,199712,146213780.00,"Dermatological agents, for human use, in dosage",26,3004900027,"Local anaesthetics, for human use,in doses/pack f retail sale,o/t No 30.02/05/06",0.5323,continuity,,,no
3004909983,1,imports,199712,146213780.00,"Dermatological agents, for human use, in dosage",27,3004900039,"Medicaments, for human use, acting on the central nervous system, in dosage, nes",0.5289,,,,no
3004909983,1,imports,199712,146213780.00,"Dermatological agents, for human use, in dosage",28,3004900020,"Medicaments cont more than 23% of abs ethyl alc by vol, nes, in dosage",0.5000,,,,no
3004909983,1,imports,199712,146213780.00,"Dermatological agents, for human use, in dosage",29,3004900074,"Medicaments, prim affecting eyes,ears & respiratory system,human use, in dos,nes",0.4959,,,,no
3004909983,1,imports,199712,146213780.00,"Dermatological agents, for human use, in dosage",30,3004900076,"Medicaments affecting electrolytic, caloric/water balance, for human use, in dos",0.4754,,,,no
3004909983,1,imports,199712,146213780.00,"Dermatological agents, for human use, in dosage",31,3004900011,"Mixtures of amino acids, nes, in dosage",0.4634,,,,no
3004909983,1,imports,199712,146213780.00,"Dermatological agents, for human use, in dosage",32,3004900022,"Analgesics, for human use, in doses/packings for retail sale, o/t No 30.02/05/06",0.4590,continuity,,,no
3004909983,1,imports,199712,146213780.00,"Dermatological agents, for human use, in dosage",33,3004900012,"Dextrose (glucose) solutions, in dosage",0.4444,,,,no
3004909983,1,imports,199712,146213780.00,"Dermatological agents, for human use, in dosage",34,3004900023,"Antidepressants & tranquilizers,f human use,in doses/pack frs,o/t No 30.02/05/06",0.4390,continuity,,,no
3004909983,1,imports,199712,146213780.00,"Dermatological agents, for human use, in dosage",35,3004900029,"Medi,acting on central nervous system,human use,doses/frs,o/t No 30.02/05/06,nes",0.3840,continuity,,,no
3004909983,1,imports,199712,146213780.00,"Dermatological agents, for human use, in dosage",36,3004900019,"Mx of amino acids & protein hydrolysates, etc, in dosage, nes",0.3762,,,,no
3004909983,1,imports,199712,146213780.00,"Dermatological agents, for human use, in dosage",37,3004900026,"Agents,acting on central nervous system,hum use,doses/frs,o/t No 30.02/05/06,nes",0.3520,continuity,,,no
3004909983,1,imports,199712,146213780.00,"Dermatological agents, for human use, in dosage",38,3004900021,"Medi cont cannabis/cannabinoids, therap/prophltc uses, doses/pack f retail sale",0.2623,continuity,,,no
3004909984,1,imports,199712,2455445.00,"Medicaments cont hyaluronic acid or its sodium salt, for human use, in dosage",1,3004900078,"Medicaments cont hyaluronic acid or its sodium salt, for human use, in dosage",1.0000,,,,yes
3004909984,1,imports,199712,2455445.00,"Medicaments cont hyaluronic acid or its sodium salt, for human use, in dosage",2,3004900079,"Medicaments nes, for human use, in dosage",0.6667,,,,no
3004909984,1,imports,199712,2455445.00,"Medicaments cont hyaluronic acid or its sodium salt, for human use, in dosage",3,3004900076,"Medicaments affecting electrolytic, caloric/water balance, for human use, in dos",0.6447,,,,no
3004909984,1,imports,199712,2455445.00,"Medicaments cont hyaluronic acid or its sodium salt, for human use, in dosage",4,3004900061,"Anti-infective agents, cont sulfonamides, for human use, in dosage",0.6377,,,,no
3004909984,1,imports,199712,2455445.00,"Medicaments cont hyaluronic acid or its sodium salt, for human use, in dosage",5,3004900043,"Antacids, for human use, in dosage",0.5981,,,,no
3004909984,1,imports,199712,2455445.00,"Medicaments cont hyaluronic acid or its sodium salt, for human use, in dosage",6,3004900089,"Medicaments nes, for veterinary use, in dosage",0.5714,use,,,no
3004909984,1,imports,199712,2455445.00,"Medicaments cont hyaluronic acid or its sodium salt, for human use, in dosage",7,3004900074,"Medicaments, prim affecting eyes,ears & respiratory system,human use, in dos,nes",0.5563,,,,no
3004909984,1,imports,199712,2455445.00,"Medicaments cont hyaluronic acid or its sodium salt, for human use, in dosage",8,3004900041,"Histamine H2 receptor antagonist, for human use, in dosage",0.5496,,,,no
3004909984,1,imports,199712,2455445.00,"Medicaments cont hyaluronic acid or its sodium salt, for human use, in dosage",9,3004900071,"Haematological agents, for human use, in dosage",0.5333,,,,no
3004909984,1,imports,199712,2455445.00,"Medicaments cont hyaluronic acid or its sodium salt, for human use, in dosage",10,3004900072,"Antineoplastic agents, for human use, in dosage",0.5333,,,,no
3004909984,1,imports,199712,2455445.00,"Medicaments cont hyaluronic acid or its sodium salt, for human use, in dosage",11,3004900077,"Dermatological agents, for human use, in dosage",0.5333,,,,no
3004909984,1,imports,199712,2455445.00,"Medicaments cont hyaluronic acid or its sodium salt, for human use, in dosage",12,3004900032,"Antidepressants & tranquilizers, for human use, in dosage",0.5312,,,,no
3004909984,1,imports,199712,2455445.00,"Medicaments cont hyaluronic acid or its sodium salt, for human use, in dosage",13,3004900073,"Cough or cold preparations, for human use, in dosage",0.5280,,,,no
3004909984,1,imports,199712,2455445.00,"Medicaments cont hyaluronic acid or its sodium salt, for human use, in dosage",14,3004900020,"Medicaments cont more than 23% of abs ethyl alc by vol, nes, in dosage",0.5211,,,,no
3004909984,1,imports,199712,2455445.00,"Medicaments cont hyaluronic acid or its sodium salt, for human use, in dosage",15,3004900075,"Diuretics, for human use, in dosage",0.5185,,,,no
3004909984,1,imports,199712,2455445.00,"Medicaments cont hyaluronic acid or its sodium salt, for human use, in dosage",16,3004900034,"Antihistamines agents, for human use, in dosage",0.5167,,,,no
3004909984,1,imports,199712,2455445.00,"Medicaments cont hyaluronic acid or its sodium salt, for human use, in dosage",17,3004900031,"Analgesics, for human use, in dosage",0.5138,,,,no
3004909984,1,imports,199712,2455445.00,"Medicaments cont hyaluronic acid or its sodium salt, for human use, in dosage",18,3004900033,"Antihypertensive agents, for human use, in dosage",0.5082,,,,no
3004909984,1,imports,199712,2455445.00,"Medicaments cont hyaluronic acid or its sodium salt, for human use, in dosage",19,3004900069,"Anti-infective agents, for human use, in dosage, nes",0.5000,,,,no
3004909984,1,imports,199712,2455445.00,"Medicaments cont hyaluronic acid or its sodium salt, for human use, in dosage",20,3004900090,"Other medicaments, for veterinary use, in dosage, nes",0.4960,continuity;use,,,no
3004909984,1,imports,199712,2455445.00,"Medicaments cont hyaluronic acid or its sodium salt, for human use, in dosage",21,3004900035,"Medicaments, for human use, acting on the nervous system, in dosage, nes",0.4895,,,,no
3004909984,1,imports,199712,2455445.00,"Medicaments cont hyaluronic acid or its sodium salt, for human use, in dosage",22,3004900049,"Gastro-intestinal agents, for human use, in dosage, nes",0.4882,,,,no
3004909984,1,imports,199712,2455445.00,"Medicaments cont hyaluronic acid or its sodium salt, for human use, in dosage",23,3004900042,"Laxatives, for human use, in dosage",0.4815,,,,no
3004909984,1,imports,199712,2455445.00,"Medicaments cont hyaluronic acid or its sodium salt, for human use, in dosage",24,3004900036,"Local anaesthetics, for human use, in dosage",0.4786,,,,no
3004909984,1,imports,199712,2455445.00,"Medicaments cont hyaluronic acid or its sodium salt, for human use, in dosage",25,3004900050,"Medicaments, for human use, acting on the cardio-vascular system, in dosage",0.4762,,,,no
3004909984,1,imports,199712,2455445.00,"Medicaments cont hyaluronic acid or its sodium salt, for human use, in dosage",26,3004900039,"Medicaments, for human use, acting on the central nervous system, in dosage, nes",0.4636,,,,no
3004909984,1,imports,199712,2455445.00,"Medicaments cont hyaluronic acid or its sodium salt, for human use, in dosage",27,3004900019,"Mx of amino acids & protein hydrolysates, etc, in dosage, nes",0.4427,,,,no
3004909984,1,imports,199712,2455445.00,"Medicaments cont hyaluronic acid or its sodium salt, for human use, in dosage",28,3004900025,"Antihistaminic agents, for human use, in doses/packings frs, o/t No 30.02/05/06",0.4371,continuity,,,no
3004909984,1,imports,199712,2455445.00,"Medicaments cont hyaluronic acid or its sodium salt, for human use, in dosage",29,3004900011,"Mixtures of amino acids, nes, in dosage",0.4286,,,,no
3004909984,1,imports,199712,2455445.00,"Medicaments cont hyaluronic acid or its sodium salt, for human use, in dosage",30,3004900081,"Anaesthetic, for veterinary use, in dosage",0.4000,use,,,no
3004909984,1,imports,199712,2455445.00,"Medicaments cont hyaluronic acid or its sodium salt, for human use, in dosage",31,3004900023,"Antidepressants & tranquilizers,f human use,in doses/pack frs,o/t No 30.02/05/06",0.3922,continuity,,,no
3004909984,1,imports,199712,2455445.00,"Medicaments cont hyaluronic acid or its sodium salt, for human use, in dosage",32,3004900024,"Antihypertensive agents, for human use, in doses/packings frs,o/t No 30.02/05/06",0.3922,continuity,,,no
3004909984,1,imports,199712,2455445.00,"Medicaments cont hyaluronic acid or its sodium salt, for human use, in dosage",33,3004900026,"Agents,acting on central nervous system,hum use,doses/frs,o/t No 30.02/05/06,nes",0.3871,continuity,,,no
3004909984,1,imports,199712,2455445.00,"Medicaments cont hyaluronic acid or its sodium salt, for human use, in dosage",34,3004900029,"Medi,acting on central nervous system,human use,doses/frs,o/t No 30.02/05/06,nes",0.3871,continuity,,,no
3004909984,1,imports,199712,2455445.00,"Medicaments cont hyaluronic acid or its sodium salt, for human use, in dosage",35,3004900012,"Dextrose (glucose) solutions, in dosage",0.3784,,,,no
3004909984,1,imports,199712,2455445.00,"Medicaments cont hyaluronic acid or its sodium salt, for human use, in dosage",36,3004900022,"Analgesics, for human use, in doses/packings for retail sale, o/t No 30.02/05/06",0.3684,continuity,,,no
3004909984,1,imports,199712,2455445.00,"Medicaments cont hyaluronic acid or its sodium salt, for human use, in dosage",37,3004900027,"Local anaesthetics, for human use,in doses/pack f retail sale,o/t No 30.02/05/06",0.3506,continuity,,,no
3004909984,1,imports,199712,2455445.00,"Medicaments cont hyaluronic acid or its sodium salt, for human use, in dosage",38,3004900021,"Medi cont cannabis/cannabinoids, therap/prophltc uses, doses/pack f retail sale",0.3158,continuity,,,no
3004909989,1,imports,199712,1883788320.00,"Medicaments nes, for human use, in dosage",1,3004900079,"Medicaments nes, for human use, in dosage",1.0000,,,,yes
3004909989,1,imports,199712,1883788320.00,"Medicaments nes, for human use, in dosage",2,3004900089,"Medicaments nes, for veterinary use, in dosage",0.8434,use,,,no
3004909989,1,imports,199712,1883788320.00,"Medicaments nes, for human use, in dosage",3,3004900043,"Antacids, for human use, in dosage",0.7887,,,swapped term,no
3004909989,1,imports,199712,1883788320.00,"Medicaments nes, for human use, in dosage",4,3004900075,"Diuretics, for human use, in dosage",0.7778,,,swapped term,no
3004909989,1,imports,199712,1883788320.00,"Medicaments nes, for human use, in dosage",5,3004900031,"Analgesics, for human use, in dosage",0.7671,,,swapped term,no
3004909989,1,imports,199712,1883788320.00,"Medicaments nes, for human use, in dosage",6,3004900071,"Haematological agents, for human use, in dosage",0.7619,,,swapped term,no
3004909989,1,imports,199712,1883788320.00,"Medicaments nes, for human use, in dosage",7,3004900072,"Antineoplastic agents, for human use, in dosage",0.7619,,,swapped term,no
3004909989,1,imports,199712,1883788320.00,"Medicaments nes, for human use, in dosage",8,3004900077,"Dermatological agents, for human use, in dosage",0.7619,,,swapped term,no
3004909989,1,imports,199712,1883788320.00,"Medicaments nes, for human use, in dosage",9,3004900042,"Laxatives, for human use, in dosage",0.7500,,,swapped term,no
3004909989,1,imports,199712,1883788320.00,"Medicaments nes, for human use, in dosage",10,3004900034,"Antihistamines agents, for human use, in dosage",0.7381,,,swapped term,no
3004909989,1,imports,199712,1883788320.00,"Medicaments nes, for human use, in dosage",11,3004900033,"Antihypertensive agents, for human use, in dosage",0.7209,,,swapped term,no
3004909989,1,imports,199712,1883788320.00,"Medicaments nes, for human use, in dosage",12,3004900032,"Antidepressants & tranquilizers, for human use, in dosage",0.7174,,,swapped term,no
3004909989,1,imports,199712,1883788320.00,"Medicaments nes, for human use, in dosage",13,3004900069,"Anti-infective agents, for human use, in dosage, nes",0.7045,,,,no
3004909989,1,imports,199712,1883788320.00,"Medicaments nes, for human use, in dosage",14,3004900090,"Other medicaments, for veterinary use, in dosage, nes",0.6966,continuity;use,,,no
3004909989,1,imports,199712,1883788320.00,"Medicaments nes, for human use, in dosage",15,3004900036,"Local anaesthetics, for human use, in dosage",0.6914,,,swapped term,no
3004909989,1,imports,199712,1883788320.00,"Medicaments nes, for human use, in dosage",16,3004900061,"Anti-infective agents, cont sulfonamides, for human use, in dosage",0.6863,,,,no
3004909989,1,imports,199712,1883788320.00,"Medicaments nes, for human use, in dosage",17,3004900049,"Gastro-intestinal agents, for human use, in dosage, nes",0.6813,,,,no
3004909989,1,imports,199712,1883788320.00,"Medicaments nes, for human use, in dosage",18,3004900078,"Medicaments cont hyaluronic acid or its sodium salt, for human use, in dosage",0.6667,,,,no
3004909989,1,imports,199712,1883788320.00,"Medicaments nes, for human use, in dosage",19,3004900035,"Medicaments, for human use, acting on the nervous system, in dosage, nes",0.6542,,,,no
3004909989,1,imports,199712,1883788320.00,"Medicaments nes, for human use, in dosage",20,3004900041,"Histamine H2 receptor antagonist, for human use, in dosage",0.6526,,,,no
3004909989,1,imports,199712,1883788320.00,"Medicaments nes, for human use, in dosage",21,3004900050,"Medicaments, for human use, acting on the cardio-vascular system, in dosage",0.6306,,,,no
3004909989,1,imports,199712,1883788320.00,"Medicaments nes, for human use, in dosage",22,3004900073,"Cough or cold preparations, for human use, in dosage",0.6292,,,swapped term,no
3004909989,1,imports,199712,1883788320.00,"Medicaments nes, for human use, in dosage",23,3004900074,"Medicaments, prim affecting eyes,ears & respiratory system,human use, in dos,nes",0.6261,,,,no
3004909989,1,imports,199712,1883788320.00,"Medicaments nes, for human use, in dosage",24,3004900039,"Medicaments, for human use, acting on the central nervous system, in dosage, nes",0.6087,,,,no
3004909989,1,imports,199712,1883788320.00,"Medicaments nes, for human use, in dosage",25,3004900076,"Medicaments affecting electrolytic, caloric/water balance, for human use, in dos",0.6034,,,,no
3004909989,1,imports,199712,1883788320.00,"Medicaments nes, for human use, in dosage",26,3004900081,"Anaesthetic, for veterinary use, in dosage",0.5823,use,,,no
3004909989,1,imports,199712,1883788320.00,"Medicaments nes, for human use, in dosage",27,3004900025,"Antihistaminic agents, for human use, in doses/packings frs, o/t No 30.02/05/06",0.5391,continuity,,,no
3004909989,1,imports,199712,1883788320.00,"Medicaments nes, for human use, in dosage",28,3004900011,"Mixtures of amino acids, nes, in dosage",0.5263,,,,no
3004909989,1,imports,199712,1883788320.00,"Medicaments nes, for human use, in dosage",29,3004900024,"Antihypertensive agents, for human use, in doses/packings frs,o/t No 30.02/05/06",0.5128,continuity,,,no
3004909989,1,imports,199712,1883788320.00,"Medicaments nes, for human use, in dosage",30,3004900023,"Antidepressants & tranquilizers,f human use,in doses/pack frs,o/t No 30.02/05/06",0.4957,continuity,,,no
3004909989,1,imports,199712,1883788320.00,"Medicaments nes, for human use, in dosage",31,3004900022,"Analgesics, for human use, in doses/packings for retail sale, o/t No 30.02/05/06",0.4828,continuity,,,no
3004909989,1,imports,199712,1883788320.00,"Medicaments nes, for human use, in dosage",32,3004900020,"Medicaments cont more than 23% of abs ethyl alc by vol, nes, in dosage",0.4717,,,,no
3004909989,1,imports,199712,1883788320.00,"Medicaments nes, for human use, in dosage",33,3004900029,"Medi,acting on central nervous system,human use,doses/frs,o/t No 30.02/05/06,nes",0.4706,continuity,,,no
3004909989,1,imports,199712,1883788320.00,"Medicaments nes, for human use, in dosage",34,3004900027,"Local anaesthetics, for human use,in doses/pack f retail sale,o/t No 30.02/05/06",0.4576,continuity,,,no
3004909989,1,imports,199712,1883788320.00,"Medicaments nes, for human use, in dosage",35,3004900019,"Mx of amino acids & protein hydrolysates, etc, in dosage, nes",0.4421,,,,no
3004909989,1,imports,199712,1883788320.00,"Medicaments nes, for human use, in dosage",36,3004900021,"Medi cont cannabis/cannabinoids, therap/prophltc uses, doses/pack f retail sale",0.4138,continuity,,,no
3004909989,1,imports,199712,1883788320.00,"Medicaments nes, for human use, in dosage",37,3004900012,"Dextrose (glucose) solutions, in dosage",0.4000,,,,no
3004909989,1,imports,199712,1883788320.00,"Medicaments nes, for human use, in dosage",38,3004900026,"Agents,acting on central nervous system,hum use,doses/frs,o/t No 30.02/05/06,nes",0.3866,continuity,,,no
3004909991,1,imports,199712,4778034.00,"Anaesthetic, for veterinary use, in dosage",1,3004900081,"Anaesthetic, for veterinary use, in dosage",1.0000,,,,yes
3004909991,1,imports,199712,4778034.00,"Anaesthetic, for veterinary use, in dosage",2,3004900089,"Medicaments nes, for veterinary use, in dosage",0.7857,,,,no
3004909991,1,imports,199712,4778034.00,"Anaesthetic, for veterinary use, in dosage",3,3004900036,"Local anaesthetics, for human use, in dosage",0.7561,use,,swapped term,no
3004909991,1,imports,199712,4778034.00,"Anaesthetic, for veterinary use, in dosage",4,3004900090,"Other medicaments, for veterinary use, in dosage, nes",0.7556,continuity,,,no
3004909991,1,imports,199712,4778034.00,"Anaesthetic, for veterinary use, in dosage",5,3004900031,"Analgesics, for human use, in dosage",0.7297,use,,,no
3004909991,1,imports,199712,4778034.00,"Anaesthetic, for veterinary use, in dosage",6,3004900043,"Antacids, for human use, in dosage",0.6667,use,,,no
3004909991,1,imports,199712,4778034.00,"Anaesthetic, for veterinary use, in dosage",7,3004900042,"Laxatives, for human use, in dosage",0.6575,use,,,no
3004909991,1,imports,199712,4778034.00,"Anaesthetic, for veterinary use, in dosage",8,3004900075,"Diuretics, for human use, in dosage",0.6575,use,,,no
3004909991,1,imports,199712,4778034.00,"Anaesthetic, for veterinary use, in dosage",9,3004900072,"Antineoplastic agents, for human use, in dosage",0.6353,use,,,no
3004909991,1,imports,199712,4778034.00,"Anaesthetic, for veterinary use, in dosage",10,3004900034,"Antihistamines agents, for human use, in dosage",0.6118,use,,,no
3004909991,1,imports,199712,4778034.00,"Anaesthetic, for veterinary use, in dosage",11,3004900079,"Medicaments nes, for human use, in dosage",0.6076,use,,,no
3004909991,1,imports,199712,4778034.00,"Anaesthetic, for veterinary use, in dosage",12,3004900071,"Haematological agents, for human use, in dosage",0.5882,use,,,no
3004909991,1,imports,199712,4778034.00,"Anaesthetic, for veterinary use, in dosage",13,3004900049,"Gastro-intestinal agents, for human use, in dosage, nes",0.5870,use,,,no
3004909991,1,imports,199712,4778034.00,"Anaesthetic, for veterinary use, in dosage",14,3004900077,"Dermatological agents, for human use, in dosage",0.5647,use,,,no
3004909991,1,imports,199712,4778034.00,"Anaesthetic, for veterinary use, in dosage",15,3004900069,"Anti-infective agents, for human use, in dosage, nes",0.5618,use,,,no
3004909991,1,imports,199712,4778034.00,"Anaesthetic, for veterinary use, in dosage",16,3004900032,"Antidepressants & tranquilizers, for human use, in dosage",0.5591,use,,,no
3004909991,1,imports,199712,4778034.00,"Anaesthetic, for veterinary use, in dosage",17,3004900033,"Antihypertensive agents, for human use, in dosage",0.5517,use,,,no
3004909991,1,imports,199712,4778034.00,"Anaesthetic, for veterinary use, in dosage",18,3004900073,"Cough or cold preparations, for human use, in dosage",0.5333,use,,,no
3004909991,1,imports,199712,4778034.00,"Anaesthetic, for veterinary use, in dosage",19,3004900041,"Histamine H2 receptor antagonist, for human use, in dosage",0.5208,use,,,no
3004909991,1,imports,199712,4778034.00,"Anaesthetic, for veterinary use, in dosage",20,3004900011,"Mixtures of amino acids, nes, in dosage",0.5195,,,,no
3004909991,1,imports,199712,4778034.00,"Anaesthetic, for veterinary use, in dosage",21,3004900027,"Local anaesthetics, for human use,in doses/pack f retail sale,o/t No 30.02/05/06",0.5042,continuity;use,,,no
3004909991,1,imports,199712,4778034.00,"Anaesthetic, for veterinary use, in dosage",22,3004900061,"Anti-infective agents, cont sulfonamides, for human use, in dosage",0.4854,use,,,no
3004909991,1,imports,199712,4778034.00,"Anaesthetic, for veterinary use, in dosage",23,3004900012,"Dextrose (glucose) solutions, in dosage",0.4737,,,,no
3004909991,1,imports,199712,4778034.00,"Anaesthetic, for veterinary use, in dosage",24,3004900022,"Analgesics, for human use, in doses/packings for retail sale, o/t No 30.02/05/06",0.4615,continuity;use,,,no
3004909991,1,imports,199712,4778034.00,"Anaesthetic, for veterinary use, in dosage",25,3004900076,"Medicaments affecting electrolytic, caloric/water balance, for human use, in dos",0.4444,use,,,no
3004909991,1,imports,199712,4778034.00,"Anaesthetic, for veterinary use, in dosage",26,3004900025,"Antihistaminic agents, for human use, in doses/packings frs, o/t No 30.02/05/06",0.4310,continuity;use,,,no
3004909991,1,imports,199712,4778034.00,"Anaesthetic, for veterinary use, in dosage",27,3004900035,"Medicaments, for human use, acting on the nervous system, in dosage, nes",0.4259,use,,,no
3004909991,1,imports,199712,4778034.00,"Anaesthetic, for veterinary use, in dosage",28,3004900050,"Medicaments, for human use, acting on the cardio-vascular system, in dosage",0.4107,use,,,no
3004909991,1,imports,199712,4778034.00,"Anaesthetic, for veterinary use, in dosage",29,3004900078,"Medicaments cont hyaluronic acid or its sodium salt, for human use, in dosage",0.4000,use,,,no
3004909991,1,imports,199712,4778034.00,"Anaesthetic, for veterinary use, in dosage",30,3004900039,"Medicaments, for human use, acting on the central nervous system, in dosage, nes",0.3966,use,,,no
3004909991,1,imports,199712,4778034.00,"Anaesthetic, for veterinary use, in dosage",31,3004900024,"Antihypertensive agents, for human use, in doses/packings frs,o/t No 30.02/05/06",0.3898,continuity;use,,,no
3004909991,1,imports,199712,4778034.00,"Anaesthetic, for veterinary use, in dosage",32,3004900019,"Mx of amino acids & protein hydrolysates, etc, in dosage, nes",0.3750,,,,no
3004909991,1,imports,199712,4778034.00,"Anaesthetic, for veterinary use, in dosage",33,3004900023,"Antidepressants & tranquilizers,f human use,in doses/pack frs,o/t No 30.02/05/06",0.3729,continuity;use,,,no
3004909991,1,imports,199712,4778034.00,"Anaesthetic, for veterinary use, in dosage",34,3004900021,"Medi cont cannabis/cannabinoids, therap/prophltc uses, doses/pack f retail sale",0.3248,continuity,,,no
3004909991,1,imports,199712,4778034.00,"Anaesthetic, for veterinary use, in dosage",35,3004900020,"Medicaments cont more than 23% of abs ethyl alc by vol, nes, in dosage",0.2804,,,,no
3004909991,1,imports,199712,4778034.00,"Anaesthetic, for veterinary use, in dosage",36,3004900026,"Agents,acting on central nervous system,hum use,doses/frs,o/t No 30.02/05/06,nes",0.2667,continuity;use,,,no
3004909991,1,imports,199712,4778034.00,"Anaesthetic, for veterinary use, in dosage",37,3004900074,"Medicaments, prim affecting eyes,ears & respiratory system,human use, in dos,nes",0.2414,use,,,no
3004909991,1,imports,199712,4778034.00,"Anaesthetic, for veterinary use, in dosage",38,3004900029,"Medi,acting on central nervous system,human use,doses/frs,o/t No 30.02/05/06,nes",0.1833,continuity;use,,,no
3004909992,1,imports,199106,69111.00,"Coccidiostats, in dosage",1,3004900043,"Antacids, for human use, in dosage",0.5455,continuity,,,no
3004909992,1,imports,199106,69111.00,"Coccidiostats, in dosage",2,3004909923,"Antacids, for human use, in dosage",0.5455,,,,no
3004909992,1,imports,199106,69111.00,"Coccidiostats, in dosage",3,3004909971,"Cough/cold preparations, for human use, in dosage",0.5429,,,,no
3004909992,1,imports,199106,69111.00,"Coccidiostats, in dosage",4,3004900011,"Mixtures of amino acids, nes, in dosage",0.5333,continuity,,,no
3004909992,1,imports,199106,69111.00,"Coccidiostats, in dosage",5,3004901010,"Mixtures of amino acids, nes, in dosage",0.5333,,,,no
3004909992,1,imports,199106,69111.00,"Coccidiostats, in dosage",6,3004901090,"Mx of amino acids & protein hydrolysates, etc, in dosage",0.5333,,,,no
3004909992,1,imports,199106,69111.00,"Coccidiostats, in dosage",7,3004900073,"Cough or cold preparations, for human use, in dosage",0.5205,continuity,,,no
3004909992,1,imports,199106,69111.00,"Coccidiostats, in dosage",8,3004900012,"Dextrose (glucose) solutions, in dosage",0.5085,continuity,,,no
3004909992,1,imports,199106,69111.00,"Coccidiostats, in dosage",9,3004901020,"Dextrose (glucose) solutions, in dosage",0.5085,,,,no
3004909992,1,imports,199106,69111.00,"Coccidiostats, in dosage",10,3004900019,"Mx of amino acids & protein hydrolysates, etc, in dosage, nes",0.5063,continuity,,,no
3004909992,1,imports,199106,69111.00,"Coccidiostats, in dosage",11,3004900034,"Antihistamines agents, for human use, in dosage",0.5000,continuity,,,no
3004909992,1,imports,199106,69111.00,"Coccidiostats, in dosage",12,3004900075,"Diuretics, for human use, in dosage",0.5000,continuity,,,no
3004909992,1,imports,199106,69111.00,"Coccidiostats, in dosage",13,3004909914,"Antihistamines agents, for human use, in dosage",0.5000,,,,no
3004909992,1,imports,199106,69111.00,"Coccidiostats, in dosage",14,3004909981,"Diuretics, for human use, in dosage",0.5000,,,,no
3004909992,1,imports,199106,69111.00,"Coccidiostats, in dosage",15,3004900036,"Local anaesthetics, for human use, in dosage",0.4923,continuity,,,no
3004909992,1,imports,199106,69111.00,"Coccidiostats, in dosage",16,3004909916,"Local anaesthetics, for human use, in dosage",0.4923,,,,no
3004909992,1,imports,199106,69111.00,"Coccidiostats, in dosage",17,3004900079,"Medicaments nes, for human use, in dosage",0.4839,continuity,,,no
3004909992,1,imports,199106,69111.00,"Coccidiostats, in dosage",18,3004909989,"Medicaments nes, for human use, in dosage",0.4839,,,,no
3004909992,1,imports,199106,69111.00,"Coccidiostats, in dosage",19,3004900072,"Antineoplastic agents, for human use, in dosage",0.4706,continuity,,,no
3004909992,1,imports,199106,69111.00,"Coccidiostats, in dosage",20,3004909960,"Antineoplastic agents, for human use, in dosage",0.4706,,,,no
3004909992,1,imports,199106,69111.00,"Coccidiostats, in dosage",21,3004900042,"Laxatives, for human use, in dosage",0.4643,continuity,,,no
3004909992,1,imports,199106,69111.00,"Coccidiostats, in dosage",22,3004909922,"Laxatives, for human use, in dosage",0.4643,,,,no
3004909992,1,imports,199106,69111.00,"Coccidiostats, in dosage",23,3004900031,"Analgesics, for human use, in dosage",0.4561,continuity,,,no
3004909992,1,imports,199106,69111.00,"Coccidiostats, in dosage",24,3004909911,"Analgesics, for human use, in dosage",0.4561,,,,no
3004909992,1,imports,199106,69111.00,"Coccidiostats, in dosage",25,3004900089,"Medicaments nes, for veterinary use, in dosage",0.4478,continuity,,,no
3004909992,1,imports,199106,69111.00,"Coccidiostats, in dosage",26,3004909999,"Medicaments nes, for veterinary use, in dosage",0.4478,,,,no
3004909992,1,imports,199106,69111.00,"Coccidiostats, in dosage",27,3004900081,"Anaesthetic, for veterinary use, in dosage",0.4444,continuity,,,no
3004909992,1,imports,199106,69111.00,"Coccidiostats, in dosage",28,3004909991,"Anaesthetic, for veterinary use, in dosage",0.4444,,,,no
3004909992,1,imports,199106,69111.00,"Coccidiostats, in dosage",29,3004900090,"Other medicaments, for veterinary use, in dosage, nes",0.4384,continuity,,,no
3004909992,1,imports,199106,69111.00,"Coccidiostats, in dosage",30,3004900033,"Antihypertensive agents, for human use, in dosage",0.4286,continuity,,,no
3004909992,1,imports,199106,69111.00,"Coccidiostats, in dosage",31,3004909913,"Antihypertensive agents, for human use, in dosage",0.4286,,,,no
3004909992,1,imports,199106,69111.00,"Coccidiostats, in dosage",32,3004900032,"Antidepressants & tranquilizers, for human use, in dosage",0.4211,continuity,,,no
3004909992,1,imports,199106,69111.00,"Coccidiostats, in dosage",33,3004909912,"Antidepressants & tranquilizers, for human use, in dosage",0.4211,,,,no
3004909992,1,imports,199106,69111.00,"Coccidiostats, in dosage",34,3004900069,"Anti-infective agents, for human use, in dosage, nes",0.4167,continuity,,,no
3004909992,1,imports,199106,69111.00,"Coccidiostats, in dosage",35,3004909949,"Anti-infective agents, for human use, in dosage, nes",0.4167,,,,no
3004909992,1,imports,199106,69111.00,"Coccidiostats, in dosage",36,3004900077,"Dermatological agents, for human use, in dosage",0.4118,continuity,,,no
3004909992,1,imports,199106,69111.00,"Coccidiostats, in dosage",37,3004909983,"Dermatological agents, for human use, in dosage",0.4118,,,,no
3004909992,1,imports,199106,69111.00,"Coccidiostats, in dosage",38,3004900041,"Histamine H2 receptor antagonist, for human use, in dosage",0.4051,continuity,,,no
3004909992,1,imports,199106,69111.00,"Coccidiostats, in dosage",39,3004909921,"Histamine H2 receptor antagonist, for human use, in dosage",0.4051,,,,no
3004909992,1,imports,199106,69111.00,"Coccidiostats, in dosage",40,3004900049,"Gastro-intestinal agents, for human use, in dosage, nes",0.4000,continuity,,,no
3004909992,1,imports,199106,69111.00,"Coccidiostats, in dosage",41,3004900050,"Medicaments, for human use, acting on the cardio-vascular system, in dosage",0.4000,continuity,,,no
3004909992,1,imports,199106,69111.00,"Coccidiostats, in dosage",42,3004909929,"Gastro-intestinal agents, for human use, in dosage, nes",0.4000,,,,no
3004909992,1,imports,199106,69111.00,"Coccidiostats, in dosage",43,3004909930,"Medicaments, for human use, acting on the cardio-vascular system, in dosage",0.4000,,,,no
3004909992,1,imports,199106,69111.00,"Coccidiostats, in dosage",44,3004900078,"Medicaments cont hyaluronic acid or its sodium salt, for human use, in dosage",0.3878,continuity,,,no
3004909992,1,imports,199106,69111.00,"Coccidiostats, in dosage",45,3004909984,"Medicaments cont hyaluronic acid or its sodium salt, for human use, in dosage",0.3878,,,,no
3004909992,1,imports,199106,69111.00,"Coccidiostats, in dosage",46,3004900071,"Haematological agents, for human use, in dosage",0.3824,continuity,,,no
3004909992,1,imports,199106,69111.00,"Coccidiostats, in dosage",47,3004909950,"Haematological agents, for human use, in dosage",0.3824,,,,no
3004909992,1,imports,199106,69111.00,"Coccidiostats, in dosage",48,3004900061,"Anti-infective agents, cont sulfonamides, for human use, in dosage",0.3721,continuity,,,no
3004909992,1,imports,199106,69111.00,"Coccidiostats, in dosage",49,3004909941,"Anti-infective agents, containing sulfonamides, for human use, in dosage",0.3478,,,,no
3004909992,1,imports,199106,69111.00,"Coccidiostats, in dosage",50,3004900020,"Medicaments cont more than 23% of abs ethyl alc by vol, nes, in dosage",0.3333,continuity,,,no
3004909992,1,imports,199106,69111.00,"Coccidiostats, in dosage",51,3004909100,"Medicaments cont more than 23% of abs ethyl alc by vol, nes, in dosage",0.3333,,,,no
3004909992,1,imports,199106,69111.00,"Coccidiostats, in dosage",52,3004900035,"Medicaments, for human use, acting on the nervous system, in dosage, nes",0.3297,continuity,,,no
3004909992,1,imports,199106,69111.00,"Coccidiostats, in dosage",53,3004909915,"Medicaments, for human use, acting on the nervous system, in dosage, nes",0.3297,,,,no
3004909992,1,imports,199106,69111.00,"Coccidiostats, in dosage",54,3004900025,"Antihistaminic agents, for human use, in doses/packings frs, o/t No 30.02/05/06",0.3232,continuity,,,no
3004909992,1,imports,199106,69111.00,"Coccidiostats, in dosage",55,3004900039,"Medicaments, for human use, acting on the central nervous system, in dosage, nes",0.3030,continuity,,,no
3004909992,1,imports,199106,69111.00,"Coccidiostats, in dosage",56,3004900074,"Medicaments, prim affecting eyes,ears & respiratory system,human use, in dos,nes",0.3030,continuity,,,no
3004909992,1,imports,199106,69111.00,"Coccidiostats, in dosage",57,3004909919,"Medicaments, for human use, acting on the central nervous system, in dosage, nes",0.3030,,,,no
3004909992,1,imports,199106,69111.00,"Coccidiostats, in dosage",58,3004909979,"Medicaments, prim affecting eyes,ears & respiratory system,human use, in dos,nes",0.3030,,,,no
3004909992,1,imports,199106,69111.00,"Coccidiostats, in dosage",59,3004900027,"Local anaesthetics, for human use,in doses/pack f retail sale,o/t No 30.02/05/06",0.2941,continuity,,,no
3004909992,1,imports,199106,69111.00,"Coccidiostats, in dosage",60,3004900021,"Medi cont cannabis/cannabinoids, therap/prophltc uses, doses/pack f retail sale",0.2800,continuity,,,no
3004909992,1,imports,199106,69111.00,"Coccidiostats, in dosage",61,3004900076,"Medicaments affecting electrolytic, caloric/water balance, for human use, in dos",0.2800,continuity,,,no
3004909992,1,imports,199106,69111.00,"Coccidiostats, in dosage",62,3004909982,"Medicaments affecting electrolytic, caloric/water balance, for human use, in dos",0.2800,,,,no
3004909992,1,imports,199106,69111.00,"Coccidiostats, in dosage",63,3004900023,"Antidepressants & tranquilizers,f human use,in doses/pack frs,o/t No 30.02/05/06",0.2772,continuity,,,no
3004909992,1,imports,199106,69111.00,"Coccidiostats, in dosage",64,3004900024,"Antihypertensive agents, for human use, in doses/packings frs,o/t No 30.02/05/06",0.2772,continuity,,,no
3004909992,1,imports,199106,69111.00,"Coccidiostats, in dosage",65,3004900022,"Analgesics, for human use, in doses/packings for retail sale, o/t No 30.02/05/06",0.2600,continuity,,,no
3004909992,1,imports,199106,69111.00,"Coccidiostats, in dosage",66,3004900029,"Medi,acting on central nervous system,human use,doses/frs,o/t No 30.02/05/06,nes",0.2330,continuity,,,no
3004909992,1,imports,199106,69111.00,"Coccidiostats, in dosage",67,3004900026,"Agents,acting on central nervous system,hum use,doses/frs,o/t No 30.02/05/06,nes",0.2136,continuity,,,no
3004909993,1,imports,199106,161155.00,"Tranquilizers, for veterinary use, in dosage",1,3004900081,"Anaesthetic, for veterinary use, in dosage",0.7805,continuity,,swapped term,no
3004909993,1,imports,199106,161155.00,"Tranquilizers, for veterinary use, in dosage",2,3004909991,"Anaesthetic, for veterinary use, in dosage",0.7805,,,swapped term,no
3004909993,1,imports,199106,161155.00,"Tranquilizers, for veterinary use, in dosage",3,3004900089,"Medicaments nes, for veterinary use, in dosage",0.7674,continuity,,,no
3004909993,1,imports,199106,161155.00,"Tranquilizers, for veterinary use, in dosage",4,3004909999,"Medicaments nes, for veterinary use, in dosage",0.7674,,,,no
3004909993,1,imports,199106,161155.00,"Tranquilizers, for veterinary use, in dosage",5,3004900090,"Other medicaments, for veterinary use, in dosage, nes",0.7174,continuity,,,no
3004909993,1,imports,199106,161155.00,"Tranquilizers, for veterinary use, in dosage",6,3004900032,"Antidepressants & tranquilizers, for human use, in dosage",0.6947,continuity;use,,swapped term,no
3004909993,1,imports,199106,161155.00,"Tranquilizers, for veterinary use, in dosage",7,3004909912,"Antidepressants & tranquilizers, for human use, in dosage",0.6947,use,,swapped term,no
3004909993,1,imports,199106,161155.00,"Tranquilizers, for veterinary use, in dosage",8,3004900043,"Antacids, for human use, in dosage",0.6486,continuity;use,,,no
3004909993,1,imports,199106,161155.00,"Tranquilizers, for veterinary use, in dosage",9,3004909923,"Antacids, for human use, in dosage",0.6486,use,,,no
3004909993,1,imports,199106,161155.00,"Tranquilizers, for veterinary use, in dosage",10,3004900042,"Laxatives, for human use, in dosage",0.6400,continuity;use,,,no
3004909993,1,imports,199106,161155.00,"Tranquilizers, for veterinary use, in dosage",11,3004909922,"Laxatives, for human use, in dosage",0.6400,use,,,no
3004909993,1,imports,199106,161155.00,"Tranquilizers, for veterinary use, in dosage",12,3004900031,"Analgesics, for human use, in dosage",0.6316,continuity;use,,,no
3004909993,1,imports,199106,161155.00,"Tranquilizers, for veterinary use, in dosage",13,3004909911,"Analgesics, for human use, in dosage",0.6316,use,,,no
3004909993,1,imports,199106,161155.00,"Tranquilizers, for veterinary use, in dosage",14,3004900072,"Antineoplastic agents, for human use, in dosage",0.6207,continuity;use,,,no
3004909993,1,imports,199106,161155.00,"Tranquilizers, for veterinary use, in dosage",15,3004909960,"Antineoplastic agents, for human use, in dosage",0.6207,use,,,no
3004909993,1,imports,199106,161155.00,"Tranquilizers, for veterinary use, in dosage",16,3004900075,"Diuretics, for human use, in dosage",0.6133,continuity;use,,,no
3004909993,1,imports,199106,161155.00,"Tranquilizers, for veterinary use, in dosage",17,3004909981,"Diuretics, for human use, in dosage",0.6133,use,,,no
3004909993,1,imports,199106,161155.00,"Tranquilizers, for veterinary use, in dosage",18,3004900034,"Antihistamines agents, for human use, in dosage",0.5977,continuity;use,,,no
3004909993,1,imports,199106,161155.00,"Tranquilizers, for veterinary use, in dosage",19,3004909914,"Antihistamines agents, for human use, in dosage",0.5977,use,,,no
3004909993,1,imports,199106,161155.00,"Tranquilizers, for veterinary use, in dosage",20,3004900079,"Medicaments nes, for human use, in dosage",0.5926,continuity;use,,,no
3004909993,1,imports,199106,161155.00,"Tranquilizers, for veterinary use, in dosage",21,3004909989,"Medicaments nes, for human use, in dosage",0.5926,use,,,no
3004909993,1,imports,199106,161155.00,"Tranquilizers, for veterinary use, in dosage",22,3004900033,"Antihypertensive agents, for human use, in dosage",0.5843,continuity;use,,,no
3004909993,1,imports,199106,161155.00,"Tranquilizers, for veterinary use, in dosage",23,3004909913,"Antihypertensive agents, for human use, in dosage",0.5843,use,,,no
3004909993,1,imports,199106,161155.00,"Tranquilizers, for veterinary use, in dosage",24,3004900036,"Local anaesthetics, for human use, in dosage",0.5714,continuity;use,,,no
3004909993,1,imports,199106,161155.00,"Tranquilizers, for veterinary use, in dosage",25,3004900069,"Anti-infective agents, for human use, in dosage, nes",0.5714,continuity;use,,,no
3004909993,1,imports,199106,161155.00,"Tranquilizers, for veterinary use, in dosage",26,3004909916,"Local anaesthetics, for human use, in dosage",0.5714,use,,,no
3004909993,1,imports,199106,161155.00,"Tranquilizers, for veterinary use, in dosage",27,3004909949,"Anti-infective agents, for human use, in dosage, nes",0.5714,use,,,no
3004909993,1,imports,199106,161155.00,"Tranquilizers, for veterinary use, in dosage",28,3004900011,"Mixtures of amino acids, nes, in dosage",0.5570,continuity,,,no
3004909993,1,imports,199106,161155.00,"Tranquilizers, for veterinary use, in dosage",29,3004901010,"Mixtures of amino acids, nes, in dosage",0.5570,,,,no
3004909993,1,imports,199106,161155.00,"Tranquilizers, for veterinary use, in dosage",30,3004900071,"Haematological agents, for human use, in dosage",0.5517,continuity;use,,,no
3004909993,1,imports,199106,161155.00,"Tranquilizers, for veterinary use, in dosage",31,3004909950,"Haematological agents, for human use, in dosage",0.5517,use,,,no
3004909993,1,imports,199106,161155.00,"Tranquilizers, for veterinary use, in dosage",32,3004909971,"Cough/cold preparations, for human use, in dosage",0.5393,use,,,no
3004909993,1,imports,199106,161155.00,"Tranquilizers, for veterinary use, in dosage",33,3004900049,"Gastro-intestinal agents, for human use, in dosage, nes",0.5319,continuity;use,,,no
3004909993,1,imports,199106,161155.00,"Tranquilizers, for veterinary use, in dosage",34,3004909929,"Gastro-intestinal agents, for human use, in dosage, nes",0.5319,use,,,no
3004909993,1,imports,199106,161155.00,"Tranquilizers, for veterinary use, in dosage",35,3004900041,"Histamine H2 receptor antagonist, for human use, in dosage",0.5306,continuity;use,,,no
3004909993,1,imports,199106,161155.00,"Tranquilizers, for veterinary use, in dosage",36,3004909921,"Histamine H2 receptor antagonist, for human use, in dosage",0.5306,use,,,no
3004909993,1,imports,199106,161155.00,"Tranquilizers, for veterinary use, in dosage",37,3004900077,"Dermatological agents, for human use, in dosage",0.5287,continuity;use,,,no
3004909993,1,imports,199106,161155.00,"Tranquilizers, for veterinary use, in dosage",38,3004909983,"Dermatological agents, for human use, in dosage",0.5287,use,,,no
3004909993,1,imports,199106,161155.00,"Tranquilizers, for veterinary use, in dosage",39,3004900073,"Cough or cold preparations, for human use, in dosage",0.5217,continuity;use,,,no
3004909993,1,imports,199106,161155.00,"Tranquilizers, for veterinary use, in dosage",40,3004900061,"Anti-infective agents, cont sulfonamides, for human use, in dosage",0.4952,continuity;use,,,no
3004909993,1,imports,199106,161155.00,"Tranquilizers, for veterinary use, in dosage",41,3004900023,"Antidepressants & tranquilizers,f human use,in doses/pack frs,o/t No 30.02/05/06",0.4833,continuity;use,,,no
3004909993,1,imports,199106,161155.00,"Tranquilizers, for veterinary use, in dosage",42,3004909941,"Anti-infective agents, containing sulfonamides, for human use, in dosage",0.4685,use,,,no
3004909993,1,imports,199106,161155.00,"Tranquilizers, for veterinary use, in dosage",43,3004900074,"Medicaments, prim affecting eyes,ears & respiratory system,human use, in dos,nes",0.4407,continuity;use,,,no
3004909993,1,imports,199106,161155.00,"Tranquilizers, for veterinary use, in dosage",44,3004909979,"Medicaments, prim affecting eyes,ears & respiratory system,human use, in dos,nes",0.4407,use,,,no
3004909993,1,imports,199106,161155.00,"Tranquilizers, for veterinary use, in dosage",45,3004900078,"Medicaments cont hyaluronic acid or its sodium salt, for human use, in dosage",0.4274,continuity;use,,,no
3004909993,1,imports,199106,161155.00,"Tranquilizers, for veterinary use, in dosage",46,3004909984,"Medicaments cont hyaluronic acid or its sodium salt, for human use, in dosage",0.4274,use,,,no
3004909993,1,imports,199106,161155.00,"Tranquilizers, for veterinary use, in dosage",47,3004901090,"Mx of amino acids & protein hydrolysates, etc, in dosage",0.4255,,,,no
3004909993,1,imports,199106,161155.00,"Tranquilizers, for veterinary use, in dosage",48,3004900025,"Antihistaminic agents, for human use, in doses/packings frs, o/t No 30.02/05/06",0.4237,continuity;use,,,no
3004909993,1,imports,199106,161155.00,"Tranquilizers, for veterinary use, in dosage",49,3004900024,"Antihypertensive agents, for human use, in doses/packings frs,o/t No 30.02/05/06",0.4167,continuity;use,,,no
3004909993,1,imports,199106,161155.00,"Tranquilizers, for veterinary use, in dosage",50,3004900019,"Mx of amino acids & protein hydrolysates, etc, in dosage, nes",0.4082,continuity,,,no
3004909993,1,imports,199106,161155.00,"Tranquilizers, for veterinary use, in dosage",51,3004900022,"Analgesics, for human use, in doses/packings for retail sale, o/t No 30.02/05/06",0.4034,continuity;use,,,no
3004909993,1,imports,199106,161155.00,"Tranquilizers, for veterinary use, in dosage",52,3004900035,"Medicaments, for human use, acting on the nervous system, in dosage, nes",0.4000,continuity;use,,,no
3004909993,1,imports,199106,161155.00,"Tranquilizers, for veterinary use, in dosage",53,3004909915,"Medicaments, for human use, acting on the nervous system, in dosage, nes",0.4000,use,,,no
3004909993,1,imports,199106,161155.00,"Tranquilizers, for veterinary use, in dosage",54,3004900050,"Medicaments, for human use, acting on the cardio-vascular system, in dosage",0.3860,continuity;use,,,no
3004909993,1,imports,199106,161155.00,"Tranquilizers, for veterinary use, in dosage",55,3004909930,"Medicaments, for human use, acting on the cardio-vascular system, in dosage",0.3860,use,,,no
3004909993,1,imports,199106,161155.00,"Tranquilizers, for veterinary use, in dosage",56,3004900012,"Dextrose (glucose) solutions, in dosage",0.3846,continuity,,,no
3004909993,1,imports,199106,161155.00,"Tranquilizers, for veterinary use, in dosage",57,3004901020,"Dextrose (glucose) solutions, in dosage",0.3846,,,,no
3004909993,1,imports,199106,161155.00,"Tranquilizers, for veterinary use, in dosage",58,3004900027,"Local anaesthetics, for human use,in doses/pack f retail sale,o/t No 30.02/05/06",0.3802,continuity;use,,,no
3004909993,1,imports,199106,161155.00,"Tranquilizers, for veterinary use, in dosage",59,3004900039,"Medicaments, for human use, acting on the central nervous system, in dosage, nes",0.3729,continuity;use,,,no
3004909993,1,imports,199106,161155.00,"Tranquilizers, for veterinary use, in dosage",60,3004909919,"Medicaments, for human use, acting on the central nervous system, in dosage, nes",0.3729,use,,,no
3004909993,1,imports,199106,161155.00,"Tranquilizers, for veterinary use, in dosage",61,3004900076,"Medicaments affecting electrolytic, caloric/water balance, for human use, in dos",0.3697,continuity;use,,,no
3004909993,1,imports,199106,161155.00,"Tranquilizers, for veterinary use, in dosage",62,3004909982,"Medicaments affecting electrolytic, caloric/water balance, for human use, in dos",0.3697,use,,,no
3004909993,1,imports,199106,161155.00,"Tranquilizers, for veterinary use, in dosage",63,3004900020,"Medicaments cont more than 23% of abs ethyl alc by vol, nes, in dosage",0.3670,continuity,,,no
3004909993,1,imports,199106,161155.00,"Tranquilizers, for veterinary use, in dosage",64,3004909100,"Medicaments cont more than 23% of abs ethyl alc by vol, nes, in dosage",0.3670,,,,no
3004909993,1,imports,199106,161155.00,"Tranquilizers, for veterinary use, in dosage",65,3004900029,"Medi,acting on central nervous system,human use,doses/frs,o/t No 30.02/05/06,nes",0.3279,continuity;use,,,no
3004909993,1,imports,199106,161155.00,"Tranquilizers, for veterinary use, in dosage",66,3004900026,"Agents,acting on central nervous system,hum use,doses/frs,o/t No 30.02/05/06,nes",0.3115,continuity;use,,,no
3004909993,1,imports,199106,161155.00,"Tranquilizers, for veterinary use, in dosage",67,3004900021,"Medi cont cannabis/cannabinoids, therap/prophltc uses, doses/pack f retail sale",0.2521,continuity,,,no
3004909999,1,imports,199712,393958224.00,"Medicaments nes, for veterinary use, in dosage",1,3004900089,"Medicaments nes, for veterinary use, in dosage",1.0000,,,,yes
3004909999,1,imports,199712,393958224.00,"Medicaments nes, for veterinary use, in dosage",2,3004900090,"Other medicaments, for veterinary use, in dosage, nes",0.8511,continuity,,,no
3004909999,1,imports,199712,393958224.00,"Medicaments nes, for veterinary use, in dosage",3,3004900079,"Medicaments nes, for human use, in dosage",0.8434,use,,,no
3004909999,1,imports,199712,393958224.00,"Medicaments nes, for veterinary use, in dosage",4,3004900081,"Anaesthetic, for veterinary use, in dosage",0.7619,,,swapped term,no
3004909999,1,imports,199712,393958224.00,"Medicaments nes, for veterinary use, in dosage",5,3004900043,"Antacids, for human use, in dosage",0.6316,use,,,no
3004909999,1,imports,199712,393958224.00,"Medicaments nes, for veterinary use, in dosage",6,3004900071,"Haematological agents, for human use, in dosage",0.6292,use,,,no
3004909999,1,imports,199712,393958224.00,"Medicaments nes, for veterinary use, in dosage",7,3004900072,"Antineoplastic agents, for human use, in dosage",0.6292,use,,,no
3004909999,1,imports,199712,393958224.00,"Medicaments nes, for veterinary use, in dosage",8,3004900077,"Dermatological agents, for human use, in dosage",0.6292,use,,,no
3004909999,1,imports,199712,393958224.00,"Medicaments nes, for veterinary use, in dosage",9,3004900075,"Diuretics, for human use, in dosage",0.6234,use,,,no
3004909999,1,imports,199712,393958224.00,"Medicaments nes, for veterinary use, in dosage",10,3004900031,"Analgesics, for human use, in dosage",0.6154,use,,,no
3004909999,1,imports,199712,393958224.00,"Medicaments nes, for veterinary use, in dosage",11,3004900034,"Antihistamines agents, for human use, in dosage",0.6067,use,,,no
3004909999,1,imports,199712,393958224.00,"Medicaments nes, for veterinary use, in dosage",12,3004900032,"Antidepressants & tranquilizers, for human use, in dosage",0.5979,use,,,no
3004909999,1,imports,199712,393958224.00,"Medicaments nes, for veterinary use, in dosage",13,3004900042,"Laxatives, for human use, in dosage",0.5974,use,,,no
3004909999,1,imports,199712,393958224.00,"Medicaments nes, for veterinary use, in dosage",14,3004900033,"Antihypertensive agents, for human use, in dosage",0.5934,use,,,no
3004909999,1,imports,199712,393958224.00,"Medicaments nes, for veterinary use, in dosage",15,3004900069,"Anti-infective agents, for human use, in dosage, nes",0.5806,use,,,no
3004909999,1,imports,199712,393958224.00,"Medicaments nes, for veterinary use, in dosage",16,3004900061,"Anti-infective agents, cont sulfonamides, for human use, in dosage",0.5794,use,,,no
3004909999,1,imports,199712,393958224.00,"Medicaments nes, for veterinary use, in dosage",17,3004900078,"Medicaments cont hyaluronic acid or its sodium salt, for human use, in dosage",0.5714,use,,,no
3004909999,1,imports,199712,393958224.00,"Medicaments nes, for veterinary use, in dosage",18,3004900074,"Medicaments, prim affecting eyes,ears & respiratory system,human use, in dos,nes",0.5667,use,,,no
3004909999,1,imports,199712,393958224.00,"Medicaments nes, for veterinary use, in dosage",19,3004900049,"Gastro-intestinal agents, for human use, in dosage, nes",0.5625,use,,,no
3004909999,1,imports,199712,393958224.00,"Medicaments nes, for veterinary use, in dosage",20,3004900036,"Local anaesthetics, for human use, in dosage",0.5581,use,,,no
3004909999,1,imports,199712,393958224.00,"Medicaments nes, for veterinary use, in dosage",21,3004900035,"Medicaments, for human use, acting on the nervous system, in dosage, nes",0.5536,use,,,no
3004909999,1,imports,199712,393958224.00,"Medicaments nes, for veterinary use, in dosage",22,3004900041,"Histamine H2 receptor antagonist, for human use, in dosage",0.5400,use,,,no
3004909999,1,imports,199712,393958224.00,"Medicaments nes, for veterinary use, in dosage",23,3004900050,"Medicaments, for human use, acting on the cardio-vascular system, in dosage",0.5345,use,,,no
3004909999,1,imports,199712,393958224.00,"Medicaments nes, for veterinary use, in dosage",24,3004900039,"Medicaments, for human use, acting on the central nervous system, in dosage, nes",0.5167,use,,,no
3004909999,1,imports,199712,393958224.00,"Medicaments nes, for veterinary use, in dosage",25,3004900076,"Medicaments affecting electrolytic, caloric/water balance, for human use, in dos",0.5124,use,,,no
3004909999,1,imports,199712,393958224.00,"Medicaments nes, for veterinary use, in dosage",26,3004900073,"Cough or cold preparations, for human use, in dosage",0.5106,use,,,no
3004909999,1,imports,199712,393958224.00,"Medicaments nes, for veterinary use, in dosage",27,3004900011,"Mixtures of amino acids, nes, in dosage",0.4938,,,,no
3004909999,1,imports,199712,393958224.00,"Medicaments nes, for veterinary use, in dosage",28,3004900020,"Medicaments cont more than 23% of abs ethyl alc by vol, nes, in dosage",0.4505,,,,no
3004909999,1,imports,199712,393958224.00,"Medicaments nes, for veterinary use, in dosage",29,3004900025,"Antihistaminic agents, for human use, in doses/packings frs, o/t No 30.02/05/06",0.4500,continuity;use,,,no
3004909999,1,imports,199712,393958224.00,"Medicaments nes, for veterinary use, in dosage",30,3004900021,"Medi cont cannabis/cannabinoids, therap/prophltc uses, doses/pack f retail sale",0.4463,continuity,,,no
3004909999,1,imports,199712,393958224.00,"Medicaments nes, for veterinary use, in dosage",31,3004900019,"Mx of amino acids & protein hydrolysates, etc, in dosage, nes",0.4400,,,,no
3004909999,1,imports,199712,393958224.00,"Medicaments nes, for veterinary use, in dosage",32,3004900024,"Antihypertensive agents, for human use, in doses/packings frs,o/t No 30.02/05/06",0.4262,continuity;use,,,no
3004909999,1,imports,199712,393958224.00,"Medicaments nes, for veterinary use, in dosage",33,3004900023,"Antidepressants & tranquilizers,f human use,in doses/pack frs,o/t No 30.02/05/06",0.4098,continuity;use,,,no
3004909999,1,imports,199712,393958224.00,"Medicaments nes, for veterinary use, in dosage",34,3004900029,"Medi,acting on central nervous system,human use,doses/frs,o/t No 30.02/05/06,nes",0.4032,continuity;use,,,no
3004909999,1,imports,199712,393958224.00,"Medicaments nes, for veterinary use, in dosage",35,3004900022,"Analgesics, for human use, in doses/packings for retail sale, o/t No 30.02/05/06",0.3967,continuity;use,,,no
3004909999,1,imports,199712,393958224.00,"Medicaments nes, for veterinary use, in dosage",36,3004900012,"Dextrose (glucose) solutions, in dosage",0.3750,,,,no
3004909999,1,imports,199712,393958224.00,"Medicaments nes, for veterinary use, in dosage",37,3004900027,"Local anaesthetics, for human use,in doses/pack f retail sale,o/t No 30.02/05/06",0.3740,continuity;use,,,no
3004909999,1,imports,199712,393958224.00,"Medicaments nes, for veterinary use, in dosage",38,3004900026,"Agents,acting on central nervous system,hum use,doses/frs,o/t No 30.02/05/06,nes",0.3387,continuity;use,,,no
3005101000,1,imports,199712,64532479.00,"Dressings & sim articles having an adhesive layer, coated/impreg w pharm subs",1,3005100010,"Dressings & sim articles having an adhesive layer, coated/impreg w pharm subs",1.0000,,,,yes
3005101000,1,imports,199712,64532479.00,"Dressings & sim articles having an adhesive layer, coated/impreg w pharm subs",2,3005100099,"Wadding, gauze, bandages & sim articles, nes, with adhesive layer, pack ret sale",0.5714,,,,no
3005101000,1,imports,199712,64532479.00,"Dressings & sim articles having an adhesive layer, coated/impreg w pharm subs",3,3005100091,"Adhesive dressings, nes, packaged for retail sale",0.3802,,,,no
3005109100,1,imports,199712,85056257.00,"Adhesive dressings, nes, packaged for retail sale",1,3005100091,"Adhesive dressings, nes, packaged for retail sale",1.0000,,,,yes
3005109100,1,imports,199712,85056257.00,"Adhesive dressings, nes, packaged for retail sale",2,3005100099,"Wadding, gauze, bandages & sim articles, nes, with adhesive layer, pack ret sale",0.4000,,,,no
3005109100,1,imports,199712,85056257.00,"Adhesive dressings, nes, packaged for retail sale",3,3005100010,"Dressings & sim articles having an adhesive layer, coated/impreg w pharm subs",0.3967,,,,no
3005109900,1,imports,199712,9717032.00,"Wadding, gauze, bandages & sim articles, nes, with adhesive layer, pack ret sale",1,3005100099,"Wadding, gauze, bandages & sim articles, nes, with adhesive layer, pack ret sale",1.0000,,,,yes
3005109900,1,imports,199712,9717032.00,"Wadding, gauze, bandages & sim articles, nes, with adhesive layer, pack ret sale",2,3005100010,"Dressings & sim articles having an adhesive layer, coated/impreg w pharm subs",0.5714,,,,no
3005109900,1,imports,199712,9717032.00,"Wadding, gauze, bandages & sim articles, nes, with adhesive layer, pack ret sale",3,3005100091,"Adhesive dressings, nes, packaged for retail sale",0.4000,,,,no
3005900010,1,imports,201112,41610750.00,"Bandages & slabs of tex fab, coated w plaster;o art used for orthopaedic casts",1,3005900090,"Wadding,gauze,bandages & sim art, packaged for retail sale & for medical use,nes",0.4133,,,,no
3005900050,1,imports,201112,47297369.00,"Dressings and sim articles, of woven fabric solely of cotton, nes",1,3005900090,"Wadding,gauze,bandages & sim art, packaged for retail sale & for medical use,nes",0.3478,,,,no
3005900060,1,imports,201112,1670276.00,"Dressings and similar articles, of paper, nes",1,3005900090,"Wadding,gauze,bandages & sim art, packaged for retail sale & for medical use,nes",0.4237,,,,no
3005901000,1,imports,199712,10103909.00,Bandages & slabs of tex fab coated w plaster;o art used for orthopaedic casts,1,3005900010,Bandages & slabs of tex fab coated w plaster;o art used for orthopaedic casts,1.0000,,,,yes
3005901000,1,imports,199712,10103909.00,Bandages & slabs of tex fab coated w plaster;o art used for orthopaedic casts,2,3005900090,"Dressings and similar articles packaged for medical use, nes",0.4030,,,,no
3005901000,1,imports,199712,10103909.00,Bandages & slabs of tex fab coated w plaster;o art used for orthopaedic casts,3,3005900030,"Surgical dressings, not stitched or o/w mfd, not coated/impreg w pharm subs, nes",0.3816,,,,no
3005901000,1,imports,199712,10103909.00,Bandages & slabs of tex fab coated w plaster;o art used for orthopaedic casts,4,3005900040,"Dressings/sim art of woven fab o/t of cotton; of knit fab, n-wov or felts, nes",0.3733,,,,no
3005901000,1,imports,199712,10103909.00,Bandages & slabs of tex fab coated w plaster;o art used for orthopaedic casts,5,3005900020,"Dressings & sim articles coated or impreg w pharm substances, nes",0.3504,,,,no
3005901000,1,imports,199712,10103909.00,Bandages & slabs of tex fab coated w plaster;o art used for orthopaedic casts,6,3005900050,"Dressings and sim articles of woven fabric solely of cotton, nes",0.3188,,,,no
3005901000,1,imports,199712,10103909.00,Bandages & slabs of tex fab coated w plaster;o art used for orthopaedic casts,7,3005900060,"Dressings and similar articles of paper, nes",0.3051,,,,no
3005902000,1,imports,199712,35108734.00,"Dressings & sim articles coated or impreg w pharm substances, nes",1,3005900020,"Dressings & sim articles coated or impreg w pharm substances, nes",1.0000,,,,yes
3005902000,1,imports,199712,35108734.00,"Dressings & sim articles coated or impreg w pharm substances, nes",2,3005900030,"Surgical dressings, not stitched or o/w mfd, not coated/impreg w pharm subs, nes",0.6619,,,,no
3005902000,1,imports,199712,35108734.00,"Dressings & sim articles coated or impreg w pharm substances, nes",3,3005900090,"Dressings and similar articles packaged for medical use, nes",0.6116,,,,no
3005902000,1,imports,199712,35108734.00,"Dressings & sim articles coated or impreg w pharm substances, nes",4,3005900060,"Dressings and similar articles of paper, nes",0.6095,,,,no
3005902000,1,imports,199712,35108734.00,"Dressings & sim articles coated or impreg w pharm substances, nes",5,3005900050,"Dressings and sim articles of woven fabric solely of cotton, nes",0.5120,,,,no
3005902000,1,imports,199712,35108734.00,"Dressings & sim articles coated or impreg w pharm substances, nes",6,3005900040,"Dressings/sim art of woven fab o/t of cotton; of knit fab, n-wov or felts, nes",0.4818,,,,no
3005902000,1,imports,199712,35108734.00,"Dressings & sim articles coated or impreg w pharm substances, nes",7,3005900010,Bandages & slabs of tex fab coated w plaster;o art used for orthopaedic casts,0.3504,,,,no
3005903000,1,imports,199712,102059460.00,"Surgical dressings, not stitched or o/w mfd, not coated/impreg w pharm subs, nes",1,3005900030,"Surgical dressings, not stitched or o/w mfd, not coated/impreg w pharm subs, nes",1.0000,,,,yes
3005903000,1,imports,199712,102059460.00,"Surgical dressings, not stitched or o/w mfd, not coated/impreg w pharm subs, nes",2,3005900020,"Dressings & sim articles coated or impreg w pharm substances, nes",0.6619,,,,no
3005903000,1,imports,199712,102059460.00,"Surgical dressings, not stitched or o/w mfd, not coated/impreg w pharm subs, nes",3,3005900060,"Dressings and similar articles of paper, nes",0.4667,,,,no
3005903000,1,imports,199712,102059460.00,"Surgical dressings, not stitched or o/w mfd, not coated/impreg w pharm subs, nes",4,3005900090,"Dressings and similar articles packaged for medical use, nes",0.4559,,,,no
3005903000,1,imports,199712,102059460.00,"Surgical dressings, not stitched or o/w mfd, not coated/impreg w pharm subs, nes",5,3005900050,"Dressings and sim articles of woven fabric solely of cotton, nes",0.4429,,,,no
3005903000,1,imports,199712,102059460.00,"Surgical dressings, not stitched or o/w mfd, not coated/impreg w pharm subs, nes",6,3005900010,Bandages & slabs of tex fab coated w plaster;o art used for orthopaedic casts,0.3553,,,,no
3005903000,1,imports,199712,102059460.00,"Surgical dressings, not stitched or o/w mfd, not coated/impreg w pharm subs, nes",7,3005900040,"Dressings/sim art of woven fab o/t of cotton; of knit fab, n-wov or felts, nes",0.3553,,,,no
3005909100,1,imports,199712,21207608.00,"Dressings/sim art of woven fab o/t of cotton; of knit fab, n-wov or felts, nes",1,3005900040,"Dressings/sim art of woven fab o/t of cotton; of knit fab, n-wov or felts, nes",1.0000,,,,yes
3005909100,1,imports,199712,21207608.00,"Dressings/sim art of woven fab o/t of cotton; of knit fab, n-wov or felts, nes",2,3005900050,"Dressings and sim articles of woven fabric solely of cotton, nes",0.6667,fibre,,,no
3005909100,1,imports,199712,21207608.00,"Dressings/sim art of woven fab o/t of cotton; of knit fab, n-wov or felts, nes",3,3005900020,"Dressings & sim articles coated or impreg w pharm substances, nes",0.4818,,,,no
3005909100,1,imports,199712,21207608.00,"Dressings/sim art of woven fab o/t of cotton; of knit fab, n-wov or felts, nes",4,3005900090,"Dressings and similar articles packaged for medical use, nes",0.4627,,,,no
3005909100,1,imports,199712,21207608.00,"Dressings/sim art of woven fab o/t of cotton; of knit fab, n-wov or felts, nes",5,3005900060,"Dressings and similar articles of paper, nes",0.4576,,,,no
3005909100,1,imports,199712,21207608.00,"Dressings/sim art of woven fab o/t of cotton; of knit fab, n-wov or felts, nes",6,3005900030,"Surgical dressings, not stitched or o/w mfd, not coated/impreg w pharm subs, nes",0.3421,,,,no
3005909100,1,imports,199712,21207608.00,"Dressings/sim art of woven fab o/t of cotton; of knit fab, n-wov or felts, nes",7,3005900010,Bandages & slabs of tex fab coated w plaster;o art used for orthopaedic casts,0.2667,,,,no
3005909200,1,imports,199712,46712311.00,"Dressings and sim articles of woven fabric solely of cotton, nes",1,3005900050,"Dressings and sim articles of woven fabric solely of cotton, nes",1.0000,,,,yes
3005909200,1,imports,199712,46712311.00,"Dressings and sim articles of woven fabric solely of cotton, nes",2,3005900060,"Dressings and similar articles of paper, nes",0.6792,,,,no
3005909200,1,imports,199712,46712311.00,"Dressings and sim articles of woven fabric solely of cotton, nes",3,3005900040,"Dressings/sim art of woven fab o/t of cotton; of knit fab, n-wov or felts, nes",0.6667,fibre,,swapped term,no
3005909200,1,imports,199712,46712311.00,"Dressings and sim articles of woven fabric solely of cotton, nes",4,3005900090,"Dressings and similar articles packaged for medical use, nes",0.6557,,,,no
3005909200,1,imports,199712,46712311.00,"Dressings and sim articles of woven fabric solely of cotton, nes",5,3005900020,"Dressings & sim articles coated or impreg w pharm substances, nes",0.5760,,,,no
3005909200,1,imports,199712,46712311.00,"Dressings and sim articles of woven fabric solely of cotton, nes",6,3005900030,"Surgical dressings, not stitched or o/w mfd, not coated/impreg w pharm subs, nes",0.3857,,,,no
3005909200,1,imports,199712,46712311.00,"Dressings and sim articles of woven fabric solely of cotton, nes",7,3005900010,Bandages & slabs of tex fab coated w plaster;o art used for orthopaedic casts,0.3333,,,,no
3005909300,1,imports,199712,1808053.00,"Dressings and similar articles of paper, nes",1,3005900060,"Dressings and similar articles of paper, nes",1.0000,,,,yes
3005909300,1,imports,199712,1808053.00,"Dressings and similar articles of paper, nes",2,3005900090,"Dressings and similar articles packaged for medical use, nes",0.7647,,,,no
3005909300,1,imports,199712,1808053.00,"Dressings and similar articles of paper, nes",3,3005900050,"Dressings and sim articles of woven fabric solely of cotton, nes",0.6792,,,,no
3005909300,1,imports,199712,1808053.00,"Dressings and similar articles of paper, nes",4,3005900020,"Dressings & sim articles coated or impreg w pharm substances, nes",0.6095,,,,no
3005909300,1,imports,199712,1808053.00,"Dressings and similar articles of paper, nes",5,3005900040,"Dressings/sim art of woven fab o/t of cotton; of knit fab, n-wov or felts, nes",0.4576,,,,no
3005909300,1,imports,199712,1808053.00,"Dressings and similar articles of paper, nes",6,3005900030,"Surgical dressings, not stitched or o/w mfd, not coated/impreg w pharm subs, nes",0.3833,,,,no
3005909300,1,imports,199712,1808053.00,"Dressings and similar articles of paper, nes",7,3005900010,Bandages & slabs of tex fab coated w plaster;o art used for orthopaedic casts,0.3220,,,,no
3005909900,1,imports,199712,19543614.00,"Dressings and similar articles packaged for medical use, nes",1,3005900090,"Dressings and similar articles packaged for medical use, nes",1.0000,,,,yes
3005909900,1,imports,199712,19543614.00,"Dressings and similar articles packaged for medical use, nes",2,3005900060,"Dressings and similar articles of paper, nes",0.7647,,,,no
3005909900,1,imports,199712,19543614.00,"Dressings and similar articles packaged for medical use, nes",3,3005900050,"Dressings and sim articles of woven fabric solely of cotton, nes",0.6393,,,,no
3005909900,1,imports,199712,19543614.00,"Dressings and similar articles packaged for medical use, nes",4,3005900020,"Dressings & sim articles coated or impreg w pharm substances, nes",0.6281,,,,no
3005909900,1,imports,199712,19543614.00,"Dressings and similar articles packaged for medical use, nes",5,3005900030,"Surgical dressings, not stitched or o/w mfd, not coated/impreg w pharm subs, nes",0.5000,,,,no
3005909900,1,imports,199712,19543614.00,"Dressings and similar articles packaged for medical use, nes",6,3005900040,"Dressings/sim art of woven fab o/t of cotton; of knit fab, n-wov or felts, nes",0.4478,,,,no
3005909900,1,imports,199712,19543614.00,"Dressings and similar articles packaged for medical use, nes",7,3005900010,Bandages & slabs of tex fab coated w plaster;o art used for orthopaedic casts,0.4030,,,,no
3006200010,1,imports,201112,300034808.00,"Blood-grouping reagents, of human origin",1,3006200090,"Blood-grouping reagents, other than of animal origin, nes",0.7660,,,swapped term,no
3006200020,1,imports,202112,101885670.00,"Blood-grouping reagents, of animal origin",1,3006300010,"Opacifying, preparations for X-ray examinations",0.3953,,,,no
3006200020,1,imports,202112,101885670.00,"Blood-grouping reagents, of animal origin",2,3006939000,"Placebos & blinded/double-blinded kits,for clinical trial,in measured doses, nes",0.3932,,,,no
3006200020,1,imports,202112,101885670.00,"Blood-grouping reagents, of animal origin",3,3006300090,"Diagnostic reagents, designed to be administered to the patient, nes",0.3774,,,,no
3006200020,1,imports,202112,101885670.00,"Blood-grouping reagents, of animal origin",4,3006701000,"Chem/biolog prep,incl kits cont ancill mat f med diag;f insemination anml semen",0.3697,,,,no
3006200020,1,imports,202112,101885670.00,"Blood-grouping reagents, of animal origin",5,3006932000,"Placebos and blinded/double-blinded kits,f clinical trial,sugar based,meas doses",0.3667,,,,no
3006200020,1,imports,202112,101885670.00,"Blood-grouping reagents, of animal origin",6,3006934000,"Placebos & blinded/double kits,f clinical trial,non-alc bev based, in meas doses",0.3590,,,,no
3006200020,1,imports,202112,101885670.00,"Blood-grouping reagents, of animal origin",7,3006931000,"Placebos and blinded/double-blinded kits,f clinical trial,syrup based,meas doses",0.3500,,,,no
3006200020,1,imports,202112,101885670.00,"Blood-grouping reagents, of animal origin",8,3006100090,"Laminaria & laminaria tents, sterile; sterile absorbable surg/dental haemostatic",0.3276,,,,no
3006200020,1,imports,202112,101885670.00,"Blood-grouping reagents, of animal origin",9,3006400010,Dental cements and bone reconstruction cements,0.3023,,,,no
3006200020,1,imports,202112,101885670.00,"Blood-grouping reagents, of animal origin",10,3006709000,"Gel prep f human/vet medicine as lub f parts of body f oper/examination,etc,nes",0.2857,,,,no
3006200020,1,imports,202112,101885670.00,"Blood-grouping reagents, of animal origin",11,3006500000,First-aid boxes and kits,0.2812,,,,no
3006200020,1,imports,202112,101885670.00,"Blood-grouping reagents, of animal origin",12,3006400090,"Other dental fillings, nes",0.2462,,,,no
3006200020,1,imports,202112,101885670.00,"Blood-grouping reagents, of animal origin",13,3006100010,"Sterile surgical catgut & similar sterile suture mat, for surgical wound closure",0.2051,,,,no
3006200020,1,imports,202112,101885670.00,"Blood-grouping reagents, of animal origin",14,3006910000,Appliances identifiable for ostomy use,0.2051,,,,no
3006200020,1,imports,202112,101885670.00,"Blood-grouping reagents, of animal origin",15,3006933000,"Placebos & blinded/double-blinded kits,f clinical trial,o food based, meas doses",0.2051,,,,no
3006200020,1,imports,202112,101885670.00,"Blood-grouping reagents, of animal origin",16,3006600000,"Chem contraceptive preparations,based on hormones/o prod of No 29.37/spermicides",0.1833,,,,no
3006200020,1,imports,202112,101885670.00,"Blood-grouping reagents, of animal origin",17,3006920000,"Waste pharmaceuticals, nes",0.1231,,,,no
3006200090,1,imports,202112,159377979.00,"Blood-grouping reagents, other than of animal origin, nes",1,3006300010,"Opacifying, preparations for X-ray examinations",0.4554,,,,no
3006200090,1,imports,202112,159377979.00,"Blood-grouping reagents, other than of animal origin, nes",2,3006400090,"Other dental fillings, nes",0.4250,,,,no
3006200090,1,imports,202112,159377979.00,"Blood-grouping reagents, other than of animal origin, nes",3,3006939000,"Placebos & blinded/double-blinded kits,for clinical trial,in measured doses, nes",0.4242,,,,no
3006200090,1,imports,202112,159377979.00,"Blood-grouping reagents, other than of animal origin, nes",4,3006400010,Dental cements and bone reconstruction cements,0.3960,,,,no
3006200090,1,imports,202112,159377979.00,"Blood-grouping reagents, other than of animal origin, nes",5,3006300090,"Diagnostic reagents, designed to be administered to the patient, nes",0.3802,,,,no
3006200090,1,imports,202112,159377979.00,"Blood-grouping reagents, other than of animal origin, nes",6,3006932000,"Placebos and blinded/double-blinded kits,f clinical trial,sugar based,meas doses",0.3704,,,,no
3006200090,1,imports,202112,159377979.00,"Blood-grouping reagents, other than of animal origin, nes",7,3006100090,"Laminaria & laminaria tents, sterile; sterile absorbable surg/dental haemostatic",0.3664,,,,no
3006200090,1,imports,202112,159377979.00,"Blood-grouping reagents, other than of animal origin, nes",8,3006934000,"Placebos & blinded/double kits,f clinical trial,non-alc bev based, in meas doses",0.3636,,,,no
3006200090,1,imports,202112,159377979.00,"Blood-grouping reagents, other than of animal origin, nes",9,3006931000,"Placebos and blinded/double-blinded kits,f clinical trial,syrup based,meas doses",0.3556,,,,no
3006200090,1,imports,202112,159377979.00,"Blood-grouping reagents, other than of animal origin, nes",10,3006701000,"Chem/biolog prep,incl kits cont ancill mat f med diag;f insemination anml semen",0.3433,,,,no
3006200090,1,imports,202112,159377979.00,"Blood-grouping reagents, other than of animal origin, nes",11,3006709000,"Gel prep f human/vet medicine as lub f parts of body f oper/examination,etc,nes",0.2985,,,,no
3006200090,1,imports,202112,159377979.00,"Blood-grouping reagents, other than of animal origin, nes",12,3006600000,"Chem contraceptive preparations,based on hormones/o prod of No 29.37/spermicides",0.2963,,,,no
3006200090,1,imports,202112,159377979.00,"Blood-grouping reagents, other than of animal origin, nes",13,3006920000,"Waste pharmaceuticals, nes",0.2750,,,,no
3006200090,1,imports,202112,159377979.00,"Blood-grouping reagents, other than of animal origin, nes",14,3006500000,First-aid boxes and kits,0.2532,,,,no
3006200090,1,imports,202112,159377979.00,"Blood-grouping reagents, other than of animal origin, nes",15,3006100010,"Sterile surgical catgut & similar sterile suture mat, for surgical wound closure",0.2273,,,,no
3006200090,1,imports,202112,159377979.00,"Blood-grouping reagents, other than of animal origin, nes",16,3006933000,"Placebos & blinded/double-blinded kits,f clinical trial,o food based, meas doses",0.2121,,,,no
3006200090,1,imports,202112,159377979.00,"Blood-grouping reagents, other than of animal origin, nes",17,3006910000,Appliances identifiable for ostomy use,0.1935,,,,no
3006201000,1,imports,199712,140148071.00,"Blood-grouping reagents, of human origin",1,3006200010,"Blood-grouping reagents, of human origin",1.0000,,,,yes
3006201000,1,imports,199712,140148071.00,"Blood-grouping reagents, of human origin",2,3006200020,"Blood-grouping reagents, of animal origin",0.9114,origin,,swapped term,no
3006201000,1,imports,199712,140148071.00,"Blood-grouping reagents, of human origin",3,3006200090,"Blood-grouping reagents, except of human or animal origin",0.8211,,,,no
3006201000,1,imports,199712,140148071.00,"Blood-grouping reagents, of human origin",4,3002900099,"Human blood, animal blood for therap, prophltc or diag uses, microbial prep, nes",0.2957,,,,no
3006202000,1,imports,199712,6909500.00,"Blood-grouping reagents, of animal origin",1,3006200020,"Blood-grouping reagents, of animal origin",1.0000,,,,yes
3006202000,1,imports,199712,6909500.00,"Blood-grouping reagents, of animal origin",2,3006200010,"Blood-grouping reagents, of human origin",0.9114,origin,,swapped term,no
3006202000,1,imports,199712,6909500.00,"Blood-grouping reagents, of animal origin",3,3006200090,"Blood-grouping reagents, except of human or animal origin",0.8333,,,,no
3006209000,1,imports,199712,15915707.00,"Blood-grouping reagents, except of human or animal origin",1,3006200090,"Blood-grouping reagents, except of human or animal origin",1.0000,,,,yes
3006209000,1,imports,199712,15915707.00,"Blood-grouping reagents, except of human or animal origin",2,3006200020,"Blood-grouping reagents, of animal origin",0.8333,,,,no
3006209000,1,imports,199712,15915707.00,"Blood-grouping reagents, except of human or animal origin",3,3006200010,"Blood-grouping reagents, of human origin",0.8211,,,,no
3006209000,1,imports,199712,15915707.00,"Blood-grouping reagents, except of human or animal origin",4,3002900099,"Human blood, animal blood for therap, prophltc or diag uses, microbial prep, nes",0.3182,,,,no
3006300020,1,imports,201112,17763781.00,"Allergenics, prepared for parenteral administration",1,3006300090,"Diagnostic reagents, designed to be administered to the patient, nes",0.4828,,,,no
3006301000,1,imports,199712,207390256.00,Opacifying preparations for X-ray examinations,1,3006300010,Opacifying preparations for X-ray examinations,1.0000,,,,yes
3006301000,1,imports,199712,207390256.00,Opacifying preparations for X-ray examinations,2,3006300020,Allergenics prepared for parenteral administration,0.2917,,,,no
3006301000,1,imports,199712,207390256.00,Opacifying preparations for X-ray examinations,3,3006300090,"Diagnostic reagents designed to be administered to the patient, nes",0.2143,,,,no
3006309100,1,imports,199712,8572971.00,Allergenics prepared for parenteral administration,1,3006300020,Allergenics prepared for parenteral administration,1.0000,,,,yes
3006309100,1,imports,199712,8572971.00,Allergenics prepared for parenteral administration,2,3006300010,Opacifying preparations for X-ray examinations,0.5417,,,,no
3006309100,1,imports,199712,8572971.00,Allergenics prepared for parenteral administration,3,3006300090,"Diagnostic reagents designed to be administered to the patient, nes",0.4828,,,,no
3006309900,1,imports,199712,53976365.00,"Diagnostic reagents designed to be administered to the patient, nes",1,3006300090,"Diagnostic reagents designed to be administered to the patient, nes",1.0000,,,,yes
3006309900,1,imports,199712,53976365.00,"Diagnostic reagents designed to be administered to the patient, nes",2,3006300020,Allergenics prepared for parenteral administration,0.4655,,,,no
3006309900,1,imports,199712,53976365.00,"Diagnostic reagents designed to be administered to the patient, nes",3,3006300010,Opacifying preparations for X-ray examinations,0.2857,,,,no
3006400020,1,imports,201112,32178939.00,"Points, for filling dental root canals",1,3006400090,"Other dental fillings, nes",0.4516,,,,no
3006400030,1,imports,201112,18807739.00,"Dental fillings of composition metals, except those in powder or pellet form",1,3006400090,"Other dental fillings, nes",0.3400,,,,no
3006401010,1,imports,199712,82885877.00,Dental cements and bone reconstruction cements,1,3006400010,Dental cements and bone reconstruction cements,1.0000,,,,yes
3006401010,1,imports,199712,82885877.00,Dental cements and bone reconstruction cements,2,3006400090,"Dental fillings, nes",0.4000,,,,no
3006401010,1,imports,199712,82885877.00,Dental cements and bone reconstruction cements,3,3006400030,"Dental fillings of composition metals, except those in powder or pellet form",0.3636,,,,no
3006401010,1,imports,199712,82885877.00,Dental cements and bone reconstruction cements,4,3006400020,Points for filling dental root canals,0.2651,,,,no
3006401020,1,imports,199712,12822836.00,Points for filling dental root canals,1,3006400020,Points for filling dental root canals,1.0000,,,,yes
3006401020,1,imports,199712,12822836.00,Points for filling dental root canals,2,3006400090,"Dental fillings, nes",0.4643,,,,no
3006401020,1,imports,199712,12822836.00,Points for filling dental root canals,3,3006400030,"Dental fillings of composition metals, except those in powder or pellet form",0.3571,,,,no
3006401020,1,imports,199712,12822836.00,Points for filling dental root canals,4,3006400010,Dental cements and bone reconstruction cements,0.3373,,,,no
3006402000,1,imports,199712,12771217.00,"Dental fillings of composition metals, except those in powder or pellet form",1,3006400030,"Dental fillings of composition metals, except those in powder or pellet form",1.0000,,,,yes
3006402000,1,imports,199712,12771217.00,"Dental fillings of composition metals, except those in powder or pellet form",2,3006400010,Dental cements and bone reconstruction cements,0.3967,,,,no
3006402000,1,imports,199712,12771217.00,"Dental fillings of composition metals, except those in powder or pellet form",3,3006400090,"Dental fillings, nes",0.3617,,,,no
3006402000,1,imports,199712,12771217.00,"Dental fillings of composition metals, except those in powder or pellet form",4,3006400020,Points for filling dental root canals,0.3393,,,,no
3006409000,1,imports,199712,83063425.00,"Dental fillings, nes",1,3006400090,"Dental fillings, nes",1.0000,,,,yes
3006409000,1,imports,199712,83063425.00,"Dental fillings, nes",2,3006400030,"Dental fillings of composition metals, except those in powder or pellet form",0.4043,,,,no
3006409000,1,imports,199712,83063425.00,"Dental fillings, nes",3,3006400010,Dental cements and bone reconstruction cements,0.4000,,,,no
3006409000,1,imports,199712,83063425.00,"Dental fillings, nes",4,3006400020,Points for filling dental root canals,0.3929,,,,no
3006600010,1,imports,201612,866902008.00,"Chem contraceptive prep,based on horm,o prod of 29.37/spermicides,in dosage,nes",1,3006600000,"Chem contraceptive preparations,based on hormones/o prod of No 29.37/spermicides",0.8176,,,swapped term,no
3006600011,1,imports,201111,143242802.00,"Contraceptive prep, cont norethesterone acetate & ethinylestradiol, in dosage",1,3006600010,"Chem contraceptive prep,based on horm,o prod of 29.37/spermicides,in dosage,nes",0.4868,,,,no
3006600019,1,imports,201112,1419821056.00,"Contraceptive prep, based on hormones,o prod of 29.37/spermicides,in dosage,nes",1,3006600010,"Chem contraceptive prep,based on horm,o prod of 29.37/spermicides,in dosage,nes",0.9427,,,,no
3006600090,1,imports,201612,45460381.00,"Contraceptive prep, based on horm,on o prod of 29.37/spermicides,o/t in dos,nes",1,3006600000,"Chem contraceptive preparations,based on hormones/o prod of No 29.37/spermicides",0.7848,,,swapped term,no
3006801100,1,imports,200612,177848.00,"Waste pharm,chem/biolog prep,incl kit w ancill mat f med diag;f insem anml semen",1,3006920000,"Waste pharmaceuticals, nes",0.2667,,,,no
3006801900,1,imports,200612,168927.00,"Waste of gel prep f human/vet med as lub f pts of body f oper/examin,etc,nes",1,3006920000,"Waste pharmaceuticals, nes",0.3564,,,,no
3006809010,1,imports,200510,53.00,Waste pharmaceuticals of the goods of heading 30.01,1,3006809020,Waste pharmaceuticals of the goods of heading 30.02,0.9804,,,swapped term,no
3006809010,1,imports,200510,53.00,Waste pharmaceuticals of the goods of heading 30.01,2,3006809050,Waste pharmaceuticals of the goods of heading 30.05,0.9804,,,swapped term,no
3006809010,1,imports,200510,53.00,Waste pharmaceuticals of the goods of heading 30.01,3,3006809060,Waste pharmaceuticals of the goods of heading 30.06,0.9804,,,swapped term,no
3006809010,1,imports,200510,53.00,Waste pharmaceuticals of the goods of heading 30.01,4,3006809041,Waste pharmaceuticals of the goods of subheadings 3004.10 to 3004.39,0.8403,,,,no
3006809010,1,imports,200510,53.00,Waste pharmaceuticals of the goods of heading 30.01,5,3006809042,Waste pharmaceuticals of the goods of subheadings 3004.40 or 3004.50,0.8403,,,,no
3006809010,1,imports,200510,53.00,Waste pharmaceuticals of the goods of heading 30.01,6,3006801900,"Waste of gel prep f human/vet med as lub f pts of body f oper/examin,etc,nes",0.4567,,,,no
3006809010,1,imports,200510,53.00,Waste pharmaceuticals of the goods of heading 30.01,7,3006801100,"Waste pharm,chem/biolog prep,incl kit w ancill mat f med diag;f insem anml semen",0.4122,,,,no
3006809020,1,imports,200511,539.00,Waste pharmaceuticals of the goods of heading 30.02,1,3006809050,Waste pharmaceuticals of the goods of heading 30.05,0.9804,,,swapped term,no
3006809020,1,imports,200511,539.00,Waste pharmaceuticals of the goods of heading 30.02,2,3006809060,Waste pharmaceuticals of the goods of heading 30.06,0.9804,,,swapped term,no
3006809020,1,imports,200511,539.00,Waste pharmaceuticals of the goods of heading 30.02,3,3006809041,Waste pharmaceuticals of the goods of subheadings 3004.10 to 3004.39,0.8403,,,,no
3006809020,1,imports,200511,539.00,Waste pharmaceuticals of the goods of heading 30.02,4,3006809042,Waste pharmaceuticals of the goods of subheadings 3004.40 or 3004.50,0.8403,,,,no
3006809020,1,imports,200511,539.00,Waste pharmaceuticals of the goods of heading 30.02,5,3006801900,"Waste of gel prep f human/vet med as lub f pts of body f oper/examin,etc,nes",0.4567,,,,no
3006809020,1,imports,200511,539.00,Waste pharmaceuticals of the goods of heading 30.02,6,3006801100,"Waste pharm,chem/biolog prep,incl kit w ancill mat f med diag;f insem anml semen",0.4122,,,,no
3006809030,1,imports,200501,7134.00,Waste pharmaceuticals of the goods of heading 30.03,1,3006809010,Waste pharmaceuticals of the goods of heading 30.01,0.9804,,,swapped term,no
3006809030,1,imports,200501,7134.00,Waste pharmaceuticals of the goods of heading 30.03,2,3006809020,Waste pharmaceuticals of the goods of heading 30.02,0.9804,,,swapped term,no
3006809030,1,imports,200501,7134.00,Waste pharmaceuticals of the goods of heading 30.03,3,3006809050,Waste pharmaceuticals of the goods of heading 30.05,0.9804,,,swapped term,no
3006809030,1,imports,200501,7134.00,Waste pharmaceuticals of the goods of heading 30.03,4,3006809060,Waste pharmaceuticals of the goods of heading 30.06,0.9804,,,swapped term,no
3006809030,1,imports,200501,7134.00,Waste pharmaceuticals of the goods of heading 30.03,5,3006809043,Waste pharmaceuticals of the goods of subheading 3004.90,0.9346,,,,no
3006809030,1,imports,200501,7134.00,Waste pharmaceuticals of the goods of heading 30.03,6,3006809041,Waste pharmaceuticals of the goods of subheadings 3004.10 to 3004.39,0.8571,,,,no
3006809030,1,imports,200501,7134.00,Waste pharmaceuticals of the goods of heading 30.03,7,3006809042,Waste pharmaceuticals of the goods of subheadings 3004.40 or 3004.50,0.8571,,,,no
3006809030,1,imports,200501,7134.00,Waste pharmaceuticals of the goods of heading 30.03,8,3006801900,"Waste of gel prep f human/vet med as lub f pts of body f oper/examin,etc,nes",0.4567,,,,no
3006809030,1,imports,200501,7134.00,Waste pharmaceuticals of the goods of heading 30.03,9,3006801100,"Waste pharm,chem/biolog prep,incl kit w ancill mat f med diag;f insem anml semen",0.4122,,,,no
3006809041,1,imports,200610,171.00,Waste pharmaceuticals of the goods of subheadings 3004.10 to 3004.39,1,3006809050,Waste pharmaceuticals of the goods of heading 30.05,0.8235,,,,no
3006809041,1,imports,200610,171.00,Waste pharmaceuticals of the goods of subheadings 3004.10 to 3004.39,2,3006809060,Waste pharmaceuticals of the goods of heading 30.06,0.8235,,,,no
3006809041,1,imports,200610,171.00,Waste pharmaceuticals of the goods of subheadings 3004.10 to 3004.39,3,3006801900,"Waste of gel prep f human/vet med as lub f pts of body f oper/examin,etc,nes",0.3889,,,,no
3006809041,1,imports,200610,171.00,Waste pharmaceuticals of the goods of subheadings 3004.10 to 3004.39,4,3006801100,"Waste pharm,chem/biolog prep,incl kit w ancill mat f med diag;f insem anml semen",0.3784,,,,no
3006809042,1,imports,200604,86732.00,Waste pharmaceuticals of the goods of subheadings 3004.40 or 3004.50,1,3006809041,Waste pharmaceuticals of the goods of subheadings 3004.10 to 3004.39,0.9412,,,swapped term,no
3006809042,1,imports,200604,86732.00,Waste pharmaceuticals of the goods of subheadings 3004.40 or 3004.50,2,3006809050,Waste pharmaceuticals of the goods of heading 30.05,0.8403,,,,no
3006809042,1,imports,200604,86732.00,Waste pharmaceuticals of the goods of subheadings 3004.40 or 3004.50,3,3006809060,Waste pharmaceuticals of the goods of heading 30.06,0.8235,,,,no
3006809042,1,imports,200604,86732.00,Waste pharmaceuticals of the goods of subheadings 3004.40 or 3004.50,4,3006801900,"Waste of gel prep f human/vet med as lub f pts of body f oper/examin,etc,nes",0.3889,,,,no
3006809042,1,imports,200604,86732.00,Waste pharmaceuticals of the goods of subheadings 3004.40 or 3004.50,5,3006801100,"Waste pharm,chem/biolog prep,incl kit w ancill mat f med diag;f insem anml semen",0.3784,,,,no
3006809043,1,imports,200508,36718.00,Waste pharmaceuticals of the goods of subheading 3004.90,1,3006809010,Waste pharmaceuticals of the goods of heading 30.01,0.9159,,,,no
3006809043,1,imports,200508,36718.00,Waste pharmaceuticals of the goods of subheading 3004.90,2,3006809020,Waste pharmaceuticals of the goods of heading 30.02,0.9159,,,,no
3006809043,1,imports,200508,36718.00,Waste pharmaceuticals of the goods of subheading 3004.90,3,3006809050,Waste pharmaceuticals of the goods of heading 30.05,0.9159,,,,no
3006809043,1,imports,200508,36718.00,Waste pharmaceuticals of the goods of subheading 3004.90,4,3006809060,Waste pharmaceuticals of the goods of heading 30.06,0.9159,,,,no
3006809043,1,imports,200508,36718.00,Waste pharmaceuticals of the goods of subheading 3004.90,5,3006809041,Waste pharmaceuticals of the goods of subheadings 3004.10 to 3004.39,0.8871,,,swapped term,no
3006809043,1,imports,200508,36718.00,Waste pharmaceuticals of the goods of subheading 3004.90,6,3006809042,Waste pharmaceuticals of the goods of subheadings 3004.40 or 3004.50,0.8871,,,swapped term,no
3006809043,1,imports,200508,36718.00,Waste pharmaceuticals of the goods of subheading 3004.90,7,3006801900,"Waste of gel prep f human/vet med as lub f pts of body f oper/examin,etc,nes",0.4394,,,,no
3006809043,1,imports,200508,36718.00,Waste pharmaceuticals of the goods of subheading 3004.90,8,3006801100,"Waste pharm,chem/biolog prep,incl kit w ancill mat f med diag;f insem anml semen",0.3971,,,,no
3006809050,1,imports,200612,8220.00,Waste pharmaceuticals of the goods of heading 30.05,1,3006920000,"Waste pharmaceuticals, nes",0.6316,,,,no
3006809060,1,imports,200612,259506.00,Waste pharmaceuticals of the goods of heading 30.06,1,3006920000,"Waste pharmaceuticals, nes",0.6316,,,,no
