link_id,row,verdict,why,retiring_code,retiring_description,retiring_last_traded,proposed_successor,proposed_successor_description,proposed_successor_traded,proposed_successor_wording_match,second_alternative,second_alternative_description,second_alternative_traded,second_alternative_wording_match,how_they_relate,how_the_second_relates,what_this_points_to,check_this_again,decision,correct_successor_if_rejected,reason,decided_by,decided_on
imports:3004.32.00.89:2001-12,1,ANALYST - a candidate is shown but NOT recommended,"SAME FRAME, DIFFERENT TERM: adrenal cortical hormone against hydrocortisone. The wording match is scoring the boilerplate these two share, not the word that says what the goods are.",3004.32.00.89,"Adrenal cortical hormones, nes, for human use, in dosage",2001-12,3004.32.00.11,"Hydrocortisone, for human use, in dosage",2002-01 to 2011-12,0.7473,3004.32.00.19,"Medicaments containing corticosteroid hormones, for human use, nes",2002-01 to 2011-12,0.6325,"same class (asserted, no source)","same class (asserted, no source)",ACCEPT is defensible: both are the same kind of medicine. Confirm that adrenal cortical hormone and hydrocortisone name the same goods.,"this one was decided and the method still does not recommend the proposal; the reason is in the why column THE PROPOSAL MAY INVERT THIS LINE'S MEANING: 3004.32.00.89 is a leftover line, and 3004.32.00.81 named hydrocortisone beside it while it traded, so this line was the goods that are NOT that. The proposal turns on hydrocortisone. Flagged, not removed.",reject,3004.32.00.19,"REJECT, successor 3004.32.00.19, 2026-08-14. THIS REVERSES THE EARLIER ACCEPT ONTO 3004.32.00.11, WHICH CARRIED NO REASON. The 2002 renumbering of the block moved each line to its counterpart: .81 hydrocortisone to .11 hydrocortisone, and .90 veterinary to .20 veterinary. The retiring line is the residual, .89 'Adrenal cortical hormones, nes', so it goes to the residual, .19 'Medicaments containing corticosteroid hormones, for human use, nes', which begins 2002-01, the month after .89 ends, and carries CAD 578,742,262 against the hydrocortisone line's CAD 30,740,274. Sending a residual to a line carved out of it is the same defect as row 210.",analysts,2026-08-14
exports:3004.90.10:1988-12,2,CONFIRM - the evidence supports this link,,3004.90.10,"Medicaments nes, in dosage, for human use",1988-12,3004.90.00,"Medicaments nes, in dosage",1989-01 to 2017-12,0.7812,,,,,unknown,,,,accept,,,analysts,2026-08-11
imports:3004.90.99.40:1989-12,3,CONFIRM - the evidence supports this link,,3004.90.99.40,"Anti-infective agents, for human use, in dosage",1989-12,3004.90.99.49,"Anti-infective agents, for human use, in dosage, nes",1990-01 to 1997-12,0.9574,,,,,its own leftover line (from the tariff structure),,,,accept,,,analysts,2026-08-11
imports:3004.90.10.90:1997-12,4,CONFIRM - the evidence supports this link,,3004.90.10.90,"Mx of amino acids & protein hydrolysates, etc, in dosage",1997-12,3004.90.00.19,"Mx of amino acids & protein hydrolysates, etc, in dosage, nes",1998-01 to 2026-06,0.9630,,,,,a catch-all line that may cover it (read off the successor's own wording),,,,accept,,,analysts,2026-08-11
imports:3004.32.00.90:2001-12,5,ANALYST - a candidate is shown but NOT recommended,"SAME FRAME, DIFFERENT TERM: adrenal cortical against corticosteriod. The wording match is scoring the boilerplate these two share, not the word that says what the goods are.",3004.32.00.90,"Adrenal cortical hormones, for vet use, in dosage",2001-12,3004.32.00.20,"Corticosteriod hormones, for veterinary use, in dosage",2002-01 to 2011-12,0.7475,,"no other candidate passes the rules; every one either swaps the term that carries the meaning, shares nothing with this description, or stops trading within two years of it",,,"same class (asserted, no source)",,ACCEPT is defensible: both are the same kind of medicine. Confirm that adrenal cortical and corticosteriod name the same goods.,this one was decided and the method still does not recommend the proposal; the reason is in the why column,accept,,,analysts,2026-08-12
imports:3002.90.10.10:1996-12,6,CONFIRM - the evidence supports this link,,3002.90.10.10,"Toxins, toxoids, antitoxins, viruses, bacteriophage and bacterial lysates",1996-12,3002.90.00.19,"Toxins, toxoids, antitoxins, viruses, bacteriophage and bacterial lysates, nes",1998-01 to 2016-12,0.9718,,,,,its own leftover line (from the tariff structure),,,,accept,,,analysts,2026-08-11
imports:3004.10.00.14:1991-12,7,CONFIRM - the evidence supports this link,,3004.10.00.14,"Amoxycillin for human use, in dosage",1991-12,3004.10.00.13,"Amoxycillin for human use, in dosage",1988-01 to 2011-12,1.0000,,,,,the same commodity under a new number (the two descriptions match),,,,accept,,,analysts,2026-08-12
exports:3004.20.10:1988-12,8,CONFIRM - the evidence supports this link,,3004.20.10,"Antibiotics nes, in dosage, for human use",1988-12,3004.20.00,"Antibiotics nes, in dosage",1989-01 to 2026-06,0.7812,,,,,unknown,,,,accept,,,analysts,2026-08-11
exports:3004.39.10:1988-12,9,CONFIRM - the evidence supports this link,,3004.39.10,"Hormones nes, not containing antibiotics, in dosage,o/t contraceptive,human use",1988-12,3004.39.00,"Hormones nes, not containing antibiotics, in dosage,o/t contraceptive",1989-01 to 2026-06,0.9306,,,,,unknown,,,,accept,,,analysts,2026-08-11
exports:3004.90.20:1988-12,10,CONFIRM - the evidence supports this link,,3004.90.20,"Medicaments nes, in dosage, for veterinary use",1988-12,3004.90.00,"Medicaments nes, in dosage",1989-01 to 2017-12,0.7246,,,,,unknown,,,,accept,,,analysts,2026-08-11
imports:3004.40.90.20:1997-07,11,ANALYST - a candidate is shown but NOT recommended,"SAME FRAME, DIFFERENT TERM: quinidine sulphate against vincristine. The wording match is scoring the boilerplate these two share, not the word that says what the goods are.",3004.40.90.20,"Quinidine sulphate, for human use, in dosage",1997-07,3004.40.00.20,"Vincristine, for human use, in dosage",1998-01 to 2011-12,0.7792,3004.40.00.80,"Narcotic veg alkaloids or their narc derivs, nes, for human use, in dosage",1998-01 to 2011-12,0.5487,"different class (asserted, no source)",a catch-all line that may cover it (read off the alternative's own wording),"NOT the proposal: it is a different kind of medicine. Neither code offered is this one's own family line, so weigh both.",this one was decided and the method still does not recommend the proposal; the reason is in the why column,reject,3004.40.00.90,"Quinidine is a cinchona alkaloid and non-narcotic, so it belongs to the non-narcotic leftover line and not the narcotic one. The receiving block ends in two leftovers, 3004.40.00.80 for other narcotic vegetable alkaloids and 3004.40.00.90 for other non-narcotic, and the code carries stated_termination 199712, so the 1998 numbering is what receives it. 3004.40.00.90 is candidate 13 at 0.5299 and no meaning rule removed it. The proposal, Vincristine, is a named antineoplastic and a different medicine; its 0.7792 match is the shared frame 'for human use, in dosage'. The second alternative the sheet offers, 3004.40.00.80, is the wrong side of the narcotic split.",analysts,2026-08-12
exports:3004.10.10:1988-12,12,CONFIRM - the evidence supports this link,,3004.10.10,"Penicillins or streptomycins and their derivatives,in dosage,for human use",1988-12,3004.10.00,"Penicillins or streptomycins and their derivatives, in dosage",1989-01 to 2026-06,0.8955,,,,,unknown,,,,accept,,,analysts,2026-08-11
imports:3004.32.90.12:1997-06,13,ANALYST - a candidate is shown but NOT recommended,"SAME FRAME, DIFFERENT TERM: betamethasone against hydrocortisone. The wording match is scoring the boilerplate these two share, not the word that says what the goods are.",3004.32.90.12,"Betamethasone, for human use, in dosage",1997-06,3004.32.00.81,"Hydrocortisone, for human use, in dosage",1998-01 to 2001-12,0.7733,3004.32.00.89,"Adrenal cortical hormones, nes, for human use, in dosage",1998-01 to 2001-12,0.6889,"same class (asserted, no source)",its own leftover line (from the tariff structure),"SECOND. The alternative is this code's own family line, which is where a closing line usually goes.",this one was decided and the method still does not recommend the proposal; the reason is in the why column,second,,,analysts,2026-08-12
imports:3004.20.00.52:1996-11,14,ANALYST - a candidate is shown but NOT recommended,"SAME FRAME, DIFFERENT TERM: polymyxin against vancomycin. The wording match is scoring the boilerplate these two share, not the word that says what the goods are.",3004.20.00.52,"Polymyxins, for human use, in dosage",1996-11,3004.20.00.63,"Vancomycin, for human use, in dosage",1988-01 to 2011-12,0.8529,3004.20.00.69,"Antibiotics, nes, for human use, in dosage",1988-01 to 2011-12,0.7671,different family (from the tariff structure),a catch-all line that may cover it (read off the alternative's own wording),"NOT the proposal: it is a different family. Neither code offered is this one's own family line, so weigh both.",this one was decided and the method still does not recommend the proposal; the reason is in the why column,second,,,analysts,2026-08-12
exports:3004.10.20:1988-12,15,CONFIRM - the evidence supports this link,,3004.10.20,"Penicillins or streptomycins and their derivatives,in dosage,for vet use",1988-12,3004.10.00,"Penicillins or streptomycins and their derivatives, in dosage",1989-01 to 2026-06,0.9091,,,,,unknown,,,,accept,,,analysts,2026-08-11
exports:3004.20.20:1988-12,16,CONFIRM - the evidence supports this link,,3004.20.20,"Antibiotics nes, in dosage, for veterinary use",1988-12,3004.20.00,"Antibiotics nes, in dosage",1989-01 to 2026-06,0.7246,,,,,unknown,,,,accept,,,analysts,2026-08-11
imports:3004.20.00.64:1991-12,17,ANALYST - a candidate is shown but NOT recommended,"SAME FRAME, DIFFERENT TERM: lincomycin against vancomycin. The wording match is scoring the boilerplate these two share, not the word that says what the goods are.",3004.20.00.64,"Lincomycin, for human use, in dosage",1991-12,3004.20.00.63,"Vancomycin, for human use, in dosage",1988-01 to 2011-12,0.9412,3004.20.00.69,"Antibiotics, nes, for human use, in dosage",1988-01 to 2011-12,0.7123,same family (from the tariff structure),its own leftover line (from the tariff structure),"SECOND. The alternative is this code's own family line, which is where a closing line usually goes.",this one was decided and the method still does not recommend the proposal; the reason is in the why column,second,,,analysts,2026-08-12
exports:3004.43.00:2022-03,18,DO NOT DECIDE - the record does not call this a retirement,"SAME FRAME, DIFFERENT TERM: norephedrine against ephedrin. The wording match is scoring the boilerplate these two share, not the word that says what the goods are.",3004.43.00,"Medi,cont norephedrine/salts,therap/prophltc,in doses/frs,o/t No 30.02/05/06",2022-03,3004.41.00,"Medicaments,cont ephedrin/salts,therap/prophltc,in doses/frs,o/t No 30.02/05/06",2017-01 to 2026-05,0.9290,,,,,"same class (asserted, no source)",,,this one was decided and it is now HELD (the record does not call this a retirement). The hold is not a disagreement with the answer; it says the official record has not been read yet and may overturn it,reject,none,"The line was not withdrawn, so there is no successor to name. 3004.43.00 stands in Canada's published tariff across all nine vintages from 2017 to 2025, continuously, and carries no stated_termination. What stopped in 2022-03 is the export flow, CAD 486,838 across 7 months. The proposal reached the sheet through a gap in rule coverage: the closest candidate, 3004.42.00 pseudoephedrine at 0.9548, was disqualified by the stimulant rule, and 3004.41.00 ephedrine at 0.9290 was not, because the active rule names pseudoephedrine against norephedrine only and does not mention ephedrine on either side. Norephedrine and ephedrine are distinct controlled precursors with their own tariff lines, and neither succeeds the other while both exist.",analysts,2026-08-13
exports:3004.39.20:1988-12,19,CONFIRM - the evidence supports this link,,3004.39.20,"Hormones nes, not containing antibiotics, in dosage,o/t contraceptive,vet use",1988-12,3004.39.00,"Hormones nes, not containing antibiotics, in dosage,o/t contraceptive",1989-01 to 2026-06,0.9437,,,,,unknown,,,,accept,,,analysts,2026-08-11
imports:3004.40.90.60:1994-03,20,ANALYST - a candidate is shown but NOT recommended,"SAME FRAME, DIFFERENT TERM: cocaine against morphine. The wording match is scoring the boilerplate these two share, not the word that says what the goods are.",3004.40.90.60,"Cocaine or its derivs, for human use, in dosage",1994-03,3004.40.90.50,"Morphine or its derivs, for human use, in dosage",1988-01 to 1997-12,0.9231,3004.40.90.19,"Codeine or its derivs nes, for human use, in dosage",1988-01 to 1997-12,0.9149,"different class (asserted, no source)",a catch-all line that may cover it (read off the alternative's own wording),"NOT the proposal: it is a different kind of medicine. Neither code offered is this one's own family line, so weigh both.",this one was decided and the method still does not recommend the proposal; the reason is in the why column,reject,3004.40.90.80,"Cocaine is a coca alkaloid and narcotic, so it belongs to the narcotic leftover line rather than the non-narcotic one, which is the opposite side from row 11. The named line in the 1998 numbering is 3004.40.00.80, but on this row that code carries a continuity veto: the row is framed at the last trading month of 1994-03 while the code was not withdrawn until 199712, and the 1998 numbering did not exist in 1994. 3004.40.90.80 is the same line under the numbering that was live then, candidate 7 at 0.7069 with no veto, and it chains into 3004.40.00.80 at the 1998 boundary. The proposal, Morphine, is a different narcotic and its 0.9231 match is the shared frame.",analysts,2026-08-12
imports:3004.20.00.66:1991-01,21,ANALYST - a candidate is shown but NOT recommended,"SAME FRAME, DIFFERENT TERM: spectinomycin against lincomycin. The wording match is scoring the boilerplate these two share, not the word that says what the goods are.",3004.20.00.66,"Spectinomycin, for human use, in dosage",1991-01,3004.20.00.64,"Lincomycin, for human use, in dosage",1988-01 to 1991-12,0.9014,3004.20.00.69,"Antibiotics, nes, for human use, in dosage",1988-01 to 2011-12,0.7105,same family (from the tariff structure),its own leftover line (from the tariff structure),"SECOND. The alternative is this code's own family line, which is where a closing line usually goes.","this was decided while it proposed 3004.20.00.31; it now proposes 3004.20.00.64, Lincomycin, for human use, in dosage",second,,,analysts,2026-08-12
imports:3004.90.99.93:1991-06,22,ANALYST - a candidate is shown but NOT recommended,"SAME FRAME, DIFFERENT TERM: tranquilizer against anaesthetic. The wording match is scoring the boilerplate these two share, not the word that says what the goods are.",3004.90.99.93,"Tranquilizers, for veterinary use, in dosage",1991-06,3004.90.99.91,"Anaesthetic, for veterinary use, in dosage",1988-01 to 1997-12,0.7805,3004.90.99.99,"Medicaments nes, for veterinary use, in dosage",1988-01 to 1997-12,0.7674,"different class (asserted, no source)",its own leftover line (from the tariff structure),"SECOND. The alternative is this code's own family line, which is where a closing line usually goes.",this one was decided and the method still does not recommend the proposal; the reason is in the why column,second,,,analysts,2026-08-12
imports:3004.20.00.65:1989-04,23,CONFIRM - the evidence supports this link,,3004.20.00.65,"Lincomycin, for human use, in dosage",1989-04,3004.20.00.64,"Lincomycin, for human use, in dosage",1988-01 to 1991-12,1.0000,,,,,the same commodity under a new number (the two descriptions match),,,,accept,,"ACCEPT 3004.20.00.64, 2026-08-16. THIS REPLACES THE `second` RULING OF 2026-08-12, which was taken against a different proposal and is not withdrawn lightly. That ruling preferred the second alternative over 3004.20.00.63; correcting the era a candidate is read in withdrew that alternative and put 3004.20.00.64 in the proposal's place. 3004.20.00.64 carries this line's own wording word for word, 'Lincomycin, for human use, in dosage'. The earlier evidence hid it: the candidate was scored against a life that had already closed by the month the record ends this classification, which is finding 106 and the same class as M4, M6 and the 2026-08-11 concordance defect. Nothing about the goods changed. What changed is that the sheet now shows the wording the score was computed on, and on that wording the proposal is an exact match.",analysts,2026-08-16
imports:3004.40.90.11:1996-12,24,ANALYST - a candidate is shown but NOT recommended,"SAME FRAME, DIFFERENT TERM: codeine phosphate against quinidine sulphate. The wording match is scoring the boilerplate these two share, not the word that says what the goods are.",3004.40.90.11,"Codeine phosphate, for human use, in dosage",1996-12,3004.40.90.20,"Quinidine sulphate, for human use, in dosage",1988-02 to 1997-07,0.8434,3004.40.00.80,"Narcotic veg alkaloids or their narc derivs, nes, for human use, in dosage",1998-01 to 2011-12,0.5714,different family (from the tariff structure),its own leftover line (from the tariff structure),"SECOND. The alternative is this code's own family line, which is where a closing line usually goes.",this one was decided and the method still does not recommend the proposal; the reason is in the why column,second,,,analysts,2026-08-12
imports:3006.80.90.42:2006-04,25,ANALYST - a candidate is shown but NOT recommended,"SAME FRAME, DIFFERENT TERM: 40 50 against 10 39. The wording match is scoring the boilerplate these two share, not the word that says what the goods are.",3006.80.90.42,Waste pharmaceuticals of the goods of subheadings 3004.40 or 3004.50,2006-04,3006.80.90.41,Waste pharmaceuticals of the goods of subheadings 3004.10 to 3004.39,2003-06 to 2006-10,0.9412,3006.92.00.00,"Waste pharmaceuticals, nes",2007-01 to 2026-06,0.5161,"different class (asserted, no source)",its own leftover line (from the tariff structure),"THE OFFICIAL RECORD NARROWED THIS ROW: the WCO 2002 to 2007 correlation sends this subheading to 300692, which no candidate trades under. The proposal rests on the correlation table and not on wording alone. The tables map six digits to six digits, so the record chose the SUBHEADING; the statistical line beneath it is still the analyst's. SECOND. The alternative is this code's own family line, which is where a closing line usually goes.",this one was decided and the method still does not recommend the proposal; the reason is in the why column,second,,,analysts,2026-08-12
imports:3002.10.29.20:1991-04,26,CONFIRM - the evidence supports this link,,3002.10.29.20,"Blood fractions, nes, for use in animals",1991-04,3002.10.29.90,"Blood fractions, nes",1988-01 to 1997-12,0.6667,,,,,unknown,,,,accept,,,analysts,2026-08-12
imports:3006.80.90.30:2005-01,27,ANALYST - a candidate is shown but NOT recommended,"SAME FRAME, DIFFERENT TERM: 03 against 01. The wording match is scoring the boilerplate these two share, not the word that says what the goods are.",3006.80.90.30,Waste pharmaceuticals of the goods of heading 30.03,2005-01,3006.80.90.10,Waste pharmaceuticals of the goods of heading 30.01,2002-01 to 2005-10,0.9804,3006.92.00.00,"Waste pharmaceuticals, nes",2007-01 to 2026-06,0.6316,"same class (asserted, no source)",its own leftover line (from the tariff structure),"THE OFFICIAL RECORD NARROWED THIS ROW: the WCO 2002 to 2007 correlation sends this subheading to 300692, which no candidate trades under. The proposal rests on the correlation table and not on wording alone. The tables map six digits to six digits, so the record chose the SUBHEADING; the statistical line beneath it is still the analyst's. SECOND. The alternative is this code's own family line, which is where a closing line usually goes.",this one was decided and the method still does not recommend the proposal; the reason is in the why column,reject,3006.92.00.00,"The code was withdrawn, and its successor is the 2007 collapse of the block. Canada retired every line of 3006.80 at the 2006 to 2007 boundary, 3006.80.90.10 through .60 together with 3006.80.11.00 and 3006.80.19.00, and created 3006.92.00.00, Waste pharmaceuticals, at the same boundary. This code carries stated_termination 200612. The proposal, 3006.80.90.10, waste of heading 30.01, is a sibling withdrawn on the same day, so it can never have received the trade; it reached the sheet because the retirement was framed at the last trading month, 2005-01, when that sibling was still alive. The successor aggregates: the 2007 line does not record which heading the waste came from, so ten lines become one and that granularity ends here.",analysts,2026-08-13
imports:3004.20.00.42:1990-07,28,ANALYST - a candidate is shown but NOT recommended,"SAME FRAME, DIFFERENT TERM: kanamycin against gentamycin. The wording match is scoring the boilerplate these two share, not the word that says what the goods are.",3004.20.00.42,"Kanamycins, for human use, in dosage",1990-07,3004.20.00.41,"Gentamycins, for human use, in dosage",1988-01 to 2011-12,0.9275,3004.20.00.49,"Aminoglycoside antibiotics, nes, for human use, in dosage",1988-01 to 2011-12,0.6591,same family (from the tariff structure),its own leftover line (from the tariff structure),"SECOND. The alternative is this code's own family line, which is where a closing line usually goes.",this one was decided and the method still does not recommend the proposal; the reason is in the why column,second,,,analysts,2026-08-12
imports:3006.80.90.20:2005-11,29,ANALYST - a candidate is shown but NOT recommended,"SAME FRAME, DIFFERENT TERM: 02 against 05. The wording match is scoring the boilerplate these two share, not the word that says what the goods are.",3006.80.90.20,Waste pharmaceuticals of the goods of heading 30.02,2005-11,3006.80.90.50,Waste pharmaceuticals of the goods of heading 30.05,2002-04 to 2006-12,0.9804,3006.92.00.00,"Waste pharmaceuticals, nes",2007-01 to 2026-06,0.6316,"same class (asserted, no source)",its own leftover line (from the tariff structure),"THE OFFICIAL RECORD NARROWED THIS ROW: the WCO 2002 to 2007 correlation sends this subheading to 300692, which no candidate trades under. The proposal rests on the correlation table and not on wording alone. The tables map six digits to six digits, so the record chose the SUBHEADING; the statistical line beneath it is still the analyst's. SECOND. The alternative is this code's own family line, which is where a closing line usually goes.",this one was decided and the method still does not recommend the proposal; the reason is in the why column,reject,3006.92.00.00,"The code was withdrawn, and its successor is the 2007 collapse of the block. Canada retired every line of 3006.80 at the 2006 to 2007 boundary, 3006.80.90.10 through .60 together with 3006.80.11.00 and 3006.80.19.00, and created 3006.92.00.00, Waste pharmaceuticals, at the same boundary. This code carries stated_termination 200612. The proposal, 3006.80.90.50, waste of heading 30.05, is a sibling withdrawn on the same day, so it can never have received the trade; it reached the sheet because the retirement was framed at the last trading month, 2005-11, when that sibling was still alive. The successor aggregates: the 2007 line does not record which heading the waste came from, so ten lines become one and that granularity ends here.",analysts,2026-08-13
imports:3006.80.90.10:2005-10,30,ANALYST - a candidate is shown but NOT recommended,"SAME FRAME, DIFFERENT TERM: 01 against 02. The wording match is scoring the boilerplate these two share, not the word that says what the goods are.",3006.80.90.10,Waste pharmaceuticals of the goods of heading 30.01,2005-10,3006.80.90.20,Waste pharmaceuticals of the goods of heading 30.02,2004-07 to 2005-11,0.9804,3006.92.00.00,"Waste pharmaceuticals, nes",2007-01 to 2026-06,0.6316,"same class (asserted, no source)",its own leftover line (from the tariff structure),"THE OFFICIAL RECORD NARROWED THIS ROW: the WCO 2002 to 2007 correlation sends this subheading to 300692, which no candidate trades under. The proposal rests on the correlation table and not on wording alone. The tables map six digits to six digits, so the record chose the SUBHEADING; the statistical line beneath it is still the analyst's. SECOND. The alternative is this code's own family line, which is where a closing line usually goes.",this one was decided and the method still does not recommend the proposal; the reason is in the why column,reject,3006.92.00.00,"The code was withdrawn, and its successor is the 2007 collapse of the block. Canada retired every line of 3006.80 at the 2006 to 2007 boundary, 3006.80.90.10 through .60 together with 3006.80.11.00 and 3006.80.19.00, and created 3006.92.00.00, Waste pharmaceuticals, at the same boundary. This code carries stated_termination 200612. The proposal, 3006.80.90.20, waste of heading 30.02, is a sibling withdrawn on the same day, so it can never have received the trade; it reached the sheet because the retirement was framed at the last trading month, 2005-10, when that sibling was still alive. The successor aggregates: the 2007 line does not record which heading the waste came from, so ten lines become one and that granularity ends here.",analysts,2026-08-13
imports:3004.32.00.82:2001-11,31,ANALYST - a candidate is shown but NOT recommended,"SAME FRAME, DIFFERENT TERM: betamethasone against hydrocortisone. The wording match is scoring the boilerplate these two share, not the word that says what the goods are.",3004.32.00.82,"Betamethasone, for human use, in dosage",2001-11,3004.32.00.11,"Hydrocortisone, for human use, in dosage",2002-01 to 2011-12,0.7733,3004.32.00.19,"Medicaments containing corticosteroid hormones, for human use, nes",2002-01 to 2011-12,0.5149,"same class (asserted, no source)",its own leftover line (from the tariff structure),"SECOND. The alternative is this code's own family line, which is where a closing line usually goes.",this one was decided and the method still does not recommend the proposal; the reason is in the why column,accept,,,analysts,2026-08-12
exports:3002.90.10:1988-12,32,CONFIRM - the evidence supports this link,,3002.90.10,"Human blood;animal blood for therap,prophtc/diag use; microbial prep,human use",1988-12,3002.90.00,"Human blood;animal blood for therap,prophtc or diag uses; microbial prep nes",1989-01 to 1996-12,0.9211,,,,,a catch-all line that may cover it (read off the successor's own wording),,,,accept,,,analysts,2026-08-11
exports:3004.50.10:1988-12,33,CONFIRM - the evidence supports this link,,3004.50.10,"Vitamins and their derivatives,in dosage for human use",1988-12,3004.50.00,"Vitamins and their derivatives,in dosage",1989-01 to 2026-06,0.8511,,,,,unknown,,,,accept,,,analysts,2026-08-12
imports:3003.40.90.00:1997-12,34,CONFIRM - the evidence supports this link,,3003.40.90.00,"Alkaloids or their derivs, formltd, not cont antibiotics or horm, in bulk, nes",1997-12,3003.40.00.00,"Alkaloids or their derivs, formulated, not cont antibiotics/hormones, in bulk",1998-01 to 2016-12,0.9054,,,,,unknown,,,,accept,,,analysts,2026-08-11
exports:3002.90.20:1988-12,35,CONFIRM - the evidence supports this link,,3002.90.20,"Human blood;animal blood for therap,prophtc/diag use;microbial prep nes,vet use",1988-12,3002.90.00,"Human blood;animal blood for therap,prophtc or diag uses; microbial prep nes",1989-01 to 1996-12,0.9221,,,,,unknown,,,,accept,,,analysts,2026-08-11
imports:3006.80.90.43:2005-08,36,ANALYST - a candidate is shown but NOT recommended,"the code proposed here stops trading 2 months after the one it would replace, so the two ended in the same restructuring and neither received the other's trade. Following the chain, the trade appears to end at 3006.92.00.00.",3006.80.90.43,Waste pharmaceuticals of the goods of subheading 3004.90,2005-08,3006.80.90.10,Waste pharmaceuticals of the goods of heading 30.01,2002-01 to 2005-10,0.9159,3006.92.00.00,"Waste pharmaceuticals, nes",2007-01 to 2026-06,0.5926,"different class (asserted, no source)",its own leftover line (from the tariff structure),"THE OFFICIAL RECORD NARROWED THIS ROW: the WCO 2002 to 2007 correlation sends this subheading to 300692, which no candidate trades under. The proposal rests on the correlation table and not on wording alone. The tables map six digits to six digits, so the record chose the SUBHEADING; the statistical line beneath it is still the analyst's. SECOND. The alternative is this code's own family line, which is where a closing line usually goes.",this one was decided and the method still does not recommend the proposal; the reason is in the why column,reject,3006.92.00.00,"The code was withdrawn, and its successor is the 2007 collapse of the block. Canada retired every line of 3006.80 at the 2006 to 2007 boundary, 3006.80.90.10 through .60 together with 3006.80.11.00 and 3006.80.19.00, and created 3006.92.00.00, Waste pharmaceuticals, at the same boundary. This code carries stated_termination 200612. The proposal, 3006.80.90.10, waste of heading 30.01, is a sibling withdrawn on the same day, so it can never have received the trade; it reached the sheet because the retirement was framed at the last trading month, 2005-08, when that sibling was still alive. The successor aggregates: the 2007 line does not record which heading the waste came from, so ten lines become one and that granularity ends here.",analysts,2026-08-13
exports:3003.41.00:2020-09,37,DO NOT DECIDE - the record does not call this a retirement,,3003.41.00,"Medicaments,cont ephedrin/salts,mix,therap/prophltc uses,nfrs,o/t No 30.02/05/06",2020-09,3003.42.00,"Medicaments,cont pseudoephedrine/sa,mix,therap/prophltc,nfrs,o/t No 30.02/05/06",2019-05 to 2024-09,0.9057,,,,,"same class (asserted, no source)",,,this one was decided and it is now HELD (the record does not call this a retirement). The hold is not a disagreement with the answer; it says the official record has not been read yet and may overturn it,reject,none,"The line was not withdrawn, so there is no successor to name. 3003.41.00 stands in the tariff across all nine vintages from 2017 to 2025 and carries no stated_termination. It traded in exactly one month, 2020-09, for CAD 16,605, which is a single shipment rather than a retirement. The proposal, pseudoephedrine, is a different controlled precursor with its own live line at 3003.42.00. The stimulant rule separates pseudoephedrine from norephedrine only and names ephedrine on neither side, so nothing stopped the swap. The delivery writes this code as 'ephedrin', which is why the rule's own note concluded the term was absent.",analysts,2026-08-13
imports:3003.42.00.00:2024-01,38,DO NOT DECIDE - the record does not call this a retirement,,3003.42.00.00,"Medicaments,cont pseudoephedrine/sa,mix,therap/prophltc,nfrs,o/t No 30.02/05/06",2024-01,3003.41.00.00,"Medicaments,cont ephedrin/salts,mix,therap/prophltc uses,nfrs,o/t No 30.02/05/06",2017-06 to 2026-05,0.9057,,,,,"same class (asserted, no source)",,,this one was decided and it is now HELD (the record does not call this a retirement). The hold is not a disagreement with the answer; it says the official record has not been read yet and may overturn it,reject,none,"The line was not withdrawn, so there is no successor to name. 3003.42.00.00 stands in Canada's published tariff across all nine vintages from 2017 to 2025, continuously, and carries no stated_termination, while 3003.40 in the same heading was withdrawn after 2016. What stopped in 2024-01 is the import flow, and it was never more than a trickle: CAD 193 in total across 4 months, being 73 in 2022, 99 in 2023 and 21 in 2024. The proposal is the ephedrine line. Pseudoephedrine is a diastereomer of ephedrine and the tariff places them in the same one-dash group, which is why the wording matches at 0.9057, but the two subheadings exist to separate them and pseudoephedrine medicaments cannot be entered under 3003.41. Same class is the cause of the match, not evidence of succession. The subheading-residual rule does not reach this row either: 3003.41 sits inside 3003.42's own group, and tested against Canada's concordances a rule preferring the residual over a sibling contradicts the official record in 14 of 16 cases.",analysts,2026-08-13
imports:3003.90.99.00:1994-12,39,CONFIRM - the evidence supports this link,,3003.90.99.00,"Medicaments, nes, formulated, in bulk",1994-12,3003.90.99.90,"Medicaments nes, formulated, in bulk",1995-01 to 1997-12,1.0000,,,,,unknown,,,,accept,,,analysts,2026-08-12
imports:3002.39.10.00:1995-12,40,ANALYST - a candidate is shown but NOT recommended,"the subheading is gone and nothing left in the chapter shares the meaning, so the goods may have left Chapter 30 entirely",3002.39.10.00,"Vaccines nes, prepared for parenteral admin in animal; bovine intranasal vaccine",1995-12,3002.30.10.00,Vacc agnst foot and mth disse; vacc prepr for parentl admin; bovi intrnsl vacc,1996-01 to 1997-12,0.6364,3002.42.00.10,Vaccines agnst foot and mth disse;vacc prepr for parentl admin;bovi intrnsl vacc,2022-01 to 2026-06,0.6709,"same class (asserted, no source)",unknown [REMOVED ON continuity],ACCEPT is defensible: both are the same kind of medicine.,this one was decided and the method still does not recommend the proposal; the reason is in the why column,accept,,,analysts,2026-08-12
imports:3002.39.90.00:1995-12,41,ANALYST - a candidate is shown but NOT recommended,"the code proposed here stops trading 24 months after the one it would replace, so the two ended in the same restructuring and neither received the other's trade. Following the chain, the trade appears to end at 3002.42.00.90.",3002.39.90.00,"Vaccines, veterinary use, nes",1995-12,3002.30.90.00,"Vaccines, veterinary use, nes",1996-01 to 1997-12,1.0000,3002.42.00.90,"Vaccines, veterinary use, nes",2022-01 to 2026-06,1.0000,the same commodity under a new number (the two descriptions match),the same commodity under a new number (the two descriptions match) [REMOVED ON continuity],"ACCEPT: the wording is identical, so this is the same commodity under a new number.",this one was decided and the method still does not recommend the proposal; the reason is in the why column,accept,,,analysts,2026-08-12
imports:3004.32.90.11:1997-12,42,CONFIRM - the evidence supports this link,,3004.32.90.11,"Hydrocortisone, for human use, in dosage",1997-12,3004.32.00.81,"Hydrocortisone, for human use, in dosage",1998-01 to 2001-12,1.0000,,,,,the same commodity under a new number (the two descriptions match),,,,accept,,,analysts,2026-08-12
imports:3004.50.99.22:1989-12,43,CONFIRM - the evidence supports this link,,3004.50.99.22,"Multivitamins not mixed with o supplements, for human use, in dosage",1989-12,3004.50.99.30,"Multivitamins not mixed with o supplements, for human use, in dosage",1990-01 to 1997-12,1.0000,,,,,the same commodity under a new number (the two descriptions match),,,,accept,,,analysts,2026-08-12
imports:3004.50.99.29:1989-12,44,CONFIRM - the evidence supports this link,,3004.50.99.29,"Multivitamins mixed with other supplements, nes, for human use, in dosage",1989-12,3004.50.99.49,"Multivitamins mixed with other supplements, nes, for human use, in dosage,",1990-01 to 1997-12,1.0000,,,,,unknown,,,,accept,,,analysts,2026-08-12
imports:3003.90.99.10:1997-12,45,CONFIRM - the evidence supports this link,,3003.90.99.10,"Medicaments containing acetaminophen, in bulk",1997-12,3003.90.00.91,"Medicaments containing acetaminophen, in bulk",1998-01 to 2011-12,1.0000,,,,,the same commodity under a new number (the two descriptions match),,,,accept,,,analysts,2026-08-12
imports:3002.90.10.30:1997-12,46,ANALYST - a candidate is shown but NOT recommended,"a candidate exists but its wording is below the 0.50 review threshold, so the method sends it on without a recommendation",3002.90.10.30,Dried blood of human origin,1997-12,3002.90.00.93,Antiallergenic preparations of microbial origin,1998-02 to 2016-12,0.4595,,"no other candidate passes the rules; every one either swaps the term that carries the meaning, shares nothing with this description, or stops trading within two years of it",,,"different family (asserted, no source)",,"REJECT and name a code, or NONE if the goods left the chapter. The proposal is a different family and nothing else here qualifies.",this one was decided and the method still does not recommend the proposal; the reason is in the why column,reject,3002.90.00.99,"There is no dried human blood line in the receiving block, so the goods fall to its leftover. The closest wording, 3002.90.00.30 Dried blood of animal origin at 0.8727, was removed by the origin rule and is correctly gone. The nearest human line is 3002.90.00.92 Whole human blood, and dried blood is not whole blood. That leaves 3002.90.00.99 Other, candidate 5 at 0.3107 with no veto. 3002.90.00.90 carries the same meaning but a continuity veto, so the era-correct residual is the one named. The proposal, Antiallergenic preparations of microbial origin at 0.4595, is a different family and sits below the review threshold.",analysts,2026-08-12
imports:3002.90.90.20:1997-06,47,CONFIRM - the evidence supports this link,,3002.90.90.20,Whole human blood,1997-06,3002.90.00.92,Whole human blood,1998-01 to 2016-12,1.0000,,,,,the same commodity under a new number (the two descriptions match),,,,accept,,,analysts,2026-08-12
imports:3004.50.99.21:1989-12,48,CONFIRM - the evidence supports this link,,3004.50.99.21,"Vitamins-iron preparation, for human use, in dosage",1989-12,3004.50.99.41,"Vitamins-iron preparation, for human use, in dosage",1990-01 to 1997-12,1.0000,,,,,the same commodity under a new number (the two descriptions match),,,,accept,,,analysts,2026-08-12
imports:3002.31.00.00:1995-07,49,CONFIRM - the evidence supports this link,,3002.31.00.00,"Vaccines against foot or mouth disease, veterinary use",1995-07,3002.30.90.00,"Vaccines, veterinary use, nes",1996-01 to 1997-12,0.5750,,,,,"its own leftover line (asserted, no source)",,,,accept,,,analysts,2026-08-12
imports:3003.31.91.00:1990-05,50,ANALYST - a candidate is shown but NOT recommended,"a candidate exists but its wording is below the 0.50 review threshold, so the method sends it on without a recommendation",3003.31.91.00,"Insulin, cont more than 23% of absolute ethyl alcohol by volume, in bulk",1990-05,3003.31.99.00,"Insulin, formulated, in bulk, nes",1988-01 to 1997-12,0.4242,3003.31.00.90,"Insulin, formulated, in bulk, nes",1998-01 to 2011-12,0.4242,a catch-all line that may cover it (read off the successor's own wording),a catch-all line that may cover it (read off the alternative's own wording) [REMOVED ON continuity],"The proposal is a catch-all line, so accepting it aggregates these goods rather than matching them. Judge whether that is where the trade went.",this one was decided and the method still does not recommend the proposal; the reason is in the why column,accept,,,analysts,2026-08-12
imports:3004.90.99.92:1991-06,51,ANALYST - a candidate is shown but NOT recommended,"NOTHING IN COMMON: this names coccidiostats and the proposal names antacids, and neither is a catch-all that could absorb the other. The score comes from shared phrasing.",3004.90.99.92,"Coccidiostats, in dosage",1991-06,3004.90.99.23,"Antacids, for human use, in dosage",1990-01 to 1997-12,0.5455,3004.90.99.99,"Medicaments nes, for veterinary use, in dosage",1988-01 to 1997-12,0.4478,different family (from the tariff structure),its own leftover line (from the tariff structure),"SECOND. The alternative is this code's own family line, which is where a closing line usually goes.",this one was decided and the method still does not recommend the proposal; the reason is in the why column,second,,,analysts,2026-08-12
exports:3004.32.20:1988-11,52,CONFIRM - the evidence supports this link,,3004.32.20,"Adrenal cortical hormones, in dosage, for veterinary use",1988-11,3004.32.00,"Adrenal cortical hormones, not containing antibiotics, in dosage",1989-01 to 2026-06,0.6034,,,,,unknown,,,,accept,,,analysts,2026-08-12
imports:3004.90.99.50:1997-12,53,CONFIRM - the evidence supports this link,,3004.90.99.50,"Haematological agents, for human use, in dosage",1997-12,3004.90.00.71,"Haematological agents, for human use, in dosage",1998-01 to 2026-06,1.0000,,,,,the same commodity under a new number (the two descriptions match),,,,accept,,,analysts,2026-08-12
imports:3004.90.99.83:1997-12,54,CONFIRM - the evidence supports this link,,3004.90.99.83,"Dermatological agents, for human use, in dosage",1997-12,3004.90.00.77,"Dermatological agents, for human use, in dosage",1998-01 to 2026-06,1.0000,,,,,the same commodity under a new number (the two descriptions match),,,,accept,,,analysts,2026-08-12
imports:3004.39.99.10:1997-12,55,CONFIRM - the evidence supports this link,,3004.39.99.10,"Anterior pituitary hormones, for human use, in dosage",1997-12,3004.39.00.81,"Anterior pituitary hormones, for human use, in dosage",1998-01 to 2011-12,1.0000,,,,,the same commodity under a new number (the two descriptions match),,,,accept,,,analysts,2026-08-12
imports:3004.50.99.11:1997-12,56,CONFIRM - the evidence supports this link,,3004.50.99.11,"Vitamin C only, for human use, in dosage",1997-12,3004.50.00.31,"Vitamin C only, for human use, in dosage",1998-01 to 2011-12,1.0000,,,,,the same commodity under a new number (the two descriptions match),,,,accept,,,analysts,2026-08-12
imports:3004.50.99.12:1997-12,57,CONFIRM - the evidence supports this link,,3004.50.99.12,"Vitamin E only, for human use, in dosage",1997-12,3004.50.00.32,"Vitamin E only, for human use, in dosage",1998-01 to 2011-12,1.0000,,,,,the same commodity under a new number (the two descriptions match),,,,accept,,,analysts,2026-08-12
imports:3004.40.90.19:1997-12,58,CONFIRM - the evidence supports this link,,3004.40.90.19,"Codeine or its derivs nes, for human use, in dosage",1997-12,3004.40.00.10,"Codeine or its derivatives, for human use, in dosage",1998-01 to 2011-12,0.9293,,,,,unknown,,,,accept,,,analysts,2026-08-12
exports:3002.30.10:2016-06,59,ANALYST - a candidate is shown but NOT recommended,"NOTHING IN COMMON: this names against, disease, foot, mouth and the proposal names medecine, and neither is a catch-all that could absorb the other. The score comes from shared phrasing.",3002.30.10,"Vaccines against foot or mouth disease, veterinary use",2016-06,3002.30.00,"Vaccines, for veterinary medecine",2017-01 to 2021-12,0.5882,,"no other candidate passes the rules; every one either swaps the term that carries the meaning, shares nothing with this description, or stops trading within two years of it",,,"same class (asserted, no source)",,ACCEPT is defensible: both are the same kind of medicine.,this one was decided and the method still does not recommend the proposal; the reason is in the why column,accept,,,analysts,2026-08-12
exports:3003.60.00:2023-08,60,DO NOT DECIDE - the record does not call this a retirement,,3003.60.00,"Medicaments,cont antimalarial active principles,mixed,nfrs,o/t No 30.02/05/06",2023-08,3003.20.00,"Medicaments,cont antibiotics,nes,mix,for therap/prophltc,nfrs,o/t No 30.02/05/06",1988-01 to 2026-06,0.7261,,,,,a catch-all line that may cover it (read off the successor's own wording),,,this one was decided and it is now HELD (the record does not call this a retirement). The hold is not a disagreement with the answer; it says the official record has not been read yet and may overturn it,reject,none,"The line was not withdrawn, so there is no successor to name. 3003.60.00 carries no stated_termination on either flow, while fifteen Chapter 30 codes around it carry 202112 from the HS2022 revision, and it traded through that boundary on both sides. What stopped in 2023-08 is the domestic export flow, CAD 7,732,509 across 14 months, not the tariff line. Imports were still booked against 3003.60.00.00 to 2025-08, though only CAD 786,374 across 55 months, and that side's own retirement is held undecided at row 207 as too close to the end of the data. The proposal is antibiotics offered for an antimalarial code: its 0.7261 match is the shared boilerplate 'Medicaments, cont ... mixed, nfrs, o/t No 30.02/05/06', which is the failure mode recorded as finding 67. The subheading-residual rule does not reach this row either. 3003.60 is a standalone subheading, so its enclosing residual is 3003.90 and not anything in the alkaloid group, and domestic exports of 3003.90 fell from CAD 128,064,192 in 2023 to CAD 86,253,691 in 2024 rather than absorbing the flow that stopped. The rule applies to codes Canada withdrew: 3003.40 in this same heading, and 3004.40 in heading 3004, carry stated_termination 201612, and 3003.60 carries none.",analysts,2026-08-12
imports:3004.39.99.20:1997-12,61,CONFIRM - the evidence supports this link,,3004.39.99.20,"Posterior pituitary hormones, for human use, in dosage",1997-12,3004.39.00.82,"Posterior pituitary hormones, for human use, in dosage",1998-06 to 2011-12,1.0000,,,,,the same commodity under a new number (the two descriptions match),,,,accept,,,analysts,2026-08-12
imports:3004.39.91.00:1997-09,63,CONFIRM - the evidence supports this link,,3004.39.91.00,"Hormones, nes, cont more than 23% of abs ethy alc by vol, in dosage",1997-09,3004.39.00.85,"Hormones, nes, for human use, in dosage",1998-01 to 2011-12,0.6465,,,,,unknown,,,,accept,,,analysts,2026-08-12
imports:3004.40.10.00:1997-12,64,CONFIRM - the evidence supports this link,,3004.40.10.00,"Alkaloids or their derivs, cont more than 23% of abs ethyl alc by vol, in dosage",1997-12,3004.40.00.80,"Narcotic veg alkaloids or their narc derivs, nes, for human use, in dosage",1998-01 to 2011-12,0.6351,,,,,a catch-all line that may cover it (read off the successor's own wording),,,,accept,,,analysts,2026-08-12
imports:3006.80.90.41:2006-10,65,ANALYST - a candidate is shown but NOT recommended,"the code proposed here stops trading 2 months after the one it would replace, so the two ended in the same restructuring and neither received the other's trade. Following the chain, the trade appears to end at 3006.92.00.00.",3006.80.90.41,Waste pharmaceuticals of the goods of subheadings 3004.10 to 3004.39,2006-10,3006.80.90.50,Waste pharmaceuticals of the goods of heading 30.05,2002-04 to 2006-12,0.8235,3006.92.00.00,"Waste pharmaceuticals, nes",2007-01 to 2026-06,0.5161,"different class (asserted, no source)",its own leftover line (from the tariff structure),"THE OFFICIAL RECORD NARROWED THIS ROW: the WCO 2002 to 2007 correlation sends this subheading to 300692, which no candidate trades under. The proposal rests on the correlation table and not on wording alone. The tables map six digits to six digits, so the record chose the SUBHEADING; the statistical line beneath it is still the analyst's. SECOND. The alternative is this code's own family line, which is where a closing line usually goes.",this one was decided and the method still does not recommend the proposal; the reason is in the why column,second,,,analysts,2026-08-12
imports:3002.90.00.10:2021-12,66,CONFIRM - the evidence supports this link,,3002.90.00.10,"Toxins, toxoids, antitoxins, viruses, bacteriophage and bacterial lysates",2021-12,3002.90.00.20,"Toxoids, antitoxins, viruses, bacteriophage and bacterial lysates",2022-01 to 2026-06,0.9466,,,,,unknown,,,"A LEFTOVER LINE WAS WIDENED AT THIS VERY BOUNDARY: 3002.90.00.90 kept its number across 2021-12 and its published scope gained antisera, cell, culture, etc, vaccines. Wording similarity cannot see that a description CHANGED, so it ranks that line 2. Check whether the goods went there. Flagged, not ranked.",reject,3002.49.00.20,"HS2022 split this line. Five of its six terms kept their wording in 3002.90.00.20, which is why text ranks that line first at 0.9466, but it carries CAD 9 to 18 million a year against this line's 159 to 175 million. Toxins moved to 3002.49.00.20, which runs at 189 million in 2023, 223 million in 2024 and 269 million in 2025 and so continues the series. 2022 is a transition year in which the residual 3002.90.00.90 absorbed both dying lines, 274.9 million lost against 268.3 million gained, so no single year settles this. No official source reaches this boundary. Decided on the trade series. Also corrects Ricin and Saxitoxin, which terminated at a toxoid line.",analysts,2026-08-18
imports:3004.40.00.90:2016-12,67,ANALYST - a candidate is shown but NOT recommended,"the subheading is gone and no wording is close, so the goods may have left Chapter 30 entirely",3004.40.00.90,"Non-narc veg alkaloids or their non-narc derivatives,nes,for human use,in dosage",2016-12,3004.49.00.90,"Medi,cont alkaloids/deriv t/o,nes,therap/prophltc,doses/frs,o/t No 30.02/05/06",2017-01 to 2026-06,0.3924,3004.41.00.00,"Medicaments,cont ephedrin/salts,therap/prophltc,in doses/frs,o/t No 30.02/05/06",2017-01 to 2026-05,0.3145,"same class (asserted, no source)","different class (asserted, no source)",ACCEPT is defensible: both are the same kind of medicine.,this one was decided and the method still does not recommend the proposal; the reason is in the why column,accept,,,analysts,2026-08-12
imports:3002.90.00.50:2021-12,68,ANALYST - a candidate is shown but NOT recommended,"a candidate exists but its wording is below the 0.50 review threshold, so the method sends it on without a recommendation",3002.90.00.50,Micro-organisms cultures,2021-12,3002.49.00.10,"Cultures, of micro-organisms (excluding yeasts) and similar products",2022-01 to 2026-06,0.4719,3002.90.00.90,"Human blood;animal blood therap/diag,etc;antisera,etc;vaccines,etc;cell cult,nes",2017-01 to 2026-06,0.2885,unknown,a catch-all line that may cover it (read off the alternative's own wording),,"this was decided while it proposed 3002.90.00.90; it now proposes 3002.49.00.10, Cultures, of micro-organisms (excluding yeasts) and similar products A LEFTOVER LINE WAS WIDENED AT THIS VERY BOUNDARY: 3002.90.00.90 kept its number across 2021-12 and its published scope gained antisera, cell, culture, etc, vaccines. Wording similarity cannot see that a description CHANGED, so it ranks that line 2. Check whether the goods went there. Flagged, not ranked.",accept,,"3002.49.00.10 Cultures, of micro-organisms (excluding yeasts) and similar products is the HS2022 successor. It was not a candidate until the carve-out rung was added, finding 122: subheading 300290 survived the boundary so the ladder never widened and the receiving line sat among 110 codes never considered. Wording 0.4719 against 0.2885 for the residual it had been given, and the trade series continues: 25.8, 66.1 and 99.5 million before, 42.5, 51.5, 48.2 and 90.0 million after.",analysts,2026-08-18
imports:3004.39.00.10:2011-12,69,ANALYST - a candidate is shown but NOT recommended,"a candidate exists but its wording is below the 0.50 review threshold, so the method sends it on without a recommendation",3004.39.00.10,"Epinephrine & its sol & pituitary extrc, prepr for parentl admin in hum, in dos",2011-12,3004.39.00.11,"Medi,cont epinephrine/solutions/pituitary extracts,doses/frs,o/t No 30.02/05/06",2012-01 to 2026-06,0.4737,3004.39.00.19,"Medi,cont horm/prod No 29.37,f human use,doses/pack frs,o/t No 30.02/05/06,nes",2012-01 to 2026-06,0.2517,"same class (asserted, no source)",its own leftover line (from the tariff structure),"SECOND. The alternative is this code's own family line, which is where a closing line usually goes.","this one was decided and the method still does not recommend the proposal; the reason is in the why column A LEFTOVER LINE WAS WIDENED AT THIS VERY BOUNDARY: 3004.39.00.90 kept its number across 2011-12 and its published scope gained 29, 37, containing, prod, products, retail, sale, than. Wording similarity cannot see that a description CHANGED, so it ranks that line 3. Check whether the goods went there. Flagged, not ranked.",accept,,,analysts,2026-08-12
imports:3003.40.00.00:2016-12,70,ANALYST - a candidate is shown but NOT recommended,"the subheading is gone and no wording is close, so the goods may have left Chapter 30 entirely",3003.40.00.00,"Alkaloids or their derivs, formulated, not cont antibiotics/hormones, in bulk",2016-12,3003.49.00.00,"Medi,cont alkaloids/deriv t/o,nes,mix,f therap/prophltc,nfrs,o/t No 30.02/05/06",2017-01 to 2026-06,0.3529,3003.43.00.00,"Medicaments,cont norephedrine/salts,mix,therap/prophltc,nfrs,o/t No 30.02/05/06",2017-01 to 2025-06,0.2876,a catch-all line that may cover it (read off the successor's own wording),"different class (asserted, no source)","The proposal is a catch-all line, so accepting it aggregates these goods rather than matching them. Judge whether that is where the trade went.",this one was decided and the method still does not recommend the proposal; the reason is in the why column,accept,,,analysts,2026-08-12
exports:3002.90.20:2016-11,71,ANALYST - a candidate is shown but NOT recommended,"a candidate exists but its wording is below the 0.50 review threshold, so the method sends it on without a recommendation",3002.90.20,Saxitoxin,2016-11,3002.90.10,Ricin,1997-12 to 2026-06,0.4286,3002.90.90,"Human blood;anml blood therap/prophltc/diag uses;toxins,micro-orga cult,sim,nes",1997-01 to 2026-06,0.1364,"different family (asserted, no source)",its own leftover line (from the tariff structure),"SECOND. The alternative is this code's own family line, which is where a closing line usually goes.","this was decided while it proposed 3002.90.90; it now proposes 3002.90.10, Ricin",reject,3002.90.90,"The line was withdrawn at 201612 and nothing replaced it, so the goods fall to the catch-all. Only two candidates exist on this row: 3002.90.10 Ricin at 0.4286 and 3002.90.90 at 0.1136. Ricin is a different specific toxin, so the proposal is wrong on meaning rather than on wording, and neither candidate carries a veto. Note that 3002.90.90 was the proposal when this row was first decided; check_this_again records that it moved to Ricin afterwards, and the move made it worse.",analysts,2026-08-12
exports:3003.40.00:2016-11,72,ANALYST - a candidate is shown but NOT recommended,"the subheading is gone and no wording is close, so the goods may have left Chapter 30 entirely",3003.40.00,"Alkaloids or their derivs, formltd, not cntg antibiotics or hormones, in bulk",2016-11,3003.49.00,"Medi,cont alkaloids/deriv t/o,nes,mix,f therap/prophltc,nfrs,o/t No 30.02/05/06",2018-05 to 2026-06,0.3399,3003.42.00,"Medicaments,cont pseudoephedrine/sa,mix,therap/prophltc,nfrs,o/t No 30.02/05/06",2019-05 to 2024-09,0.3007,a catch-all line that may cover it (read off the successor's own wording),"different class (asserted, no source)","The proposal is a catch-all line, so accepting it aggregates these goods rather than matching them. Judge whether that is where the trade went.",this one was decided and the method still does not recommend the proposal; the reason is in the why column,accept,,"ACCEPT 3003.49.00, 2026-08-14. THIS REVERSES THE WITHDRAWAL MADE EARLIER THE SAME DAY. The withdrawal waited on the WCO 2012-to-2017 correlation table; that table has since been extracted and read. It subdivided 3003.40 to create 3003.41, 3003.42 and 3003.43 for ephedrine, pseudoephedrine and norephedrine, leaving 3003.49 for everything else. This is the bulk counterpart of row 214 and follows it.",analysts,2026-08-14
exports:3002.11.00:2021-11,73,ANALYST - a candidate is shown but NOT recommended,"the WCO correlation table for this revision sends the whole subheading OUT of Chapter 30, so no code in this chapter is its successor. The candidates below are shown because the answer still has to be recorded, not because any of them qualifies. Expected answer: reject, with the successor written `none`.",3002.11.00,Malaria diagnostic test kits,2021-11,3002.90.90,"Human blood;animal blood therap/diag,etc;antisera,etc;vaccines,etc;cell cult,nes",1997-01 to 2026-06,0.3519,,"no other candidate passes the rules; every one either swaps the term that carries the meaning, shares nothing with this description, or stops trading within two years of it",,,a catch-all line that may cover it (read off the successor's own wording),,"The proposal is a catch-all line, so accepting it aggregates these goods rather than matching them. Judge whether that is where the trade went.","this was decided while the proposal read 'Human blood;anml blood therap/prophltc/diag uses;toxins,micro-orga cult,sim,nes'; it now reads Human blood;animal blood therap/diag,etc;antisera,etc;vaccines,etc;cell cult,nes",reject,none,"NONE, on the official record, 2026-08-14. The WCO 2017-to-2022 correlation table maps 3002.11 to 3822.11 and to nothing else, so the goods left Chapter 30 and this crosswalk has no successor to record. Confirmed from BOTH of the document's own tables, which are typeset independently and in opposite directions: Table I page 10 gives 3822.11 <- 3002.11, and Table II page 30 gives 3002.11 -> ex3822.11. The remark beside it states the mechanism: ""Creation of new exclusion Note 1 (ij) to Chapter 30 and new subheadings 3822.11, 3822.12 and 3822.19 entail the transfer of [goods] from subheadings 3002.11, 3002.13, 3002.14 and 3002.15 to new subheadings 3822.11, 3822.12 and 3822.19."" Extracted into evidence/wto/wto_ch30_pairs.csv by evidence/wto/extract_wto_pairs.py. THE EARLIER ANSWER WAS 3002.15.00 AND ITS REASONING WAS SOUND ON ITS OWN TERMS; it is kept below. Every factual claim in it was checked and holds. What it could not know is that the same exclusion note is also emptying 3002.15 into 3822, so the line it named was itself on the way out. This is the hold working: the row was marked DO NOT DECIDE - waiting on a document, it was answered over that hold, and the document disagreed. --- ORIGINAL ANSWER, 3002.15.00, KEPT AS WRITTEN --- HS2022 withdrew the malaria diagnostic test kit line, stated_termination 202112, and the goods return to the immunological products they were carved from. A malaria rapid test is an antibody-based immunological product sold as a retail-packed kit, which is what 3002.15.00 describes: immunological products put up in measured doses or in forms or packings for retail sale. It is also the only line in the group that can receive them: HS2022 withdrew 3002.19.00, immunological products nes, at the same 202112 boundary as the retiring code, and it is absent from the 2022 and 2025 schedules, so it cannot be a fallback. 3002.15.00 traded through to 2026-06 and carries no stated_termination or veto. The proposal, the human blood catch-all at 0.3551, is not an immunological products line at all.",analysts,2026-08-12
imports:3003.39.91.00:1997-07,74,ANALYST - a candidate is shown but NOT recommended,"a candidate exists but its wording is below the 0.50 review threshold, so the method sends it on without a recommendation",3003.39.91.00,"Hormones, containing more than 23% of absolute ethyl alcohol by volume, in bulk",1997-07,3003.39.00.90,"Hormones, nes, not containing antibiotics, in bulk, o/t contraceptives",1998-01 to 2011-12,0.4507,3003.39.00.00,"Medi,cont horm/prostaglandins/thromboxanes/leukotrienes/deriv/analogues,nes,nfrs",2012-01 to 2026-06,0.3205,"same class (asserted, no source)",its own leftover line (from the tariff structure) [REMOVED ON continuity],"REMOVED ON continuity, so this is shown as evidence and NOT as a recommendation. Weigh the removal before anything else. SECOND. The alternative is this code's own family line, which is where a closing line usually goes.",this one was decided and the method still does not recommend the proposal; the reason is in the why column,accept,,,analysts,2026-08-12
exports:3004.90.00:2017-12,75,ANALYST - a candidate is shown but NOT recommended,"a different code, 3004.90.90, carries this description word for word from 2018-01, 0 month(s) after this one stopped. Either that is the renumbering or the proposal is, and the wording cannot separate them.",3004.90.00,"Medicaments,nes,therap/prophltc uses,doses/pack f retail sale,o/t No 30.02/05/06",2017-12,3004.60.00,"Medicaments,cont antimalarial active principles,in doses/frs,o/t No 30.02/05/06",2017-01 to 2026-06,0.5660,3004.90.90,"Medicaments,nes,therap/prophltc uses,doses/pack f retail sale,o/t No 30.02/05/06",2018-01 to 2026-06,1.0000,unknown,the same commodity under a new number (the two descriptions match),,this one was decided and the method still does not recommend the proposal; the reason is in the why column,second,,"The second alternative is the same commodity under a new number. 3004.90.90 carries this line's description word for word and begins trading 2018-01, the month after 3004.90.00 stops, at a wording match of 1.0000 against 0.5660 for the proposal. Scale settles it: 3004.90.90 has carried CAD 45,255,229,029 since 2018-01, while 3004.60.00, the antimalarial line, has carried CAD 36,444,266 across its whole life from 2017-01. The seven import twins retiring at the same 2017-12 boundary all stay inside 3004.90, so the subheading did not vanish in 2018. The proposal reached the sheet because the official record recorded a single destination for this retirement, 3004.60.00, while Canada's concordance for the same goods also holds the arm that stays put; the pipeline marked the row bounded_needs_ruling, the only export retirement carrying that outcome, and this is that ruling. Rows 2 and 10 chain into this link, so both follow it.",analysts,2026-08-13
imports:3002.10.00.90:2016-12,76,ANALYST - a candidate is shown but NOT recommended,"the subheading is gone and nothing left in the chapter shares the meaning, so the goods may have left Chapter 30 entirely",3002.10.00.90,"Antisera,o blood fract,immunological prod,w/n mod/obt biotechnological proc,nes",2016-12,3002.19.00.00,"Immunological products, nes, w/n modified/obtained by biotechnological processes",2017-01 to 2021-12,0.6879,3002.15.00.00,"Immunological products, put up in measured doses/forms/packings, for retail sale",2017-01 to 2026-06,0.3949,"different class (asserted, no source)",unknown,"NOT the proposal: it is a different kind of medicine. Neither code offered is this one's own family line, so weigh both.",this one was decided and the method still does not recommend the proposal; the reason is in the why column,accept,,,analysts,2026-08-12
imports:3004.90.00.35:2017-12,77,CONFIRM - the evidence supports this link,,3004.90.00.35,"Agents,acting on central nervous system,hum use,doses/frs,o/t No 30.02/05/06,nes",2017-12,3004.90.00.26,"Agents,acting on central nervous system,hum use,doses/frs,o/t No 30.02/05/06,nes",2018-01 to 2026-06,1.0000,,,,,the same commodity under a new number (the two descriptions match),,,,accept,,,analysts,2026-08-12
imports:3004.90.00.32:2017-12,78,CONFIRM - the evidence supports this link,,3004.90.00.32,"Antidepressants & tranquilizers,f human use,in doses/pack frs,o/t No 30.02/05/06",2017-12,3004.90.00.23,"Antidepressants & tranquilizers,f human use,in doses/pack frs,o/t No 30.02/05/06",2018-01 to 2026-06,1.0000,,,,,the same commodity under a new number (the two descriptions match),,,,accept,,,analysts,2026-08-12
imports:3004.90.00.39:2017-12,79,CONFIRM - the evidence supports this link,,3004.90.00.39,"Medi,acting on central nervous system,human use,doses/frs,o/t No 30.02/05/06,nes",2017-12,3004.90.00.29,"Medi,acting on central nervous system,human use,doses/frs,o/t No 30.02/05/06,nes",2018-01 to 2026-06,1.0000,,,,,the same commodity under a new number (the two descriptions match),,,,accept,,,analysts,2026-08-12
imports:3004.90.00.33:2017-12,80,CONFIRM - the evidence supports this link,,3004.90.00.33,"Antihypertensive agents, for human use, in doses/packings frs,o/t No 30.02/05/06",2017-12,3004.90.00.24,"Antihypertensive agents, for human use, in doses/packings frs,o/t No 30.02/05/06",2018-01 to 2026-06,1.0000,,,,,the same commodity under a new number (the two descriptions match),,,,accept,,,analysts,2026-08-12
imports:3004.90.00.31:2017-12,81,CONFIRM - the evidence supports this link,,3004.90.00.31,"Analgesics, for human use, in doses/packings for retail sale, o/t No 30.02/05/06",2017-12,3004.90.00.22,"Analgesics, for human use, in doses/packings for retail sale, o/t No 30.02/05/06",2018-01 to 2026-06,1.0000,,,,,the same commodity under a new number (the two descriptions match),,,,accept,,,analysts,2026-08-12
imports:3004.90.99.89:1997-12,82,CONFIRM - the evidence supports this link,,3004.90.99.89,"Medicaments nes, for human use, in dosage",1997-12,3004.90.00.79,"Medicaments nes, for human use, in dosage",1998-01 to 2026-06,1.0000,,,,,the same commodity under a new number (the two descriptions match),,,,accept,,,analysts,2026-08-12
imports:3004.90.99.30:1997-12,83,CONFIRM - the evidence supports this link,,3004.90.99.30,"Medicaments, for human use, acting on the cardio-vascular system, in dosage",1997-12,3004.90.00.50,"Medicaments, for human use, acting on the cardio-vascular system, in dosage",1998-01 to 2026-06,1.0000,,,,,the same commodity under a new number (the two descriptions match),,,,accept,,,analysts,2026-08-12
imports:3002.10.00.30:2016-12,84,CONFIRM - the evidence supports this link,,3002.10.00.30,"Antisera and other blood fractions, of human origin, for other uses",2016-12,3002.12.00.19,"Human antisera and other human blood fractions, nes",2017-01 to 2026-06,0.6609,,,,,a catch-all line that may cover it (read off the successor's own wording),,,,accept,,,analysts,2026-08-12
imports:3002.90.00.99:2016-12,85,CONFIRM - the evidence supports this link,,3002.90.00.99,"Human blood;anml blood therap/prophltc/diag uses;toxins,micro-organisms cult,nes",2016-12,3002.90.00.90,"Human blood;animal blood for therap/prophltc/diagnostic uses;toxins,sim prod,nes",2017-01 to 2026-06,0.7875,,,,,unknown,,,,accept,,,analysts,2026-08-12
imports:3004.90.99.29:1997-12,86,CONFIRM - the evidence supports this link,,3004.90.99.29,"Gastro-intestinal agents, for human use, in dosage, nes",1997-12,3004.90.00.49,"Gastro-intestinal agents, for human use, in dosage, nes",1998-01 to 2026-06,1.0000,,,,,the same commodity under a new number (the two descriptions match),,,,accept,,,analysts,2026-08-12
imports:3004.90.00.36:2017-12,87,CONFIRM - the evidence supports this link,,3004.90.00.36,"Local anaesthetics, for human use,in doses/pack f retail sale,o/t No 30.02/05/06",2017-12,3004.90.00.27,"Local anaesthetics, for human use,in doses/pack f retail sale,o/t No 30.02/05/06",2018-01 to 2026-06,1.0000,,,,,the same commodity under a new number (the two descriptions match),,,,accept,,,analysts,2026-08-12
imports:3004.90.99.49:1997-12,88,CONFIRM - the evidence supports this link,,3004.90.99.49,"Anti-infective agents, for human use, in dosage, nes",1997-12,3004.90.00.69,"Anti-infective agents, for human use, in dosage, nes",1998-01 to 2026-06,1.0000,,,,,the same commodity under a new number (the two descriptions match),,,,accept,,,analysts,2026-08-12
imports:3004.90.99.19:1997-12,89,CONFIRM - the evidence supports this link,,3004.90.99.19,"Medicaments, for human use, acting on the central nervous system, in dosage, nes",1997-12,3004.90.00.39,"Medicaments, for human use, acting on the central nervous system, in dosage, nes",1998-01 to 2017-12,1.0000,,,,,the same commodity under a new number (the two descriptions match),,,,accept,,,analysts,2026-08-12
imports:3004.90.00.34:2017-12,90,CONFIRM - the evidence supports this link,,3004.90.00.34,"Antihistaminic agents, for human use, in doses/packings frs, o/t No 30.02/05/06",2017-12,3004.90.00.25,"Antihistaminic agents, for human use, in doses/packings frs, o/t No 30.02/05/06",2018-01 to 2026-06,1.0000,,,,,the same commodity under a new number (the two descriptions match),,,,accept,,,analysts,2026-08-12
imports:3004.90.99.12:1997-12,91,CONFIRM - the evidence supports this link,,3004.90.99.12,"Antidepressants & tranquilizers, for human use, in dosage",1997-12,3004.90.00.32,"Antidepressants & tranquilizers, for human use, in dosage",1998-01 to 2017-12,1.0000,,,,,the same commodity under a new number (the two descriptions match),,,,accept,,,analysts,2026-08-12
imports:3004.90.99.99:1997-12,92,CONFIRM - the evidence supports this link,,3004.90.99.99,"Medicaments nes, for veterinary use, in dosage",1997-12,3004.90.00.89,"Medicaments nes, for veterinary use, in dosage",1998-01 to 2011-12,1.0000,,,,,the same commodity under a new number (the two descriptions match),,,,accept,,,analysts,2026-08-12
imports:3002.10.10.29:1997-12,93,CONFIRM - the evidence supports this link,,3002.10.10.29,"Antisera & o blood fract, human orig, therapeutic/prophylactic use in humans,nes",1997-12,3002.10.00.29,"Antisera & o blood fract, human orig, therapeutic/prophylactic use in humans,nes",1998-01 to 2016-12,1.0000,,,,,the same commodity under a new number (the two descriptions match),,,,accept,,,analysts,2026-08-12
imports:3004.90.99.13:1997-12,94,CONFIRM - the evidence supports this link,,3004.90.99.13,"Antihypertensive agents, for human use, in dosage",1997-12,3004.90.00.33,"Antihypertensive agents, for human use, in dosage",1998-01 to 2017-12,1.0000,,,,,the same commodity under a new number (the two descriptions match),,,,accept,,,analysts,2026-08-12
imports:3004.90.99.60:1997-12,95,CONFIRM - the evidence supports this link,,3004.90.99.60,"Antineoplastic agents, for human use, in dosage",1997-12,3004.90.00.72,"Antineoplastic agents, for human use, in dosage",1998-01 to 2026-06,1.0000,,,,,the same commodity under a new number (the two descriptions match),,,,accept,,,analysts,2026-08-12
imports:3004.39.99.50:1997-12,96,CONFIRM - the evidence supports this link,,3004.39.99.50,"Hormones, nes, for human use, in dosage",1997-12,3004.39.00.85,"Hormones, nes, for human use, in dosage",1998-01 to 2011-12,1.0000,,,,,the same commodity under a new number (the two descriptions match),,,,accept,,,analysts,2026-08-12
imports:3004.90.99.21:1997-12,97,CONFIRM - the evidence supports this link,,3004.90.99.21,"Histamine H2 receptor antagonist, for human use, in dosage",1997-12,3004.90.00.41,"Histamine H2 receptor antagonist, for human use, in dosage",1998-01 to 2011-12,1.0000,,,,,the same commodity under a new number (the two descriptions match),,,,accept,,,analysts,2026-08-12
imports:3004.31.10.00:1997-12,98,CONFIRM - the evidence supports this link,,3004.31.10.00,"Insulin, w/n mixed w zinc, globin or protamine, prepr for parentl admin, in dos",1997-12,3004.31.00.10,"Insulin, w/n mixed w zinc, globin or protamine, prepr for parentl admin, in dos",1998-01 to 2011-12,1.0000,,,,,the same commodity under a new number (the two descriptions match),,,,accept,,,analysts,2026-08-12
imports:3003.90.99.90:1997-12,99,CONFIRM - the evidence supports this link,,3003.90.99.90,"Medicaments nes, formulated, in bulk",1997-12,3003.90.00.99,"Medicaments nes, formulated, in bulk",1998-01 to 2011-12,1.0000,,,,,the same commodity under a new number (the two descriptions match),,,,accept,,,analysts,2026-08-12
exports:3002.30.90:2016-12,100,CONFIRM - the evidence supports this link,,3002.30.90,"Vaccines, veterinary use, nes",2016-12,3002.30.00,"Vaccines, for veterinary medecine",2017-01 to 2021-12,0.7797,,,,,"same class (asserted, no source)",,,,accept,,,analysts,2026-08-12
imports:3004.90.99.11:1997-12,101,CONFIRM - the evidence supports this link,,3004.90.99.11,"Analgesics, for human use, in dosage",1997-12,3004.90.00.31,"Analgesics, for human use, in dosage",1998-01 to 2017-12,1.0000,,,,,the same commodity under a new number (the two descriptions match),,,,accept,,,analysts,2026-08-12
imports:3006.30.10.00:1997-12,102,CONFIRM - the evidence supports this link,,3006.30.10.00,Opacifying preparations for X-ray examinations,1997-12,3006.30.00.10,Opacifying preparations for X-ray examinations,1998-01 to 2026-06,1.0000,,,,,the same commodity under a new number (the two descriptions match),,,,accept,,,analysts,2026-08-12
imports:3004.32.90.19:1997-12,103,CONFIRM - the evidence supports this link,,3004.32.90.19,"Adrenal cortical hormones, nes, for human use, in dosage",1997-12,3004.32.00.89,"Adrenal cortical hormones, nes, for human use, in dosage",1998-01 to 2001-12,1.0000,,,,,the same commodity under a new number (the two descriptions match),,,,accept,,,analysts,2026-08-12
imports:3004.40.90.90:1997-12,104,CONFIRM - the evidence supports this link,,3004.40.90.90,"Non-narc veg alkaloids or their non-narc derivs, nes, for human use, in dosage",1997-12,3004.40.00.90,"Non-narc veg alkaloids or their non-narc derivs, nes, for human use, in dosage",1998-01 to 2016-12,1.0000,,,,,the same commodity under a new number (the two descriptions match),,,,accept,,,analysts,2026-08-12
imports:3004.90.99.79:1997-12,105,CONFIRM - the evidence supports this link,,3004.90.99.79,"Medicaments, prim affecting eyes,ears & respiratory system,human use, in dos,nes",1997-12,3004.90.00.74,"Medicaments, prim affecting eyes,ears & respiratory system,human use, in dos,nes",1998-01 to 2026-06,1.0000,,,,,the same commodity under a new number (the two descriptions match),,,,accept,,,analysts,2026-08-12
imports:3006.20.10.00:1997-12,106,CONFIRM - the evidence supports this link,,3006.20.10.00,"Blood-grouping reagents, of human origin",1997-12,3006.20.00.10,"Blood-grouping reagents, of human origin",1998-01 to 2011-12,1.0000,,,,,the same commodity under a new number (the two descriptions match),,,,accept,,,analysts,2026-08-12
imports:3004.39.99.30:1997-12,107,CONFIRM - the evidence supports this link,,3004.39.99.30,"Unmixed single estrogens, for human use, in dosage",1997-12,3004.39.00.83,"Unmixed single estrogens, for human use, in dosage",1998-01 to 2011-12,1.0000,,,,,the same commodity under a new number (the two descriptions match),,,,accept,,,analysts,2026-08-12
imports:3004.50.99.49:1997-12,108,CONFIRM - the evidence supports this link,,3004.50.99.49,"Multivitamins mixed with other supplements, nes, for human use, in dosage,",1997-12,3004.50.00.69,"Multivitamins mixed with other supplements, nes, for human use, in dosage,",1998-01 to 2011-12,1.0000,,,,,the same commodity under a new number (the two descriptions match),,,,accept,,,analysts,2026-08-12
imports:3004.90.99.15:1997-12,109,CONFIRM - the evidence supports this link,,3004.90.99.15,"Medicaments, for human use, acting on the nervous system, in dosage, nes",1997-12,3004.90.00.35,"Medicaments, for human use, acting on the nervous system, in dosage, nes",1998-01 to 2017-12,1.0000,,,,,the same commodity under a new number (the two descriptions match),,,,accept,,,analysts,2026-08-12
imports:3005.90.30.00:1997-12,110,CONFIRM - the evidence supports this link,,3005.90.30.00,"Surgical dressings, not stitched or o/w mfd, not coated/impreg w pharm subs, nes",1997-12,3005.90.00.30,"Surgical dressings, not stitched or o/w mfd, not coated/impreg w pharm subs, nes",1998-01 to 2026-06,1.0000,,,,,the same commodity under a new number (the two descriptions match),,,,accept,,,analysts,2026-08-12
imports:3002.10.10.10:1997-12,111,CONFIRM - the evidence supports this link,,3002.10.10.10,"Antisera & o blood fractions, human origin, for diagnostic use",1997-12,3002.10.00.10,"Antisera & o blood fractions, human origin, for diagnostic use",1998-01 to 2016-12,1.0000,,,,,the same commodity under a new number (the two descriptions match),,,,accept,,,analysts,2026-08-12
imports:3004.90.99.71:1997-12,112,CONFIRM - the evidence supports this link,,3004.90.99.71,"Cough/cold preparations, for human use, in dosage",1997-12,3004.90.00.73,"Cough or cold preparations, for human use, in dosage",1998-01 to 2026-06,0.9691,,,,,same family (from the tariff structure),,,,accept,,,analysts,2026-08-12
exports:3002.90.00:1996-12,113,CONFIRM - the evidence supports this link,,3002.90.00,"Human blood;animal blood for therap,prophtc or diag uses; microbial prep nes",1996-12,3002.90.90,"Human blood;animal blood for therap,prophtc or diag uses; microbial prep, nes",1997-01 to 2026-06,1.0000,,,,,unknown,,,,accept,,,analysts,2026-08-12
imports:3005.10.91.00:1997-12,114,CONFIRM - the evidence supports this link,,3005.10.91.00,"Adhesive dressings, nes, packaged for retail sale",1997-12,3005.10.00.91,"Adhesive dressings, nes, packaged for retail sale",1998-01 to 2026-06,1.0000,,,,,the same commodity under a new number (the two descriptions match),,,,accept,,,analysts,2026-08-12
imports:3006.40.90.00:1997-12,115,CONFIRM - the evidence supports this link,,3006.40.90.00,"Dental fillings, nes",1997-12,3006.40.00.90,"Dental fillings, nes",1998-01 to 2026-06,1.0000,,,,,the same commodity under a new number (the two descriptions match),,,,accept,,,analysts,2026-08-12
imports:3006.40.10.10:1997-12,116,CONFIRM - the evidence supports this link,,3006.40.10.10,Dental cements and bone reconstruction cements,1997-12,3006.40.00.10,Dental cements and bone reconstruction cements,1998-01 to 2026-06,1.0000,,,,,the same commodity under a new number (the two descriptions match),,,,accept,,,analysts,2026-08-12
imports:3002.10.10.21:1997-12,117,CONFIRM - the evidence supports this link,,3002.10.10.21,"Blood plasma, for therapeutic or prophylactic use in humans",1997-12,3002.10.00.21,"Blood plasma, for therapeutic or prophylactic use in humans",1998-01 to 2016-12,1.0000,,,,,the same commodity under a new number (the two descriptions match),,,,accept,,,analysts,2026-08-12
imports:3004.90.99.82:1997-12,118,CONFIRM - the evidence supports this link,,3004.90.99.82,"Medicaments affecting electrolytic, caloric/water balance, for human use, in dos",1997-12,3004.90.00.76,"Medicaments affecting electrolytic, caloric/water balance, for human use, in dos",1998-01 to 2026-06,1.0000,,,,,the same commodity under a new number (the two descriptions match),,,,accept,,,analysts,2026-08-12
imports:3004.50.99.19:1997-12,119,CONFIRM - the evidence supports this link,,3004.50.99.19,"Single vitamin only, nes, for human use, in dosage",1997-12,3004.50.00.39,"Single vitamin only, nes, for human use, in dosage",1998-01 to 2011-12,1.0000,,,,,the same commodity under a new number (the two descriptions match),,,,accept,,,analysts,2026-08-12
imports:3002.10.10.90:1997-12,120,CONFIRM - the evidence supports this link,,3002.10.10.90,"Antisera & o blood fractions, of human origin, for other uses",1997-12,3002.10.00.30,"Antisera & o blood fractions, of human origin, for other uses",1998-01 to 2016-12,1.0000,,,,,the same commodity under a new number (the two descriptions match),,,,accept,,,analysts,2026-08-12
imports:3004.90.99.22:1997-12,121,CONFIRM - the evidence supports this link,,3004.90.99.22,"Laxatives, for human use, in dosage",1997-12,3004.90.00.42,"Laxatives, for human use, in dosage",1998-01 to 2026-06,1.0000,,,,,the same commodity under a new number (the two descriptions match),,,,accept,,,analysts,2026-08-12
imports:3002.90.90.90:1997-12,122,CONFIRM - the evidence supports this link,,3002.90.90.90,"Human blood, animal blood for therap, prophltc or diag uses, microbial prep, nes",1997-12,3002.90.00.99,"Human blood, animal blood for therap, prophltc or diag uses, microbial prep, nes",1998-01 to 2016-12,1.0000,,,,,the same commodity under a new number (the two descriptions match),,,,accept,,,analysts,2026-08-12
imports:3004.90.99.23:1997-12,123,CONFIRM - the evidence supports this link,,3004.90.99.23,"Antacids, for human use, in dosage",1997-12,3004.90.00.43,"Antacids, for human use, in dosage",1998-01 to 2026-06,1.0000,,,,,the same commodity under a new number (the two descriptions match),,,,accept,,,analysts,2026-08-12
imports:3004.90.10.20:1997-12,124,CONFIRM - the evidence supports this link,,3004.90.10.20,"Dextrose (glucose) solutions, in dosage",1997-12,3004.90.00.12,"Dextrose (glucose) solutions, in dosage",1998-01 to 2026-06,1.0000,,,,,the same commodity under a new number (the two descriptions match),,,,accept,,,analysts,2026-08-12
imports:3005.10.10.00:1997-12,125,CONFIRM - the evidence supports this link,,3005.10.10.00,"Dressings & sim articles having an adhesive layer, coated/impreg w pharm subs",1997-12,3005.10.00.10,"Dressings & sim articles having an adhesive layer, coated/impreg w pharm subs",1998-01 to 2026-06,1.0000,,,,,the same commodity under a new number (the two descriptions match),,,,accept,,,analysts,2026-08-12
imports:3004.90.99.14:1997-12,126,CONFIRM - the evidence supports this link,,3004.90.99.14,"Antihistamines agents, for human use, in dosage",1997-12,3004.90.00.34,"Antihistamines agents, for human use, in dosage",1998-01 to 2017-12,1.0000,,,,,the same commodity under a new number (the two descriptions match),,,,accept,,,analysts,2026-08-12
imports:3004.50.99.30:1997-12,127,CONFIRM - the evidence supports this link,,3004.50.99.30,"Multivitamins not mixed with o supplements, for human use, in dosage",1997-12,3004.50.00.50,"Multivitamins not mixed with o supplements, for human use, in dosage",1998-01 to 2011-12,1.0000,,,,,the same commodity under a new number (the two descriptions match),,,,accept,,,analysts,2026-08-12
imports:3006.30.99.00:1997-12,128,CONFIRM - the evidence supports this link,,3006.30.99.00,"Diagnostic reagents designed to be administered to the patient, nes",1997-12,3006.30.00.90,"Diagnostic reagents designed to be administered to the patient, nes",1998-01 to 2026-06,1.0000,,,,,the same commodity under a new number (the two descriptions match),,,,accept,,,analysts,2026-08-12
imports:3005.90.92.00:1997-12,129,CONFIRM - the evidence supports this link,,3005.90.92.00,"Dressings and sim articles of woven fabric solely of cotton, nes",1997-12,3005.90.00.50,"Dressings and sim articles of woven fabric solely of cotton, nes",1998-01 to 2011-12,1.0000,,,,,the same commodity under a new number (the two descriptions match),,,,accept,,,analysts,2026-08-12
imports:3004.40.90.50:1997-12,130,CONFIRM - the evidence supports this link,,3004.40.90.50,"Morphine or its derivs, for human use, in dosage",1997-12,3004.40.00.40,"Morphine or its derivs, for human use, in dosage",1998-01 to 2016-12,1.0000,,,,,the same commodity under a new number (the two descriptions match),,,,accept,,,analysts,2026-08-12
imports:3004.90.99.81:1997-12,131,CONFIRM - the evidence supports this link,,3004.90.99.81,"Diuretics, for human use, in dosage",1997-12,3004.90.00.75,"Diuretics, for human use, in dosage",1998-01 to 2026-06,1.0000,,,,,the same commodity under a new number (the two descriptions match),,,,accept,,,analysts,2026-08-12
imports:3003.39.99.00:1997-12,132,CONFIRM - the evidence supports this link,,3003.39.99.00,"Hormones, nes, not cont antibiotics, in bulk, o/t contraceptives",1997-12,3003.39.00.90,"Hormones, nes, not containing antibiotics, in bulk, o/t contraceptives",1998-01 to 2011-12,0.9524,,,,,unknown,,,,accept,,,analysts,2026-08-12
exports:3002.39.00:1995-12,133,CONFIRM - the evidence supports this link,,3002.39.00,"Vaccines, veterinary use, nes",1995-12,3002.30.90,"Vaccines, veterinary use, nes",1996-01 to 2016-12,1.0000,,,,,the same commodity under a new number (the two descriptions match),,,,accept,,,analysts,2026-08-12
imports:3002.10.21.90:1997-12,134,CONFIRM - the evidence supports this link,,3002.10.21.90,"Blood albumin nes, of animal origin, for parenteral administration in humans",1997-12,3002.10.00.49,"Blood albumin nes, of animal origin, for parenteral administration in humans",1998-01 to 2016-12,1.0000,,,,,the same commodity under a new number (the two descriptions match),,,,accept,,,analysts,2026-08-12
imports:3004.39.99.60:1997-12,135,CONFIRM - the evidence supports this link,,3004.39.99.60,"Hormones, nes, for vet use, in dosage",1997-12,3004.39.00.90,"Hormones, nes, for vet use, in dosage",1998-01 to 2026-06,1.0000,,,,,the same commodity under a new number (the two descriptions match),,,,accept,,,analysts,2026-08-12
imports:3005.90.20.00:1997-12,136,CONFIRM - the evidence supports this link,,3005.90.20.00,"Dressings & sim articles coated or impreg w pharm substances, nes",1997-12,3005.90.00.20,"Dressings & sim articles coated or impreg w pharm substances, nes",1998-01 to 2026-06,1.0000,,,,,the same commodity under a new number (the two descriptions match),,,,accept,,,analysts,2026-08-12
imports:3002.10.21.20:1997-12,137,CONFIRM - the evidence supports this link,,3002.10.21.20,"Sera and antisera, of animal origin, for parenteral administration in humans",1997-12,3002.10.00.42,"Sera and antisera, of animal origin, for parenteral administration in humans",1998-01 to 2016-12,1.0000,,,,,the same commodity under a new number (the two descriptions match),,,,accept,,,analysts,2026-08-12
imports:3002.30.10.00:1997-12,138,CONFIRM - the evidence supports this link,,3002.30.10.00,Vacc agnst foot and mth disse; vacc prepr for parentl admin; bovi intrnsl vacc,1997-12,3002.30.00.10,Vacc agnst foot and mth disse; vacc prepr for parentl admin; bovi intrnsl vacc,1998-01 to 2021-12,1.0000,,,,,the same commodity under a new number (the two descriptions match),,,,accept,,,analysts,2026-08-12
imports:3002.90.90.10:1997-12,139,CONFIRM - the evidence supports this link,,3002.90.90.10,Bacteria culture inoculants for seeds,1997-12,3002.90.00.91,Bacteria culture inoculants for seeds,1998-01 to 2016-12,1.0000,,,,,the same commodity under a new number (the two descriptions match),,,,accept,,,analysts,2026-08-12
imports:3004.39.99.40:1997-11,140,CONFIRM - the evidence supports this link,,3004.39.99.40,"Unmixed single progestational hormones, for human use, in dosage",1997-11,3004.39.00.84,"Unmixed single progestational hormones, for human use, in dosage",1998-01 to 2011-12,1.0000,,,,,the same commodity under a new number (the two descriptions match),,,,accept,,,analysts,2026-08-12
imports:3004.50.10.00:1997-12,141,CONFIRM - the evidence supports this link,,3004.50.10.00,"Mx of amino acids & vitamins,& mx of amino acids, protein hydrolysates & vit,etc",1997-12,3004.50.00.10,"Mx of amino acids & vitamins,& mx of amino acids, protein hydrolysates & vit,etc",1998-01 to 2011-12,1.0000,,,,,the same commodity under a new number (the two descriptions match),,,,accept,,,analysts,2026-08-12
imports:3002.30.90.00:1997-12,142,CONFIRM - the evidence supports this link,,3002.30.90.00,"Vaccines, veterinary use, nes",1997-12,3002.30.00.90,"Vaccines, veterinary use, nes",1998-01 to 2021-12,1.0000,,,,,the same commodity under a new number (the two descriptions match),,,,accept,,,analysts,2026-08-12
imports:3004.39.10.00:1997-12,143,CONFIRM - the evidence supports this link,,3004.39.10.00,"Epinephrine & its sol & pituitary extrc, prepr for parentl admin in hum, in dos",1997-12,3004.39.00.10,"Epinephrine & its sol & pituitary extrc, prepr for parentl admin in hum, in dos",1998-01 to 2011-12,1.0000,,,,,the same commodity under a new number (the two descriptions match),,,,accept,,,analysts,2026-08-12
imports:3002.10.21.10:1997-12,144,CONFIRM - the evidence supports this link,,3002.10.21.10,"Bovine albumin, for parenteral administration in humans",1997-12,3002.10.00.41,"Bovine albumin, for parenteral administration in humans",1998-01 to 2016-12,1.0000,,,,,the same commodity under a new number (the two descriptions match),,,,accept,,,analysts,2026-08-12
imports:3004.90.10.10:1997-12,145,CONFIRM - the evidence supports this link,,3004.90.10.10,"Mixtures of amino acids, nes, in dosage",1997-12,3004.90.00.11,"Mixtures of amino acids, nes, in dosage",1998-01 to 2026-06,1.0000,,,,,the same commodity under a new number (the two descriptions match),,,,accept,,,analysts,2026-08-12
imports:3001.90.20.00:1997-12,146,CONFIRM - the evidence supports this link,,3001.90.20.00,"Bone, organs & o human/animal tissue, living/preserved,for grafting/implantation",1997-12,3001.90.00.20,"Bone, organs & o human/animal tissue, living/preserved,for grafting/implantation",1998-01 to 2026-06,1.0000,,,,,the same commodity under a new number (the two descriptions match),,,,accept,,,analysts,2026-08-12
imports:3002.10.29.90:1997-12,147,CONFIRM - the evidence supports this link,,3002.10.29.90,"Blood fractions, nes",1997-12,3002.10.00.59,"Blood fractions, nes",1998-01 to 2016-12,1.0000,,,,,the same commodity under a new number (the two descriptions match),,,,accept,,,analysts,2026-08-12
imports:3002.10.10.23:1997-12,148,CONFIRM - the evidence supports this link,,3002.10.10.23,"Immune serum globulin, for therapeutic or prophylactic use in humans",1997-12,3002.10.00.23,"Immune serum globulin, for therapeutic or prophylactic use in humans",1998-01 to 2016-12,1.0000,,,,,the same commodity under a new number (the two descriptions match),,,,accept,,,analysts,2026-08-12
imports:3001.90.10.00:1997-12,149,CONFIRM - the evidence supports this link,,3001.90.10.00,Heparin and its salts,1997-12,3001.90.00.10,Heparin and its salts,1998-01 to 2026-06,1.0000,,,,,the same commodity under a new number (the two descriptions match),,,,accept,,,analysts,2026-08-12
imports:3004.90.99.16:1997-12,150,CONFIRM - the evidence supports this link,,3004.90.99.16,"Local anaesthetics, for human use, in dosage",1997-12,3004.90.00.36,"Local anaesthetics, for human use, in dosage",1998-01 to 2017-12,1.0000,,,,,the same commodity under a new number (the two descriptions match),,,,accept,,,analysts,2026-08-12
imports:3004.40.90.80:1997-12,151,CONFIRM - the evidence supports this link,,3004.40.90.80,"Narcotic veg alkaloids or their narc derivs, nes, for human use, in dosage",1997-12,3004.40.00.80,"Narcotic veg alkaloids or their narc derivs, nes, for human use, in dosage",1998-01 to 2011-12,1.0000,,,,,the same commodity under a new number (the two descriptions match),,,,accept,,,analysts,2026-08-12
imports:3004.90.00.20:2011-12,152,CONFIRM - the evidence supports this link,,3004.90.00.20,"Medicaments cont more than 23% of abs ethyl alc by vol, nes, in dosage",2011-12,3004.90.00.79,"Other medicaments, for human use, in dosage, nes",1998-01 to 2026-06,0.5536,,,,,unknown,,,,accept,,,analysts,2026-08-12
imports:3005.90.91.00:1997-12,153,CONFIRM - the evidence supports this link,,3005.90.91.00,"Dressings/sim art of woven fab o/t of cotton; of knit fab, n-wov or felts, nes",1997-12,3005.90.00.40,"Dressings/sim art of woven fab o/t of cotton; of knit fab, n-wov or felts, nes",1998-01 to 2026-06,1.0000,,,,,the same commodity under a new number (the two descriptions match),,,,accept,,,analysts,2026-08-12
imports:3002.10.10.22:1997-12,154,CONFIRM - the evidence supports this link,,3002.10.10.22,"Normal serum globulin, for therapeutic or prophylactic use in humans",1997-12,3002.10.00.22,"Normal serum globulin, for therapeutic or prophylactic use in humans",1998-01 to 2016-12,1.0000,,,,,the same commodity under a new number (the two descriptions match),,,,accept,,,analysts,2026-08-12
imports:3005.90.99.00:1997-12,155,CONFIRM - the evidence supports this link,,3005.90.99.00,"Dressings and similar articles packaged for medical use, nes",1997-12,3005.90.00.90,"Dressings and similar articles packaged for medical use, nes",1998-01 to 2026-06,1.0000,,,,,the same commodity under a new number (the two descriptions match),,,,accept,,,analysts,2026-08-12
imports:3004.50.99.20:1997-12,156,CONFIRM - the evidence supports this link,,3004.50.99.20,"Single vitamin mixed w o supplements, for human use, in dosage",1997-12,3004.50.00.40,"Single vitamin mixed w o supplements, for human use, in dosage",1998-01 to 2011-12,1.0000,,,,,the same commodity under a new number (the two descriptions match),,,,accept,,,analysts,2026-08-12
imports:3002.90.10.20:1997-12,157,CONFIRM - the evidence supports this link,,3002.90.10.20,Ferment cultures,1997-12,3002.90.00.20,Butter-making ferment cultures,1998-01 to 2016-12,0.6957,,,,,unknown,,,,accept,,,analysts,2026-08-12
imports:3006.20.90.00:1997-12,158,CONFIRM - the evidence supports this link,,3006.20.90.00,"Blood-grouping reagents, except of human or animal origin",1997-12,3006.20.00.90,"Blood-grouping reagents, except of human or animal origin",1998-01 to 2021-12,1.0000,,,,,the same commodity under a new number (the two descriptions match),,,,accept,,,analysts,2026-08-12
imports:3004.50.99.41:1997-12,159,CONFIRM - the evidence supports this link,,3004.50.99.41,"Vitamins-iron preparation, for human use, in dosage",1997-12,3004.50.00.61,"Vitamins-iron preparation, for human use, in dosage",1998-01 to 2011-12,1.0000,,,,,the same commodity under a new number (the two descriptions match),,,,accept,,,analysts,2026-08-12
imports:3004.90.99.41:1997-12,160,CONFIRM - the evidence supports this link,,3004.90.99.41,"Anti-infective agents, containing sulfonamides, for human use, in dosage",1997-12,3004.90.00.61,"Anti-infective agents, cont sulfonamides, for human use, in dosage",1998-01 to 2026-06,0.9545,,,,,same family (from the tariff structure),,,,accept,,,analysts,2026-08-12
imports:3006.40.10.20:1997-12,161,CONFIRM - the evidence supports this link,,3006.40.10.20,Points for filling dental root canals,1997-12,3006.40.00.20,Points for filling dental root canals,1998-01 to 2011-12,1.0000,,,,,the same commodity under a new number (the two descriptions match),,,,accept,,,analysts,2026-08-12
imports:3006.40.20.00:1997-12,162,CONFIRM - the evidence supports this link,,3006.40.20.00,"Dental fillings of composition metals, except those in powder or pellet form",1997-12,3006.40.00.30,"Dental fillings of composition metals, except those in powder or pellet form",1998-01 to 2011-12,1.0000,,,,,the same commodity under a new number (the two descriptions match),,,,accept,,,analysts,2026-08-12
imports:3003.90.10.00:1997-12,163,CONFIRM - the evidence supports this link,,3003.90.10.00,"Fractioned soya oil emulsions, prepr for parenteral admin; mx of amino acids,etc",1997-12,3003.90.00.10,"Fractioned soya oil emulsions, prepr for parenteral admin; mx of amino acids,etc",1998-01 to 2011-12,1.0000,,,,,the same commodity under a new number (the two descriptions match),,,,accept,,,analysts,2026-08-12
imports:3004.32.00.81:2001-12,164,CONFIRM - the evidence supports this link,,3004.32.00.81,"Hydrocortisone, for human use, in dosage",2001-12,3004.32.00.11,"Hydrocortisone, for human use, in dosage",2002-01 to 2011-12,1.0000,,,,,the same commodity under a new number (the two descriptions match),,,,accept,,,analysts,2026-08-12
imports:3005.90.10.00:1997-12,165,CONFIRM - the evidence supports this link,,3005.90.10.00,Bandages & slabs of tex fab coated w plaster;o art used for orthopaedic casts,1997-12,3005.90.00.10,Bandages & slabs of tex fab coated w plaster;o art used for orthopaedic casts,1998-01 to 2011-12,1.0000,,,,,the same commodity under a new number (the two descriptions match),,,,accept,,,analysts,2026-08-12
imports:3005.10.99.00:1997-12,166,CONFIRM - the evidence supports this link,,3005.10.99.00,"Wadding, gauze, bandages & sim articles, nes, with adhesive layer, pack ret sale",1997-12,3005.10.00.99,"Wadding, gauze, bandages & sim articles, nes, with adhesive layer, pack ret sale",1998-01 to 2026-06,1.0000,,,,,the same commodity under a new number (the two descriptions match),,,,accept,,,analysts,2026-08-12
imports:3004.40.90.40:1997-11,167,CONFIRM - the evidence supports this link,,3004.40.90.40,"Theophylline, for human use, in dosage",1997-11,3004.40.00.30,"Theophylline, for human use, in dosage",1998-01 to 2016-12,1.0000,,,,,the same commodity under a new number (the two descriptions match),,,,accept,,,analysts,2026-08-12
imports:3004.32.90.20:1997-12,168,CONFIRM - the evidence supports this link,,3004.32.90.20,"Adrenal cortical hormones, for vet use, in dosage",1997-12,3004.32.00.90,"Adrenal cortical hormones, for vet use, in dosage",1998-01 to 2001-12,1.0000,,,,,the same commodity under a new number (the two descriptions match),,,,accept,,,analysts,2026-08-12
imports:3006.30.91.00:1997-12,169,CONFIRM - the evidence supports this link,,3006.30.91.00,Allergenics prepared for parenteral administration,1997-12,3006.30.00.20,Allergenics prepared for parenteral administration,1998-01 to 2011-12,1.0000,,,,,the same commodity under a new number (the two descriptions match),,,,accept,,,analysts,2026-08-12
imports:3004.90.91.00:1997-12,170,CONFIRM - the evidence supports this link,,3004.90.91.00,"Medicaments cont more than 23% of abs ethyl alc by vol, nes, in dosage",1997-12,3004.90.00.20,"Medicaments cont more than 23% of abs ethyl alc by vol, nes, in dosage",1998-01 to 2011-12,1.0000,,,,,the same commodity under a new number (the two descriptions match),,,,accept,,,analysts,2026-08-12
imports:3004.50.00.20:2011-12,171,CONFIRM - the evidence supports this link,,3004.50.00.20,"Vitamins, cont more than 23% of abs ethyl alc by vol, for human use, in dosage",2011-12,3004.50.00.19,"Other medicaments cont vitamins and their derivs, for human use, in dosage,nes",2012-01 to 2026-06,0.5200,,,,,a catch-all line that may cover it (read off the successor's own wording),,,,accept,,,analysts,2026-08-12
imports:3006.20.20.00:1997-12,172,CONFIRM - the evidence supports this link,,3006.20.20.00,"Blood-grouping reagents, of animal origin",1997-12,3006.20.00.20,"Blood-grouping reagents, of animal origin",1998-01 to 2021-12,1.0000,,,,,the same commodity under a new number (the two descriptions match),,,,accept,,,analysts,2026-08-12
imports:3002.90.10.19:1997-12,173,CONFIRM - the evidence supports this link,,3002.90.10.19,"Toxins, toxoids, antitoxins, viruses, bacteriophage and bacterial lysates, nes",1997-12,3002.90.00.19,"Toxins, toxoids, antitoxins, viruses, bacteriophage and bacterial lysates, nes",1998-01 to 2016-12,1.0000,,,,,the same commodity under a new number (the two descriptions match),,,,accept,,,analysts,2026-08-12
imports:3004.90.99.91:1997-12,174,CONFIRM - the evidence supports this link,,3004.90.99.91,"Anaesthetic, for veterinary use, in dosage",1997-12,3004.90.00.81,"Anaesthetic, for veterinary use, in dosage",1998-01 to 2011-12,1.0000,,,,,the same commodity under a new number (the two descriptions match),,,,accept,,,analysts,2026-08-12
imports:3003.31.10.00:1997-10,175,CONFIRM - the evidence supports this link,,3003.31.10.00,"Insulin, prepared for parenteral administration in humans, in bulk",1997-10,3003.31.00.10,"Insulin, prepared for parenteral administration in humans, in bulk",1998-02 to 2011-08,1.0000,,,,,the same commodity under a new number (the two descriptions match),,,,accept,,,analysts,2026-08-12
imports:3004.20.00.70:1988-12,176,CONFIRM - the evidence supports this link,,3004.20.00.70,"Antibiotics, nes, for vet use, in dosage",1988-12,3004.20.00.79,"Antibiotics, nes, for vet use, in dosage",1989-01 to 2011-12,1.0000,,,,,the same commodity under a new number (the two descriptions match),,,,accept,,,analysts,2026-08-12
exports:3001.10.00:2006-10,177,ANALYST - a candidate is shown but NOT recommended,"the subheading is gone and no wording is close. THE RECORD PLACES THIS INSIDE CHAPTER 30 and the departure hypothesis is withdrawn: the WCO 2002 to 2007 correlation sends this subheading to 300190, leaving 1 of 2 candidate(s). The proposal is still not recommended, because the wording is weak, and that is now the only reason.",3001.10.00,"Glands and other organs, dried, powdered or not, for therapeutic uses",2006-10,3001.90.00,"Heparin & its salts;human or animal substances for therap or prophltc uses, nes",1988-01 to 2026-06,0.3803,,"no other candidate passes the rules; every one either swaps the term that carries the meaning, shares nothing with this description, or stops trading within two years of it",,,a catch-all line that may cover it (read off the successor's own wording),,"THE OFFICIAL RECORD NARROWED THIS ROW: the WCO 2002 to 2007 correlation sends this subheading to 300190, leaving 1 of 2 candidate(s). The proposal rests on the correlation table and not on wording alone. The tables map six digits to six digits, so the record chose the SUBHEADING; the statistical line beneath it is still the analyst's. The proposal is a catch-all line, so accepting it aggregates these goods rather than matching them. Judge whether that is where the trade went.","this was decided while the proposal read 'Heparin & its salts;human or animal substnces for therap or prophltc uses, nes'; it now reads Heparin & its salts;human or animal substances for therap or prophltc uses, nes",accept,,"ACCEPT 3001.90.00 on the official record, 2026-08-14. The WCO correlation table for the 2002-to-2007 revision maps 3001.10 to 3001.90 and to nothing else, and states the reason in its own remark: ""Deletion of subheading 3001.10 because of the low volume of trade."" Confirmed from both of the document's tables, which are typeset independently and run in opposite directions: Table I page 10 gives 3001.90 <- 3001.10, Table II page 42 gives 3001.10 -> ex3001.90. Extracted into evidence/wto/wto_ch30_pairs.csv by evidence/wto/extract_wto_pairs.py. THIS OVERTURNS THE EARLIER ANSWER OF 3001.20.00, which was accepted before the tables were read and while the software proposed it. The released v1 crosswalk carries that same 3001.10 to 3001.20 link, and v1's OWN provenance file already describes it as ""editorial judgement, not WTO-supported"", naming the very table that contradicts it. The two import twins 3001.10.00.10 and 3001.10.00.90 now propose 3001.90.00.90 and are still to be answered. LIMITATION, STATED BECAUSE THE DOCUMENT STATES IT: the correlation tables are a guide published by the WCO Secretariat and, in the document's own words, ""are not to be regarded as constituting classification decisions"" and ""do not have legal status"". They are the best available account of where the goods went across a revision; they are not a ruling.",analysts,2026-08-12
imports:3003.31.99.00:1997-12,178,CONFIRM - the evidence supports this link,,3003.31.99.00,"Insulin, formulated, in bulk, nes",1997-12,3003.31.00.90,"Insulin, formulated, in bulk, nes",1998-01 to 2011-12,1.0000,,,,,the same commodity under a new number (the two descriptions match),,,,accept,,,analysts,2026-08-12
exports:3004.32.10:1988-12,179,CONFIRM - the evidence supports this link,,3004.32.10,"Adrenal cortical hormones, in dosage, for human use",1988-12,3004.32.00,"Adrenal cortical hormones, not containing antibiotics, in dosage",1989-01 to 2026-06,0.6306,,,,,unknown,,,,accept,,,analysts,2026-08-12
imports:3004.50.99.50:1997-12,180,CONFIRM - the evidence supports this link,,3004.50.99.50,"Vitamins & their derivs, nes, for vet use, in dosage",1997-12,3004.50.00.70,"Vitamins & their derivs, nes, for vet use, in dosage",1998-01 to 2011-12,1.0000,,,,,the same commodity under a new number (the two descriptions match),,,,accept,,,analysts,2026-08-12
imports:3001.90.90.00:1997-12,181,CONFIRM - the evidence supports this link,,3001.90.90.00,"Other human or animal subs prepared for therapeutic or prophylactic uses, nes",1997-12,3001.90.00.90,"Other human or animal subs prepared for therapeutic or prophylactic uses, nes",1998-01 to 2026-06,1.0000,,,,,the same commodity under a new number (the two descriptions match),,,,accept,,,analysts,2026-08-12
imports:3004.40.90.30:1997-11,182,CONFIRM - the evidence supports this link,,3004.40.90.30,"Vincristine, for human use, in dosage",1997-11,3004.40.00.20,"Vincristine, for human use, in dosage",1998-01 to 2011-12,1.0000,,,,,the same commodity under a new number (the two descriptions match),,,,accept,,,analysts,2026-08-12
imports:3004.90.99.84:1997-12,183,CONFIRM - the evidence supports this link,,3004.90.99.84,"Medicaments cont hyaluronic acid or its sodium salt, for human use, in dosage",1997-12,3004.90.00.78,"Medicaments cont hyaluronic acid or its sodium salt, for human use, in dosage",1998-01 to 2026-06,1.0000,,,,,the same commodity under a new number (the two descriptions match),,,,accept,,,analysts,2026-08-12
imports:3002.90.10.40:1997-12,184,CONFIRM - the evidence supports this link,,3002.90.10.40,Dried blood of animal origin,1997-12,3002.90.00.30,Dried blood of animal origin,1998-02 to 2026-06,1.0000,,,,,the same commodity under a new number (the two descriptions match),,,,accept,,,analysts,2026-08-12
imports:3005.90.93.00:1997-12,185,CONFIRM - the evidence supports this link,,3005.90.93.00,"Dressings and similar articles of paper, nes",1997-12,3005.90.00.60,"Dressings and similar articles of paper, nes",1998-01 to 2011-12,1.0000,,,,,the same commodity under a new number (the two descriptions match),,,,accept,,,analysts,2026-08-12
imports:3004.32.10.00:1997-12,186,CONFIRM - the evidence supports this link,,3004.32.10.00,"Adrenal cortical horm, cont more than 23% of abs ethyl alc by vol, in dosage",1997-12,3004.32.00.10,"Adrenal cortical horm, cont more than 23% of abs ethyl alc by vol, in dosage",1998-03 to 2001-12,1.0000,,,,,the same commodity under a new number (the two descriptions match),,,,accept,,,analysts,2026-08-12
imports:3004.40.90.70:1997-12,187,CONFIRM - the evidence supports this link,,3004.40.90.70,"Aminophylline, for human use, in dosage",1997-12,3004.40.00.50,"Aminophylline, for human use, in dosage",1998-03 to 2011-12,1.0000,,,,,the same commodity under a new number (the two descriptions match),,,,accept,,,analysts,2026-08-12
imports:3004.31.99.00:1997-12,188,CONFIRM - the evidence supports this link,,3004.31.99.00,"Insulin, nes, for human use, in dosage",1997-12,3004.31.00.90,"Insulin, nes, for human use, in dosage",1998-01 to 2011-12,1.0000,,,,,the same commodity under a new number (the two descriptions match),,,,accept,,,analysts,2026-08-12
exports:3004.50.20:1988-12,189,CONFIRM - the evidence supports this link,,3004.50.20,"Vitamins and their derivatives,in dosage for veterinary use",1988-12,3004.50.00,"Vitamins and their derivatives,in dosage",1989-01 to 2026-06,0.8081,,,,,unknown,,,,accept,,,analysts,2026-08-12
exports:3002.31.00:1995-12,190,CONFIRM - the evidence supports this link,,3002.31.00,"Vaccines against foot or mouth disease, veterinary use",1995-12,3002.30.10,"Vaccines against foot or mouth disease, veterinary use",1996-02 to 2016-06,1.0000,,,,,the same commodity under a new number (the two descriptions match),,,,accept,,,analysts,2026-08-12
imports:3002.10.29.10:1997-12,191,CONFIRM - the evidence supports this link,,3002.10.29.10,"Blood fractions, nes, for use in humans",1997-12,3002.10.00.51,"Blood fractions, nes, for use in humans",1998-01 to 2016-12,1.0000,,,,,the same commodity under a new number (the two descriptions match),,,,accept,,,analysts,2026-08-12
imports:3004.32.00.10:2001-12,192,ANALYST - a candidate is shown but NOT recommended,"NOTHING IN COMMON: this names abs, adrenal, alc, by, cortical, ethyl, horm, more, than, vo and the proposal names corticosteriod, and neither is a catch-all that could absorb the other. The score comes from shared phrasing.",3004.32.00.10,"Adrenal cortical horm, cont more than 23% of abs ethyl alc by vol, in dosage",2001-12,3004.32.00.20,"Corticosteriod hormones, for veterinary use, in dosage",2002-01 to 2011-12,0.5120,3004.32.00.19,"Medicaments containing corticosteroid hormones, for human use, nes",2002-01 to 2011-12,0.4088,different family (from the tariff structure),its own leftover line (from the tariff structure),"SECOND. The alternative is this code's own family line, which is where a closing line usually goes.",this one was decided and the method still does not recommend the proposal; the reason is in the why column,second,,,analysts,2026-08-12
exports:3003.31.00:2025-05,193,DO NOT DECIDE - the record does not call this a retirement,,3003.31.00,"Medicaments,cont insulin,mixed,not in doses/forms/pack/frs,o/t No 30.02/05/06",2025-05,3003.20.00,"Medicaments,cont antibiotics,nes,mix,for therap/prophltc,nfrs,o/t No 30.02/05/06",1988-01 to 2026-06,0.6879,,,,,a catch-all line that may cover it (read off the successor's own wording),,,,,,,,
imports:3003.39.10.00:1997-12,194,CONFIRM - the evidence supports this link,,3003.39.10.00,"Epinephrine & its solutions, prepared for parenteral admin in humans, in bulk",1997-12,3003.39.00.10,"Epinephrine & its solutions, prepared for parenteral admin in humans, in bulk",1998-01 to 2011-12,1.0000,,,,,the same commodity under a new number (the two descriptions match),,,,accept,,,analysts,2026-08-12
imports:3003.90.91.00:1997-12,195,CONFIRM - the evidence supports this link,,3003.90.91.00,"Medicaments, nes, cont more than 23% of absolute ethyl alcohol by volume,in bulk",1997-12,3003.90.00.20,"Medicaments, nes, cont more than 23% of absolute ethyl alcohol by volume,in bulk",1998-01 to 2011-12,1.0000,,,,,the same commodity under a new number (the two descriptions match),,,,accept,,,analysts,2026-08-12
exports:3003.42.00:2024-09,196,DO NOT DECIDE - the record does not call this a retirement,"SAME FRAME, DIFFERENT TERM: pseudoephedrine sa against antibiotic. The wording match is scoring the boilerplate these two share, not the word that says what the goods are.",3003.42.00,"Medicaments,cont pseudoephedrine/sa,mix,therap/prophltc,nfrs,o/t No 30.02/05/06",2024-09,3003.20.00,"Medicaments,cont antibiotics,nes,mix,for therap/prophltc,nfrs,o/t No 30.02/05/06",1988-01 to 2026-06,0.8176,,,,,a catch-all line that may cover it (read off the successor's own wording),,,this one was decided and it is now HELD (the record does not call this a retirement). The hold is not a disagreement with the answer; it says the official record has not been read yet and may overturn it,reject,none,"The line was not withdrawn, so there is no successor to name. 3003.42.00 stands in the tariff across all nine vintages from 2017 to 2025 and carries no stated_termination. Row 38 is the same commodity on the import side and resolves the same way. The proposal is an antibiotics line offered for a pseudoephedrine code, and its 0.8176 match is the shared boilerplate. Decided despite the DO NOT DECIDE verdict, and deliberately: that hold exists because silence alone cannot say whether a code retired, and the tariff schedule answers the question directly, which is evidence the hold does not consult.",analysts,2026-08-12
imports:3004.50.91.00:1997-06,197,CONFIRM - the evidence supports this link,,3004.50.91.00,"Vitamins, cont more than 23% of abs ethyl alc by vol, for human use, in dosage",1997-06,3004.50.00.20,"Vitamins, cont more than 23% of abs ethyl alc by vol, for human use, in dosage",1998-01 to 2011-12,1.0000,,,,,the same commodity under a new number (the two descriptions match),,,,accept,,,analysts,2026-08-12
imports:3002.90.90.30:1997-09,198,CONFIRM - the evidence supports this link,,3002.90.90.30,Antiallergenic preparations of microbial origin,1997-09,3002.90.00.93,Antiallergenic preparations of microbial origin,1998-02 to 2016-12,1.0000,,,,,the same commodity under a new number (the two descriptions match),,,,accept,,,analysts,2026-08-12
imports:3002.90.10.11:1997-12,199,CONFIRM - the evidence supports this link,,3002.90.10.11,Ricin,1997-12,3002.90.00.11,Ricin,1998-01 to 2016-09,1.0000,,,,,the same commodity under a new number (the two descriptions match),,,,accept,,,analysts,2026-08-12
imports:3003.40.10.00:1993-08,200,CONFIRM - the evidence supports this link,,3003.40.10.00,"Alkaloids or their derivs, cont more than 23% of absol ethyl alc by vol, in bulk",1993-08,3003.40.90.00,"Alkaloids or their derivs, formltd, not cont antibiotics or horm, in bulk, nes",1988-02 to 1997-12,0.5828,,,,,a catch-all line that may cover it (read off the successor's own wording),,,,accept,,,analysts,2026-08-12
imports:3004.39.00.12:2026-05,201,DO NOT DECIDE - the record does not call this a retirement,,3004.39.00.12,"Medi,cont anterior pituitary hormones,f human,doses/pack frs,o/t No 30.02/05/06",2026-05,3004.39.00.19,"Medi,cont horm/prod No 29.37,f human use,doses/pack frs,o/t No 30.02/05/06,nes",2012-01 to 2026-06,0.7389,,,,,a catch-all line that may cover it (read off the successor's own wording),,,,,,,,
exports:3001.20.00:2026-05,202,DO NOT DECIDE - the record does not call this a retirement,"the subheading is gone and no wording is close, so the goods may have left Chapter 30 entirely",3001.20.00,"Extracts of glands/other organs or of their secretions, for therapeutic uses",2026-05,3001.90.00,"Heparin & its salts;human or animal substances for therap or prophltc uses, nes",1988-01 to 2026-06,0.4636,,,,,a catch-all line that may cover it (read off the successor's own wording),,,,,,,,
exports:3004.41.00:2026-05,203,DO NOT DECIDE - the record does not call this a retirement,"SAME FRAME, DIFFERENT TERM: ephedrin against pseudoephedrine. The wording match is scoring the boilerplate these two share, not the word that says what the goods are.",3004.41.00,"Medicaments,cont ephedrin/salts,therap/prophltc,in doses/frs,o/t No 30.02/05/06",2026-05,3004.42.00,"Medi,cont pseudoephedrine/salts,therap/prophltc,in doses/frs,o/t No 30.02/05/06",2017-01 to 2026-06,0.9114,,,,,"same class (asserted, no source)",,,,,,,,
imports:3004.41.00.00:2026-05,204,DO NOT DECIDE - the record does not call this a retirement,"SAME FRAME, DIFFERENT TERM: ephedrin against norephedrine. The wording match is scoring the boilerplate these two share, not the word that says what the goods are.",3004.41.00.00,"Medicaments,cont ephedrin/salts,therap/prophltc,in doses/frs,o/t No 30.02/05/06",2026-05,3004.43.00.00,"Medi,cont norephedrine/salts,therap/prophltc,in doses/frs,o/t No 30.02/05/06",2017-12 to 2026-06,0.9290,,,,,"same class (asserted, no source)",,,,,,,,
imports:3003.31.00.00:2026-03,205,DO NOT DECIDE - the record does not call this a retirement,"the code proposed here stops trading 2 months after the one it would replace, so the two ended in the same restructuring and neither received the other's trade. Following the chain, the trade appears to end at 3003.90.00.30.",3003.31.00.00,"Medicaments,cont insulin,mixed,not in doses/forms/pack/frs,o/t No 30.02/05/06",2026-03,3003.41.00.00,"Medicaments,cont ephedrin/salts,mix,therap/prophltc uses,nfrs,o/t No 30.02/05/06",2017-06 to 2026-05,0.7134,,,,,unknown,,,,,,,,
exports:3003.10.00:2026-05,206,DO NOT DECIDE - the record does not call this a retirement,"the subheading is gone and no wording is close, so the goods may have left Chapter 30 entirely",3003.10.00,"Medi,cont penicillins/deriv w penicillanic acid struct, streptomycins/deriv,nfrs",2026-05,3003.39.00,"Medi,cont horm/prostaglandins/thromboxanes/leukotrienes/deriv/analogues,nes,nfrs",1988-01 to 2026-06,0.4277,,,,,a catch-all line that may cover it (read off the successor's own wording),,,,,,,,
imports:3003.60.00.00:2025-08,207,DO NOT DECIDE - the record does not call this a retirement,,3003.60.00.00,"Medicaments,cont antimalarial active principles,mixed,nfrs,o/t No 30.02/05/06",2025-08,3003.20.00.00,"Medicaments,cont antibiotics,nes,mix,for therap/prophltc,nfrs,o/t No 30.02/05/06",1988-01 to 2026-06,0.7261,,,,,a catch-all line that may cover it (read off the successor's own wording),,,,,,,,
imports:3003.43.00.00:2025-06,208,DO NOT DECIDE - the record does not call this a retirement,"SAME FRAME, DIFFERENT TERM: norephedrine against ephedrin use. The wording match is scoring the boilerplate these two share, not the word that says what the goods are.",3003.43.00.00,"Medicaments,cont norephedrine/salts,mix,therap/prophltc,nfrs,o/t No 30.02/05/06",2025-06,3003.41.00.00,"Medicaments,cont ephedrin/salts,mix,therap/prophltc uses,nfrs,o/t No 30.02/05/06",2017-06 to 2026-05,0.9434,,,,,"same class (asserted, no source)",,,,,,,,
imports:3003.41.00.00:2026-05,209,DO NOT DECIDE - the record does not call this a retirement,"SAME FRAME, DIFFERENT TERM: ephedrin salt against acetaminophen. The wording match is scoring the boilerplate these two share, not the word that says what the goods are.",3003.41.00.00,"Medicaments,cont ephedrin/salts,mix,therap/prophltc uses,nfrs,o/t No 30.02/05/06",2026-05,3003.90.00.30,"Medicaments,cont acetaminophen,mix,therap/prophltc uses,nfrs,o/t No 30.02/05/06",2012-01 to 2026-06,0.8931,,,,,unknown,,,,,,,,
imports:3002.20.00.90:2021-12,210,CONFIRM - the evidence supports this link,,3002.20.00.90,"Vaccines, nes, for human medicine",2021-12,3002.41.00.10,"Vaccines, for against influenza virus, human medicine",2022-01 to 2026-06,0.6585,,,,,unknown,,,"THE PROPOSAL MAY INVERT THIS LINE'S MEANING: 3002.20.00.90 is a leftover line, and 3002.20.00.10 named against, influenza, virus beside it while it traded, so this line was the goods that are NOT that. The proposal turns on against, influenza, virus. Flagged, not removed.",reject,3002.41.00.90,"REJECT, successor 3002.41.00.90, 2026-08-14. The retiring line is the residual of 3002.20 and it lived alongside 3002.20.00.10 'Vaccines against influenza virus' from 1988-02 to 2021-12, so it was defined as the human vaccines that are NOT influenza. Canada carried the same carve-out into the new subheading and spelled it out: 3002.41.00.90 reads 'Vaccines, o/t for against influenza virus, human medicine, nes'. Sending the residual to the influenza line would move goods defined as not-influenza into influenza. The identical link was rejected at first review in the signed v1 record. The proposal outscored the residual by 0.0363 of wording, which says nothing about what the goods are.",analysts,2026-08-14
exports:3002.20.00:2021-12,211,CONFIRM - the evidence supports this link,,3002.20.00,Vaccines for human medicine,2021-12,3002.41.00,"Vaccines, for human medicine",2022-01 to 2026-06,1.0000,,,,,unknown,,,,accept,,"ACCEPT 3002.41.00 on the official record, 2026-08-14. The WCO 2017-to-2022 table records that subheadings 3002.20 and 3002.30 were deleted and substituted, and maps 3002.20 to 3002.41. The two descriptions are word for word the same, 1.0000.",analysts,2026-08-14
exports:3002.10.00:2016-12,212,ANALYST - a candidate is shown but NOT recommended,"SAME FRAME, DIFFERENT TERM: immunological mod prod against modified. The wording match is scoring the boilerplate these two share, not the word that says what the goods are.",3002.10.00,"Antisera, o blood fract, immunological prod,w/n mod/obt by biotechnological proc",2016-12,3002.12.00,"Antisera & other blood fractions, w/n modified/obtained by biotechnological proc",2017-01 to 2026-06,0.7871,3002.19.00,"Immunological products, nes, w/n modified/obtained by biotechnological processes",2017-01 to 2021-12,0.7051,unknown,a catch-all line that may cover it (read off the alternative's own wording),,this one was decided and the method still does not recommend the proposal; the reason is in the why column,accept,,"ACCEPT 3002.12.00, 2026-08-14. The WCO 2012-to-2017 table subdivided 3002.10 into 3002.11 to 3002.15 and 3002.19 for immunological products, so the record bounds the answer to that list rather than naming one. Antisera and other blood fractions is 3002.12, and the retiring line is antisera and other blood fractions.",analysts,2026-08-14
imports:3002.19.00.00:2021-12,213,DO NOT DECIDE - waiting on a document,"the subheading is gone and nothing left in the chapter shares the meaning, so the goods may have left Chapter 30 entirely",3002.19.00.00,"Immunological products, nes, w/n modified/obtained by biotechnological processes",2021-12,3002.15.00.00,"Immunological products, put up in measured doses/forms/packings, for retail sale",2017-01 to 2026-06,0.5000,,,,,unknown,,,"this one was decided and it is now HELD (waiting on a document). The hold is not a disagreement with the answer; it says the official record has not been read yet and may overturn it A LEFTOVER LINE WAS WIDENED AT THIS VERY BOUNDARY: 3002.90.00.90 kept its number across 2021-12 and its published scope gained antisera, cell, culture, etc, vaccines. Wording similarity cannot see that a description CHANGED, so it ranks that line 18. Check whether the goods went there. Flagged, not ranked.",reject,3002.90.00.90,"REJECT, successor 3002.90.00.90, 2026-08-15. THIS REVERSES THE UNRESOLVED RULING OF 2026-08-14, which held the proposal wrong and the right answer not determinable. Every fact in that ruling still holds and none of it is withdrawn: the WCO 2017-to-2022 correlation addresses 3002.19 only to say the subheading 'was considered by the HS Committee to be empty and it was therefore deleted', read at the source on both of the document's independently typeset tables, and that premise is false for Canada, which imported CAD 1,629,159,701 under it. What changed is that the tariff schedules were read. In the 2021 schedule the 3002.1 group holds 3002.11, .12, .13, .14, .15 and .19 'Other'. In the 2022 schedule it holds .12, .13, .14 and .15 and NO residual at all. Under HS2022 heading 30.02 runs 3002.1 immunological products, 3002.4 vaccines, toxins and cultures, 3002.5 cell cultures, and 3002.90 'Other', which is the heading's own leftover. An immunological product that is not unmixed, not mixed and not in measured doses therefore has no line left in 3002.1x and falls to the heading residual, not to 3002.49, which is the leftover of the vaccines and toxins family. In the same month 3002.90.00.90's published wording was restated to name antisera, vaccines and cell cultures. This is the same move as rows 223 and 229, where a leftover line retires and its goods fall to the next broader leftover. Rows 210, 177 and 225 were cited here until 2026-08-18 and are NOT the same move: row 210 goes from one named vaccine line to another, and rows 177 and 225 are the glands event that row 223 already covers. Measured across the whole delivery the move occurs 10 times and carries $17,745,790,534. The tariff schedules or the WCO correlation specify or constrain the destination in six of them, which is what establishes it as a rule rather than a choice made here. Two more carry identical wording and decide themselves. This row and its export twin, row 222, are the only two where the record excludes nothing AND the wording is distant, and together they carry $1,636,154,203. THE TRADE DOES NOT CORROBORATE THIS AND IT IS NOT CLAIMED TO: 3002.19 was running at CAD 8,365,928 a month over its final two years, 3002.90.00.90 gained CAD 13,232,553 a month, and about CAD 7,933,230 of that gain is the shortfall left by toxins and cultures departing 3002.90 for 3002.49. The residue is the right order of magnitude, but 3002.15 grew CAD 75,230,388 a month across the same boundary and would hide the whole of it. The structure decides this row; the money cannot.",analysts,2026-08-15
exports:3004.40.00:2016-12,214,ANALYST - a candidate is shown but NOT recommended,"the subheading is gone and no wording is close, so the goods may have left Chapter 30 entirely",3004.40.00,"Alkaloids or their derivs, not cntg antibiotics or hormones, in dosage",2016-12,3004.49.00,"Medi,cont alkaloids/deriv t/o,nes,therap/prophltc,doses/frs,o/t No 30.02/05/06",2017-01 to 2026-06,0.3836,3004.43.00,"Medi,cont norephedrine/salts,therap/prophltc,in doses/frs,o/t No 30.02/05/06",2017-03 to 2022-03,0.2917,a catch-all line that may cover it (read off the successor's own wording),unknown,"The proposal is a catch-all line, so accepting it aggregates these goods rather than matching them. Judge whether that is where the trade went.",this one was decided and the method still does not recommend the proposal; the reason is in the why column,accept,,"ACCEPT 3004.49.00, 2026-08-14. The WCO 2012-to-2017 table subdivided 3004.40 to create 3004.41, 3004.42 and 3004.43 for ephedrine, pseudoephedrine and norephedrine, leaving 3004.49 for everything else. The retiring line is the whole unsubdivided subheading, so it continues in the line that carries the remainder.",analysts,2026-08-14
imports:3002.30.00.90:2021-12,215,CONFIRM - the evidence supports this link,,3002.30.00.90,"Vaccines, veterinary use, nes",2021-12,3002.42.00.90,"Vaccines, veterinary use, nes",2022-01 to 2026-06,1.0000,,,,,the same commodity under a new number (the two descriptions match),,,,accept,,"ACCEPT 3002.42.00.90 on the official record, 2026-08-14. The WCO 2017-to-2022 table maps 3002.30 to 3002.42. Canada carried the statistical split across unchanged, so the veterinary leftover line goes to the veterinary leftover line. The two descriptions are word for word the same, 1.0000.",analysts,2026-08-14
imports:3002.20.00.10:2021-12,216,ANALYST - a candidate is shown but NOT recommended,"SAME FRAME, DIFFERENT TERM: use against medicine. The wording match is scoring the boilerplate these two share, not the word that says what the goods are.",3002.20.00.10,"Vaccines against influenza virus, for human use",2021-12,3002.41.00.10,"Vaccines, for against influenza virus, human medicine",2022-01 to 2026-06,0.8247,,"no other candidate passes the rules; every one either swaps the term that carries the meaning, shares nothing with this description, or stops trading within two years of it",,,unknown,,"THE OFFICIAL RECORD NARROWED THIS ROW: the WCO 2017 to 2022 correlation sends this subheading to 300241, leaving 2 of 22 candidate(s). The proposal rests on the correlation table and not on wording alone. The tables map six digits to six digits, so the record chose the SUBHEADING; the statistical line beneath it is still the analyst's.",this one was decided and the method still does not recommend the proposal; the reason is in the why column,accept,,"ACCEPT 3002.41.00.10 on the official record, 2026-08-14. The WCO 2017-to-2022 table maps 3002.20 to 3002.41, and Canada carried the influenza carve-out across: 3002.20.00.10 named influenza and 3002.41.00.10 names influenza. The same link was reviewed individually and approved on 2026-08-05 in the signed v1 record.",analysts,2026-08-14
imports:3002.30.00.10:2021-12,217,CONFIRM - the evidence supports this link,,3002.30.00.10,Vacc agnst foot and mth disse; vacc prepr for parentl admin; bovi intrnsl vacc,2021-12,3002.42.00.10,Vaccines agnst foot and mth disse;vacc prepr for parentl admin;bovi intrnsl vacc,2022-01 to 2026-06,0.9744,,,,,unknown,,,,accept,,"ACCEPT 3002.42.00.10 on the official record, 2026-08-14. The WCO 2017-to-2022 table maps 3002.30 to 3002.42, and Canada carried the split across unchanged, so the foot and mouth line goes to the foot and mouth line. The score of 0.9744 is the published abbreviation of Vaccines and nothing else.",analysts,2026-08-14
imports:3006.20.00.90:2021-12,218,ANALYST - a candidate is shown but NOT recommended,"the WCO correlation table for this revision sends the whole subheading OUT of Chapter 30, so no code in this chapter is its successor. The candidates below are shown because the answer still has to be recorded, not because any of them qualifies. Expected answer: reject, with the successor written `none`.",3006.20.00.90,"Blood-grouping reagents, other than of animal origin, nes",2021-12,3006.30.00.10,"Opacifying, preparations for X-ray examinations",1998-01 to 2026-06,0.4554,3006.40.00.90,"Other dental fillings, nes",1998-01 to 2026-06,0.4250,unknown,a catch-all line that may cover it (read off the alternative's own wording),,this one was decided and the method still does not recommend the proposal; the reason is in the why column,reject,none,"NONE, on the official record, 2026-08-14. The WCO 2017-to-2022 correlation table maps 3006.20 to 3822.13 and to nothing else, so the goods left Chapter 30. Heading 38.22 is outside this crosswalk and outside the delivery, so no code here can be the successor and the candidates shown qualify on wording alone.",analysts,2026-08-14
imports:3006.20.00.20:2021-12,219,ANALYST - a candidate is shown but NOT recommended,"the WCO correlation table for this revision sends the whole subheading OUT of Chapter 30, so no code in this chapter is its successor. The candidates below are shown because the answer still has to be recorded, not because any of them qualifies. Expected answer: reject, with the successor written `none`.",3006.20.00.20,"Blood-grouping reagents, of animal origin",2021-12,3006.30.00.10,"Opacifying, preparations for X-ray examinations",1998-01 to 2026-06,0.3953,3006.93.90.00,"Placebos & blinded/double-blinded kits,for clinical trial,in measured doses, nes",2022-01 to 2026-06,0.3932,unknown,a catch-all line that may cover it (read off the alternative's own wording),,this one was decided and the method still does not recommend the proposal; the reason is in the why column,reject,none,"NONE, on the official record, 2026-08-14. The WCO 2017-to-2022 correlation table maps 3006.20 to 3822.13 and to nothing else, so the goods left Chapter 30. Heading 38.22 is outside this crosswalk and outside the delivery, so no code here can be the successor and the candidates shown qualify on wording alone.",analysts,2026-08-14
exports:3002.30.00:2021-12,220,CONFIRM - the evidence supports this link,,3002.30.00,"Vaccines, for veterinary medecine",2021-12,3002.42.00,"Vaccines, for veterinary medecine",2022-01 to 2026-06,1.0000,,,,,the same commodity under a new number (the two descriptions match),,,,accept,,"ACCEPT 3002.42.00 on the official record, 2026-08-14. The WCO 2017-to-2022 table maps 3002.30 to 3002.42. The two descriptions are word for word the same, 1.0000.",analysts,2026-08-14
exports:3006.20.00:2021-12,221,ANALYST - a candidate is shown but NOT recommended,"the WCO correlation table for this revision sends the whole subheading OUT of Chapter 30, so no code in this chapter is its successor. The candidates below are shown because the answer still has to be recorded, not because any of them qualifies. Expected answer: reject, with the successor written `none`.",3006.20.00,Blood-grouping reagents,2021-12,3006.30.00,"Opacifying prep, x-ray; diagnostic reagents, designed for admin to patients",1988-01 to 2026-06,0.2947,,"no other candidate passes the rules; every one either swaps the term that carries the meaning, shares nothing with this description, or stops trading within two years of it",,,unknown,,,this one was decided and the method still does not recommend the proposal; the reason is in the why column,reject,none,"NONE, on the official record, 2026-08-14. The WCO 2017-to-2022 correlation table maps 3006.20 to 3822.13 and to nothing else, so the goods left Chapter 30. Heading 38.22 is outside this crosswalk and outside the delivery, so no code here can be the successor and the candidates shown qualify on wording alone.",analysts,2026-08-14
exports:3002.19.00:2021-12,222,DO NOT DECIDE - waiting on a document,"the subheading is gone and nothing left in the chapter shares the meaning, so the goods may have left Chapter 30 entirely",3002.19.00,"Immunological products, nes, w/n modified/obtained by biotechnological processes",2021-12,3002.12.00,"Antisera & other blood fractions, w/n modified/obtained by biotechnological proc",2017-01 to 2026-06,0.7355,,,,,unknown,,,"this one was decided and it is now HELD (waiting on a document). The hold is not a disagreement with the answer; it says the official record has not been read yet and may overturn it A LEFTOVER LINE WAS WIDENED AT THIS VERY BOUNDARY: 3002.90.90 kept its number across 2021-12 and its published scope gained antisera, cell, etc. Wording similarity cannot see that a description CHANGED, so it ranks that line 10. Check whether the goods went there. Flagged, not ranked.",reject,3002.90.90,"REJECT, successor 3002.90.90, 2026-08-15. THIS REVERSES THE UNRESOLVED RULING OF 2026-08-14. The argument is the import twin's at row 213 and the tariff structure is identical: the 2022 schedule leaves the 3002.1 group with no residual, and 3002.90 is heading 30.02's own leftover, so an immunological product that is not unmixed, mixed or in measured doses has nowhere else to fall. THE EXPORT FLOW CANNOT CORROBORATE IT AND IT IS NOT CLAIMED TO, and the direction is against us rather than for us: 3002.19.00 was running at CAD 51,268 a month before the boundary while 3002.90.90 FELL by CAD 2,973,338 a month across it, because it surrendered toxins and cultures to the new 3002.49.00. A line that small cannot be traced against one moving millions in the other direction. The import twin at row 213 carries the evidence.",analysts,2026-08-15
imports:3001.10.00.90:2006-12,223,ANALYST - a candidate is shown but NOT recommended,"the subheading is gone and no wording is close. THE RECORD PLACES THIS INSIDE CHAPTER 30 and the departure hypothesis is withdrawn: the WCO 2002 to 2007 correlation sends this subheading to 300190, leaving 3 of 4 candidate(s). The proposal is still not recommended, because the wording is weak, and that is now the only reason.",3001.10.00.90,"Glands, nes, and other organs, dried, powdered or not, for therapeutic uses",2006-12,3001.90.00.90,"Heparin & its salts; human or animal substances for therap or prophltc uses, nes",1998-01 to 2026-06,0.3699,3001.90.00.20,"Bone, organs & o human/animal tissue, living/preserved,for grafting/implantation",1998-01 to 2026-06,0.3151,unknown,unknown,"THE OFFICIAL RECORD NARROWED THIS ROW: the WCO 2002 to 2007 correlation sends this subheading to 300190, leaving 3 of 4 candidate(s). The proposal rests on the correlation table and not on wording alone. The tables map six digits to six digits, so the record chose the SUBHEADING; the statistical line beneath it is still the analyst's.",this one was decided and the method still does not recommend the proposal; the reason is in the why column,accept,,"ACCEPT 3001.90.00.90, 2026-08-14. The WCO 2002-to-2007 table maps 3001.10 to 3001.90 and to nothing else, with the remark 'Deletion of subheading 3001.10 because of the low volume of trade'. Under 3001.90 the delivery holds three lines and only .90 carries a residual marker, in both of its published wordings; .10 is heparin and .20 is living or preserved tissue for grafting. This is the residual going to the residual, and it is the import side of the ruling made on row 177.",analysts,2026-08-14
exports:3006.80.00:2006-12,224,CONFIRM - the evidence supports this link,,3006.80.00,Waste pharmaceuticals,2006-12,3006.92.00,"Waste pharmaceuticals, nes",2007-03 to 2026-06,0.9130,,,,,a catch-all line that may cover it (read off the successor's own wording),,,,accept,,"Decided despite the DO NOT DECIDE verdict, and deliberately. The hold on this row is 'waiting on a document' and carries no stated reading; rows 227 and 230 in the same block spell out the reasoning behind it, that the subheading is gone and nothing left in the chapter shares the meaning, so the goods may have left Chapter 30. That is not so. Canada retired every 3006.80 line at the 2006 to 2007 boundary, 3006.80.11.00 and 3006.80.19.00 together with 3006.80.90.10 through .60, and created 3006.92.00.00, Waste pharmaceuticals, at the same boundary. It is written down in evidence/cbsa/sched_ch30_boundaries.csv, which this project already holds, so no external document is needed. The proposal, 3006.92.00, is that line, and at 0.9130 it is the ranker's first candidate with nothing vetoed above it.",analysts,2026-08-13
imports:3001.10.00.10:2006-12,225,ANALYST - a candidate is shown but NOT recommended,"the subheading is gone and no wording is close. THE RECORD PLACES THIS INSIDE CHAPTER 30 and the departure hypothesis is withdrawn: the WCO 2002 to 2007 correlation sends this subheading to 300190, leaving 3 of 4 candidate(s). The proposal is still not recommended, because the wording is weak, and that is now the only reason.",3001.10.00.10,"Animal glands, dried, powdered or not, for therapeutic uses",2006-12,3001.90.00.90,"Heparin & its salts; human or animal substances for therap or prophltc uses, nes",1998-01 to 2026-06,0.4242,,"no other candidate passes the rules; every one either swaps the term that carries the meaning, shares nothing with this description, or stops trading within two years of it",,,a catch-all line that may cover it (read off the successor's own wording),,"THE OFFICIAL RECORD NARROWED THIS ROW: the WCO 2002 to 2007 correlation sends this subheading to 300190, leaving 3 of 4 candidate(s). The proposal rests on the correlation table and not on wording alone. The tables map six digits to six digits, so the record chose the SUBHEADING; the statistical line beneath it is still the analyst's. The proposal is a catch-all line, so accepting it aggregates these goods rather than matching them. Judge whether that is where the trade went.",this one was decided and the method still does not recommend the proposal; the reason is in the why column,accept,,"ACCEPT 3001.90.00.90, 2026-08-14. The WCO 2002-to-2007 table maps 3001.10 to 3001.90 and to nothing else. Animal glands, dried and powdered, are not heparin and not living or preserved tissue for grafting, which are the only other lines the delivery holds under 3001.90, so the goods fall to its leftover line. Reached by elimination rather than by wording, and decided together with row 223.",analysts,2026-08-14
imports:3002.11.00.00:2021-12,226,ANALYST - a candidate is shown but NOT recommended,"the WCO correlation table for this revision sends the whole subheading OUT of Chapter 30, so no code in this chapter is its successor. The candidates below are shown because the answer still has to be recorded, not because any of them qualifies. Expected answer: reject, with the successor written `none`.",3002.11.00.00,Malaria diagnostic test kits,2021-12,3002.12.00.29,"Animal antisera and other animal blood fractions, nes",2017-01 to 2026-06,0.4000,3002.12.00.12,"Human blood plasma, for therapeutic/prophylactic/other uses",2017-01 to 2026-06,0.3256,a catch-all line that may cover it (read off the successor's own wording),different family (from the tariff structure) [REMOVED ON purpose],"The proposal is a catch-all line, so accepting it aggregates these goods rather than matching them. Judge whether that is where the trade went.","this one was decided and the method still does not recommend the proposal; the reason is in the why column A LEFTOVER LINE WAS WIDENED AT THIS VERY BOUNDARY: 3002.90.00.90 kept its number across 2021-12 and its published scope gained antisera, cell, culture, etc, vaccines. Wording similarity cannot see that a description CHANGED, so it ranks that line 4. Check whether the goods went there. Flagged, not ranked.",reject,none,"NONE, on the official record, 2026-08-14. The WCO 2017-to-2022 correlation table maps 3002.11 to 3822.11 and to nothing else, under the new exclusion Note 1 (ij) to Chapter 30. The malaria diagnostic kits left the chapter, so no code here succeeds them. This is the import side of the ruling already made on row 73.",analysts,2026-08-14
imports:3006.80.90.60:2006-12,227,ANALYST - a candidate is shown but NOT recommended,"the subheading is gone and nothing left in the chapter shares the meaning. THE RECORD PLACES THIS INSIDE CHAPTER 30 and the departure hypothesis is withdrawn: the WCO 2002 to 2007 correlation sends this subheading to 300692, leaving 1 of 27 candidate(s). The proposal is still not recommended, because the wording is weak, and that is now the only reason.",3006.80.90.60,Waste pharmaceuticals of the goods of heading 30.06,2006-12,3006.92.00.00,"Waste pharmaceuticals, nes",2007-01 to 2026-06,0.6316,,"no other candidate passes the rules; every one either swaps the term that carries the meaning, shares nothing with this description, or stops trading within two years of it",,,a catch-all line that may cover it (read off the successor's own wording),,"THE OFFICIAL RECORD NARROWED THIS ROW: the WCO 2002 to 2007 correlation sends this subheading to 300692, leaving 1 of 27 candidate(s). The proposal rests on the correlation table and not on wording alone. The tables map six digits to six digits, so the record chose the SUBHEADING; the statistical line beneath it is still the analyst's. The proposal is a catch-all line, so accepting it aggregates these goods rather than matching them. Judge whether that is where the trade went.",this one was decided and the method still does not recommend the proposal; the reason is in the why column,accept,,"Decided despite the DO NOT DECIDE verdict, and deliberately. The hold reads that the subheading is gone and nothing left in the chapter shares the meaning, so the goods may have left Chapter 30. That is not so. Canada retired every 3006.80 line at the 2006 to 2007 boundary, 3006.80.11.00 and 3006.80.19.00 together with 3006.80.90.10 through .60, and created 3006.92.00.00, Waste pharmaceuticals, at the same boundary. It is written down in evidence/cbsa/sched_ch30_boundaries.csv, which this project already holds, so no external document is needed. The proposal, 3006.92.00.00, is that line, and it is the ranker's first candidate at 0.6316. The successor aggregates: the 2007 line does not record which heading the waste came from, so ten lines become one and that granularity ends here.",analysts,2026-08-13
imports:3006.80.11.00:2006-12,228,ANALYST - a candidate is shown but NOT recommended,"the subheading is gone and no wording is close. THE RECORD PLACES THIS INSIDE CHAPTER 30 and the departure hypothesis is withdrawn: the WCO 2002 to 2007 correlation sends this subheading to 300692, leaving 1 of 27 candidate(s). The proposal is still not recommended, because the wording is weak, and that is now the only reason.",3006.80.11.00,"Waste pharm,chem/biolog prep,incl kit w ancill mat f med diag;f insem anml semen",2006-12,3006.92.00.00,"Waste pharmaceuticals, nes",2007-01 to 2026-06,0.2667,,"no other candidate passes the rules; every one either swaps the term that carries the meaning, shares nothing with this description, or stops trading within two years of it",,,a catch-all line that may cover it (read off the successor's own wording),,"THE OFFICIAL RECORD NARROWED THIS ROW: the WCO 2002 to 2007 correlation sends this subheading to 300692, leaving 1 of 27 candidate(s). The proposal rests on the correlation table and not on wording alone. The tables map six digits to six digits, so the record chose the SUBHEADING; the statistical line beneath it is still the analyst's. The proposal is a catch-all line, so accepting it aggregates these goods rather than matching them. Judge whether that is where the trade went.","this was decided while it proposed 3006.70.10.00; it now proposes 3006.92.00.00, Waste pharmaceuticals, nes",reject,3006.92.00.00,"Decided despite the DO NOT DECIDE verdict, and deliberately. The hold on this row is 'waiting on a document' and carries no stated reading; rows 227 and 230 in the same block spell out the reasoning behind it, that the subheading is gone and nothing left in the chapter shares the meaning, so the goods may have left Chapter 30. That is not so. Canada retired every 3006.80 line at the 2006 to 2007 boundary, 3006.80.11.00 and 3006.80.19.00 together with 3006.80.90.10 through .60, and created 3006.92.00.00, Waste pharmaceuticals, at the same boundary. It is written down in evidence/cbsa/sched_ch30_boundaries.csv, which this project already holds, so no external document is needed. The proposal is the live product line, 3006.70.10.00 at 0.8428, not the waste line. The description of a waste line embeds the product's own wording after the word Waste, so text similarity scores the product highest and leaves 3006.92.00.00 at rank 15 on 0.2667. Waste of a good is not the good.",analysts,2026-08-13
imports:3006.80.19.00:2006-12,229,ANALYST - a candidate is shown but NOT recommended,"the subheading is gone and no wording is close. THE RECORD PLACES THIS INSIDE CHAPTER 30 and the departure hypothesis is withdrawn: the WCO 2002 to 2007 correlation sends this subheading to 300692, leaving 1 of 27 candidate(s). The proposal is still not recommended, because the wording is weak, and that is now the only reason.",3006.80.19.00,"Waste of gel prep f human/vet med as lub f pts of body f oper/examin,etc,nes",2006-12,3006.92.00.00,"Waste pharmaceuticals, nes",2007-01 to 2026-06,0.3564,,"no other candidate passes the rules; every one either swaps the term that carries the meaning, shares nothing with this description, or stops trading within two years of it",,,unknown,,"THE OFFICIAL RECORD NARROWED THIS ROW: the WCO 2002 to 2007 correlation sends this subheading to 300692, leaving 1 of 27 candidate(s). The proposal rests on the correlation table and not on wording alone. The tables map six digits to six digits, so the record chose the SUBHEADING; the statistical line beneath it is still the analyst's.","this was decided while it proposed 3006.70.90.00; it now proposes 3006.92.00.00, Waste pharmaceuticals, nes",reject,3006.92.00.00,"Decided despite the DO NOT DECIDE verdict, and deliberately. The hold on this row is 'waiting on a document' and carries no stated reading; rows 227 and 230 in the same block spell out the reasoning behind it, that the subheading is gone and nothing left in the chapter shares the meaning, so the goods may have left Chapter 30. That is not so. Canada retired every 3006.80 line at the 2006 to 2007 boundary, 3006.80.11.00 and 3006.80.19.00 together with 3006.80.90.10 through .60, and created 3006.92.00.00, Waste pharmaceuticals, at the same boundary. It is written down in evidence/cbsa/sched_ch30_boundaries.csv, which this project already holds, so no external document is needed. The proposal is the live product line, 3006.70.90.00 at 0.8645, not the waste line. The description of a waste line embeds the product's own wording after the word Waste, so text similarity scores the product highest and leaves 3006.92.00.00 at rank 9 on 0.3564. Waste of a good is not the good.",analysts,2026-08-13
imports:3006.80.90.50:2006-12,230,ANALYST - a candidate is shown but NOT recommended,"the subheading is gone and nothing left in the chapter shares the meaning. THE RECORD PLACES THIS INSIDE CHAPTER 30 and the departure hypothesis is withdrawn: the WCO 2002 to 2007 correlation sends this subheading to 300692, leaving 1 of 27 candidate(s). The proposal is still not recommended, because the wording is weak, and that is now the only reason.",3006.80.90.50,Waste pharmaceuticals of the goods of heading 30.05,2006-12,3006.92.00.00,"Waste pharmaceuticals, nes",2007-01 to 2026-06,0.6316,,"no other candidate passes the rules; every one either swaps the term that carries the meaning, shares nothing with this description, or stops trading within two years of it",,,"its own leftover line (asserted, no source)",,"THE OFFICIAL RECORD NARROWED THIS ROW: the WCO 2002 to 2007 correlation sends this subheading to 300692, leaving 1 of 27 candidate(s). The proposal rests on the correlation table and not on wording alone. The tables map six digits to six digits, so the record chose the SUBHEADING; the statistical line beneath it is still the analyst's. ACCEPT: the proposal IS this code's own family line, which is where a closing line usually goes.",this one was decided and the method still does not recommend the proposal; the reason is in the why column,accept,,"Decided despite the DO NOT DECIDE verdict, and deliberately. The hold reads that the subheading is gone and nothing left in the chapter shares the meaning, so the goods may have left Chapter 30. That is not so. Canada retired every 3006.80 line at the 2006 to 2007 boundary, 3006.80.11.00 and 3006.80.19.00 together with 3006.80.90.10 through .60, and created 3006.92.00.00, Waste pharmaceuticals, at the same boundary. It is written down in evidence/cbsa/sched_ch30_boundaries.csv, which this project already holds, so no external document is needed. The proposal, 3006.92.00.00, is that line, and it is the ranker's first candidate at 0.6316. The successor aggregates, as on row 227.",analysts,2026-08-13
imports:3004.50.99.30:1989-12,231,ANALYST - a candidate is shown but NOT recommended,"a different code, 3004.50.00.50, carries this description word for word from 1998-01, 96 month(s) after this one stopped. Either that is the renumbering or the proposal is, and the wording cannot separate them.",3004.50.99.30,"Vitamins & their derivs,nes,for vet use, in dosage",1989-12,3004.50.99.50,"Vitamins & their derivs, nes, for vet use, in dosage",1990-01 to 1997-12,1.0000,3004.50.00.70,"Vitamins & their derivs, nes, for vet use, in dosage",1998-01 to 2011-12,1.0000,"its own leftover line (asserted, no source)",its own leftover line (from the tariff structure) [REMOVED ON continuity],"ACCEPT: the proposal IS this code's own family line, which is where a closing line usually goes.",this one was decided and the method still does not recommend the proposal; the reason is in the why column,accept,,"ACCEPT, 2026-08-17. This row exists because Stage 1a now ends a trading span where a relabel crosses a decisive distinction, not only where the number was left empty. 3004.50.99.30 read 'for vet use' to 1989-12 and 'for human use' from 1990-01 with no gap, so the two lives were one span carrying the later description and the summed value, and the veterinary record inherited the human terminal 3004.50.00.19. The proposal 3004.50.99.50 carries this line's description word for word, is veterinary on both sides, begins 1990-01, the month this line stopped, and is this line's own leftover. The closest wording match, 3004.50.00.70, carries the same description but does not begin until 1998-01, 96 months later, so the continuity gate removed it rather than this judgement.",analysts,2026-08-17
exports:3003.31.00:1993-04,232,CONFIRM - the evidence supports this link,,3003.31.00,"Insulin, formulated, in bulk",1993-04,3003.90.00,"Medicaments nes, formulated, in bulk",1988-01 to 2026-06,0.7667,,,,,a catch-all line that may cover it (read off the successor's own wording),,,,accept,,,analysts,2026-08-12
