flow,v1_uid,v1_family_id,v1_hs_code,v1_first_period,v1_last_period,v1_description,v2_record_id,v2_family_id,v2_hs_code,v2_first_period,v2_last_period,matched_on,note
imports,IMR_0001,IM_0001,3001.10.00.10,198801,200612,"Animal glands, dried, powdered or not, for therapeutic uses",IMR-3001100010-198801,IM-3001100010-198801,3001.10.00.10,198801,200612,code and first month,
imports,IMR_0002,IM_0001,3001.10.00.90,198801,200612,"Glands, not elsewhere specified, and other organs, dried, powdered or not, for therapeutic uses",IMR-3001100090-198801,IM-3001100010-198801,3001.10.00.90,198801,200612,code and first month,
imports,IMR_0003,IM_0001,3001.20.00.00,198801,202512,"Extracts of glands or other organs or of their secretions, for therapeutic uses",IMR-3001200000-198801,IM-3001200000-198801,3001.20.00.00,198801,202606,code and first month,
imports,IMR_0004,IM_0004,3001.90.00.10,199801,202512,Heparin and its salts,IMR-3001900010-199801,IM-3001901000-198801,3001.90.00.10,199801,202606,code and first month,
imports,IMR_0005,IM_0005,3001.90.00.20,199801,202512,"Bone, organs & other human/animal tissue, living/preserved,for grafting/implantation",IMR-3001900020-199801,IM-3001902000-198801,3001.90.00.20,199801,202606,code and first month,
imports,IMR_0006,IM_0006,3001.90.00.90,200201,202512,"Heparin & its salts; human or animal substances for therapeutic or prophylactic uses, not elsewhere specified",IMR-3001900090-200201,IM-3001100010-198801,3001.90.00.90,200201,202606,code and first month,
imports,IMR_0007,IM_0006,3001.90.00.90,199801,200112,"Other human or animal substances prepared for therapeutic or prophylactic uses, not elsewhere specified",IMR-3001900090-199801,IM-3001100010-198801,3001.90.00.90,199801,200112,code and first month,
imports,IMR_0008,IM_0004,3001.90.10.00,198801,199712,Heparin and its salts,IMR-3001901000-198801,IM-3001901000-198801,3001.90.10.00,198801,199712,code and first month,
imports,IMR_0009,IM_0005,3001.90.20.00,198801,199712,"Bone, organs & other human/animal tissue, living/preserved,for grafting/implantation",IMR-3001902000-198801,IM-3001902000-198801,3001.90.20.00,198801,199712,code and first month,
imports,IMR_0010,IM_0006,3001.90.90.00,198801,199712,"Other human or animal substances prepared for therapeutic or prophylactic uses, not elsewhere specified",IMR-3001909000-198801,IM-3001100010-198801,3001.90.90.00,198801,199712,code and first month,
imports,IMR_0011,IM_0007,3002.10.00.10,199801,201612,"Antisera & other blood fractions, human origin, for diagnostic use",IMR-3002100010-199801,IM-3002101010-198801,3002.10.00.10,199801,201612,code and first month,
imports,IMR_0012,IM_0008,3002.10.00.21,199801,201612,"Blood plasma, for therapeutic or prophylactic use in humans",IMR-3002100021-199801,IM-3002101021-198801,3002.10.00.21,199801,201612,code and first month,
imports,IMR_0013,IM_0009,3002.10.00.22,199801,201612,"Normal serum globulin, for therapeutic or prophylactic use in humans",IMR-3002100022-199801,IM-3002101022-198801,3002.10.00.22,199801,201612,code and first month,
imports,IMR_0014,IM_0009,3002.10.00.23,199801,201612,"Immune serum globulin, for therapeutic or prophylactic use in humans",IMR-3002100023-199801,IM-3002101023-199001,3002.10.00.23,199801,201612,code and first month,
imports,IMR_0015,IM_0008,3002.10.00.29,199801,201612,"Antisera & other blood fractions, human orig, therapeutic/prophylactic use in humans,not elsewhere specified",IMR-3002100029-199801,IM-3002101022-198801,3002.10.00.29,199801,201612,code and first month,
imports,IMR_0016,IM_0007,3002.10.00.30,199801,200112,"Antisera & other blood fractions, of human origin, for other uses",IMR-3002100030-199801,IM-3002101022-198801,3002.10.00.30,199801,200112,code and first month,
imports,IMR_0017,IM_0007,3002.10.00.30,200201,201612,"Antisera and other blood fractions, of human origin, for other uses",IMR-3002100030-200201,IM-3002101022-198801,3002.10.00.30,200201,201612,code and first month,
imports,IMR_0018,IM_0013,3002.10.00.41,199801,201612,"Bovine albumin, for parenteral administration in humans",IMR-3002100041-199801,IM-3002102110-198801,3002.10.00.41,199801,201612,code and first month,
imports,IMR_0019,IM_0013,3002.10.00.42,199801,201612,"Sera and antisera, of animal origin, for parenteral administration in humans",IMR-3002100042-199801,IM-3002102110-198801,3002.10.00.42,199801,201612,code and first month,
imports,IMR_0020,IM_0013,3002.10.00.49,199801,200112,"Blood albumin not elsewhere specified, of animal origin, for parenteral administration in humans",IMR-3002100049-199801,IM-3002102110-198801,3002.10.00.49,199801,200112,code and first month,
imports,IMR_0021,IM_0013,3002.10.00.49,200201,201612,"Blood albumin, not elsewhere specified, of animal origin, for parenteral administration in humans",IMR-3002100049-200201,IM-3002102110-198801,3002.10.00.49,200201,201612,code and first month,
imports,IMR_0022,IM_0013,3002.10.00.51,199801,201612,"Blood fractions, not elsewhere specified, for use in humans",IMR-3002100051-199801,IM-3002102110-198801,3002.10.00.51,199801,201612,code and first month,
imports,IMR_0023,IM_0017,3002.10.00.59,199801,201612,"Blood fractions, not elsewhere specified",IMR-3002100059-199801,IM-3002102920-198801,3002.10.00.59,199801,201612,code and first month,
imports,IMR_0024,IM_0018,3002.10.00.60,200302,201112,Modified immunological products,IMR-3002100060-200302,IM-3002901020-198801,3002.10.00.60,200302,201112,code and first month,
imports,IMR_0025,IM_0018,3002.10.00.90,201201,201612,"Antisera,other blood fractions,immunological prod,whether or not mod/obtained biotechnological process,not elsewhere specified",IMR-3002100090-201201,IM-3002901020-198801,3002.10.00.90,201201,201612,code and first month,
imports,IMR_0026,IM_0007,3002.10.10.10,198801,199712,"Antisera & other blood fractions, human origin, for diagnostic use",IMR-3002101010-198801,IM-3002101010-198801,3002.10.10.10,198801,199712,code and first month,
imports,IMR_0027,IM_0008,3002.10.10.21,198801,199712,"Blood plasma, for therapeutic or prophylactic use in humans",IMR-3002101021-198801,IM-3002101021-198801,3002.10.10.21,198801,199712,code and first month,
imports,IMR_0028,IM_0009,3002.10.10.22,198801,199712,"Normal serum globulin, for therapeutic or prophylactic use in humans",IMR-3002101022-198801,IM-3002101022-198801,3002.10.10.22,198801,199712,code and first month,
imports,IMR_0029,IM_0009,3002.10.10.23,199001,199712,"Immune serum globulin, for therapeutic or prophylactic use in humans",IMR-3002101023-199001,IM-3002101023-199001,3002.10.10.23,199001,199712,code and first month,
imports,IMR_0030,IM_0008,3002.10.10.29,198801,199712,"Antisera & other blood fractions, human orig, therapeutic/prophylactic use in humans,not elsewhere specified",IMR-3002101029-198801,IM-3002101022-198801,3002.10.10.29,198801,199712,code and first month,
imports,IMR_0031,IM_0007,3002.10.10.90,198801,199712,"Antisera & other blood fractions, of human origin, for other uses",IMR-3002101090-198801,IM-3002101022-198801,3002.10.10.90,198801,199712,code and first month,
imports,IMR_0032,IM_0013,3002.10.21.10,198801,199712,"Bovine albumin, for parenteral administration in humans",IMR-3002102110-198801,IM-3002102110-198801,3002.10.21.10,198801,199712,code and first month,
imports,IMR_0033,IM_0013,3002.10.21.20,198801,199712,"Sera and antisera, of animal origin, for parenteral administration in humans",IMR-3002102120-198801,IM-3002102110-198801,3002.10.21.20,198801,199712,code and first month,
imports,IMR_0034,IM_0013,3002.10.21.90,198801,199712,"Blood albumin not elsewhere specified, of animal origin, for parenteral administration in humans",IMR-3002102190-198801,IM-3002102110-198801,3002.10.21.90,198801,199712,code and first month,
imports,IMR_0035,IM_0013,3002.10.29.10,198801,199712,"Blood fractions, not elsewhere specified, for use in humans",IMR-3002102910-198801,IM-3002102110-198801,3002.10.29.10,198801,199712,code and first month,
imports,IMR_0036,IM_0020,3002.10.29.20,198801,199104,"Blood fractions, not elsewhere specified, for use in animals",IMR-3002102920-198801,IM-3002102920-198801,3002.10.29.20,198801,199104,code and first month,
imports,IMR_0037,IM_0017,3002.10.29.90,198801,199712,"Blood fractions, not elsewhere specified",IMR-3002102990-198801,IM-3002102920-198801,3002.10.29.90,198801,199712,code and first month,
imports,IMR_0038,IM_0021,3002.11.00.00,201701,202112,Malaria diagnostic test kits,IMR-3002110000-201701,IM-3002110000-201701,3002.11.00.00,201701,202112,code and first month,
imports,IMR_0039,IM_0007,3002.12.00.11,201701,202512,"Human antisera and other human blood fractions, for diagnostic use",IMR-3002120011-201701,IM-3002101010-198801,3002.12.00.11,201701,202606,code and first month,
imports,IMR_0040,IM_0008,3002.12.00.12,201701,202512,"Human blood plasma, for therapeutic/prophylactic/other uses",IMR-3002120012-201701,IM-3002101021-198801,3002.12.00.12,201701,202606,code and first month,
imports,IMR_0041,IM_0009,3002.12.00.13,201701,202512,"Human immune globulin, for therapeutic/prophylactic/other uses",IMR-3002120013-201701,IM-3002101023-199001,3002.12.00.13,201701,202606,code and first month,
imports,IMR_0042,IM_0017,3002.12.00.19,201701,202512,"Human antisera and other human blood fractions, not elsewhere specified",IMR-3002120019-201701,IM-3002101022-198801,3002.12.00.19,201701,202606,code and first month,
imports,IMR_0043,IM_0013,3002.12.00.21,201701,202512,"Animal antisera and other animal blood fractions, for use in humans",IMR-3002120021-201701,IM-3002102110-198801,3002.12.00.21,201701,202606,code and first month,
imports,IMR_0044,IM_0020,3002.12.00.29,201701,202512,"Animal antisera and other animal blood fractions, not elsewhere specified",IMR-3002120029-201701,IM-3002102920-198801,3002.12.00.29,201701,202606,code and first month,
imports,IMR_0045,IM_0028,3002.13.00.00,201701,202512,"Immunological products, unmixed, not put up in measured doses/forms/packings for retail sale",IMR-3002130000-201701,IM-3002130000-201701,3002.13.00.00,201701,202606,code and first month,
imports,IMR_0046,IM_0029,3002.14.00.00,201701,202512,"Immunological products,mixed,not put in measured doses/forms/packings for ret sale",IMR-3002140000-201701,IM-3002140000-201701,3002.14.00.00,201701,202606,code and first month,
imports,IMR_0047,IM_0030,3002.15.00.00,201701,202512,"Immunological products, put up in measured doses/forms/packings, for retail sale",IMR-3002150000-201701,IM-3002150000-201701,3002.15.00.00,201701,202606,code and first month,
imports,IMR_0048,IM_0018,3002.19.00.00,201701,202112,"Immunological products, not elsewhere specified, whether or not modified/obtained by biotechnological processes",IMR-3002190000-201701,IM-3002901020-198801,3002.19.00.00,201701,202112,code and first month,
imports,IMR_0049,IM_0032,3002.20.00.10,198802,202112,"Vaccines against influenza virus, for human use",IMR-3002200010-198802,IM-3002200010-198802,3002.20.00.10,198802,202112,code and first month,
imports,IMR_0050,IM_0033,3002.20.00.20,198801,201112,"Vaccines against rubella (german measles), for human use",IMR-3002200020-198801,IM-3002200020-198801,3002.20.00.20,198801,201112,code and first month,
imports,IMR_0051,IM_0033,3002.20.00.30,198801,201111,"Vaccines against rabies, for human use",IMR-3002200030-198801,IM-3002200020-198801,3002.20.00.30,198801,201111,code and first month,
imports,IMR_0052,IM_0033,3002.20.00.90,198801,202112,"Vaccines, not elsewhere specified, for human medicine",IMR-3002200090-198801,IM-3002200020-198801,3002.20.00.90,198801,202112,code and first month,
imports,IMR_0053,IM_0036,3002.30.00.10,199801,202112,Vacc agnst foot and mth disse; vacc prepared for parenteral administration; bovi intrnsl vacc,IMR-3002300010-199801,IM-3002391000-198801,3002.30.00.10,199801,202112,code and first month,
imports,IMR_0054,IM_0037,3002.30.00.90,199801,202112,"Vaccines, veterinary use, not elsewhere specified",IMR-3002300090-199801,IM-3002310000-198801,3002.30.00.90,199801,202112,code and first month,
imports,IMR_0055,IM_0036,3002.30.10.00,199601,199712,Vacc agnst foot and mth disse; vacc prepared for parenteral administration; bovi intrnsl vacc,IMR-3002301000-199601,IM-3002391000-198801,3002.30.10.00,199601,199712,code and first month,
imports,IMR_0056,IM_0037,3002.30.90.00,199601,199712,"Vaccines, veterinary use, not elsewhere specified",IMR-3002309000-199601,IM-3002310000-198801,3002.30.90.00,199601,199712,code and first month,
imports,IMR_0057,IM_0037,3002.31.00.00,198801,199507,"Vaccines against foot or mouth disease, veterinary use",IMR-3002310000-198801,IM-3002310000-198801,3002.31.00.00,198801,199507,code and first month,
imports,IMR_0058,IM_0036,3002.39.10.00,198801,199512,"Vaccines not elsewhere specified, prepared for parenteral administration in animal; bovine intranasal vaccine",IMR-3002391000-198801,IM-3002391000-198801,3002.39.10.00,198801,199512,code and first month,
imports,IMR_0059,IM_0037,3002.39.90.00,198801,199512,"Vaccines, veterinary use, not elsewhere specified",IMR-3002399000-198801,IM-3002310000-198801,3002.39.90.00,198801,199512,code and first month,
imports,IMR_0060,IM_0032,3002.41.00.10,202201,202512,"Vaccines, for against influenza virus, human medicine",IMR-3002410010-202201,IM-3002200010-198802,3002.41.00.10,202201,202606,code and first month,
imports,IMR_0061,IM_0033,3002.41.00.90,202201,202512,"Vaccines, other than for against influenza virus, human medicine, not elsewhere specified",IMR-3002410090-202201,IM-3002200020-198801,3002.41.00.90,202201,202606,code and first month,
imports,IMR_0062,IM_0036,3002.42.00.10,202201,202512,Vaccines agnst foot and mth disse;vacc prepared for parenteral administration;bovi intrnsl vacc,IMR-3002420010-202201,IM-3002391000-198801,3002.42.00.10,202201,202606,code and first month,
imports,IMR_0063,IM_0037,3002.42.00.90,202201,202512,"Vaccines, veterinary use, not elsewhere specified",IMR-3002420090-202201,IM-3002310000-198801,3002.42.00.90,202201,202606,code and first month,
imports,IMR_0064,IM_0042,3002.49.00.10,202201,202512,"Cultures, of micro-organisms (excluding yeasts) and similar products",IMR-3002490010-202201,IM-3002900050-201701,3002.49.00.10,202201,202606,code and first month,
imports,IMR_0065,IM_0043,3002.49.00.20,202201,202512,Toxins and similar products,IMR-3002490020-202201,IM-3002901010-198801,3002.49.00.20,202201,202606,code and first month,
imports,IMR_0066,IM_0018,3002.49.00.90,202201,202512,"Vaccines,toxins,cultures of micro-organisms (excl yeasts) & similar products,not elsewhere specified",IMR-3002490090-202201,IM-3002490090-202201,3002.49.00.90,202201,202606,code and first month,
imports,IMR_0067,IM_0045,3002.51.00.00,202201,202512,"Cell therapy products, whether or not modified",IMR-3002510000-202201,IM-3002510000-202201,3002.51.00.00,202201,202606,code and first month,
imports,IMR_0068,IM_0046,3002.59.00.00,202201,202512,"Cell cultures, whether or not modified, not elsewhere specified",IMR-3002590000-202201,IM-3002590000-202201,3002.59.00.00,202201,202606,code and first month,
imports,IMR_0069,IM_0047,3002.90.00.10,201701,202112,"Toxins, toxoids, antitoxins, viruses, bacteriophage and bacterial lysates",IMR-3002900010-201701,IM-3002901010-198801,3002.90.00.10,201701,202112,code and first month,
imports,IMR_0070,IM_0043,3002.90.00.11,199801,201609,Ricin,IMR-3002900011-199801,IM-3002901010-198801,3002.90.00.11,199801,201609,code and first month,
imports,IMR_0071,IM_0043,3002.90.00.12,200003,201610,Saxitoxin,IMR-3002900012-200003,IM-3002901010-198801,3002.90.00.12,200003,201610,code and first month,
imports,IMR_0072,IM_0047,3002.90.00.19,199801,201612,"Toxins, toxoids, antitoxins, viruses, bacteriophage and bacterial lysates, not elsewhere specified",IMR-3002900019-199801,IM-3002901010-198801,3002.90.00.19,199801,201612,code and first month,
imports,IMR_0073,IM_0050,3002.90.00.20,199801,201612,Butter-making ferment cultures,IMR-3002900020-199801,IM-3002901020-198801,3002.90.00.20,199801,201612,code and first month,
imports,IMR_0074,IM_0047,3002.90.00.20,202201,202512,"Toxoids, antitoxins, viruses, bacteriophage and bacterial lysates",IMR-3002900020-202201,IM-3002900020-202201,3002.90.00.20,202201,202606,code and first month,
imports,IMR_0075,IM_0051,3002.90.00.30,199802,202512,Dried blood of animal origin,IMR-3002900030-199802,IM-3002901040-198801,3002.90.00.30,199802,202606,code and first month,
imports,IMR_0076,IM_0052,3002.90.00.40,201701,202512,Whole human blood,IMR-3002900040-201701,IM-3002909020-199104,3002.90.00.40,201701,202606,code and first month,
imports,IMR_0077,IM_0042,3002.90.00.50,201701,202112,Micro-organisms cultures,IMR-3002900050-201701,IM-3002900050-201701,3002.90.00.50,201701,202112,code and first month,
imports,IMR_0078,IM_0050,3002.90.00.90,201701,202112,"Human blood;animal blood for therapeutic/prophylactic/diagnostic uses;toxins,similar prod,not elsewhere specified",IMR-3002900090-201701,IM-3002901020-198801,3002.90.00.90,201701,202112,code and first month,
imports,IMR_0079,IM_0050,3002.90.00.90,202201,202512,"Human blood;animal blood therapeutic/diagnostic,etc;antisera,etc;vaccines,etc;cell culture,not elsewhere specified",IMR-3002900090-202201,IM-3002901020-198801,3002.90.00.90,202201,202606,code and first month,
imports,IMR_0080,IM_0050,3002.90.00.91,199801,200112,Bacteria culture inoculants for seeds,IMR-3002900091-199801,IM-3002901020-198801,3002.90.00.91,199801,200112,code and first month,
imports,IMR_0081,IM_0050,3002.90.00.91,200201,201612,"Bacteria culture inoculants, for seeds",IMR-3002900091-200201,IM-3002901020-198801,3002.90.00.91,200201,201612,code and first month,
imports,IMR_0082,IM_0052,3002.90.00.92,199801,201612,Whole human blood,IMR-3002900092-199801,IM-3002909020-199104,3002.90.00.92,199801,201612,code and first month,
imports,IMR_0083,IM_0050,3002.90.00.93,199802,201612,Antiallergenic preparations of microbial origin,IMR-3002900093-199802,IM-3002901020-198801,3002.90.00.93,199802,201612,code and first month,
imports,IMR_0084,IM_0050,3002.90.00.99,199801,201112,"Human blood, animal blood for therapeutic, prophylactic or diagnostic uses, microbial preparation, not elsewhere specified",IMR-3002900099-199801,IM-3002901020-198801,3002.90.00.99,199801,201112,code and first month,
imports,IMR_0085,IM_0050,3002.90.00.99,201201,201612,"Human blood;animal blood therapeutic/prophylactic/diagnostic uses;toxins,micro-organisms culture,not elsewhere specified",IMR-3002900099-201201,IM-3002901020-198801,3002.90.00.99,201201,201612,code and first month,
imports,IMR_0086,IM_0047,3002.90.10.10,198801,199612,"Toxins, toxoids, antitoxins, viruses, bacteriophage and bacterial lysates",IMR-3002901010-198801,IM-3002901010-198801,3002.90.10.10,198801,199612,code and first month,
imports,IMR_0087,IM_0043,3002.90.10.11,199701,199712,Ricin,IMR-3002901011-199701,IM-3002901010-198801,3002.90.10.11,199701,199712,code and first month,
imports,IMR_0088,IM_0047,3002.90.10.19,199701,199712,"Toxins, toxoids, antitoxins, viruses, bacteriophage and bacterial lysates, not elsewhere specified",IMR-3002901019-199701,IM-3002901010-198801,3002.90.10.19,199701,199712,code and first month,
imports,IMR_0089,IM_0050,3002.90.10.20,198801,199712,Ferment cultures,IMR-3002901020-198801,IM-3002901020-198801,3002.90.10.20,198801,199712,code and first month,
imports,IMR_0090,IM_0051,3002.90.10.30,198801,199712,Dried blood of human origin,IMR-3002901030-198801,IM-3002901020-198801,3002.90.10.30,198801,199712,code and first month,
imports,IMR_0091,IM_0051,3002.90.10.40,198801,199712,Dried blood of animal origin,IMR-3002901040-198801,IM-3002901040-198801,3002.90.10.40,198801,199712,code and first month,
imports,IMR_0092,IM_0050,3002.90.90.10,198801,199712,Bacteria culture inoculants for seeds,IMR-3002909010-198801,IM-3002901020-198801,3002.90.90.10,198801,199712,code and first month,
imports,IMR_0093,IM_0052,3002.90.90.20,199104,199706,Whole human blood,IMR-3002909020-199104,IM-3002909020-199104,3002.90.90.20,199104,199706,code and first month,
imports,IMR_0094,IM_0050,3002.90.90.30,199004,199709,Antiallergenic preparations of microbial origin,IMR-3002909030-199004,IM-3002901020-198801,3002.90.90.30,199004,199709,code and first month,
imports,IMR_0095,IM_0050,3002.90.90.90,198801,199712,"Human blood, animal blood for therapeutic, prophylactic or diagnostic uses, microbial preparation, not elsewhere specified",IMR-3002909090-198801,IM-3002901020-198801,3002.90.90.90,198801,199712,code and first month,
imports,IMR_0096,IM_0059,3003.10.00.00,200201,202511,"Medicaments,containing penicillins/derivative with penicillanic acid structure, streptomycins/derivative,not for retail sale",IMR-3003100000-200201,IM-3003100000-198801,3003.10.00.00,200201,202606,code and first month,
imports,IMR_0097,IM_0059,3003.10.00.00,198801,200112,"Penicillins or streptomycins & their derivatives, formulated, in bulk",IMR-3003100000-198801,IM-3003100000-198801,3003.10.00.00,198801,200112,code and first month,
imports,IMR_0098,IM_0060,3003.20.00.00,198801,200112,"Antibiotics, not elsewhere specified, formulated, in bulk",IMR-3003200000-198801,IM-3003200000-198801,3003.20.00.00,198801,200112,code and first month,
imports,IMR_0099,IM_0060,3003.20.00.00,200201,202512,"Medicaments,containing antibiotics,not elsewhere specified,mixed,for therapeutic/prophylactic,not for retail sale,other than products of headings 30.02, 30.05, 30.06",IMR-3003200000-200201,IM-3003200000-198801,3003.20.00.00,200201,202606,code and first month,
imports,IMR_0100,IM_0061,3003.31.00.00,201201,202510,"Medicaments,containing insulin,mixed,not in doses/forms/pack/for retail sale,other than products of headings 30.02, 30.05, 30.06",IMR-3003310000-201201,IM-3003319900-198801,3003.31.00.00,201201,202603,code and first month,
imports,IMR_0101,IM_0061,3003.31.00.10,199802,201108,"Insulin, prepared for parenteral administration in humans, in bulk",IMR-3003310010-199802,IM-3003319900-198801,3003.31.00.10,199802,201108,code and first month,
imports,IMR_0102,IM_0061,3003.31.00.90,199801,201112,"Insulin, formulated, in bulk, not elsewhere specified",IMR-3003310090-199801,IM-3003319900-198801,3003.31.00.90,199801,201112,code and first month,
imports,IMR_0103,IM_0061,3003.31.10.00,198803,199710,"Insulin, prepared for parenteral administration in humans, in bulk",IMR-3003311000-198803,IM-3003319900-198801,3003.31.10.00,198803,199710,code and first month,
imports,IMR_0104,IM_0064,3003.31.91.00,198802,199005,"Insulin, containing more than 23% of absolute ethyl alcohol by volume, in bulk",IMR-3003319100-198802,IM-3003319900-198801,3003.31.91.00,198802,199005,code and first month,
imports,IMR_0105,IM_0061,3003.31.99.00,198801,199712,"Insulin, formulated, in bulk, not elsewhere specified",IMR-3003319900-198801,IM-3003319900-198801,3003.31.99.00,198801,199712,code and first month,
imports,IMR_0106,IM_0065,3003.39.00.00,201201,202512,"Medicaments,containing hormone/prostaglandins/thromboxanes/leukotrienes/derivative/analogues,not elsewhere specified,not for retail sale",IMR-3003390000-201201,IM-3003391000-198801,3003.39.00.00,201201,202606,code and first month,
imports,IMR_0107,IM_0065,3003.39.00.10,199801,200110,"Epinephrine & its solutions, prepared for parenteral administration in humans, in bulk",IMR-3003390010-199801,IM-3003391000-198801,3003.39.00.10,199801,200110,code and first month,
imports,IMR_0108,IM_0065,3003.39.00.10,200201,201112,"Epinephrine and its solutions, prepared for parenteral administration in humans, in bulk",IMR-3003390010-200201,IM-3003391000-198801,3003.39.00.10,200201,201112,code and first month,
imports,IMR_0109,IM_0065,3003.39.00.90,199801,201112,"Hormones, not elsewhere specified, not containing antibiotics, in bulk, other than contraceptives",IMR-3003390090-199801,IM-3003391000-198801,3003.39.00.90,199801,201112,code and first month,
imports,IMR_0110,IM_0065,3003.39.10.00,198801,199712,"Epinephrine & its solutions, prepared for parenteral administration in humans, in bulk",IMR-3003391000-198801,IM-3003391000-198801,3003.39.10.00,198801,199712,code and first month,
imports,IMR_0111,IM_0064,3003.39.91.00,198801,199707,"Hormones, containing more than 23% of absolute ethyl alcohol by volume, in bulk",IMR-3003399100-198801,IM-3003391000-198801,3003.39.91.00,198801,199707,code and first month,
imports,IMR_0112,IM_0065,3003.39.99.00,198801,199712,"Hormones, not elsewhere specified, not containing antibiotics, in bulk, other than contraceptives",IMR-3003399900-198801,IM-3003391000-198801,3003.39.99.00,198801,199712,code and first month,
imports,IMR_0113,IM_0068,3003.40.00.00,199801,201612,"Alkaloids or their derivatives, formulated, not containing antibiotics/hormones, in bulk",IMR-3003400000-199801,IM-3003409000-198802,3003.40.00.00,199801,201612,code and first month,
imports,IMR_0114,IM_0068,3003.40.10.00,199203,199308,"Alkaloids or their derivatives, containing more than 23% of absol ethyl alc by vol, in bulk",IMR-3003401000-199203,IM-3003409000-198802,3003.40.10.00,199203,199308,code and first month,
imports,IMR_0115,IM_0068,3003.40.90.00,198802,199712,"Alkaloids or their derivatives, formltd, not containing antibiotics or hormone, in bulk, not elsewhere specified",IMR-3003409000-198802,IM-3003409000-198802,3003.40.90.00,198802,199712,code and first month,
imports,IMR_0116,IM_0070,3003.41.00.00,201706,202512,"Medicaments,containing ephedrin/salts,mixed,therapeutic/prophylactic uses,not for retail sale,other than products of headings 30.02, 30.05, 30.06",IMR-3003410000-201706,IM-3003410000-201706,3003.41.00.00,201706,202605,code and first month,
imports,IMR_0117,IM_0071,3003.42.00.00,202209,202401,"Medicaments,containing pseudoephedrine/sa,mixed,therapeutic/prophylactic,not for retail sale,other than products of headings 30.02, 30.05, 30.06",IMR-3003420000-202209,IM-3003420000-202209,3003.42.00.00,202209,202401,code and first month,
imports,IMR_0118,IM_0072,3003.43.00.00,201701,202506,"Medicaments,containing norephedrine/salts,mixed,therapeutic/prophylactic,not for retail sale,other than products of headings 30.02, 30.05, 30.06",IMR-3003430000-201701,IM-3003430000-201701,3003.43.00.00,201701,202506,code and first month,
imports,IMR_0119,IM_0068,3003.49.00.00,201701,202512,"Medicaments,containing alkaloids/derivative thereof,not elsewhere specified,mixed,for therapeutic/prophylactic,not for retail sale,other than products of headings 30.02, 30.05, 30.06",IMR-3003490000-201701,IM-3003409000-198802,3003.49.00.00,201701,202606,code and first month,
imports,IMR_0120,IM_0074,3003.60.00.00,201701,202508,"Medicaments,containing antimalarial active principles,mixed,not for retail sale,other than products of headings 30.02, 30.05, 30.06",IMR-3003600000-201701,IM-3003600000-201701,3003.60.00.00,201701,202508,code and first month,
imports,IMR_0121,IM_0064,3003.90.00.10,199801,201112,"Fractioned soya oil emulsions, prepared for parenteral administration; Mixtures of amino acids,etc",IMR-3003900010-199801,IM-3003901000-198801,3003.90.00.10,199801,201112,code and first month,
imports,IMR_0122,IM_0064,3003.90.00.20,199801,201112,"Medicaments, not elsewhere specified, containing more than 23% of absolute ethyl alcohol by volume,in bulk",IMR-3003900020-199801,IM-3003901000-198801,3003.90.00.20,199801,201112,code and first month,
imports,IMR_0123,IM_0076,3003.90.00.30,201201,201612,"Medicaments containing acetaminophen, in bulk",IMR-3003900030-201201,IM-3003909910-199501,3003.90.00.30,201201,201612,code and first month,
imports,IMR_0124,IM_0076,3003.90.00.30,201701,202512,"Medicaments,containing acetaminophen,mixed,therapeutic/prophylactic uses,not for retail sale,other than products of headings 30.02, 30.05, 30.06",IMR-3003900030-201701,IM-3003909910-199501,3003.90.00.30,201701,202606,code and first month,
imports,IMR_0125,IM_0064,3003.90.00.90,201701,202512,"Medicaments, not elsewhere specified,mixed,therapeutic/prophylactic uses,not for retail sale,other than products of headings 30.02, 30.05, 30.06",IMR-3003900090-201701,IM-3003901000-198801,3003.90.00.90,201701,202606,code and first month,
imports,IMR_0126,IM_0064,3003.90.00.90,201201,201612,"Other medicaments, formulated, in bulk, not elsewhere specified",IMR-3003900090-201201,IM-3003901000-198801,3003.90.00.90,201201,201612,code and first month,
imports,IMR_0127,IM_0076,3003.90.00.91,199801,201112,"Medicaments containing acetaminophen, in bulk",IMR-3003900091-199801,IM-3003909910-199501,3003.90.00.91,199801,201112,code and first month,
imports,IMR_0128,IM_0064,3003.90.00.99,199801,200112,"Medicaments not elsewhere specified, formulated, in bulk",IMR-3003900099-199801,IM-3003901000-198801,3003.90.00.99,199801,200112,code and first month,
imports,IMR_0129,IM_0064,3003.90.00.99,200201,201112,"Medicaments, not elsewhere specified, formulated, in bulk",IMR-3003900099-200201,IM-3003901000-198801,3003.90.00.99,200201,201112,code and first month,
imports,IMR_0130,IM_0064,3003.90.10.00,198801,199712,"Fractioned soya oil emulsions, prepared for parenteral administration; Mixtures of amino acids,etc",IMR-3003901000-198801,IM-3003901000-198801,3003.90.10.00,198801,199712,code and first month,
imports,IMR_0131,IM_0064,3003.90.91.00,198801,199712,"Medicaments, not elsewhere specified, containing more than 23% of absolute ethyl alcohol by volume,in bulk",IMR-3003909100-198801,IM-3003901000-198801,3003.90.91.00,198801,199712,code and first month,
imports,IMR_0132,IM_0064,3003.90.99.00,198801,199412,"Medicaments, not elsewhere specified, formulated, in bulk",IMR-3003909900-198801,IM-3003901000-198801,3003.90.99.00,198801,199412,code and first month,
imports,IMR_0133,IM_0076,3003.90.99.10,199501,199712,"Medicaments containing acetaminophen, in bulk",IMR-3003909910-199501,IM-3003909910-199501,3003.90.99.10,199501,199712,code and first month,
imports,IMR_0134,IM_0064,3003.90.99.90,199501,199712,"Medicaments not elsewhere specified, formulated, in bulk",IMR-3003909990-199501,IM-3003901000-198801,3003.90.99.90,199501,199712,code and first month,
imports,IMR_0135,IM_0079,3004.10.00.10,201201,202512,"Medicaments,containing penicillins/their derivatives, for human use, in doses/pack for retail sale",IMR-3004100010-201201,IM-3004100011-198801,3004.10.00.10,201201,202606,code and first month,
imports,IMR_0136,IM_0079,3004.10.00.11,198801,200112,"Penicillin G sodium for human use, in dosage",IMR-3004100011-198801,IM-3004100011-198801,3004.10.00.11,198801,200112,code and first month,
imports,IMR_0137,IM_0079,3004.10.00.11,200208,201112,"Penicillin G sodium, for human use, in dosage",IMR-3004100011-200208,IM-3004100011-198801,3004.10.00.11,200208,201112,code and first month,
imports,IMR_0138,IM_0079,3004.10.00.12,198801,199102,"Penicillin G procaine for human use, in dosage",IMR-3004100012-198801,IM-3004100011-198801,3004.10.00.12,198801,199102,code and first month,
imports,IMR_0139,IM_0079,3004.10.00.12,199208,200105,"Penicillin V for human use, in dosage",IMR-3004100012-199208,IM-3004100011-198801,3004.10.00.12,199208,200105,code and first month,
imports,IMR_0140,IM_0079,3004.10.00.12,200304,201111,"Penicillin V, for human use, in dosage",IMR-3004100012-200304,IM-3004100011-198801,3004.10.00.12,200304,201111,code and first month,
imports,IMR_0141,IM_0079,3004.10.00.13,199201,200111,"Amoxycillin for human use, in dosage",IMR-3004100013-199201,IM-3004100011-198801,3004.10.00.13,199201,200111,code and first month,
imports,IMR_0142,IM_0079,3004.10.00.13,200201,201112,"Amoxycillin, for human use, in dosage",IMR-3004100013-200201,IM-3004100011-198801,3004.10.00.13,200201,201112,code and first month,
imports,IMR_0143,IM_0079,3004.10.00.13,198801,199110,"Penicillin V for human use, in dosage",IMR-3004100013-198801,IM-3004100011-198801,3004.10.00.13,198801,199110,code and first month,
imports,IMR_0144,IM_0079,3004.10.00.14,198801,199112,"Amoxycillin for human use, in dosage",IMR-3004100014-198801,IM-3004100011-198801,3004.10.00.14,198801,199112,code and first month,
imports,IMR_0145,IM_0079,3004.10.00.19,200201,201112,"Penicillins or their derivatives, not elsewhere specified, for human use, in dosage",IMR-3004100019-200201,IM-3004100011-198801,3004.10.00.19,200201,201112,code and first month,
imports,IMR_0146,IM_0079,3004.10.00.19,198801,200112,"Penicillins or their derivatives not elsewhere specified, for human use, in dosage",IMR-3004100019-198801,IM-3004100011-198801,3004.10.00.19,198801,200112,code and first month,
imports,IMR_0147,IM_0079,3004.10.00.20,200201,201112,"Streptomycins or their derivatives, for human use, in dosage",IMR-3004100020-200201,IM-3004100011-198801,3004.10.00.20,200201,201112,code and first month,
imports,IMR_0148,IM_0079,3004.10.00.20,198801,200112,"Streptomycins or their derivatives, for human use, in dosage",IMR-3004100020-198801,IM-3004100011-198801,3004.10.00.20,198801,200112,code and first month,
imports,IMR_0149,IM_0086,3004.10.00.31,200201,201112,"Penicillins or their derivatives, for veterinary use, in dosage",IMR-3004100031-200201,IM-3004100031-198801,3004.10.00.31,200201,201112,code and first month,
imports,IMR_0150,IM_0086,3004.10.00.31,198801,200112,"Penicillins or their derivatives, for veterinary use, in dosage",IMR-3004100031-198801,IM-3004100031-198801,3004.10.00.31,198801,200112,code and first month,
imports,IMR_0151,IM_0086,3004.10.00.32,200201,201112,"Streptomycins or their derivatives, for veterinary use, in dosage",IMR-3004100032-200201,IM-3004100031-198801,3004.10.00.32,200201,201112,code and first month,
imports,IMR_0152,IM_0086,3004.10.00.32,198802,200112,"Streptomycins or their derivatives, for veterinary use, in dosage",IMR-3004100032-198802,IM-3004100031-198801,3004.10.00.32,198802,200112,code and first month,
imports,IMR_0153,IM_0086,3004.10.00.90,201201,202512,"Medicaments containing penicillins/streptomycins/derivative,for veterinary use,in doses/pack for retail sale,not elsewhere specified",IMR-3004100090-201201,IM-3004100031-198801,3004.10.00.90,201201,202606,code and first month,
imports,IMR_0154,IM_0089,3004.20.00.10,200201,201112,"Tetracyclines or their derivatives, for human use, in dosage",IMR-3004200010-200201,IM-3004200010-198801,3004.20.00.10,200201,201112,code and first month,
imports,IMR_0155,IM_0089,3004.20.00.10,198801,200111,"Tetracyclines or their derivatives, for human use, in dosage",IMR-3004200010-198801,IM-3004200010-198801,3004.20.00.10,198801,200111,code and first month,
imports,IMR_0156,IM_0090,3004.20.00.11,201201,202512,"Medicaments containing cephalosporins, for human use, in doses/packings for retail sale",IMR-3004200011-201201,IM-3004200020-198801,3004.20.00.11,201201,202606,code and first month,
imports,IMR_0157,IM_0091,3004.20.00.12,201201,202512,"Medicaments containing vancomycin, for human use, in doses/pack for retail sale",IMR-3004200012-201201,IM-3004200063-198801,3004.20.00.12,201201,202606,code and first month,
imports,IMR_0158,IM_0092,3004.20.00.13,201201,202512,"Medicaments containing erythromycin, for human use,in doses/pack for retail sale",IMR-3004200013-201201,IM-3004200031-198801,3004.20.00.13,201201,202606,code and first month,
imports,IMR_0159,IM_0093,3004.20.00.18,201201,202512,"Medicaments containing macrolide,other than erythromycin,for human use,doses/pack for retail sale,not elsewhere specified",IMR-3004200018-201201,IM-3004200039-198801,3004.20.00.18,201201,202606,code and first month,
imports,IMR_0160,IM_0089,3004.20.00.19,201201,202512,"Medicaments,containing antibiotics,human,therapeutic/prophylactic,doses/pack for retail sale,other than products of headings 30.02, 30.05, 30.06,not elsewhere specified",IMR-3004200019-201201,IM-3004200010-198801,3004.20.00.19,201201,202606,code and first month,
imports,IMR_0161,IM_0090,3004.20.00.20,198801,201112,"Cephalosporins, for human use, in dosage",IMR-3004200020-198801,IM-3004200020-198801,3004.20.00.20,198801,201112,code and first month,
imports,IMR_0162,IM_0092,3004.20.00.31,198801,201112,"Erythromycin, for human use, in dosage",IMR-3004200031-198801,IM-3004200031-198801,3004.20.00.31,198801,201112,code and first month,
imports,IMR_0163,IM_0093,3004.20.00.39,198801,200112,"Macrolide antibiotics not elsewhere specified, for human use, in dosage",IMR-3004200039-198801,IM-3004200039-198801,3004.20.00.39,198801,200112,code and first month,
imports,IMR_0164,IM_0093,3004.20.00.39,200201,201112,"Macrolide antibiotics, not elsewhere specified, for human use, in dosage",IMR-3004200039-200201,IM-3004200039-198801,3004.20.00.39,200201,201112,code and first month,
imports,IMR_0165,IM_0089,3004.20.00.41,198801,201112,"Gentamycins, for human use, in dosage",IMR-3004200041-198801,IM-3004200010-198801,3004.20.00.41,198801,201112,code and first month,
imports,IMR_0166,IM_0089,3004.20.00.42,198910,199007,"Kanamycins, for human use, in dosage",IMR-3004200042-198910,IM-3004200010-198801,3004.20.00.42,198910,199007,code and first month,
imports,IMR_0167,IM_0089,3004.20.00.49,198801,201112,"Aminoglycoside antibiotics, not elsewhere specified, for human use, in dosage",IMR-3004200049-198801,IM-3004200010-198801,3004.20.00.49,198801,201112,code and first month,
imports,IMR_0168,IM_0089,3004.20.00.51,199003,201112,"Bacitracin, for human use, in dosage",IMR-3004200051-199003,IM-3004200010-198801,3004.20.00.51,199003,201112,code and first month,
imports,IMR_0169,IM_0089,3004.20.00.52,198801,199611,"Polymyxins, for human use, in dosage",IMR-3004200052-198801,IM-3004200010-198801,3004.20.00.52,198801,199611,code and first month,
imports,IMR_0170,IM_0089,3004.20.00.59,198801,199712,"Polypeptide antibiotics, not elsewhere specified, for human use, in dosage",IMR-3004200059-198801,IM-3004200010-198801,3004.20.00.59,198801,199712,code and first month,
imports,IMR_0171,IM_0089,3004.20.00.59,199801,201112,"Polypeptides antibiotics, not elsewhere specified, for human use, in dosage",IMR-3004200059-199801,IM-3004200010-198801,3004.20.00.59,199801,201112,code and first month,
imports,IMR_0172,IM_0089,3004.20.00.61,198802,201110,"Chloramphenicol, for human use, in dosage",IMR-3004200061-198802,IM-3004200010-198801,3004.20.00.61,198802,201110,code and first month,
imports,IMR_0173,IM_0089,3004.20.00.62,198803,201110,"Mitomycin C, for human use, in dosage",IMR-3004200062-198803,IM-3004200010-198801,3004.20.00.62,198803,201110,code and first month,
imports,IMR_0174,IM_0091,3004.20.00.63,198801,201112,"Vancomycin, for human use, in dosage",IMR-3004200063-198801,IM-3004200063-198801,3004.20.00.63,198801,201112,code and first month,
imports,IMR_0175,IM_0089,3004.20.00.64,199112,199112,"Lincomycin, for human use, in dosage",IMR-3004200064-199112,IM-3004200010-198801,3004.20.00.64,199112,199112,code and first month,
imports,IMR_0176,IM_0089,3004.20.00.64,198801,199106,"Rifamycins, for human use, in dosage",IMR-3004200064-198801,IM-3004200010-198801,3004.20.00.64,198801,199106,code and first month,
imports,IMR_0177,IM_0089,3004.20.00.65,198812,198904,"Lincomycin, for human use, in dosage",IMR-3004200065-198812,IM-3004200010-198801,3004.20.00.65,198812,198904,code and first month,
imports,IMR_0178,IM_0089,3004.20.00.66,198801,199101,"Spectinomycin, for human use, in dosage",IMR-3004200066-198801,IM-3004200010-198801,3004.20.00.66,198801,199101,code and first month,
imports,IMR_0179,IM_0089,3004.20.00.69,198801,201112,"Antibiotics, not elsewhere specified, for human use, in dosage",IMR-3004200069-198801,IM-3004200010-198801,3004.20.00.69,198801,201112,code and first month,
imports,IMR_0180,IM_0109,3004.20.00.70,198801,198812,"Antibiotics, not elsewhere specified, for veterinary use, in dosage",IMR-3004200070-198801,IM-3004200070-198801,3004.20.00.70,198801,198812,code and first month,
imports,IMR_0181,IM_0110,3004.20.00.71,198901,200112,"Ivermectin, for veterinary use, in dosage",IMR-3004200071-198901,IM-3004200071-198901,3004.20.00.71,198901,200112,code and first month,
imports,IMR_0182,IM_0110,3004.20.00.71,200201,201112,"Ivermectin, for veterinary use, in dosage",IMR-3004200071-200201,IM-3004200071-198901,3004.20.00.71,200201,201112,code and first month,
imports,IMR_0183,IM_0109,3004.20.00.79,198901,200112,"Antibiotics, not elsewhere specified, for veterinary use, in dosage",IMR-3004200079-198901,IM-3004200070-198801,3004.20.00.79,198901,200112,code and first month,
imports,IMR_0184,IM_0109,3004.20.00.79,200201,201112,"Antibiotics, not elsewhere specified, for veterinary use, in dosage",IMR-3004200079-200201,IM-3004200070-198801,3004.20.00.79,200201,201112,code and first month,
imports,IMR_0185,IM_0110,3004.20.00.80,201201,202512,"Medicaments,containing ivermectin,for veterinary use,doses/pack for retail sale,other than products of headings 30.02, 30.05, 30.06",IMR-3004200080-201201,IM-3004200071-198901,3004.20.00.80,201201,202606,code and first month,
imports,IMR_0186,IM_0109,3004.20.00.90,201201,202512,"Medicaments,containing antibiotics,for veterinary use,doses/pack for retail sale,other than products of headings 30.02, 30.05, 30.06,not elsewhere specified",IMR-3004200090-201201,IM-3004200070-198801,3004.20.00.90,201201,202606,code and first month,
imports,IMR_0187,IM_0113,3004.31.00.00,201201,202512,"Medicaments,containing insulin,in doses/forms/pack for retail sale,other than products of headings 30.02, 30.05, 30.06",IMR-3004310000-201201,IM-3004311000-198801,3004.31.00.00,201201,202606,code and first month,
imports,IMR_0188,IM_0113,3004.31.00.10,199801,200112,"Insulin, whether or not mixed with zinc, globin or protamine, prepared for parenteral administration, in dosage",IMR-3004310010-199801,IM-3004311000-198801,3004.31.00.10,199801,200112,code and first month,
imports,IMR_0189,IM_0113,3004.31.00.10,200201,201112,"Insulin, whether or not mixed with zinc,globin or protamine, prepared for parenteral administration,in dosage",IMR-3004310010-200201,IM-3004311000-198801,3004.31.00.10,200201,201112,code and first month,
imports,IMR_0190,IM_0113,3004.31.00.90,199801,201112,"Insulin, not elsewhere specified, for human use, in dosage",IMR-3004310090-199801,IM-3004311000-198801,3004.31.00.90,199801,201112,code and first month,
imports,IMR_0191,IM_0113,3004.31.10.00,198801,199712,"Insulin, whether or not mixed with zinc, globin or protamine, prepared for parenteral administration, in dosage",IMR-3004311000-198801,IM-3004311000-198801,3004.31.10.00,198801,199712,code and first month,
imports,IMR_0192,IM_0113,3004.31.99.00,198801,199712,"Insulin, not elsewhere specified, for human use, in dosage",IMR-3004319900-198801,IM-3004311000-198801,3004.31.99.00,198801,199712,code and first month,
imports,IMR_0193,IM_0116,3004.32.00.00,201201,202512,"Medicaments,containing corticosteroid hormone/derivative/structure analog,in doses/for retail sale,other than products of headings 30.02, 30.05, 30.06",IMR-3004320000-201201,IM-3004329011-198801,3004.32.00.00,201201,202606,code and first month,
imports,IMR_0194,IM_0116,3004.32.00.10,199803,200112,"Adrenal cortical hormone, containing more than 23% of abs ethyl alc by vol, in dosage",IMR-3004320010-199803,IM-3004329011-198801,3004.32.00.10,199803,200112,code and first month,
imports,IMR_0195,IM_0116,3004.32.00.11,200201,201112,"Hydrocortisone, for human use, in dosage",IMR-3004320011-200201,IM-3004329011-198801,3004.32.00.11,200201,201112,code and first month,
imports,IMR_0196,IM_0116,3004.32.00.19,200201,201112,"Medicaments containing corticosteroid hormones, for human use, not elsewhere specified",IMR-3004320019-200201,IM-3004329011-198801,3004.32.00.19,200201,201112,code and first month,
imports,IMR_0197,IM_0116,3004.32.00.20,200201,201112,"Corticosteriod hormones, for veterinary use, in dosage",IMR-3004320020-200201,IM-3004329011-198801,3004.32.00.20,200201,201112,code and first month,
imports,IMR_0198,IM_0116,3004.32.00.81,199801,200112,"Hydrocortisone, for human use, in dosage",IMR-3004320081-199801,IM-3004329011-198801,3004.32.00.81,199801,200112,code and first month,
imports,IMR_0199,IM_0116,3004.32.00.82,200011,200111,"Betamethasone, for human use, in dosage",IMR-3004320082-200011,IM-3004329011-198801,3004.32.00.82,200011,200111,code and first month,
imports,IMR_0200,IM_0116,3004.32.00.89,199801,200112,"Adrenal cortical hormones, not elsewhere specified, for human use, in dosage",IMR-3004320089-199801,IM-3004329011-198801,3004.32.00.89,199801,200112,code and first month,
imports,IMR_0201,IM_0116,3004.32.00.90,199801,200112,"Adrenal cortical hormones, for veterinary use, in dosage",IMR-3004320090-199801,IM-3004329011-198801,3004.32.00.90,199801,200112,code and first month,
imports,IMR_0202,IM_0116,3004.32.10.00,198906,199712,"Adrenal cortical hormone, containing more than 23% of abs ethyl alc by vol, in dosage",IMR-3004321000-198906,IM-3004329011-198801,3004.32.10.00,198906,199712,code and first month,
imports,IMR_0203,IM_0116,3004.32.90.11,198801,199712,"Hydrocortisone, for human use, in dosage",IMR-3004329011-198801,IM-3004329011-198801,3004.32.90.11,198801,199712,code and first month,
imports,IMR_0204,IM_0116,3004.32.90.12,198803,199706,"Betamethasone, for human use, in dosage",IMR-3004329012-198803,IM-3004329011-198801,3004.32.90.12,198803,199706,code and first month,
imports,IMR_0205,IM_0116,3004.32.90.19,198801,199712,"Adrenal cortical hormones, not elsewhere specified, for human use, in dosage",IMR-3004329019-198801,IM-3004329011-198801,3004.32.90.19,198801,199712,code and first month,
imports,IMR_0206,IM_0116,3004.32.90.20,198802,199712,"Adrenal cortical hormones, for veterinary use, in dosage",IMR-3004329020-198802,IM-3004329011-198801,3004.32.90.20,198802,199712,code and first month,
imports,IMR_0207,IM_0125,3004.39.00.10,199801,201112,"Epinephrine & its sol & pituitary extrc, prepared for parenteral administration in human, in dosage",IMR-3004390010-199801,IM-3004391000-198802,3004.39.00.10,199801,201112,code and first month,
imports,IMR_0208,IM_0125,3004.39.00.11,201201,202512,"Medicaments,containing epinephrine/solutions/pituitary extracts,doses/for retail sale,other than products of headings 30.02, 30.05, 30.06",IMR-3004390011-201201,IM-3004391000-198802,3004.39.00.11,201201,202606,code and first month,
imports,IMR_0209,IM_0127,3004.39.00.12,201201,202512,"Medicaments,containing anterior pituitary hormones,for human,doses/pack for retail sale,other than products of headings 30.02, 30.05, 30.06",IMR-3004390012-201201,IM-3004399910-198801,3004.39.00.12,201201,202605,code and first month,
imports,IMR_0210,IM_0128,3004.39.00.13,201201,202512,"Medicaments,containing unmixed single estrogens,for human,doses/pack for retail sale,other than products of headings 30.02, 30.05, 30.06",IMR-3004390013-201201,IM-3004399930-198801,3004.39.00.13,201201,202606,code and first month,
imports,IMR_0211,IM_0129,3004.39.00.19,201201,202512,"Medicaments,containing hormone/prod No 29.37,for human use,doses/pack for retail sale,other than products of headings 30.02, 30.05, 30.06,not elsewhere specified",IMR-3004390019-201201,IM-3004399920-198801,3004.39.00.19,201201,202606,code and first month,
imports,IMR_0212,IM_0127,3004.39.00.81,199801,201112,"Anterior pituitary hormones, for human use, in dosage",IMR-3004390081-199801,IM-3004399910-198801,3004.39.00.81,199801,201112,code and first month,
imports,IMR_0213,IM_0129,3004.39.00.82,199806,201112,"Posterior pituitary hormones, for human use, in dosage",IMR-3004390082-199806,IM-3004399920-198801,3004.39.00.82,199806,201112,code and first month,
imports,IMR_0214,IM_0128,3004.39.00.83,199801,201112,"Unmixed single estrogens, for human use, in dosage",IMR-3004390083-199801,IM-3004399930-198801,3004.39.00.83,199801,201112,code and first month,
imports,IMR_0215,IM_0129,3004.39.00.84,199801,201112,"Unmixed single progestational hormones, for human use, in dosage",IMR-3004390084-199801,IM-3004399920-198801,3004.39.00.84,199801,201112,code and first month,
imports,IMR_0216,IM_0129,3004.39.00.85,199801,201112,"Hormones, not elsewhere specified, for human use, in dosage",IMR-3004390085-199801,IM-3004399920-198801,3004.39.00.85,199801,201112,code and first month,
imports,IMR_0217,IM_0135,3004.39.00.90,199801,200112,"Hormones, not elsewhere specified, for veterinary use, in dosage",IMR-3004390090-199801,IM-3004399960-198801,3004.39.00.90,199801,200112,code and first month,
imports,IMR_0218,IM_0135,3004.39.00.90,200201,201112,"Hormones, not elsewhere specified, for veterinary use, in dosage",IMR-3004390090-200201,IM-3004399960-198801,3004.39.00.90,200201,201112,code and first month,
imports,IMR_0219,IM_0135,3004.39.00.90,201201,202512,"Medicaments,containing hormones/prod No 29.37,for veterinary use,doses/pack for retail sale,other than products of headings 30.02, 30.05, 30.06,not elsewhere specified",IMR-3004390090-201201,IM-3004399960-198801,3004.39.00.90,201201,202606,code and first month,
imports,IMR_0220,IM_0125,3004.39.10.00,198802,199712,"Epinephrine & its sol & pituitary extrc, prepared for parenteral administration in human, in dosage",IMR-3004391000-198802,IM-3004391000-198802,3004.39.10.00,198802,199712,code and first month,
imports,IMR_0221,IM_0129,3004.39.91.00,198802,199709,"Hormones, not elsewhere specified, containing more than 23% of abs ethy alc by vol, in dosage",IMR-3004399100-198802,IM-3004399920-198801,3004.39.91.00,198802,199709,code and first month,
imports,IMR_0222,IM_0127,3004.39.99.10,198801,199712,"Anterior pituitary hormones, for human use, in dosage",IMR-3004399910-198801,IM-3004399910-198801,3004.39.99.10,198801,199712,code and first month,
imports,IMR_0223,IM_0129,3004.39.99.20,198801,199712,"Posterior pituitary hormones, for human use, in dosage",IMR-3004399920-198801,IM-3004399920-198801,3004.39.99.20,198801,199712,code and first month,
imports,IMR_0224,IM_0128,3004.39.99.30,198801,199712,"Unmixed single estrogens, for human use, in dosage",IMR-3004399930-198801,IM-3004399930-198801,3004.39.99.30,198801,199712,code and first month,
imports,IMR_0225,IM_0129,3004.39.99.40,198801,199711,"Unmixed single progestational hormones, for human use, in dosage",IMR-3004399940-198801,IM-3004399920-198801,3004.39.99.40,198801,199711,code and first month,
imports,IMR_0226,IM_0129,3004.39.99.50,198801,199712,"Hormones, not elsewhere specified, for human use, in dosage",IMR-3004399950-198801,IM-3004399920-198801,3004.39.99.50,198801,199712,code and first month,
imports,IMR_0227,IM_0135,3004.39.99.60,198801,199712,"Hormones, not elsewhere specified, for veterinary use, in dosage",IMR-3004399960-198801,IM-3004399960-198801,3004.39.99.60,198801,199712,code and first month,
imports,IMR_0228,IM_0137,3004.40.00.10,199801,201112,"Codeine or its derivatives, for human use, in dosage",IMR-3004400010-199801,IM-3004409019-198801,3004.40.00.10,199801,201112,code and first month,
imports,IMR_0229,IM_0137,3004.40.00.20,199801,201112,"Vincristine, for human use, in dosage",IMR-3004400020-199801,IM-3004409019-198801,3004.40.00.20,199801,201112,code and first month,
imports,IMR_0230,IM_0137,3004.40.00.30,199801,201612,"Theophylline, for human use, in dosage",IMR-3004400030-199801,IM-3004409019-198801,3004.40.00.30,199801,201612,code and first month,
imports,IMR_0231,IM_0140,3004.40.00.40,200201,201612,"Morphine or its derivatives, for human use, in dosage",IMR-3004400040-200201,IM-3004409050-198801,3004.40.00.40,200201,201612,code and first month,
imports,IMR_0232,IM_0140,3004.40.00.40,199801,200112,"Morphine or its derivatives, for human use, in dosage",IMR-3004400040-199801,IM-3004409050-198801,3004.40.00.40,199801,200112,code and first month,
imports,IMR_0233,IM_0137,3004.40.00.50,199803,201112,"Aminophylline, for human use, in dosage",IMR-3004400050-199803,IM-3004409019-198801,3004.40.00.50,199803,201112,code and first month,
imports,IMR_0234,IM_0137,3004.40.00.80,199801,201112,"Narcotic veg alkaloids or their narcotic derivatives, not elsewhere specified, for human use, in dosage",IMR-3004400080-199801,IM-3004409019-198801,3004.40.00.80,199801,201112,code and first month,
imports,IMR_0235,IM_0137,3004.40.00.90,200201,201612,"Non-narcotic veg alkaloids or their non-narcotic derivatives,not elsewhere specified,for human use,in dosage",IMR-3004400090-200201,IM-3004409019-198801,3004.40.00.90,200201,201612,code and first month,
imports,IMR_0236,IM_0137,3004.40.00.90,199801,200112,"Non-narcotic veg alkaloids or their non-narcotic derivatives, not elsewhere specified, for human use, in dosage",IMR-3004400090-199801,IM-3004409019-198801,3004.40.00.90,199801,200112,code and first month,
imports,IMR_0237,IM_0137,3004.40.10.00,198803,199712,"Alkaloids or their derivatives, containing more than 23% of abs ethyl alc by vol, in dosage",IMR-3004401000-198803,IM-3004409019-198801,3004.40.10.00,198803,199712,code and first month,
imports,IMR_0238,IM_0137,3004.40.90.11,199008,199612,"Codeine phosphate, for human use, in dosage",IMR-3004409011-199008,IM-3004409019-198801,3004.40.90.11,199008,199612,code and first month,
imports,IMR_0239,IM_0137,3004.40.90.19,198801,199712,"Codeine or its derivatives not elsewhere specified, for human use, in dosage",IMR-3004409019-198801,IM-3004409019-198801,3004.40.90.19,198801,199712,code and first month,
imports,IMR_0240,IM_0137,3004.40.90.20,198802,199707,"Quinidine sulphate, for human use, in dosage",IMR-3004409020-198802,IM-3004409019-198801,3004.40.90.20,198802,199707,code and first month,
imports,IMR_0241,IM_0137,3004.40.90.30,198802,199711,"Vincristine, for human use, in dosage",IMR-3004409030-198802,IM-3004409019-198801,3004.40.90.30,198802,199711,code and first month,
imports,IMR_0242,IM_0137,3004.40.90.40,198801,199711,"Theophylline, for human use, in dosage",IMR-3004409040-198801,IM-3004409019-198801,3004.40.90.40,198801,199711,code and first month,
imports,IMR_0243,IM_0140,3004.40.90.50,198801,199712,"Morphine or its derivatives, for human use, in dosage",IMR-3004409050-198801,IM-3004409050-198801,3004.40.90.50,198801,199712,code and first month,
imports,IMR_0244,IM_0140,3004.40.90.60,199111,199403,"Cocaine or its derivatives, for human use, in dosage",IMR-3004409060-199111,IM-3004409019-198801,3004.40.90.60,199111,199403,code and first month,
imports,IMR_0245,IM_0137,3004.40.90.70,198805,199712,"Aminophylline, for human use, in dosage",IMR-3004409070-198805,IM-3004409019-198801,3004.40.90.70,198805,199712,code and first month,
imports,IMR_0246,IM_0137,3004.40.90.80,198802,199712,"Narcotic veg alkaloids or their narcotic derivatives, not elsewhere specified, for human use, in dosage",IMR-3004409080-198802,IM-3004409019-198801,3004.40.90.80,198802,199712,code and first month,
imports,IMR_0247,IM_0137,3004.40.90.90,198801,199712,"Non-narcotic veg alkaloids or their non-narcotic derivatives, not elsewhere specified, for human use, in dosage",IMR-3004409090-198801,IM-3004409019-198801,3004.40.90.90,198801,199712,code and first month,
imports,IMR_0248,IM_0147,3004.41.00.00,201701,202512,"Medicaments,containing ephedrin/salts,therapeutic/prophylactic,in doses/for retail sale,other than products of headings 30.02, 30.05, 30.06",IMR-3004410000-201701,IM-3004410000-201701,3004.41.00.00,201701,202605,code and first month,
imports,IMR_0249,IM_0148,3004.42.00.00,201701,202512,"Medicaments,containing pseudoephedrine/salts,therapeutic/prophylactic,in doses/for retail sale,other than products of headings 30.02, 30.05, 30.06",IMR-3004420000-201701,IM-3004420000-201701,3004.42.00.00,201701,202606,code and first month,
imports,IMR_0250,IM_0149,3004.43.00.00,201712,202512,"Medicaments,containing norephedrine/salts,therapeutic/prophylactic,in doses/for retail sale,other than products of headings 30.02, 30.05, 30.06",IMR-3004430000-201712,IM-3004430000-201712,3004.43.00.00,201712,202606,code and first month,
imports,IMR_0251,IM_0140,3004.49.00.10,201702,202512,"Medicaments,containing morphine/derivative thereof,not elsewhere specified,therapeutic/prophylactic,in doses/for retail sale,other than products of headings 30.02, 30.05, 30.06",IMR-3004490010-201702,IM-3004409050-198801,3004.49.00.10,201702,202606,code and first month,
imports,IMR_0252,IM_0137,3004.49.00.90,201701,202512,"Medicaments,containing alkaloids/derivative thereof,not elsewhere specified,therapeutic/prophylactic,doses/for retail sale,other than products of headings 30.02, 30.05, 30.06",IMR-3004490090-201701,IM-3004409019-198801,3004.49.00.90,201701,202606,code and first month,
imports,IMR_0253,IM_0152,3004.50.00.10,199801,201112,"Mixtures of amino acids & vitamins,& Mixtures of amino acids, protein hydrolysates & vit,etc",IMR-3004500010-199801,IM-3004501000-198801,3004.50.00.10,199801,201112,code and first month,
imports,IMR_0254,IM_0153,3004.50.00.11,201201,202512,"Medicaments,containing single vitamin,not mixed,for human,doses/pack for retail sale,other than products of headings 30.02, 30.05, 30.06,not elsewhere specified",IMR-3004500011-201201,IM-3004509911-198801,3004.50.00.11,201201,202606,code and first month,
imports,IMR_0255,IM_0154,3004.50.00.12,201201,202512,"Medicaments,containing 1 vitamin,mixed with other supplements,for human use,doses/for retail sale,other than products of headings 30.02, 30.05, 30.06",IMR-3004500012-201201,IM-3004509920-199001,3004.50.00.12,201201,202606,code and first month,
imports,IMR_0256,IM_0152,3004.50.00.13,201201,201612,"Medicaments containing multivitamins not mixed with other suppl,for human use,in dosage",IMR-3004500013-201201,IM-3004501000-198801,3004.50.00.13,201201,201612,code and first month,
imports,IMR_0257,IM_0156,3004.50.00.14,201201,202512,"Medicaments,containing multivitamins,mixed with other suppl,for human use,doses/for retail sale,other than products of headings 30.02, 30.05, 30.06",IMR-3004500014-201201,IM-3004509921-198801,3004.50.00.14,201201,202606,code and first month,
imports,IMR_0258,IM_0152,3004.50.00.19,201701,202512,"Medicaments,containing vitamins/prod of No 29.36,human use,doses/pack for retail sale,other than products of headings 30.02, 30.05, 30.06",IMR-3004500019-201701,IM-3004501000-198801,3004.50.00.19,201701,202606,code and first month,
imports,IMR_0259,IM_0152,3004.50.00.19,201201,201612,"Other medicaments containing vitamins and their derivatives, for human use, in dosage,not elsewhere specified",IMR-3004500019-201201,IM-3004501000-198801,3004.50.00.19,201201,201612,code and first month,
imports,IMR_0260,IM_0152,3004.50.00.20,199801,201112,"Vitamins, containing more than 23% of abs ethyl alc by vol, for human use, in dosage",IMR-3004500020-199801,IM-3004501000-198801,3004.50.00.20,199801,201112,code and first month,
imports,IMR_0261,IM_0153,3004.50.00.31,199801,201112,"Vitamin C only, for human use, in dosage",IMR-3004500031-199801,IM-3004509911-198801,3004.50.00.31,199801,201112,code and first month,
imports,IMR_0262,IM_0153,3004.50.00.32,199801,201112,"Vitamin E only, for human use, in dosage",IMR-3004500032-199801,IM-3004509911-198801,3004.50.00.32,199801,201112,code and first month,
imports,IMR_0263,IM_0153,3004.50.00.39,199801,201112,"Single vitamin only, not elsewhere specified, for human use, in dosage",IMR-3004500039-199801,IM-3004509911-198801,3004.50.00.39,199801,201112,code and first month,
imports,IMR_0264,IM_0154,3004.50.00.40,199801,200112,"Single vitamin mixed with other supplements, for human use, in dosage",IMR-3004500040-199801,IM-3004509920-199001,3004.50.00.40,199801,200112,code and first month,
imports,IMR_0265,IM_0154,3004.50.00.40,200201,201112,"Single vitamin mixed with other supplements, for human use, in dosage",IMR-3004500040-200201,IM-3004509920-199001,3004.50.00.40,200201,201112,code and first month,
imports,IMR_0266,IM_0152,3004.50.00.50,199801,200112,"Multivitamins not mixed with other supplements, for human use, in dosage",IMR-3004500050-199801,IM-3004501000-198801,3004.50.00.50,199801,200112,code and first month,
imports,IMR_0267,IM_0152,3004.50.00.50,200201,201112,"Multivitamins not mixed with other supplements, for human use, in dosage",IMR-3004500050-200201,IM-3004501000-198801,3004.50.00.50,200201,201112,code and first month,
imports,IMR_0268,IM_0156,3004.50.00.61,199801,201112,"Vitamins-iron preparation, for human use, in dosage",IMR-3004500061-199801,IM-3004509921-198801,3004.50.00.61,199801,201112,code and first month,
imports,IMR_0269,IM_0152,3004.50.00.69,200201,201112,"Multivitamins mixed with other supplements, not elsewhere specified, for human use, in dosage",IMR-3004500069-200201,IM-3004509921-198801,3004.50.00.69,200201,201112,code and first month,
imports,IMR_0270,IM_0152,3004.50.00.69,199801,200112,"Multivitamins mixed with other supplements, not elsewhere specified, for human use, in dosage",IMR-3004500069-199801,IM-3004509921-198801,3004.50.00.69,199801,200112,code and first month,
imports,IMR_0271,IM_0166,3004.50.00.70,200201,201112,"Vitamins & their derivatives, not elsewhere specified, for veterinary use, in dosage",IMR-3004500070-200201,IM-3004509930-198801,3004.50.00.70,200201,201112,code and first month,
imports,IMR_0272,IM_0166,3004.50.00.70,199801,200112,"Vitamins & their derivatives, not elsewhere specified, for veterinary use, in dosage",IMR-3004500070-199801,IM-3004509930-198801,3004.50.00.70,199801,200112,code and first month,
imports,IMR_0273,IM_0166,3004.50.00.90,201201,202512,"Medicaments,containing vitamins,for veterinary use,in doses/pack for retail sale,other than products of headings 30.02, 30.05, 30.06,not elsewhere specified",IMR-3004500090-201201,IM-3004509930-198801,3004.50.00.90,201201,202606,code and first month,
imports,IMR_0274,IM_0152,3004.50.10.00,198801,199712,"Mixtures of amino acids & vitamins,& Mixtures of amino acids, protein hydrolysates & vit,etc",IMR-3004501000-198801,IM-3004501000-198801,3004.50.10.00,198801,199712,code and first month,
imports,IMR_0275,IM_0152,3004.50.91.00,198801,199706,"Vitamins, containing more than 23% of abs ethyl alc by vol, for human use, in dosage",IMR-3004509100-198801,IM-3004501000-198801,3004.50.91.00,198801,199706,code and first month,
imports,IMR_0276,IM_0153,3004.50.99.11,198801,199712,"Vitamin C only, for human use, in dosage",IMR-3004509911-198801,IM-3004509911-198801,3004.50.99.11,198801,199712,code and first month,
imports,IMR_0277,IM_0153,3004.50.99.12,198801,199712,"Vitamin E only, for human use, in dosage",IMR-3004509912-198801,IM-3004509911-198801,3004.50.99.12,198801,199712,code and first month,
imports,IMR_0278,IM_0153,3004.50.99.19,198801,199712,"Single vitamin only, not elsewhere specified, for human use, in dosage",IMR-3004509919-198801,IM-3004509911-198801,3004.50.99.19,198801,199712,code and first month,
imports,IMR_0279,IM_0154,3004.50.99.20,199001,199712,"Single vitamin mixed with other supplements, for human use, in dosage",IMR-3004509920-199001,IM-3004509920-199001,3004.50.99.20,199001,199712,code and first month,
imports,IMR_0280,IM_0156,3004.50.99.21,198801,198912,"Vitamins-iron preparation, for human use, in dosage",IMR-3004509921-198801,IM-3004509921-198801,3004.50.99.21,198801,198912,code and first month,
imports,IMR_0281,IM_0152,3004.50.99.22,198801,198912,"Multivitamins not mixed with other supplements, for human use, in dosage",IMR-3004509922-198801,IM-3004501000-198801,3004.50.99.22,198801,198912,code and first month,
imports,IMR_0282,IM_0152,3004.50.99.29,198801,198912,"Multivitamins mixed with other supplements, not elsewhere specified, for human use, in dosage",IMR-3004509929-198801,IM-3004509921-198801,3004.50.99.29,198801,198912,code and first month,
imports,IMR_0283,IM_0152,3004.50.99.30,199001,199712,"Multivitamins not mixed with other supplements, for human use, in dosage",IMR-3004509930-199001,IM-3004501000-198801,3004.50.99.30,199001,199712,code and first month,
imports,IMR_0284,IM_0166,3004.50.99.30,198801,198912,"Vitamins & their derivatives,not elsewhere specified,for veterinary use, in dosage",IMR-3004509930-198801,IM-3004509930-198801,3004.50.99.30,198801,198912,code and first month,
imports,IMR_0285,IM_0156,3004.50.99.41,199001,199712,"Vitamins-iron preparation, for human use, in dosage",IMR-3004509941-199001,IM-3004509921-198801,3004.50.99.41,199001,199712,code and first month,
imports,IMR_0286,IM_0152,3004.50.99.49,199001,199712,"Multivitamins mixed with other supplements, not elsewhere specified, for human use, in dosage",IMR-3004509949-199001,IM-3004509921-198801,3004.50.99.49,199001,199712,code and first month,
imports,IMR_0287,IM_0166,3004.50.99.50,199001,199712,"Vitamins & their derivatives, not elsewhere specified, for veterinary use, in dosage",IMR-3004509950-199001,IM-3004509930-198801,3004.50.99.50,199001,199712,code and first month,
imports,IMR_0288,IM_0168,3004.60.00.00,201701,202512,"Medicaments,containing antimalarial active principles,in doses/for retail sale,other than products of headings 30.02, 30.05, 30.06",IMR-3004600000-201701,IM-3004600000-201701,3004.60.00.00,201701,202606,code and first month,
imports,IMR_0289,IM_0169,3004.90.00.11,200201,202512,"Mixtures amino acids,not elsewhere specified,in doses/packings for retail sale,other than products of headings 30.02, 30.05, 30.06",IMR-3004900011-200201,IM-3004901010-198801,3004.90.00.11,200201,202606,code and first month,
imports,IMR_0290,IM_0169,3004.90.00.11,199801,200112,"Mixtures of amino acids, not elsewhere specified, in dosage",IMR-3004900011-199801,IM-3004901010-198801,3004.90.00.11,199801,200112,code and first month,
imports,IMR_0291,IM_0170,3004.90.00.12,199801,200112,"Dextrose (glucose) solutions, in dosage",IMR-3004900012-199801,IM-3004901020-198801,3004.90.00.12,199801,200112,code and first month,
imports,IMR_0292,IM_0170,3004.90.00.12,200201,202512,"Dextrose (glucose) solutions,in doses/pack for retail sale,other than products of headings 30.02, 30.05, 30.06",IMR-3004900012-200201,IM-3004901020-198801,3004.90.00.12,200201,202606,code and first month,
imports,IMR_0293,IM_0171,3004.90.00.19,200201,202512,"Mixtures amino acids & protein hydrolysates,etc,in doses/for retail sale,other than products of headings 30.02, 30.05, 30.06,not elsewhere specified",IMR-3004900019-200201,IM-3004901090-198801,3004.90.00.19,200201,202606,code and first month,
imports,IMR_0294,IM_0171,3004.90.00.19,199801,200112,"Mixtures of amino acids & protein hydrolysates, etc, in dosage, not elsewhere specified",IMR-3004900019-199801,IM-3004901090-198801,3004.90.00.19,199801,200112,code and first month,
imports,IMR_0295,IM_0172,3004.90.00.20,199801,201112,"Medicaments containing more than 23% of abs ethyl alc by vol, not elsewhere specified, in dosage",IMR-3004900020-199801,IM-3004909100-198801,3004.90.00.20,199801,201112,code and first month,
imports,IMR_0296,IM_0173,3004.90.00.21,201804,202512,"Medicaments containing cannabis/cannabinoids, therapeutic/prophylactic uses, doses/pack for retail sale",IMR-3004900021-201804,IM-3004900021-201804,3004.90.00.21,201804,202606,code and first month,
imports,IMR_0297,IM_0174,3004.90.00.22,201801,202512,"Analgesics, for human use, in doses/packings for retail sale, other than products of headings 30.02, 30.05, 30.06",IMR-3004900022-201801,IM-3004909911-198801,3004.90.00.22,201801,202606,code and first month,
imports,IMR_0298,IM_0175,3004.90.00.23,201801,202512,"Antidepressants & tranquilizers,for human use,in doses/pack for retail sale,other than products of headings 30.02, 30.05, 30.06",IMR-3004900023-201801,IM-3004909912-198801,3004.90.00.23,201801,202606,code and first month,
imports,IMR_0299,IM_0176,3004.90.00.24,201801,202512,"Antihypertensive agents, for human use, in doses/packings for retail sale,other than products of headings 30.02, 30.05, 30.06",IMR-3004900024-201801,IM-3004909913-198801,3004.90.00.24,201801,202606,code and first month,
imports,IMR_0300,IM_0177,3004.90.00.25,201801,202512,"Antihistaminic agents, for human use, in doses/packings for retail sale, other than products of headings 30.02, 30.05, 30.06",IMR-3004900025-201801,IM-3004909914-198801,3004.90.00.25,201801,202606,code and first month,
imports,IMR_0301,IM_0178,3004.90.00.26,201801,202512,"Agents,acting on central nervous system,human use,doses/for retail sale,other than products of headings 30.02, 30.05, 30.06,not elsewhere specified",IMR-3004900026-201801,IM-3004909915-199001,3004.90.00.26,201801,202606,code and first month,
imports,IMR_0302,IM_0179,3004.90.00.27,201801,202512,"Local anaesthetics, for human use,in doses/pack for retail sale,other than products of headings 30.02, 30.05, 30.06",IMR-3004900027-201801,IM-3004909916-199004,3004.90.00.27,201801,202606,code and first month,
imports,IMR_0303,IM_0180,3004.90.00.29,201801,202512,"Medicaments,acting on central nervous system,human use,doses/for retail sale,other than products of headings 30.02, 30.05, 30.06,not elsewhere specified",IMR-3004900029-201801,IM-3004909919-198801,3004.90.00.29,201801,202606,code and first month,
imports,IMR_0304,IM_0174,3004.90.00.31,199801,201612,"Analgesics, for human use, in dosage",IMR-3004900031-199801,IM-3004909911-198801,3004.90.00.31,199801,201612,code and first month,
imports,IMR_0305,IM_0174,3004.90.00.31,201701,201712,"Analgesics, for human use, in doses/packings for retail sale, other than products of headings 30.02, 30.05, 30.06",IMR-3004900031-201701,IM-3004909911-198801,3004.90.00.31,201701,201712,code and first month,
imports,IMR_0306,IM_0175,3004.90.00.32,199801,200112,"Antidepressants & tranquilizers, for human use, in dosage",IMR-3004900032-199801,IM-3004909912-198801,3004.90.00.32,199801,200112,code and first month,
imports,IMR_0307,IM_0175,3004.90.00.32,201701,201712,"Antidepressants & tranquilizers,for human use,in doses/pack for retail sale,other than products of headings 30.02, 30.05, 30.06",IMR-3004900032-201701,IM-3004909912-198801,3004.90.00.32,201701,201712,code and first month,
imports,IMR_0308,IM_0175,3004.90.00.32,200201,201612,"Antidepressants and tranquilizers, for human use, in dosage",IMR-3004900032-200201,IM-3004909912-198801,3004.90.00.32,200201,201612,code and first month,
imports,IMR_0309,IM_0176,3004.90.00.33,199801,201612,"Antihypertensive agents, for human use, in dosage",IMR-3004900033-199801,IM-3004909913-198801,3004.90.00.33,199801,201612,code and first month,
imports,IMR_0310,IM_0176,3004.90.00.33,201701,201712,"Antihypertensive agents, for human use, in doses/packings for retail sale,other than products of headings 30.02, 30.05, 30.06",IMR-3004900033-201701,IM-3004909913-198801,3004.90.00.33,201701,201712,code and first month,
imports,IMR_0311,IM_0177,3004.90.00.34,199801,201612,"Antihistamines agents, for human use, in dosage",IMR-3004900034-199801,IM-3004909914-198801,3004.90.00.34,199801,201612,code and first month,
imports,IMR_0312,IM_0177,3004.90.00.34,201701,201712,"Antihistaminic agents, for human use, in doses/packings for retail sale, other than products of headings 30.02, 30.05, 30.06",IMR-3004900034-201701,IM-3004909914-198801,3004.90.00.34,201701,201712,code and first month,
imports,IMR_0313,IM_0178,3004.90.00.35,201701,201712,"Agents,acting on central nervous system,human use,doses/for retail sale,other than products of headings 30.02, 30.05, 30.06,not elsewhere specified",IMR-3004900035-201701,IM-3004909915-199001,3004.90.00.35,201701,201712,code and first month,
imports,IMR_0314,IM_0178,3004.90.00.35,199801,201612,"Medicaments, for human use, acting on the nervous system, in dosage, not elsewhere specified",IMR-3004900035-199801,IM-3004909915-199001,3004.90.00.35,199801,201612,code and first month,
imports,IMR_0315,IM_0179,3004.90.00.36,199801,201612,"Local anaesthetics, for human use, in dosage",IMR-3004900036-199801,IM-3004909916-199004,3004.90.00.36,199801,201612,code and first month,
imports,IMR_0316,IM_0179,3004.90.00.36,201701,201712,"Local anaesthetics, for human use,in doses/pack for retail sale,other than products of headings 30.02, 30.05, 30.06",IMR-3004900036-201701,IM-3004909916-199004,3004.90.00.36,201701,201712,code and first month,
imports,IMR_0317,IM_0180,3004.90.00.39,201701,201712,"Medicaments,acting on central nervous system,human use,doses/for retail sale,other than products of headings 30.02, 30.05, 30.06,not elsewhere specified",IMR-3004900039-201701,IM-3004909919-198801,3004.90.00.39,201701,201712,code and first month,
imports,IMR_0318,IM_0180,3004.90.00.39,199801,201612,"Medicaments, for human use, acting on the central nervous system, in dosage, not elsewhere specified",IMR-3004900039-199801,IM-3004909919-198801,3004.90.00.39,199801,201612,code and first month,
imports,IMR_0319,IM_0181,3004.90.00.41,199801,201112,"Histamine H2 receptor antagonist, for human use, in dosage",IMR-3004900041-199801,IM-3004909921-198801,3004.90.00.41,199801,201112,code and first month,
imports,IMR_0320,IM_0182,3004.90.00.42,199801,201612,"Laxatives, for human use, in dosage",IMR-3004900042-199801,IM-3004909922-199001,3004.90.00.42,199801,201612,code and first month,
imports,IMR_0321,IM_0182,3004.90.00.42,201701,202512,"Laxatives, for human use, in doses/packings for retail sale, other than products of headings 30.02, 30.05, 30.06",IMR-3004900042-201701,IM-3004909922-199001,3004.90.00.42,201701,202606,code and first month,
imports,IMR_0322,IM_0183,3004.90.00.43,199801,201612,"Antacids, for human use, in dosage",IMR-3004900043-199801,IM-3004909923-199001,3004.90.00.43,199801,201612,code and first month,
imports,IMR_0323,IM_0183,3004.90.00.43,201701,202512,"Antacids, for human use, in doses/packings for retail sale, other than products of headings 30.02, 30.05, 30.06",IMR-3004900043-201701,IM-3004909923-199001,3004.90.00.43,201701,202606,code and first month,
imports,IMR_0324,IM_0181,3004.90.00.49,199801,201112,"Gastro-intestinal agents, for human use, in dosage, not elsewhere specified",IMR-3004900049-199801,IM-3004909921-198801,3004.90.00.49,199801,201112,code and first month,
imports,IMR_0325,IM_0181,3004.90.00.49,201701,202512,"Gastrointestinal agents, for human use, in doses/pack for retail sale,other than products of headings 30.02, 30.05, 30.06,not elsewhere specified",IMR-3004900049-201701,IM-3004909921-198801,3004.90.00.49,201701,202606,code and first month,
imports,IMR_0326,IM_0181,3004.90.00.49,201201,201612,"Other gastrointestinal agents, for human use, in dosage, not elsewhere specified",IMR-3004900049-201201,IM-3004909921-198801,3004.90.00.49,201201,201612,code and first month,
imports,IMR_0327,IM_0185,3004.90.00.50,201701,202512,"Medicaments,for human use,acting on cardio-vascular system,doses/for retail sale,other than products of headings 30.02, 30.05, 30.06",IMR-3004900050-201701,IM-3004909930-198801,3004.90.00.50,201701,202606,code and first month,
imports,IMR_0328,IM_0185,3004.90.00.50,199801,201612,"Medicaments, for human use, acting on the cardio-vascular system, in dosage",IMR-3004900050-199801,IM-3004909930-198801,3004.90.00.50,199801,201612,code and first month,
imports,IMR_0329,IM_0186,3004.90.00.61,199801,201612,"Anti-infective agents, containing sulfonamides, for human use, in dosage",IMR-3004900061-199801,IM-3004909941-199001,3004.90.00.61,199801,201612,code and first month,
imports,IMR_0330,IM_0186,3004.90.00.61,201701,202512,"Anti-infective agents,containing sulfonamides,for human use,doses/for retail sale,other than products of headings 30.02, 30.05, 30.06",IMR-3004900061-201701,IM-3004909941-199001,3004.90.00.61,201701,202606,code and first month,
imports,IMR_0331,IM_0187,3004.90.00.69,199801,201612,"Anti-infective agents, for human use, in dosage, not elsewhere specified",IMR-3004900069-199801,IM-3004909940-198801,3004.90.00.69,199801,201612,code and first month,
imports,IMR_0332,IM_0187,3004.90.00.69,201701,202512,"Anti-infective agents, for human use, in doses/pack for retail sale, other than products of headings 30.02, 30.05, 30.06, not elsewhere specified",IMR-3004900069-201701,IM-3004909940-198801,3004.90.00.69,201701,202606,code and first month,
imports,IMR_0333,IM_0188,3004.90.00.71,199801,201612,"Haematological agents, for human use, in dosage",IMR-3004900071-199801,IM-3004909950-198801,3004.90.00.71,199801,201612,code and first month,
imports,IMR_0334,IM_0188,3004.90.00.71,201701,202512,"Haematological agents, for human use, in doses/packings for retail sale, other than products of headings 30.02, 30.05, 30.06",IMR-3004900071-201701,IM-3004909950-198801,3004.90.00.71,201701,202606,code and first month,
imports,IMR_0335,IM_0189,3004.90.00.72,199801,201612,"Antineoplastic agents, for human use, in dosage",IMR-3004900072-199801,IM-3004909960-198801,3004.90.00.72,199801,201612,code and first month,
imports,IMR_0336,IM_0189,3004.90.00.72,201701,202512,"Antineoplastic agents, for human use, in doses/packings for retail sale, other than products of headings 30.02, 30.05, 30.06",IMR-3004900072-201701,IM-3004909960-198801,3004.90.00.72,201701,202606,code and first month,
imports,IMR_0337,IM_0190,3004.90.00.73,199801,201612,"Cough or cold preparations, for human use, in dosage",IMR-3004900073-199801,IM-3004909971-199001,3004.90.00.73,199801,201612,code and first month,
imports,IMR_0338,IM_0190,3004.90.00.73,201701,202512,"Cough/cold preparations, for human use, in doses/packings for retail sale,other than products of headings 30.02, 30.05, 30.06",IMR-3004900073-201701,IM-3004909971-199001,3004.90.00.73,201701,202606,code and first month,
imports,IMR_0339,IM_0191,3004.90.00.74,201701,202512,"Medicaments,primarily for eyes/ears/respiratory system,human use,doses/for retail sale,other than products of headings 30.02, 30.05, 30.06",IMR-3004900074-201701,IM-3004909979-199001,3004.90.00.74,201701,202606,code and first month,
imports,IMR_0340,IM_0191,3004.90.00.74,201201,201612,"Medicaments, primarily affecting eyes, ears&respiratory system, human use,in dosage,not elsewhere specified",IMR-3004900074-201201,IM-3004909979-199001,3004.90.00.74,201201,201612,code and first month,
imports,IMR_0341,IM_0191,3004.90.00.74,199801,201112,"Medicaments, primarily affecting eyes,ears & respiratory system,human use, in dosage,not elsewhere specified",IMR-3004900074-199801,IM-3004909979-199001,3004.90.00.74,199801,201112,code and first month,
imports,IMR_0342,IM_0192,3004.90.00.75,199801,201612,"Diuretics, for human use, in dosage",IMR-3004900075-199801,IM-3004909981-198801,3004.90.00.75,199801,201612,code and first month,
imports,IMR_0343,IM_0192,3004.90.00.75,201701,202512,"Diuretics, for human use, in doses/packings for retail sale, other than products of headings 30.02, 30.05, 30.06",IMR-3004900075-201701,IM-3004909981-198801,3004.90.00.75,201701,202606,code and first month,
imports,IMR_0344,IM_0193,3004.90.00.76,201701,202512,"Medicaments,for electrolytic/caloric/water balance,human use,doses/for retail sale,other than products of headings 30.02, 30.05, 30.06",IMR-3004900076-201701,IM-3004909982-198801,3004.90.00.76,201701,202606,code and first month,
imports,IMR_0345,IM_0193,3004.90.00.76,199801,201112,"Medicaments affecting electrolytic, caloric/water balance, for human use, in dosage",IMR-3004900076-199801,IM-3004909982-198801,3004.90.00.76,199801,201112,code and first month,
imports,IMR_0346,IM_0193,3004.90.00.76,201201,201612,"Medicaments,affecting electrolytic, caloric/water balance, for human use, in dosage",IMR-3004900076-201201,IM-3004909982-198801,3004.90.00.76,201201,201612,code and first month,
imports,IMR_0347,IM_0194,3004.90.00.77,199801,201612,"Dermatological agents, for human use, in dosage",IMR-3004900077-199801,IM-3004909983-199001,3004.90.00.77,199801,201612,code and first month,
imports,IMR_0348,IM_0194,3004.90.00.77,201701,202512,"Dermatological agents, for human use, in doses/packings for retail sale, other than products of headings 30.02, 30.05, 30.06",IMR-3004900077-201701,IM-3004909983-199001,3004.90.00.77,201701,202606,code and first month,
imports,IMR_0349,IM_0195,3004.90.00.78,201701,202512,"Medicaments,containing hyaluronic acid/its sodium salt,human use,doses/for retail sale,other than products of headings 30.02, 30.05, 30.06",IMR-3004900078-201701,IM-3004909984-199001,3004.90.00.78,201701,202606,code and first month,
imports,IMR_0350,IM_0195,3004.90.00.78,199801,201612,"Medicaments containing hyaluronic acid or its sodium salt, for human use, in dosage",IMR-3004900078-199801,IM-3004909984-199001,3004.90.00.78,199801,201612,code and first month,
imports,IMR_0351,IM_0172,3004.90.00.79,199801,200112,"Medicaments not elsewhere specified, for human use, in dosage",IMR-3004900079-199801,IM-3004909100-198801,3004.90.00.79,199801,200112,code and first month,
imports,IMR_0352,IM_0172,3004.90.00.79,200201,201112,"Medicaments, not elsewhere specified, for human use, in dosage",IMR-3004900079-200201,IM-3004909100-198801,3004.90.00.79,200201,201112,code and first month,
imports,IMR_0353,IM_0172,3004.90.00.79,201701,202512,"Medicaments,for human use,in doses/packings for retail sale,other than products of headings 30.02, 30.05, 30.06,not elsewhere specified",IMR-3004900079-201701,IM-3004909100-198801,3004.90.00.79,201701,202606,code and first month,
imports,IMR_0354,IM_0172,3004.90.00.79,201201,201612,"Other medicaments, for human use, in dosage, not elsewhere specified",IMR-3004900079-201201,IM-3004909100-198801,3004.90.00.79,201201,201612,code and first month,
imports,IMR_0355,IM_0197,3004.90.00.81,199801,201112,"Anaesthetic, for veterinary use, in dosage",IMR-3004900081-199801,IM-3004909991-198801,3004.90.00.81,199801,201112,code and first month,
imports,IMR_0356,IM_0197,3004.90.00.89,199801,200112,"Medicaments not elsewhere specified, for veterinary use, in dosage",IMR-3004900089-199801,IM-3004909991-198801,3004.90.00.89,199801,200112,code and first month,
imports,IMR_0357,IM_0197,3004.90.00.89,200201,201112,"Medicaments, not elsewhere specified, for veterinary use, in dosage",IMR-3004900089-200201,IM-3004909991-198801,3004.90.00.89,200201,201112,code and first month,
imports,IMR_0358,IM_0197,3004.90.00.90,201701,202512,"Medicaments,for veterinary use,doses/packings for retail sale,other than products of headings 30.02, 30.05, 30.06,not elsewhere specified",IMR-3004900090-201701,IM-3004909991-198801,3004.90.00.90,201701,202606,code and first month,
imports,IMR_0359,IM_0197,3004.90.00.90,201201,201612,"Other medicaments, for veterinary use, in dosage, not elsewhere specified",IMR-3004900090-201201,IM-3004909991-198801,3004.90.00.90,201201,201612,code and first month,
imports,IMR_0360,IM_0169,3004.90.10.10,198801,199712,"Mixtures of amino acids, not elsewhere specified, in dosage",IMR-3004901010-198801,IM-3004901010-198801,3004.90.10.10,198801,199712,code and first month,
imports,IMR_0361,IM_0170,3004.90.10.20,198801,198912,"Dextrose (glucose) & levulose (fructose) solutions, in dosage",IMR-3004901020-198801,IM-3004901020-198801,3004.90.10.20,198801,198912,code and first month,
imports,IMR_0362,IM_0170,3004.90.10.20,199001,199712,"Dextrose (glucose) solutions, in dosage",IMR-3004901020-199001,IM-3004901020-198801,3004.90.10.20,199001,199712,code and first month,
imports,IMR_0363,IM_0171,3004.90.10.90,198801,199712,"Mixtures of amino acids & protein hydrolysates, etc, in dosage",IMR-3004901090-198801,IM-3004901090-198801,3004.90.10.90,198801,199712,code and first month,
imports,IMR_0364,IM_0172,3004.90.91.00,198801,199712,"Medicaments containing more than 23% of abs ethyl alc by vol, not elsewhere specified, in dosage",IMR-3004909100-198801,IM-3004909100-198801,3004.90.91.00,198801,199712,code and first month,
imports,IMR_0365,IM_0174,3004.90.99.11,198801,199712,"Analgesics, for human use, in dosage",IMR-3004909911-198801,IM-3004909911-198801,3004.90.99.11,198801,199712,code and first month,
imports,IMR_0366,IM_0175,3004.90.99.12,198801,199712,"Antidepressants & tranquilizers, for human use, in dosage",IMR-3004909912-198801,IM-3004909912-198801,3004.90.99.12,198801,199712,code and first month,
imports,IMR_0367,IM_0176,3004.90.99.13,198801,199712,"Antihypertensive agents, for human use, in dosage",IMR-3004909913-198801,IM-3004909913-198801,3004.90.99.13,198801,199712,code and first month,
imports,IMR_0368,IM_0177,3004.90.99.14,198801,199712,"Antihistamines agents, for human use, in dosage",IMR-3004909914-198801,IM-3004909914-198801,3004.90.99.14,198801,199712,code and first month,
imports,IMR_0369,IM_0178,3004.90.99.15,199001,199712,"Medicaments, for human use, acting on the nervous system, in dosage, not elsewhere specified",IMR-3004909915-199001,IM-3004909915-199001,3004.90.99.15,199001,199712,code and first month,
imports,IMR_0370,IM_0179,3004.90.99.16,199004,199712,"Local anaesthetics, for human use, in dosage",IMR-3004909916-199004,IM-3004909916-199004,3004.90.99.16,199004,199712,code and first month,
imports,IMR_0371,IM_0180,3004.90.99.19,198801,199712,"Medicaments, for human use, acting on the central nervous system, in dosage, not elsewhere specified",IMR-3004909919-198801,IM-3004909919-198801,3004.90.99.19,198801,199712,code and first month,
imports,IMR_0372,IM_0181,3004.90.99.21,198801,199712,"Histamine H2 receptor antagonist, for human use, in dosage",IMR-3004909921-198801,IM-3004909921-198801,3004.90.99.21,198801,199712,code and first month,
imports,IMR_0373,IM_0182,3004.90.99.22,199001,199712,"Laxatives, for human use, in dosage",IMR-3004909922-199001,IM-3004909922-199001,3004.90.99.22,199001,199712,code and first month,
imports,IMR_0374,IM_0183,3004.90.99.23,199001,199712,"Antacids, for human use, in dosage",IMR-3004909923-199001,IM-3004909923-199001,3004.90.99.23,199001,199712,code and first month,
imports,IMR_0375,IM_0181,3004.90.99.29,198801,199712,"Gastro-intestinal agents, for human use, in dosage, not elsewhere specified",IMR-3004909929-198801,IM-3004909921-198801,3004.90.99.29,198801,199712,code and first month,
imports,IMR_0376,IM_0185,3004.90.99.30,198801,199712,"Medicaments, for human use, acting on the cardio-vascular system, in dosage",IMR-3004909930-198801,IM-3004909930-198801,3004.90.99.30,198801,199712,code and first month,
imports,IMR_0377,IM_0187,3004.90.99.40,198801,198912,"Anti-infective agents, for human use, in dosage",IMR-3004909940-198801,IM-3004909940-198801,3004.90.99.40,198801,198912,code and first month,
imports,IMR_0378,IM_0186,3004.90.99.41,199001,199712,"Anti-infective agents, containing sulfonamides, for human use, in dosage",IMR-3004909941-199001,IM-3004909941-199001,3004.90.99.41,199001,199712,code and first month,
imports,IMR_0379,IM_0187,3004.90.99.49,199001,199712,"Anti-infective agents, for human use, in dosage, not elsewhere specified",IMR-3004909949-199001,IM-3004909940-198801,3004.90.99.49,199001,199712,code and first month,
imports,IMR_0380,IM_0188,3004.90.99.50,198801,199712,"Haematological agents, for human use, in dosage",IMR-3004909950-198801,IM-3004909950-198801,3004.90.99.50,198801,199712,code and first month,
imports,IMR_0381,IM_0189,3004.90.99.60,198801,199712,"Antineoplastic agents, for human use, in dosage",IMR-3004909960-198801,IM-3004909960-198801,3004.90.99.60,198801,199712,code and first month,
imports,IMR_0382,IM_0190,3004.90.99.71,199001,199712,"Cough/cold preparations, for human use, in dosage",IMR-3004909971-199001,IM-3004909971-199001,3004.90.99.71,199001,199712,code and first month,
imports,IMR_0383,IM_0191,3004.90.99.79,199001,199712,"Medicaments, primarily affecting eyes,ears & respiratory system,human use, in dosage,not elsewhere specified",IMR-3004909979-199001,IM-3004909979-199001,3004.90.99.79,199001,199712,code and first month,
imports,IMR_0384,IM_0192,3004.90.99.81,198801,199712,"Diuretics, for human use, in dosage",IMR-3004909981-198801,IM-3004909981-198801,3004.90.99.81,198801,199712,code and first month,
imports,IMR_0385,IM_0193,3004.90.99.82,198801,199712,"Medicaments affecting electrolytic, caloric/water balance, for human use, in dosage",IMR-3004909982-198801,IM-3004909982-198801,3004.90.99.82,198801,199712,code and first month,
imports,IMR_0386,IM_0194,3004.90.99.83,199001,199712,"Dermatological agents, for human use, in dosage",IMR-3004909983-199001,IM-3004909983-199001,3004.90.99.83,199001,199712,code and first month,
imports,IMR_0387,IM_0195,3004.90.99.84,199001,199712,"Medicaments containing hyaluronic acid or its sodium salt, for human use, in dosage",IMR-3004909984-199001,IM-3004909984-199001,3004.90.99.84,199001,199712,code and first month,
imports,IMR_0388,IM_0172,3004.90.99.89,198801,199712,"Medicaments not elsewhere specified, for human use, in dosage",IMR-3004909989-198801,IM-3004909100-198801,3004.90.99.89,198801,199712,code and first month,
imports,IMR_0389,IM_0197,3004.90.99.91,198801,199712,"Anaesthetic, for veterinary use, in dosage",IMR-3004909991-198801,IM-3004909991-198801,3004.90.99.91,198801,199712,code and first month,
imports,IMR_0390,IM_0197,3004.90.99.92,198801,199106,"Coccidiostats, in dosage",IMR-3004909992-198801,IM-3004909991-198801,3004.90.99.92,198801,199106,code and first month,
imports,IMR_0391,IM_0197,3004.90.99.93,198803,199106,"Tranquilizers, for veterinary use, in dosage",IMR-3004909993-198803,IM-3004909991-198801,3004.90.99.93,198803,199106,code and first month,
imports,IMR_0392,IM_0197,3004.90.99.99,198801,199712,"Medicaments not elsewhere specified, for veterinary use, in dosage",IMR-3004909999-198801,IM-3004909991-198801,3004.90.99.99,198801,199712,code and first month,
imports,IMR_0393,IM_0201,3005.10.00.10,199801,202512,"Dressings & similar articles having an adhesive layer, coated/impregnated with pharm substances",IMR-3005100010-199801,IM-3005101000-198801,3005.10.00.10,199801,202606,code and first month,
imports,IMR_0394,IM_0202,3005.10.00.91,199801,202512,"Adhesive dressings, not elsewhere specified, packaged for retail sale",IMR-3005100091-199801,IM-3005109100-198801,3005.10.00.91,199801,202606,code and first month,
imports,IMR_0395,IM_0203,3005.10.00.99,199801,202512,"Wadding, gauze, bandages & similar articles, not elsewhere specified, with adhesive layer, pack ret sale",IMR-3005100099-199801,IM-3005109900-198801,3005.10.00.99,199801,202606,code and first month,
imports,IMR_0396,IM_0201,3005.10.10.00,198801,199712,"Dressings & similar articles having an adhesive layer, coated/impregnated with pharm substances",IMR-3005101000-198801,IM-3005101000-198801,3005.10.10.00,198801,199712,code and first month,
imports,IMR_0397,IM_0202,3005.10.91.00,198801,199712,"Adhesive dressings, not elsewhere specified, packaged for retail sale",IMR-3005109100-198801,IM-3005109100-198801,3005.10.91.00,198801,199712,code and first month,
imports,IMR_0398,IM_0203,3005.10.99.00,198801,199712,"Wadding, gauze, bandages & similar articles, not elsewhere specified, with adhesive layer, pack ret sale",IMR-3005109900-198801,IM-3005109900-198801,3005.10.99.00,198801,199712,code and first month,
imports,IMR_0399,IM_0204,3005.90.00.10,199801,200112,Bandages & slabs of tex fabric coated with plaster;other article used for orthopaedic casts,IMR-3005900010-199801,IM-3005901000-198801,3005.90.00.10,199801,200112,code and first month,
imports,IMR_0400,IM_0204,3005.90.00.10,200201,201112,"Bandages & slabs of tex fabric, coated with plaster;other article used for orthopaedic casts",IMR-3005900010-200201,IM-3005901000-198801,3005.90.00.10,200201,201112,code and first month,
imports,IMR_0401,IM_0205,3005.90.00.20,199801,200112,"Dressings & similar articles coated or impregnated with pharm substances, not elsewhere specified",IMR-3005900020-199801,IM-3005902000-198801,3005.90.00.20,199801,200112,code and first month,
imports,IMR_0402,IM_0205,3005.90.00.20,200201,202512,"Dressings & similar articles, coated or impregnated with pharm substances, not elsewhere specified",IMR-3005900020-200201,IM-3005902000-198801,3005.90.00.20,200201,202606,code and first month,
imports,IMR_0403,IM_0206,3005.90.00.30,199801,202512,"Surgical dressings, not stitched or otherwise manufactured, not coated/impregnated with pharm substances, not elsewhere specified",IMR-3005900030-199801,IM-3005903000-198801,3005.90.00.30,199801,202606,code and first month,
imports,IMR_0404,IM_0207,3005.90.00.40,200201,202512,"Dressings & similar article of woven fabric,other than of cotton; of knit fabric,non-woven or felts,not elsewhere specified",IMR-3005900040-200201,IM-3005909100-198801,3005.90.00.40,200201,202606,code and first month,
imports,IMR_0405,IM_0207,3005.90.00.40,199801,200112,"Dressings/similar article of woven fabric other than of cotton; of knit fabric, non-woven or felts, not elsewhere specified",IMR-3005900040-199801,IM-3005909100-198801,3005.90.00.40,199801,200112,code and first month,
imports,IMR_0406,IM_0204,3005.90.00.50,199801,200112,"Dressings and similar articles of woven fabric solely of cotton, not elsewhere specified",IMR-3005900050-199801,IM-3005901000-198801,3005.90.00.50,199801,200112,code and first month,
imports,IMR_0407,IM_0204,3005.90.00.50,200201,201112,"Dressings and similar articles, of woven fabric solely of cotton, not elsewhere specified",IMR-3005900050-200201,IM-3005901000-198801,3005.90.00.50,200201,201112,code and first month,
imports,IMR_0408,IM_0204,3005.90.00.60,199801,200112,"Dressings and similar articles of paper, not elsewhere specified",IMR-3005900060-199801,IM-3005901000-198801,3005.90.00.60,199801,200112,code and first month,
imports,IMR_0409,IM_0204,3005.90.00.60,200201,201112,"Dressings and similar articles, of paper, not elsewhere specified",IMR-3005900060-200201,IM-3005901000-198801,3005.90.00.60,200201,201112,code and first month,
imports,IMR_0410,IM_0204,3005.90.00.90,199801,200112,"Dressings and similar articles packaged for medical use, not elsewhere specified",IMR-3005900090-199801,IM-3005901000-198801,3005.90.00.90,199801,200112,code and first month,
imports,IMR_0411,IM_0204,3005.90.00.90,200201,201112,"Dressings and similar articles, packaged for medical use, not elsewhere specified",IMR-3005900090-200201,IM-3005901000-198801,3005.90.00.90,200201,201112,code and first month,
imports,IMR_0412,IM_0204,3005.90.00.90,201201,202512,"Wadding,gauze,bandages & similar article, packaged for retail sale & for medical use,not elsewhere specified",IMR-3005900090-201201,IM-3005901000-198801,3005.90.00.90,201201,202606,code and first month,
imports,IMR_0413,IM_0204,3005.90.10.00,198801,199712,Bandages & slabs of tex fabric coated with plaster;other article used for orthopaedic casts,IMR-3005901000-198801,IM-3005901000-198801,3005.90.10.00,198801,199712,code and first month,
imports,IMR_0414,IM_0205,3005.90.20.00,198801,199712,"Dressings & similar articles coated or impregnated with pharm substances, not elsewhere specified",IMR-3005902000-198801,IM-3005902000-198801,3005.90.20.00,198801,199712,code and first month,
imports,IMR_0415,IM_0206,3005.90.30.00,198801,199712,"Surgical dressings, not stitched or otherwise manufactured, not coated/impregnated with pharm substances, not elsewhere specified",IMR-3005903000-198801,IM-3005903000-198801,3005.90.30.00,198801,199712,code and first month,
imports,IMR_0416,IM_0207,3005.90.91.00,198801,199712,"Dressings/similar article of woven fabric other than of cotton; of knit fabric, non-woven or felts, not elsewhere specified",IMR-3005909100-198801,IM-3005909100-198801,3005.90.91.00,198801,199712,code and first month,
imports,IMR_0417,IM_0204,3005.90.92.00,198801,199712,"Dressings and similar articles of woven fabric solely of cotton, not elsewhere specified",IMR-3005909200-198801,IM-3005901000-198801,3005.90.92.00,198801,199712,code and first month,
imports,IMR_0418,IM_0204,3005.90.93.00,198801,199712,"Dressings and similar articles of paper, not elsewhere specified",IMR-3005909300-198801,IM-3005901000-198801,3005.90.93.00,198801,199712,code and first month,
imports,IMR_0419,IM_0204,3005.90.99.00,198801,199712,"Dressings and similar articles packaged for medical use, not elsewhere specified",IMR-3005909900-198801,IM-3005901000-198801,3005.90.99.00,198801,199712,code and first month,
imports,IMR_0420,IM_0211,3006.10.00.10,198801,200112,Sterile surgical catgut & similar sterile suture material for surgical wound closure,IMR-3006100010-198801,IM-3006100010-198801,3006.10.00.10,198801,200112,code and first month,
imports,IMR_0421,IM_0211,3006.10.00.10,200201,202512,"Sterile surgical catgut & similar sterile suture material, for surgical wound closure",IMR-3006100010-200201,IM-3006100010-198801,3006.10.00.10,200201,202606,code and first month,
imports,IMR_0422,IM_0212,3006.10.00.90,198801,202512,"Laminaria & laminaria tents, sterile; sterile absorbable surgical/dental haemostatic",IMR-3006100090-198801,IM-3006100090-198801,3006.10.00.90,198801,202606,code and first month,
imports,IMR_0423,IM_0213,3006.20.00.10,199801,201112,"Blood-grouping reagents, of human origin",IMR-3006200010-199801,IM-3006201000-198801,3006.20.00.10,199801,201112,code and first month,
imports,IMR_0424,IM_0214,3006.20.00.20,199801,202112,"Blood-grouping reagents, of animal origin",IMR-3006200020-199801,IM-3006202000-198801,3006.20.00.20,199801,202112,code and first month,
imports,IMR_0425,IM_0213,3006.20.00.90,199801,201112,"Blood-grouping reagents, except of human or animal origin",IMR-3006200090-199801,IM-3006201000-198801,3006.20.00.90,199801,201112,code and first month,
imports,IMR_0426,IM_0213,3006.20.00.90,201201,202112,"Blood-grouping reagents, other than of animal origin, not elsewhere specified",IMR-3006200090-201201,IM-3006201000-198801,3006.20.00.90,201201,202112,code and first month,
imports,IMR_0427,IM_0213,3006.20.10.00,198801,199712,"Blood-grouping reagents, of human origin",IMR-3006201000-198801,IM-3006201000-198801,3006.20.10.00,198801,199712,code and first month,
imports,IMR_0428,IM_0214,3006.20.20.00,198801,199712,"Blood-grouping reagents, of animal origin",IMR-3006202000-198801,IM-3006202000-198801,3006.20.20.00,198801,199712,code and first month,
imports,IMR_0429,IM_0213,3006.20.90.00,198801,199712,"Blood-grouping reagents, except of human or animal origin",IMR-3006209000-198801,IM-3006201000-198801,3006.20.90.00,198801,199712,code and first month,
imports,IMR_0430,IM_0216,3006.30.00.10,199801,200112,Opacifying preparations for X-ray examinations,IMR-3006300010-199801,IM-3006301000-198801,3006.30.00.10,199801,200112,code and first month,
imports,IMR_0431,IM_0216,3006.30.00.10,200201,202512,"Opacifying, preparations for X-ray examinations",IMR-3006300010-200201,IM-3006301000-198801,3006.30.00.10,200201,202606,code and first month,
imports,IMR_0432,IM_0217,3006.30.00.20,199801,200112,Allergenics prepared for parenteral administration,IMR-3006300020-199801,IM-3006309100-198801,3006.30.00.20,199801,200112,code and first month,
imports,IMR_0433,IM_0217,3006.30.00.20,200201,201112,"Allergenics, prepared for parenteral administration",IMR-3006300020-200201,IM-3006309100-198801,3006.30.00.20,200201,201112,code and first month,
imports,IMR_0434,IM_0217,3006.30.00.90,199801,200112,"Diagnostic reagents designed to be administered to the patient, not elsewhere specified",IMR-3006300090-199801,IM-3006309100-198801,3006.30.00.90,199801,200112,code and first month,
imports,IMR_0435,IM_0217,3006.30.00.90,200201,202512,"Diagnostic reagents, designed to be administered to the patient, not elsewhere specified",IMR-3006300090-200201,IM-3006309100-198801,3006.30.00.90,200201,202606,code and first month,
imports,IMR_0436,IM_0216,3006.30.10.00,198801,199712,Opacifying preparations for X-ray examinations,IMR-3006301000-198801,IM-3006301000-198801,3006.30.10.00,198801,199712,code and first month,
imports,IMR_0437,IM_0217,3006.30.91.00,198801,199712,Allergenics prepared for parenteral administration,IMR-3006309100-198801,IM-3006309100-198801,3006.30.91.00,198801,199712,code and first month,
imports,IMR_0438,IM_0217,3006.30.99.00,198801,199712,"Diagnostic reagents designed to be administered to the patient, not elsewhere specified",IMR-3006309900-198801,IM-3006309100-198801,3006.30.99.00,198801,199712,code and first month,
imports,IMR_0439,IM_0219,3006.40.00.10,199801,202512,Dental cements and bone reconstruction cements,IMR-3006400010-199801,IM-3006401010-198801,3006.40.00.10,199801,202606,code and first month,
imports,IMR_0440,IM_0220,3006.40.00.20,199801,200112,Points for filling dental root canals,IMR-3006400020-199801,IM-3006401020-198801,3006.40.00.20,199801,200112,code and first month,
imports,IMR_0441,IM_0220,3006.40.00.20,200201,201112,"Points, for filling dental root canals",IMR-3006400020-200201,IM-3006401020-198801,3006.40.00.20,200201,201112,code and first month,
imports,IMR_0442,IM_0220,3006.40.00.30,199801,201112,"Dental fillings of composition metals, except those in powder or pellet form",IMR-3006400030-199801,IM-3006401020-198801,3006.40.00.30,199801,201112,code and first month,
imports,IMR_0443,IM_0220,3006.40.00.90,199801,201112,"Dental fillings, not elsewhere specified",IMR-3006400090-199801,IM-3006401020-198801,3006.40.00.90,199801,201112,code and first month,
imports,IMR_0444,IM_0220,3006.40.00.90,201201,202512,"Other dental fillings, not elsewhere specified",IMR-3006400090-201201,IM-3006401020-198801,3006.40.00.90,201201,202606,code and first month,
imports,IMR_0445,IM_0219,3006.40.10.10,198801,199712,Dental cements and bone reconstruction cements,IMR-3006401010-198801,IM-3006401010-198801,3006.40.10.10,198801,199712,code and first month,
imports,IMR_0446,IM_0220,3006.40.10.20,198801,199712,Points for filling dental root canals,IMR-3006401020-198801,IM-3006401020-198801,3006.40.10.20,198801,199712,code and first month,
imports,IMR_0447,IM_0220,3006.40.20.00,198801,199712,"Dental fillings of composition metals, except those in powder or pellet form",IMR-3006402000-198801,IM-3006401020-198801,3006.40.20.00,198801,199712,code and first month,
imports,IMR_0448,IM_0220,3006.40.90.00,198801,199712,"Dental fillings, not elsewhere specified",IMR-3006409000-198801,IM-3006401020-198801,3006.40.90.00,198801,199712,code and first month,
imports,IMR_0449,IM_0223,3006.50.00.00,198801,202512,First-aid boxes and kits,IMR-3006500000-198801,IM-3006500000-198801,3006.50.00.00,198801,202606,code and first month,
imports,IMR_0450,IM_0224,3006.60.00.00,201701,202512,"Chem contraceptive preparations,based on hormones/other prod of No 29.37/spermicides",IMR-3006600000-201701,IM-3006600011-198801,3006.60.00.00,201701,202606,code and first month,
imports,IMR_0451,IM_0224,3006.60.00.10,201201,201612,"Chem contraceptive preparation,based on hormone,other prod of 29.37/spermicides,in dosage,not elsewhere specified",IMR-3006600010-201201,IM-3006600011-198801,3006.60.00.10,201201,201612,code and first month,
imports,IMR_0452,IM_0224,3006.60.00.11,198801,201111,"Contraceptive preparation, containing norethesterone acetate & ethinylestradiol, in dosage",IMR-3006600011-198801,IM-3006600011-198801,3006.60.00.11,198801,201111,code and first month,
imports,IMR_0453,IM_0224,3006.60.00.19,198801,200112,"Contraceptive preparation based on hormones,other prod of 29.37/spermicides,in dosage,not elsewhere specified",IMR-3006600019-198801,IM-3006600011-198801,3006.60.00.19,198801,200112,code and first month,
imports,IMR_0454,IM_0224,3006.60.00.19,200201,201112,"Contraceptive preparation, based on hormones,other prod of 29.37/spermicides,in dosage,not elsewhere specified",IMR-3006600019-200201,IM-3006600011-198801,3006.60.00.19,200201,201112,code and first month,
imports,IMR_0455,IM_0224,3006.60.00.90,198801,200112,"Contraceptive preparation based on hormone,on other prod of 29.37/spermicides,other than in dosage,not elsewhere specified",IMR-3006600090-198801,IM-3006600011-198801,3006.60.00.90,198801,200112,code and first month,
imports,IMR_0456,IM_0224,3006.60.00.90,200201,201612,"Contraceptive preparation, based on hormone,on other prod of 29.37/spermicides,other than in dosage,not elsewhere specified",IMR-3006600090-200201,IM-3006600011-198801,3006.60.00.90,200201,201612,code and first month,
imports,IMR_0457,IM_0228,3006.70.10.00,200201,202512,"Chem/biolog preparation,incl kits containing ancill material for Medicaments diagnostic;for insemination animal semen",IMR-3006701000-200201,IM-3006701000-200201,3006.70.10.00,200201,202606,code and first month,
imports,IMR_0458,IM_0229,3006.70.90.00,200201,202512,"Gel preparation for human/veterinary medicine as lub for parts of body for oper/examination,etc,not elsewhere specified",IMR-3006709000-200201,IM-3006709000-200201,3006.70.90.00,200201,202606,code and first month,
imports,IMR_0459,IM_0230,3006.80.11.00,200207,200612,"Waste pharm,chem/biolog preparation,incl kit with ancill material for Medicaments diagnostic;for insem animal semen",IMR-3006801100-200207,IM-3006801900-200201,3006.80.11.00,200207,200612,code and first month,
imports,IMR_0460,IM_0230,3006.80.19.00,200201,200612,"Waste of gel preparation for human/veterinary Medicaments as lub for pts of body for oper/examin,etc,not elsewhere specified",IMR-3006801900-200201,IM-3006801900-200201,3006.80.19.00,200201,200612,code and first month,
imports,IMR_0461,IM_0230,3006.80.90.10,200201,200510,Waste pharmaceuticals of the goods of heading 30.01,IMR-3006809010-200201,IM-3006801900-200201,3006.80.90.10,200201,200510,code and first month,
imports,IMR_0462,IM_0230,3006.80.90.20,200407,200511,Waste pharmaceuticals of the goods of heading 30.02,IMR-3006809020-200407,IM-3006801900-200201,3006.80.90.20,200407,200511,code and first month,
imports,IMR_0463,IM_0230,3006.80.90.30,200202,200501,Waste pharmaceuticals of the goods of heading 30.03,IMR-3006809030-200202,IM-3006801900-200201,3006.80.90.30,200202,200501,code and first month,
imports,IMR_0464,IM_0230,3006.80.90.41,200306,200610,Waste pharmaceuticals of the goods of subheadings 3004.10 to 3004.39,IMR-3006809041-200306,IM-3006801900-200201,3006.80.90.41,200306,200610,code and first month,
imports,IMR_0465,IM_0230,3006.80.90.42,200312,200604,Waste pharmaceuticals of the goods of subheadings 3004.40 or 3004.50,IMR-3006809042-200312,IM-3006801900-200201,3006.80.90.42,200312,200604,code and first month,
imports,IMR_0466,IM_0230,3006.80.90.43,200205,200508,Waste pharmaceuticals of the goods of subheading 3004.90,IMR-3006809043-200205,IM-3006801900-200201,3006.80.90.43,200205,200508,code and first month,
imports,IMR_0467,IM_0230,3006.80.90.50,200204,200612,Waste pharmaceuticals of the goods of heading 30.05,IMR-3006809050-200204,IM-3006801900-200201,3006.80.90.50,200204,200612,code and first month,
imports,IMR_0468,IM_0230,3006.80.90.60,200201,200612,Waste pharmaceuticals of the goods of heading 30.06,IMR-3006809060-200201,IM-3006801900-200201,3006.80.90.60,200201,200612,code and first month,
imports,IMR_0469,IM_0240,3006.91.00.00,200701,202512,Appliances identifiable for ostomy use,IMR-3006910000-200701,IM-3006910000-200701,3006.91.00.00,200701,202606,code and first month,
imports,IMR_0470,IM_0230,3006.92.00.00,200701,202512,"Waste pharmaceuticals, not elsewhere specified",IMR-3006920000-200701,IM-3006801900-200201,3006.92.00.00,200701,202606,code and first month,
imports,IMR_0471,IM_0242,3006.93.10.00,202201,202512,"Placebos and blinded/double-blinded kits,for clinical trial,syrup based,meas doses",IMR-3006931000-202201,IM-3006931000-202201,3006.93.10.00,202201,202606,code and first month,
imports,IMR_0472,IM_0243,3006.93.20.00,202201,202512,"Placebos and blinded/double-blinded kits,for clinical trial,sugar based,meas doses",IMR-3006932000-202201,IM-3006932000-202201,3006.93.20.00,202201,202606,code and first month,
imports,IMR_0473,IM_0244,3006.93.30.00,202201,202512,"Placebos & blinded/double-blinded kits,for clinical trial,other food based, meas doses",IMR-3006933000-202201,IM-3006933000-202201,3006.93.30.00,202201,202606,code and first month,
imports,IMR_0474,IM_0245,3006.93.40.00,202201,202508,"Placebos & blinded/double kits,for clinical trial,non-alc bev based, in meas doses",IMR-3006934000-202201,IM-3006934000-202201,3006.93.40.00,202201,202606,code and first month,
imports,IMR_0475,IM_0246,3006.93.90.00,202201,202512,"Placebos & blinded/double-blinded kits,for clinical trial,in measured doses, not elsewhere specified",IMR-3006939000-202201,IM-3006939000-202201,3006.93.90.00,202201,202606,code and first month,
